57_166060_0001|איראן'ס פרעזידענט פעזעשקיאן האט היינט ווידער געמאלדן אז איראן איז גרייט מיטצוארבעטן מיט אמעריקע אין פאל אמעריקע קערט זיך צוריק צו די פארשטענדעניש אפמאך דערגרייכט פריער אין די יאר.|ˈirans prəzidˈɛnt fˈɛzəʃkian hut haːnt vˈidər ɡəmˈaldn az irˈan iz ɡrajt mˈitʦiarbətn mit amˈɛrikə in fal amˈɛrikə kɛrt zix ʦirˈik ʦi də farʃtˈɛndəniʃ ˈupmax dərɡrˈajxt frˈiər in də jur.
57_166060_0002|פעזעשקיאן זאגט אז ער וויל זאגן זייער קלאר און אפן אז אויב אמעריקע קומט נאך אירע פארפליכטונגען אונטער יענע אפמאך, וועט איראן גלייך רעאגירן אויף די זעלבע וועג.|fˈɛzəʃkian zuɡt az ɛr vil zuɡn zˈajər klur in afn az ɔjb amˈɛrikə kimt nux ˈirə farflˈixtinɡən ˈintər jˈɛnə ˈupmax, vɛt irˈan ɡlaːx rˈɛaɡirn oʊf də zˈɛlbə vejɡ.
57_166078_0001|די אמעריקאנער מיליטער האט אונטערגענומען א פרישע רונדע באמבארדירונגען קעגן איראן, א טאג נאכדעם וואס פרעזידענט טראמפ האט געווארנט אז ס'גייען קומען אטאקעס. לויט ווי די פרעסע אין איראן באריכטעט,|də amərˈikanər mˈilitər hut ˈintərɡənimən a frˈiʃə rˈində bambˈardirinɡən kejɡn irˈan, a tuɡ nuxdˈejm vus prəzidˈɛnt trɔmp hut ɡəvˈarnt az sɡˈajən kˈimən ˈatakəs. loʊt vi də prˈɛsə in irˈan barˈixtət,
57_166078_0002|זענען געהערט געווארן אויפרייסן ביי עטליכע פלעצער, אריינגערעכנט די פארט שטעט באנדאר אבאס און סיריק, און ביי די קאשים אינזל.|zˈɛnən ɡəhˈirt ɡəvˈɔrn ˈɔjfrajsn baː ˈɛtləxə plˈɛʦər, arˈaːnɡərəxnt də fɔrt ʃtɛt bandˈar ˈabəs in sˈirik, in baː də kˈaʃim inzl.
57_166078_0005|און קעגן אמעריקאנער טרופן אין די ראיאן.|in kejɡn amərˈikanər trifn in də rˈaːan.
57_166079_0003|זיי זאגן אז זיי זענען געווען אנטוישט אז ביים עפענונג פון די סאמיט, האט סילוואנאוו זיך דארט געפונען, די ערשטע מאל וואס ער קומט פערזענליך מיטהאלטן אזא סאמיט זייט די אנפאנג פון די מלחמה.|zaj zuɡn az zaj zˈɛnən ɡəvˈejn ˈantɔjʃt az bam ˈɛfəninɡ fin də sˈamit, hut sˈilvanav zix dɔrt ɡəfˈinən, də ˈɛrʃtə mul vus ɛr kimt fˈɛrzənləx mˈithaltn azˈa sˈamit zaːt də ˈanfanɡ fin də milxˈumə.
57_166079_0005|רוסישע באאמטע זאגן אז די צוויי האבן ארומגערעדט איבער פינאנציעלע פריינטשאפט צווישן די צוויי לענדער, אבער א קוואל נאנט צו בעסענט זאגט אז בעסענט האט קלאר געמאכט אז אמעריקע קען נישט נאכלאזן פון קיין שום סאנקציעס ביז ווילאנג די מלחמה קומט נישט צו קיין ענדע.|rˈisiʃə baˈamtə zuɡn az də ʦvaj hubn arˈimɡərədt ˈibər fˈinanʦiələ frˈajnʧaft ʦviʃn də ʦvaj lˈɛndər, ˈɔbər a kval nant ʦi bəsˈɛnt zuɡt az bəsˈɛnt hut klur ɡəmˈaxt az amˈɛrikə kɛn niʃt nˈaxlazn fin kan ʃim sˈankʦiəs biz vˈilanɡ də milxˈumə kimt niʃt ʦi kan ˈɛndə.
57_166080_0001|ווי פאטעל זאגט, איז די זיצונג געווען געווידמעט אויף געמיינזאמע ארבעט וואס קומט פאר צווישן אמעריקע און מדינת ישראל, איבערהויפט אין די פעלד פון קאנטער-טעראריזם און שפיאנאזש.|vi fˈatəl zuɡt, iz də zˈiʦinɡ ɡəvˈejn ɡəvˈidmət oʊf ɡəmˈajnzamə ˈarbət vus kimt far ʦviʃn amˈɛrikə in mdˈinas jisrˈuəl, ˈibərhɔjft in də fɛld fin kˈantər tərarˈizm in ʃpˈianaʒ.
57_166080_0002|זוני געפינט זיך אין אמעריקע פאר די ערשטע באזוך זייט ער איז געווארן אויפגענומען אלס די שב"כ הויפט פאר נאנט צו א יאר צוריק, און האט אין פלאן אפצוהאלטן זיצונגען מיט א צאל אמעריקאנער באאמטע.|zˈini ɡəfˈint zix in amˈɛrikə far də ˈɛrʃtə bazˈix zaːt ɛr iz ɡəvˈɔrn ˈoʊfɡənimən ˈalis də ʃin bajs xuf hɔjft far nant ʦi a jur ʦirˈik, in hut in plaːn ˈafʦihaltn zˈiʦinɡən mit a ʦal amərˈikanər baˈamtə.
57_166081_0001|אמעריקאנער זיכערהייט קוועלער געבן איבער אז טייל פון די יעצטיגע פרישע רונדע באמבארדירונגען אויף איראן האט אריינגענומען אטאקעס אויף טאנקערס פון איראן'ס סטעיט אנגעפירטע אויל קאמפאני, א זאך וואס אמעריקע האט נישט געטון ביז היינט.|amərˈikanər zˈixərhaːt kvˈɛlər ɡejbn ˈibər az tajl fin də jˈɛʦtiɡə frˈiʃə rˈində bambˈardirinɡən oʊf irˈan hut arˈaːnɡənimən ˈatakəs oʊf tˈankərs fin ˈirans stajt ˈanɡəfirtə ɔjl kˈamfani, a zax vus amˈɛrikə hut niʃt ɡətˈin biz haːnt.
57_166082_0001|די ביל, מיט די נאמען "נעם אראפ די הענט פון אונזערע גרעיט לעיקס", טוט פארבאטן די פעדעראלע רעגירונג פון טוישן די נעמען ביי איינע פון די פינף טייכן אונטער די גרעיט לעיקס, און צוריקדרייען די פארארדענונג אויף לעיק אנטעריא, וועלכע איז איינע פון די פינף טייכן.|də bil, mit də nˈumən nɛm arˈup də hɛnt fin ˈinzərə ɡrajt lajks tit farbˈatn də fˈɛdəralə rəɡˈirinɡ fin toʊʃn də nˈɛmən baː ˈajnə fin də finf tajxn ˈintər də ɡrajt lajks, in ʦirˈikdrajən də farˈardəninɡ oʊf lajk ˈantəria, vˈɛlxə iz ˈajnə fin də finf tajxn.
57_166082_0002|קאנגרעספרוי דינגעל זאגט אז די גרעיט לעיקס איז אן אוצר וואס אמעריקע מיט קאנאדע טיילן זיך שוין הונדערטער יארן, און די פריינטשאפט וואס אמעריקע האט שוין אזויפיל יארן מיט קאנאדע איז נישט עפעס וואס מ'קען געבן א צושטערן בלויז אין אן אונטערשריפט.|kˈanɡrəsfrɔj dˈinɡəl zuɡt az də ɡrajt lajks iz un ˈɔjʦər vus amˈɛrikə mit kˈanadə tajln zix ʃɔjn hˈindərtər jurn, in də frˈajnʧaft vus amˈɛrikə hut ʃɔjn ˈazɔjfil jurn mit kˈanadə iz niʃt ˈɛpəs vus mˈɛkən ɡejbn a ʦˈiʃtərn blɔjz in un ˈintərʃrift.
57_166089_0002|גייט אמעריקע צוריקענטפערן מיט נאך מער מאכט. טראמפ זאגט אז אמעריקאנער קרעפטן האבן אונטערגענומען גרויסע מאכטפולע אטאקעס אויף די איראנער ציל נעבן די הארמוז וואסער וועג,|ɡajt amˈɛrikə ʦirˈikəntfərn mit nux mɛr maxt. trɔmp zuɡt az amərˈikanər krɛftn hubn ˈintərɡənimən ɡrˈɔjsə mˈaxtfilə ˈatakəs oʊf də irˈanər ʦil nɛbn də hˈarmiz vˈasər vejɡ,
57_166089_0003|אלס א נקמה אויף דעם וואס איראן האט פרובירט אריינצושטעלן ים מינעס אין די הארמוז, און אויף דעם וואס איראן האט געשאסן מיסילס אויף אן אמעריקאנער באזע אין ירדן.|ˈalis a nkˈumə oʊf dejm vus irˈan hut prˈibirt arˈaːnʦiʃtəln jam mˈinəs in də hˈarmiz, in oʊf dejm vus irˈan hut ɡəʃˈasn mˈisils oʊf un amərˈikanər bazˈə in jardn.
57_166089_0004|טראמפ זאגט אז איראן איז דורכגעפאלן מיט די מינע פראבע וויבאלד די פרישע מינעס זענען געווארן ארויסגענומען פון ים אדער האט מען זיי אויפגעריסן.|trɔmp zuɡt az irˈan iz dˈirxɡəfaln mit də mˈinə frˈabə vˈibald də frˈiʃə mˈinəs zˈɛnən ɡəvˈɔrn arˈoʊzɡənimən fin jam ˈɔdər hut mɛn zaj ˈɔjfɡərisn.
57_166089_0005|ער האט דערביי צוגעלייגט א שארפע ווארענונג אז אויב איראן גייט נקמה נעמען, גייט אמעריקע רעאגירן נאך סאך שטערקער. און יענע רעאקציע וועט נאך אלץ נישט זיין די גרעסטע וואס אמעריקע קען.|ɛr hut dərbˈaː ʦˈiɡəlajɡt a ʃˈarfə vˈarəninɡ az ɔjb irˈan ɡajt nkˈumə nˈɛmən, ɡajt amˈɛrikə rˈɛaɡirn nux sax ʃtˈɛrkər. in jˈɛnə rˈɛakʦiə vɛt nux alʦ niʃt zaːn də ɡrˈɛstə vus amˈɛrikə kɛn.
57_166089_0006|ער האט געווארנט אז אויב איראן וועט טרייבן אמעריקע דורכצופירן גרעסערע אטאקעס, וועט עס פירן צו דעם אז ס'וועט נישט פארבלייבן צופיל פון איראן.|ɛr hut ɡəvˈarnt az ɔjb irˈan vɛt trajbn amˈɛrikə dˈirxʦifirn ɡrˈɛsərə ˈatakəs, vɛt ɛs firn ʦi dejm az svɛt niʃt farblˈaːbn ʦˈifil fin irˈan.
57_166090_0001|קאנגרעס האט געשטימט מיט אן איבערוועגנדע מערהייט אין שטיצע פון א קורץ-טערמיניגע ביל צו פארמיידן א רעגירונג פארשליסונג ענדע דעם חודש למספרם.|kɔnɡrˈɛs hut ɡəʃtˈimt mit un ˈibərvəɡndə mˈɛrhaːt in ʃtˈiʦə fin a kirʦ tˈɛrminiɡə bil ʦi farmˈajdn a rəɡˈirinɡ farʃlˈisinɡ ˈɛndə dejm xˈɔjdəʃ lmispˈurum.
57_166092_0002|ווי בלומענטאל גיבט איבער, האט אים יענער דערציילט אז די פאסט אגענטור האט געארבעט צו בויען אין דריי חדשים א קאמפליצירטע סיסטעם וואס דארף נארמאל צונעמען א יאר צייט אדער מער.|vi blˈiməntal ɡibt ˈibər, hut ejm jˈɛnər dərʦˈajlt az də pɔst aɡəntˈir hut ɡəˈarbət ʦi bˈoʊən in draj xadˈuʃim a kˈamfliʦirtə sˈistəm vus daf nˈarmal ʦˈinəmən a jur ʦaːt ˈɔdər mɛr.
57_166092_0003|דער דעמאקראטישער סענאטאר זאגט אז ער טוט אפעלירן צו די פאסט אגענטור נישט צו נוצן די סיסטעם צו מאכן זיכער אז אמעריקאנער זאלן קענען שטימען אומגעשטערט דורך די פאסט.|dɛr dˈɛmakratiʃər sˈɛnatar zuɡt az ɛr tit ˈafəlirn ʦi də pɔst aɡəntˈir niʃt ʦi niʦn də sˈistəm ʦi maxn zˈixər az amərˈikanər zɔln kˈɛnən ʃtˈimən ˈimɡəʃtərt dˈɔrəx də pɔst.
57_166093_0001|טרעזשורי סעקרעטאר בענסאן האט געמאלדן אז אין די קומענדיגע טעג וועט אמעריקע ווארשיינליך מעלדן פרישע באנק סאנקציעס קעגן איראן, אלס טייל פון די עקאנאמישע מלחמה געמאלדן פאריגע וואך.|trˈɛʒiri sˈɛkrətar bənsˈan hut ɡəmˈaldn az in də kˈiməndiɡə tejɡ vɛt amˈɛrikə vˈarʃajnləx mɛldn frˈiʃə bank sˈankʦiəs kejɡn irˈan, ˈalis tajl fin də ˈɛkanamiʃə milxˈumə ɡəmˈaldn furˈiɡə vɔx.
57_166094_0001|אן אנקעטע ערשינען ווייזט אז א מערהייט אמעריקאנער זענען דערקעגן צו די נייע טעריפס וואס פרעזידענט טראמפ האט ארויפגעשטעלט אויף קאנאדע.|un ˈankətə ˈɛrʃinən vajzt az a mˈɛrhaːt amərˈikanər zˈɛnən dərkˈejɡn ʦi də nˈaːjə tˈɛrifs vus prəzidˈɛnt trɔmp hut arˈoʊfɡəʃtəlt oʊf kˈanadə.
57_166094_0002|נישט מער ווי צוואנציג פראצענט אויסגעפרעגטע אין די איפסאס אנקעטע שטיצן די טעריפס, קעגן זיבן און פופציג פראצענט וואס זענען דערקעגן, און איין און צוואנציג פראצענט וואס האבן נישט קיין קלארן ענטפער.|niʃt mɛr vi ʦvˈanʦiɡ prɔʦˈɛnt ˈoʊzɡəfrəɡtə in də ˈifsas ˈankətə ʃtiʦn də tˈɛrifs, kejɡn zibn in fˈifʦiɡ prɔʦˈɛnt vus zˈɛnən dərkˈejɡn, in ajn in ʦvˈanʦiɡ prɔʦˈɛnt vus hubn niʃt kan klarn ˈɛntfər.
57_166094_0003|ווען ס'קומט צו די פראגע איבער טוישן דעם נאמען פון לעיק אנטעריא, ווערט עס געשטיצט דורך א נישטיגע פערצן פראצענט, אין די צייט וואס דריי און זעכציג פראצענט זענען דערקעגן.|vɛn skimt ʦi də frˈaɡə ˈibər toʊʃn dejm nˈumən fin lajk ˈantəria, virt ɛs ɡəʃtˈiʦt dˈɔrəx a nˈiʃtiɡə fɛrʦn prɔʦˈɛnt, in də ʦaːt vus draj in zˈɛxʦiɡ prɔʦˈɛnt zˈɛnən dərkˈejɡn.
57_166102_0001|איראן האט אונטערגענומען נקמה אטאקעס קעגן די אטאקעס וואס אמעריקע האט דורכגעפירט אויף א צאל פלעצער איבער איראן. לויט ווי די איראנער באאמטע געבן איבער,|irˈan hut ˈintərɡənimən nkˈumə ˈatakəs kejɡn də ˈatakəs vus amˈɛrikə hut dˈirxɡəfirt oʊf a ʦal plˈɛʦər ˈibər irˈan. loʊt vi də irˈanər baˈamtə ɡejbn ˈibər,
57_166103_0002|בורגום זאגט אז נעמענדיג אין באטראכט די פערזענליכע ווענדונג פון טראמפ, רישט ער זיך אז ס'וועט נישט נעמען לאנג ביז ווען די קאמפאני'ס פאפולערע מאפע סיסטעם וועט רעפלעקטירן די טויש, אבער דערווייל האט עס נאך נישט פאסירט.|bˈirɡim zuɡt az nˈɛməndiɡ in batrˈaxt də fˈɛrzənləxə vˈɛndinɡ fin trɔmp, riʃt ɛr zix az svɛt niʃt nˈɛmən laːnɡ biz vɛn də kˈamfanis fˈafilərə mˈafə sˈistəm vɛt rˈɛfləktirn də tɔjʃ, ˈɔbər dərvˈaːl hut ɛs nux niʃt fˈasirt.
57_166103_0003|גוגל האט גענומען די צוגאנג פון טוישן די נאמען צו לעיק אמעריקע בלויז פאר אמעריקאנער באנוצער, לאזן די נאמען לעיק אנטעריא פאר קאנאדישע באנוצער, און ארויסשטעלן ביידע נעמען פאר מענטשן אין אנדערע פלעצער.|ɡuɡl hut ɡənˈimən də ʦˈiɡanɡ fin toʊʃn də nˈumən ʦi lajk amˈɛrikə blɔjz far amərˈikanər banˈiʦər, luzn də nˈumən lajk ˈantəria far kˈanadiʃə banˈiʦər, in arˈoʊsʃtəln bˈajdə nˈɛmən far mɛnʧn in ˈandərə plˈɛʦər.
57_166104_0004|ווי זיי זאגן, איז דער פייער שנעל פארלאשן געווארן אן דעם וואס ס'זאל זיך אריינכאפן אין די קארגא דעפארטמענט וואו די האקעלע מאטריאל איז געלעגן.|vi zaj zuɡn, iz dɛr fˈajər ʃnɛl farlˈaʃn ɡəvˈɔrn un dejm vus szul zix arˈaːnxafn in də kˈarɡa dəfartmˈɛnt vi də hˈakələ mˈatrial iz ɡəlˈɛɡn.
57_166108_0001|העפטיגע הכנות קומען פאר אין באפארברייטונג צו די היסטארישע באזוך פון גדולי אדמו"רים ורבנים שליט"א צו די ווייסע הויז דעם דאנערשטאג פאר א זיצונג מיט פרעזידענט טראמפ.|hˈɛftiɡə hakˈanɔjs kˈimən far in bafarbrˈajtinɡ ʦi də hˈistariʃə bazˈix fin ɡdˈili ˈaləf dˈuləd mɛm vuv rajʃ jid mɛm ˈirbnim ʃlˈitə ʦi də vˈajsə hoʊz dejm dˈanərʃtaɡ far a zˈiʦinɡ mit prəzidˈɛnt trɔmp.
57_166108_0003|וואו מ'האט אויסגעשמועסט די פונקטליכע צייטן און די קלארע מעסעדזש און די ציל פון די באזוך אז ס'זאל ארויסקומען א קידוש השם און די שטערקסטע נוצן פאר די אידישע געמיינדע.|vi mhut ˈoʊzɡəʃmiəst də fˈinktləxə ʦaːtn in də klˈarə mˈɛsəʤ in də ʦil fin də bazˈix az szul arˈoʊskimən a kˈidəʃ haʃˈɛm in də ʃtˈɛrkstə niʦn far də jˈidiʃə ɡəmˈajndə.
57_166108_0005|וואו מ'וועט זיך טרעפן און אויסשמועסן אידישע געברויכן מיט הויכראנגיגע באאמטע פון די טראמפ אדמיניסטראציע.|vi mvɛt zix trɛfn in ˈoʊsʃmiəsn jˈidiʃə ɡəbrˈoʊxn mit hˈɔjxranɡiɡə baˈamtə fin də trɔmp ˈadministraʦiə.
57_166108_0006|ביי די זיצונג אין די רוזוועלט צימער וועלן זיך געפינען די אדמו"רים ורבנים און די קינדער מיט די סוויטע גבאים עסקנים וואס זענען מיטגעקומען מיט די דעלעגאציע.|baː də zˈiʦinɡ in də rˈizvəlt ʦˈimər vɛln zix ɡəfˈinən də ˈaləf dˈuləd mɛm vuv rajʃ jid mɛm ˈirbnim in də kˈindər mit də svˈitə ɡbaːm ˈɛsknim vus zˈɛnən mˈitɡəkimən mit də dˈɛləɡaʦiə.
57_166108_0008|און ווי ס'הייסט יעצט וועלן עטליכע ראשי עסקנים זיין אנוועזנד ביי די זיצונג צווישן דער פרעזידענט מיט די רבנים, וואס קען זיך פארציען ביז א האלבע שעה.|in vi shajst jɛʦt vɛln ˈɛtləxə rˈuʃi ˈɛsknim zaːn ˈanvəznd baː də zˈiʦinɡ ʦviʃn dɛr prəzidˈɛnt mit də rˈabunim, vus kɛn zix farʦˈiən biz a hˈalbə ʃu.
57_166108_0009|כלל ישראל קוקט ארויס און איז מתפלל אז די זיצונג זאל געקרוינט ווערן מיט א סוקסעס, און מ'זאל קענען אויפטון פאר אידישע קינדער אויף אלע פראנטן.|klal jisrˈuəl kikt arˈoʊs in iz mispˈalajl az də zˈiʦinɡ zul ɡəkrˈɔjnt virn mit a sˈiksəs, in mzul kˈɛnən ˈoʊftin far jˈidiʃə kˈindər oʊf ˈalə frantn.
57_166110_0002|גריער זאגט אז די יעצטיגע צושטאנד איז א גרעסערע עמערדזשענסי פאר קאנאדע ווי איידער פאר אמעריקע, אן אנדייטונג אז וואשינגטאן איז נישט אין קיין שום געיעג צו פארהאנדלען.|ɡrˈiər zuɡt az də jˈɛʦtiɡə ʦˈiʃtand iz a ɡrˈɛsərə ˈɛmərʤənsi far kˈanadə vi ˈajdər far amˈɛrikə, un ˈandajtinɡ az vˈaʃinɡtan iz niʃt in kan ʃim ɡˈajəɡ ʦi farhˈandlən.
57_166110_0004|און אלס דער וואס האט געמאכט די באשלוס אוועקצושפאצירן פון די פארהאנדלונג טיש.|in ˈalis dɛr vus hut ɡəmˈaxt də baʃlˈis avˈɛkʦiʃpaʦirn fin də farhˈandlinɡ tiʃ.
57_166111_0001|קאנאדע'ס פרעמיער מיניסטער קארני האט צוריקגעווארפן קריטיק פון וואשינגטאן אין זיין ריכטונג, זאגנדיג אז ס'איז געקומען די צייט אז די טראמפ אדמיניסטראציע זאל אויפהערן פרובירן צו זיין דער שטופער.|kˈanadəs frˈɛmiər minˈistər kˈarni hut ʦirˈikɡəvarfn krˈitik fin vˈaʃinɡtan in zaːn rˈixtinɡ, zˈaɡndiɡ az siz ɡəkˈimən də ʦaːt az də trɔmp ˈadministraʦiə zul ˈoʊfhirn prˈibirn ʦi zaːn dɛr ʃtˈifər.
57_166111_0002|קארני זאגט אז אויב אמעריקע איז ערנסט איבער פארהאנדלונגען, קענען די געשפרעכן ווערן באנייט, אבער נישט אויף די טערמינען וואס אמעריקע האט פארלאנגט ביז יעצט.|kˈarni zuɡt az ɔjb amˈɛrikə iz ɛrnst ˈibər farhˈandlinɡən, kˈɛnən də ɡəʃprˈɛxn virn banˈajt, ˈɔbər niʃt oʊf də tˈɛrminən vus amˈɛrikə hut farlˈanɡt biz jɛʦt.
57_166113_0001|דער שטורעם האט דערגרייכט די ברעגעס מיט ווינטן פון זעכציג מייל א שעה, שטערקער ווי ס'איז געווען פריער אין דעם טאג, אבער נאך אלץ נישט אין די קאטעגאריע פון א האריקעין.|dɛr ʃtˈirəm hut dərɡrˈajxt də brˈɛɡəs mit vintn fin zˈɛxʦiɡ maːl a ʃu, ʃtˈɛrkər vi siz ɡəvˈejn frˈiər in dejm tuɡ, ˈɔbər nux alʦ niʃt in də kˈatəɡariə fin a hˈarikajn.
57_166113_0003|מיט מער ווי פופצן הונדערט עמערדזשענסי לייט וואס שטייען גרייט, ווען צו זייער זייט פארמאגן זיי פליגער, שיפלעך, און ספעציעלע הויכע טרעקלעך צו קענען פארן אין די הויכע וואסער.|mit mɛr vi fifʦn hˈindərt ˈɛmərʤənsi lajt vus ʃtˈajən ɡrajt, vɛn ʦi zˈajər zaːt farmˈaɡn zaj flˈiɡər, ʃˈifləx, in spˈɛʦiələ hˈɔjxə trˈɛkləx ʦi kˈɛnən farn in də hˈɔjxə vˈasər.
57_166121_0003|דער צענטער וועט צושטעלן ספעציעלע טרענירונגען און סערטיפיקעישאנס פאר קוואליפיצירטע מוהלים,|dɛr ʦˈɛntər vɛt ʦˈiʃtəln spˈɛʦiələ trˈɛnirinɡən in sˈɛrtifikajʃans far kvˈalifiʦirtə mˈilim,
57_166121_0004|מיט די האפענונג אז דאס וועט בויען צוטרוי ביי די רעגירונגען אז זיי זאלן נישט אונטערשטעלן קיין פרישע פיסלעך.|mit də hˈafəninɡ az dus vɛt bˈoʊən ʦˈitrɔj baː də rˈɛɡirinɡən az zaj zɔln niʃt ˈintərʃtəln kan frˈiʃə fˈisləx.
57_166122_0001|רעגירונג באנד ראטעס זענען געשטיגן אין מערערע לענדער איבער די וועלט צוליב א געיעג ביי אינוועסטירער עס צו פארקויפן אויס זארג איבער אינפלאציע און פארמערטע רעגירונג חובות.|rəɡˈirinɡ band rˈatəs zˈɛnən ɡəʃtˈiɡn in mˈɛrərə lˈɛndər ˈibər də vɛlt ʦilˈib a ɡˈajəɡ baː invəstˈirər ɛs ʦi farkˈɔjfn oʊs zarɡ ˈibər ˈinflaʦiə in farmˈɛrtə rəɡˈirinɡ xˈɔjvɔjs.
57_166123_0003|ער זאגט אז מיט דעם אלעם איז דמשק פון איר זייט גרייט צו ארבעטן אויף א דיפלאמאטישע פלאן זיך דורכצוקומען אין מדינת ישראל אויף א וועג פאראויס ארויס פון די יעצטיגע צושטאנד.|ɛr zuɡt az mit dejm ˈaləm iz damˈɛsək fin ir zaːt ɡrajt ʦi ˈarbətn oʊf a dˈiflamatiʃə plaːn zix dˈirxʦikimən in mdˈinas jisrˈuəl oʊf a vejɡ farˈoʊs arˈoʊs fin də jˈɛʦtiɡə ʦˈiʃtand.
57_166124_0002|די צוויי פערזאנען זענען אויסלענדישע בירגער, אריינגערעכנט די דרייווער וואס קומט פון גוואטעמאלע און די אנדערע אין די קאר וואס קומט פון מעקסיקא. ביידע שטייען אויס הארבע קלאגעס איבער די טראגעדיע.|də ʦvaj fˈɛrzanən zˈɛnən ˈoʊsləndiʃə bˈirɡər, arˈaːnɡərəxnt də drˈajvər vus kimt fin ɡvˈatəmalə in də ˈandərə in də kar vus kimt fin mˈɛksika. bˈajdə ʃtˈajən oʊs hˈarbə klˈaɡəs ˈibər də trˈaɡədiə.
57_166124_0003|די צוויי זענען אין אושען קאונטי טורמע, און די אייס אגענטור האט געפיילט דאקומענטן אז זיי ווילן נעמען אונטער ארעסט די צוויי פערזאנען נאך וואס זיי וועלן גיין פריי פון טורמע.|də ʦvaj zˈɛnən in ˈiʃən kˈinti tˈirmə, in də ajs aɡəntˈir hut ɡəfˈajlt dˈakiməntn az zaj viln nˈɛmən ˈintər ˈarəst də ʦvaj fˈɛrzanən nux vus zaj vɛln ɡajn fraj fin tˈirmə.
57_166125_0001|לויט קוועלער איז די כינעזער דראון אריינגעקומען פאר פינף טעג אין א צי אין די פארבאטענע זאנע, בעפאר די אמעריקאנער מיליטער האט גענומען שריט און עס אראפגעשאסן.|loʊt kvˈɛlər iz də xˈinəzər drin arˈaːnɡəkimən far finf tejɡ in a ʦi in də farbatˈɛnə zˈanə, bəfˈar də amərˈikanər mˈilitər hut ɡənˈimən ʃrit in ɛs arˈupɡəʃasn.
57_166125_0002|כינעזער בירגער וואס זענען געכאפט געווארן ביים טרעוולען אין די געגנט זענען ארעסטירט געווארן, און די עף-בי-איי האט געלאזט וויסן פאר באאמטע אז די ארעסטירטע ווערן פארדעכטיגט פאר'ן האבן קאנטאקט מיט טשיינע'ס שפיאנאזש אגענטורן.|xˈinəzər bˈirɡər vus zˈɛnən ɡəxˈapt ɡəvˈɔrn bam trˈɛvlən in də ɡɛɡnt zˈɛnən ˈarəstirt ɡəvˈɔrn, in də ɛf bi aj hut ɡəlˈɔzt visn far baˈamtə az də ˈarəstirtə virn fardˈɛxtiɡt farn hubn kˈantakt mit ʧˈajnəs ʃpˈianaʒ ˈaɡəntirn.
57_166129_0001|ניו יארק סיטי מעיאר מאמדאני גייט מארגן מיטאג אנקומען אויף א באזוך אין בארא פארק צו באזוכן קליינע ביזנעסער אין שטאט, אין באפארברייטונג צו די קומענדיגע יום טוב טעג.|nju jɔrk sˈiti mˈajar mˈamdani ɡajt mɔrɡn mˈitaɡ ˈunkimən oʊf a bazˈix in barˈa park ʦi bazˈixn klˈajnə bˈiznəsər in ʃtut, in bafarbrˈajtinɡ ʦi də kˈiməndiɡə jɔjm tɔjv tejɡ.
57_166129_0002|דער באזוך איז געקומען מיט די ציל זיך צו באקענען פון דער נאנט מיט די ארטיגע געשעפטן, פארשטיין די לאקאלע עקאנאמישע באדעפענישן, ספעציעל יעצט אין די פארנומענע וואכן ווען די געשעפטן זענען פארנומען מיט די יום טוב איינקויפן.|dɛr bazˈix iz ɡəkˈimən mit də ʦil zix ʦi bakˈɛnən fin dɛr nant mit də ˈartiɡə ɡəʃˈɛftn, farʃtˈajn də lˈakalə ˈɛkanamiʃə badˈɛfəniʃn, sfˈɛʦiəl jɛʦt in də farnˈimənə vɔxn vɛn də ɡəʃˈɛftn zˈɛnən farnˈimən mit də jɔjm tɔjv ˈaːnkɔjfn.
57_166130_0001|און ער לייקנט די באריכטן אז די ווייסע הויז לייגט פרעשור אויף איראן וועגן א דיעל. טראמפ זאגט אז ס'גייט אים נישט אן צו איראן שרייבט אונטער סיי וועלכע אפמאך,|in ɛr lajknt də barˈixtn az də vˈajsə hoʊz lajɡt frəʃˈir oʊf irˈan vejɡn a dˈiəl. trɔmp zuɡt az sɡajt ejm niʃt un ʦi irˈan ʃraːbt ˈintər saj vˈɛlxə ˈupmax,
57_166130_0002|ווייל אן אפמאך מיט איראן איז ווערדלאז און וועט זיך נישט האלטן. דער פרעזידענט האט צוגעלייגט אז אמעריקע'ס פאזיציע יעצט איז שטערקער,|vaːl un ˈupmax mit irˈan iz vˈɛrdlaz in vɛt zix niʃt haltn. dɛr prəzidˈɛnt hut ʦˈiɡəlajɡt az ˈamərikəs fˈaziʦiə jɛʦt iz ʃtˈɛrkər,
57_166131_0003|דער פערזאן האט דערנאך אנגערייצט זיין הונט צו אטאקירן די אידן ביז הילף איז אנגעקומען און דער פערזאן איז ארעסטירט געווארן.|dɛr fˈɛrzan hut dərnˈux ˈanɡərajʦt zaːn hint ʦi ˈatakirn də jidn biz hilf iz ˈunɡəkimən in dɛr fˈɛrzan iz ˈarəstirt ɡəvˈɔrn.
57_166133_0001|רוסלאנד האט אין געהיים געהאלפן איראן אנטוויקלען פארגעשריטענע מיסילס וואס זענען ספעציעל דיזיינד צו אטאקירן אמעריקאנער נעיווי עירקרעפט קעריער שיפן אין דעם מיטל מזרח.|rˈusland hut in ɡəhˈajm ɡəhˈalfn irˈan ˈantviklən farɡəʃrˈitənə mˈisils vus zˈɛnən sfˈɛʦiəl dˈizajnd ʦi ˈatakirn amərˈikanər nˈajvi ˈajrkrəft kˈɛriər ʃifn in dejm mitl mˈizrəx.
57_166133_0004|א נייע באריכט דעקט אויף אז די רוסישע הילף איז געווען טייל פון א דיעל וואס האט אריינגענומען אז איראן וועט צושטעלן פאר רוסלאנד די שאחיד דראונס.|a nˈaːjə barˈixt dɛkt oʊf az də rˈisiʃə hilf iz ɡəvˈejn tajl fin a dˈiəl vus hut arˈaːnɡənimən az irˈan vɛt ʦˈiʃtəln far rˈusland də ʃˈaxid drins.
57_166141_0001|איראן'ס זיכערהייט הויפט איז ארויס מיט א ווארענונג אז אמעריקע גייט אויסשטעלן א נייע סטראטעגיע פון איראן אין די מיטל מזרח מלחמה, נאכפאלגנדיג די העפטיגע אויסטוישונגען צווישן די צוויי זייטן די לעצטע פאר טעג.|ˈirans zˈixərhaːt hɔjft iz arˈoʊs mit a vˈarəninɡ az amˈɛrikə ɡajt ˈoʊsʃtəln a nˈaːjə strˈatəɡiə fin irˈan in də mitl mˈizrəx milxˈumə, nˈaxfalɡndiɡ də hˈɛftiɡə ˈoʊstɔjʃinɡən ʦviʃn də ʦvaj zajtn də lˈɛʦtə far tejɡ.
57_166141_0003|די ווערטער פון ראזאי איז געקומען נאכדעם וואס איראן האט רעאגירט אויף די לעצטע אמעריקאנער רונדע מיט אטאקעס אויף אמעריקאנער צילן אין באכריין, ירדן, קווייט, און איראק.|də vˈɛrtər fin rˈazaː iz ɡəkˈimən nuxdˈejm vus irˈan hut rˈɛaɡirt oʊf də lˈɛʦtə amərˈikanər rˈində mit ˈatakəs oʊf amərˈikanər ʦiln in baxrˈajn, jardn, kvajt, in ˈirak.
57_166141_0004|לויט ווי איראן זאגט, זענען די אמעריקאנער קרעפטן אומגעקומען סיי אין ירדן און סיי אין איראק, אבער אמעריקאנער קוועלער זאגן אז זיי ווייסן נישט פון אזא זאך.|loʊt vi irˈan zuɡt, zˈɛnən də amərˈikanər krɛftn ˈimɡəkimən saj in jardn in saj in ˈirak, ˈɔbər amərˈikanər kvˈɛlər zuɡn az zaj vajsn niʃt fin azˈa zax.
57_166142_0003|אבער מדינת ישראל איז גרייט צו רעאגירן אין פאל איראן פירט דורך אטאקעס אין די וואכן פון ימים טובים.|ˈɔbər mdˈinas jisrˈuəl iz ɡrajt ʦi rˈɛaɡirn in fal irˈan firt dˈɔrəx ˈatakəs in də vɔxn fin ˈimim tˈibim.
57_166142_0005|ביז אמעריקע מיט איראן האבן אויסגעהאמערט א שטילשטאנד, און עווענטועל אונטערגעשריבן א צייטווייליגע אפמאך וואס איז ביי די ענדע צוזאמגעפאלן.|biz amˈɛrikə mit irˈan hubn ˈoʊzɡəhamərt a ʃtˈilʃtand, in ˈɛvəntiəl ˈintərɡəʃribn a ʦˈajtvajliɡə ˈupmax vus iz baː də ˈɛndə ʦˈizamɡəfaln.
57_166142_0006|זייט דעמאלטס זענען פארגעקומען מערערע רונדעס אויסטוישונגען צווישן אמעריקע מיט איראן, אבער מדינת ישראל איז אלץ געווען אויסגעשלאסן דערפון,|zaːt dˈɛmalʦ zˈɛnən farɡəkˈimən mˈɛrərə rˈindəs ˈoʊstɔjʃinɡən ʦviʃn amˈɛrikə mit irˈan, ˈɔbər mdˈinas jisrˈuəl iz alʦ ɡəvˈejn ˈoʊzɡəʃlasn dərfˈin,
57_166142_0007|סיי אז מדינת ישראל האט נישט אטאקירט איראן, און סיי אז איראן האט נישט אטאקירט מדינת ישראל.|saj az mdˈinas jisrˈuəl hut niʃt ˈatakirt irˈan, in saj az irˈan hut niʃt ˈatakirt mdˈinas jisrˈuəl.
57_166144_0001|איראן האט געמאלדן אז צוויי טאנקער שיפן זענען באטראפן געווארן פון מינעס ביים ווערן דורכגעפירט די הארמוז וואסער וועג מיט די הילף פון אן אמעריקאנער ליין.|irˈan hut ɡəmˈaldn az ʦvaj tˈankər ʃifn zˈɛnən batrˈafn ɡəvˈɔrn fin mˈinəs bam virn dˈirxɡəfirt də hˈarmiz vˈasər vejɡ mit də hilf fin un amərˈikanər lajn.
57_166145_0003|ער האט זיך שפעטער אנגעהערט און אנגעליינט מיט אסאך מאטעריאל פון די גרופע, און עווענטועל אנגעפאנגען וועבן פלענער אפצורייזן קיין סיריע אדער קיין אפריקע צו ווערן א מיטגליד אין די גרופע, אבער אויספארשער זענען געקומען דערויף און מ'האט אים ארעסטירט.|ɛr hut zix ʃpˈejtər ˈunɡəhirt in ˈanɡəlajnt mit ˈasax mˈatərial fin də ɡrˈifə, in ˈɛvəntiəl ˈanɡəfanɡən vɛbn plˈɛnər ˈafʦirajzn kan sˈiriə ˈɔdər kan ˈafrikə ʦi virn a mˈitɡlid in də ɡrˈifə, ˈɔbər ˈoʊsfarʃər zˈɛnən ɡəkˈimən dˈɛroʊf in mhut ejm ˈarəstirt.
57_166146_0001|וועסטשעסטער האט באשטעטיגט די ערשטע מענטשליכע וועסט נייל וויירוס פאל דאס יאר ביי אן איינוואוינער אין די יאנקערס געגנט, וועלכער האט זיך לעצטנס צוריקגעקערט פון אויסלאנד.|vˈɛsʧəstər hut baʃtˈɛtiɡt də ˈɛrʃtə mˈɛnʧləxə vɛst najl vˈajris fal dus jur baː un ˈajnvɔjnər in də jˈankərs ɡɛɡnt, vˈɛlxər hut zix lɛʦtns ʦirˈikɡəkərt fin ˈoʊsland.
57_166146_0002|געזונטהייט באאמטע זאגן אז זיי ארבעטן צו דערגיין אויב יענער האט באקומען די וויירוס פון אויסלאנד, אדער אויב ער האט עס געכאפט ווען ער איז שוין געווען דא.|ɡəzˈinthaːt baˈamtə zuɡn az zaj ˈarbətn ʦi dərɡˈajn ɔjb jˈɛnər hut bakˈimən də vˈajris fin ˈoʊsland, ˈɔdər ɔjb ɛr hut ɛs ɡəxˈapt vɛn ɛr iz ʃɔjn ɡəvˈejn du.
57_166146_0003|אין ניו יארק סיטי איז דער זומער באשטעטיגט געווארן פינף פעלער מיט מענטשן וואס האבן געכאפט די וויירוס.|in nju jɔrk sˈiti iz dɛr zˈimər baʃtˈɛtiɡt ɡəvˈɔrn finf fˈɛlər mit mɛnʧn vus hubn ɡəxˈapt də vˈajris.
57_166158_0001|עסקנים אין אמעריקע פארמישט אין אימיגראציע אנגעלעגנהייטן זענען ארויס מיט א פרישע רוף פאר מענטשן צו זיין זייער פארזיכטיג ארום די ימים טובים טעג ווען מ'פליט צו פארשידענע פלעצער זיך נישט צו טרעפן אין קאמפליקאציעס.|ˈɛsknim in amˈɛrikə farmˈiʃt in ˈimiɡraʦiə ˈanɡələɡnhaːtn zˈɛnən arˈoʊs mit a frˈiʃə rif far mɛnʧn ʦi zaːn zˈajər farzˈixtiɡ arˈim də ˈimim tˈibim tejɡ vɛn mflit ʦi farʃˈidənə plˈɛʦər zix niʃt ʦi trɛfn in kˈamflikaʦiəs.
57_166159_0002|די זעקס ארעסטן זענען טייל פון צענדליגער ארעסטן אין די לעצטע וואכן ביי די לוד לופטפעלד און ביי די טאבא גרעניץ דורכגאנג קעגן אידן וואס זענען פארבאטן ארויסצופליען, וויבאלד זיי האבן זיך נישט געשטעלט צו די ארטיגע מיליטער.|də zɛks ˈarəstn zˈɛnən tajl fin ʦəndlˈiɡər ˈarəstn in də lˈɛʦtə vɔxn baː də lid lˈiftfəld in baː də tˈaba ɡrˈɛniʦ dˈirxɡanɡ kejɡn jidn vus zˈɛnən farbˈatn arˈoʊsʦifliən, vˈibald zaj hubn zix niʃt ɡəʃtˈɛlt ʦi də ˈartiɡə mˈilitər.
57_166159_0004|אלע זעקס זענען געווארן איבערגעגעבן פאר די אימיגראציע אויטאריטעט, וועלכע האט איבערגעגעבן זייערע רעקארדס צו באשטעטיגן אז זיי טארן נישט ארויסגיין פון לאנד, און דערנאך האט מען זיי געשיקט פאר ווייטערדיגע פראצעדורן.|ˈalə zɛks zˈɛnən ɡəvˈɔrn ˈibərɡəɡejbn far də ˈimiɡraʦiə ˈɔjtaritət, vˈɛlxə hut ˈibərɡəɡejbn zˈajərə rˈɛkards ʦi baʃtˈɛtiɡn az zaj tarn niʃt arˈoʊzɡajn fin land, in dərnˈux hut mɛn zaj ɡəʃˈikt far vˈajtərdiɡə frˈaʦədirn.
57_166160_0001|דער ניו יארק סיטי פאליציי דעפארטמענט האט פארעפנטליכט בילדער פון א גרופע פארברעכער געזוכט פאר א כוואליע פון זעקס און צוואנציג קייטל רויבערייען אין די לעצטע פאר חדשים.|dɛr nju jɔrk sˈiti pˈɔliʦaj dəfartmˈɛnt hut farˈɛfntlixt bˈildər fin a ɡrˈifə farbrˈɛxər ɡəzˈixt far a xvˈaliə fin zɛks in ʦvˈanʦiɡ kajtl rˈɔjbərajən in də lˈɛʦtə far xadˈuʃim.
57_166160_0002|די פארברעכער פארן צו צו מענטשן מיט סקוטערס, זיי כאפן אראפ די צירונגען בעפאר זיי אנטלויפן. פאליציי האט פארעפנטליכט בילדער פון די פארברעכער,|də farbrˈɛxər farn ʦi ʦi mɛnʧn mit skˈitərs, zaj xapn arˈup də ʦˈirinɡən bəfˈar zaj ˈantlɔjfn. pˈɔliʦaj hut farˈɛfntlixt bˈildər fin də farbrˈɛxər,
57_166160_0003|און אפעלירט אז ווער ס'האט סיי וועלכע אינפארמאציע זאל רופן קריים סטאפערס.|in ˈafəlirt az vɛr səhˈut saj vˈɛlxə ˈinfarmaʦiə zul rifn krajm stˈafərs.
57_166161_0003|אבער נאכ'ן קומען אונטער דרוק פון פארשידענע ריכטונגען, האט פרעזידענט טראמפ געמאלדן אז די געלט ווערט צוריקגעשטעלט.|ˈɔbər nuxn kˈimən ˈintər drik fin farʃˈidənə rˈixtinɡən, hut prəzidˈɛnt trɔmp ɡəmˈaldn az də ɡɛlt virt ʦirˈikɡəʃtəlt.
57_166161_0004|יעצט זאגט גאווערנאר האוקול אז טראץ דעם וואס מ'האלט שוין לאנגע חדשים נאך טראמפ'ס מעלדונג האט די סטעיט קיינמאל נישט באקומען די געלטער, און זי טוט אויפפאדערן פון די טראמפ אדמיניסטראציע עס צו שיקן וואס פריער אז די פאליציי און אנדערע אגענטורן זאלן קענען אנגיין מיט זייער ארבעט.|jɛʦt zuɡt ɡˈavərnar hˈikil az traʦ dejm vus mhalt ʃɔjn lˈanɡə xadˈuʃim nux tramfs mˈɛldinɡ hut də stajt kˈajnmul niʃt bakˈimən də ɡəltˈɛr, in zi tit ˈɔjfadərn fin də trɔmp ˈadministraʦiə ɛs ʦi ʃikn vus frˈiər az də pˈɔliʦaj in ˈandərə ˈaɡəntirn zɔln kˈɛnən ˈunɡajn mit zˈajər ˈarbət.
57_166172_0001|וויבאלד אזוי לאנג ווי ער איז פרעזידענט וועט ער זיך גוט אפגעבן מיט מדינת ישראל.|vˈibald azˈɔj laːnɡ vi ɛr iz prəzidˈɛnt vɛt ɛr zix ɡit ˈupɡəbən mit mdˈinas jisrˈuəl.
57_166172_0002|אין דער זעלבער צייט האט טראמפ ארויסגעשיקט א מעסעדזש אין וואס ער וועט אויפברענגען דעם געדאנק צו טוישן די נאמען פון די הארמוז וואסער וועג צו טראמפ וואסער וועג.|in dɛr zˈɛlbər ʦaːt hut trɔmp arˈoʊzɡəʃikt a mˈɛsəʤ in vus ɛr vɛt ˈoʊfbrejnɡən dejm ɡədˈank ʦi toʊʃn də nˈumən fin də hˈarmiz vˈasər vejɡ ʦi trɔmp vˈasər vejɡ.
57_166172_0003|טראמפ זאגט אז אמעריקע איז פולקאם אין קאנטראל פון די וואסער וועג, און ער קלערט אז ס'וואלט געווען א שיינע זאך צו טוישן די נאמען.|trɔmp zuɡt az amˈɛrikə iz fˈilkam in kˈantral fin də vˈasər vejɡ, in ɛr klɛrt az svɔlt ɡəvˈejn a ʃˈajnə zax ʦi toʊʃn də nˈumən.
57_166172_0004|דאס קומט עטליכע וואכן נאכדעם וואס טראמפ האט געמאלדן אז ער פלאנט צו דערקלערן די וואסער וועג אלס אמעריקאנער טעריטאריע.|dus kimt ˈɛtləxə vɔxn nuxdˈejm vus trɔmp hut ɡəmˈaldn az ɛr flant ʦi dərklˈɛrn də vˈasər vejɡ ˈalis amərˈikanər tˈɛritariə.
57_166173_0000|ביז וואך נצבים וילך, צען מינוט נאך צוויי נאכמיטאג.|biz vɔx niʦˈuvim vaˈajiləx, ʦɛn minˈit nux ʦvaj nˈaxmitaɡ.
57_166173_0001|טרעזשורי סעקרעטאר בעסענט האט געגעבן אן אינטערוויו אין וואס ראטאווע האט געווארפן די שולד אויף אוקראינע פאר די הויכע ענערגיע פרייזן וואס מען זעט זייט די מלחמה מיט איראן האט זיך אנגעפאנגען.|trˈɛʒiri sˈɛkrətar bəsˈɛnt hut ɡəɡˈɛbn un ˈintərvji in vus rˈatavə hut ɡəvˈarfn də ʃild oʊf ˈikraːnə far də hˈɔjxə ˈɛnərɡiə praːzn vus mɛn zejt zaːt də milxˈumə mit irˈan hut zix ˈanɡəfanɡən.
57_166175_0001|טשיינע'ס פרעזידענט זשינפינג איז ארויסגעקומען מיט א רוף צו די מיטל מזרח לענדער אז זיי זאלן זיך ארויסשטעלן קעגן דרויסנדיגע אינטערווענץ און זאלן אריינקוקן אין א וועג איבערצומאכן די זיכערהייט פון דעם ראיאן.|ʧˈajnəs prəzidˈɛnt ʒˈinfinɡ iz arˈoʊzɡəkimən mit a rif ʦi də mitl mˈizrəx lˈɛndər az zaj zɔln zix arˈoʊsʃtəln kejɡn drˈɔjsndiɡə intərvˈɛnʦ in zɔln arˈaːnkikn in a vejɡ ˈibərʦimaxn də zˈixərhaːt fin dejm rˈaːan.
57_166183_0001|פרעזידענט טראמפ ווארנט אז אמעריקע שטייט גרייט דורכצופירן פרישע אטאקעס אויף איראן ווען אימער ס'פעלט זיך אויס.|prəzidˈɛnt trɔmp varnt az amˈɛrikə ʃtajt ɡrajt dˈirxʦifirn frˈiʃə ˈatakəs oʊf irˈan vɛn ˈimər sfɛlt zix oʊs.
57_166183_0002|טראמפ זאגט אז די אטאקעס די וואך האבן פארניכטעט נייע ראדארן וואס איראן האט אוועקגעשטעלט ביי די הארמוז וואסער וועג, און אויב ס'וועט זיך אויספעלן וועט אמעריקע דורכפירן פרישע אטאקעס.|trɔmp zuɡt az də ˈatakəs də vɔx hubn farnˈixtət nˈaːjə rˈadarn vus irˈan hut avˈɛkɡəʃtəlt baː də hˈarmiz vˈasər vejɡ, in ɔjb svɛt zix ˈoʊsfəln vɛt amˈɛrikə dˈirxfirn frˈiʃə ˈatakəs.
57_166183_0003|דער פרעזידענט זאגט אז צווישן די זאכן וואס איראן האט פרובירט צו בויען איז א ראקעט וואס קען אראפלאזן ים מינעס אין די הארמוז וואסער וועג.|dɛr prəzidˈɛnt zuɡt az ʦviʃn də zaxn vus irˈan hut prˈibirt ʦi bˈoʊən iz a rˈakət vus kɛn arˈupluzn jam mˈinəs in də hˈarmiz vˈasər vejɡ.
57_166184_0001|פאקיסטאן האט געמאלדן אז די לאנד איז ווייטער פארמישט אין פארזוכן צוזאמצוברענגען אמעריקע מיט איראן אויף אן אפמאך צו ענדיגן די קאנפליקט צווישן זיי.|fˈakistan hut ɡəmˈaldn az də land iz vˈaːtər farmˈiʃt in farzˈixn ʦˈizamʦibrənɡən amˈɛrikə mit irˈan oʊf un ˈupmax ʦi ˈɛndiɡn də kˈanflikt ʦviʃn zaj.
57_166184_0003|זיי זאגן אז ביי די זיצונג איז די טעמע ארום די קאנפליקט באהאנדלט געווארן,|zaj zuɡn az baː də zˈiʦinɡ iz də tˈɛmə arˈim də kˈanflikt bahˈandlt ɡəvˈɔrn,
57_166184_0004|און איסלאמאבאד גייט יעצט ווייטער ארבעטן מיט די האפענונג צו טרעפן א וועג צוזאמצוברענגען די צוויי קריגערישע זייטן.|in ˈislamabad ɡajt jɛʦt vˈaːtər ˈarbətn mit də hˈafəninɡ ʦi trɛfn a vejɡ ʦˈizamʦibrənɡən də ʦvaj krˈiɡəriʃə zajtn.
57_166187_0002|דער שריט איז טייל פון אן אנגייענדע פארזוך דורך פרעזידענט טראמפ צו באגרעניצן געבורט בירגערשאפט וואס ווערט געגעבן פאר קינדער וואס ווערן געבוירן אין אמעריקע,|dɛr ʃrit iz tajl fin un ˈanɡajəndə farzˈix dˈɔrəx prəzidˈɛnt trɔmp ʦi baɡrˈɛniʦn ɡəbˈirt bˈirɡərʃaft vus virt ɡəɡˈɛbn far kˈindər vus virn ɡəbˈɔjrn in amˈɛrikə,
57_166187_0003|אפגעזען אויב זייערע עלטערן זענען בירגער.|ˈupɡəzejn ɔjb zˈajərə ˈɛltərn zˈɛnən bˈirɡər.
57_166187_0004|נישט לאנג צוריק האט טראמפ געוואלט איינשטעלן א טויש אז בירגערשאפט זאל געגעבן ווערן בלויז ווען ווייניגסטנס איינער פון די עלטערן איז א בירגער אדער א גרין קארד האלטער,|niʃt laːnɡ ʦirˈik hut trɔmp ɡəvˈɔlt ˈajnʃtəln a tɔjʃ az bˈirɡərʃaft zul ɡəɡˈɛbn virn blɔjz vɛn vvˈajniɡsətnəs ˈajnər fin də ˈɛltərn iz a bˈirɡər ˈɔdər a ɡrin kard hˈaltər,
57_166188_0001|קוועלער נאנט צו די טראמפ אדמיניסטראציע געבן איבער אז א רייע הויפט געהילפן צו פרעזידענט טראמפ לייגן דרוק אז די קאנפליקט מיט איראן זאל נישט צוריק אויפפלאקערן בעפאר די מידטורם וואלן, צו פארמיידן ערנסטע פארלוסטן פאר די רעפובליקאנער פארטיי.|kvˈɛlər nant ʦi də trɔmp ˈadministraʦiə ɡejbn ˈibər az a rˈajə hɔjft ɡəhˈilfn ʦi prəzidˈɛnt trɔmp lajɡn drik az də kˈanflikt mit irˈan zul niʃt ʦirˈik ˈɔjflakərn bəfˈar də mˈidtirm valn, ʦi farmˈajdn ˈɛrnstə farlˈistn far də rəpiblikˈanər pˈartaj.
57_166188_0002|זיי זאגן אז מערערע ווייסע הויז באאמטע ווילן נישט אז די קאנפליקט זאל יעצט באנייט ווערן, נאר זיי ווילן מען זאל אויסווארטן אויף ביז נאך די נאוועמבער וואלן, ווען דער פרעזידענט און די פארטיי וועלן נישט דארפן זיין באזארגט איבער פאליטישע פארמעסטן.|zaj zuɡn az mˈɛrərə vˈajsə hoʊz baˈamtə viln niʃt az də kˈanflikt zul jɛʦt banˈajt virn, nɔr zaj viln mɛn zul ˈoʊsvartn oʊf biz nux də nˈavəmbər valn, vɛn dɛr prəzidˈɛnt in də pˈartaj vɛln niʃt daːfn zaːn bazˈarɡt ˈibər pɔlˈitiʃə farmˈɛstn.
57_166188_0003|אויף דערווייל וועט וואשינגטאן ארבעטן אנצוהאלטן וואס מער די עקאנאמישע דרוק אויף טעהראן, מיט די האפענונג אז ביי די ענדע זאל די איראנער רעזשים זיך ברעכן און נאכגעבן די אמעריקאנער פארלאנגען.|oʊf dərvˈaːl vɛt vˈaʃinɡtan ˈarbətn ˈanʦihaltn vus mɛr də ˈɛkanamiʃə drik oʊf tˈɛran, mit də hˈafəninɡ az baː də ˈɛndə zul də irˈanər rˈɛʒim zix brɛxn in nˈaxɡəbn də amərˈikanər farlˈanɡən.
57_166189_0002|ער זאגט אז זיי האבן געוואוסט אז אויב מ'וועקט אים אויף וועט ער ארויסגעבן א פארארדענונג איינצושפאנען די גאנצע מיליטער, און דאס איז עפעס וואס זיי האבן נישט געוואלט.|ɛr zuɡt az zaj hubn ɡəvˈist az ɔjb mvɛkt ejm oʊf vɛt ɛr arˈoʊzɡəbən a farˈardəninɡ ˈajnʦiʃpanən də ɡˈanʦə mˈilitər, in dus iz ˈɛpəs vus zaj hubn niʃt ɡəvˈɔlt.
57_166189_0003|ווי ער געבט אן איז זייער שטעלונג געווען אז כאמאס זוכט נישט קיין מלחמה, און טראץ די סיגנאלן פון א באפארשטייענדע אטאקע,|vi ɛr ɡɛbt un iz zˈajər ʃtˈɛlinɡ ɡəvˈejn az xˈamas zixt niʃt kan milxˈumə, in traʦ də sˈiɡnaln fin a bafarʃtˈajəndə ˈatakə,
57_166189_0004|האבן זיי געהאלטן אז אויב מדינת ישראל אטאקירט די מענטשן נאנט צו די גרעניץ וועט עס פירן צו א כאמאס אטאקע, דעריבער האבן זיי אים נישט געוואלט ערוועקן פון שלאף.|hubn zaj ɡəhˈaltn az ɔjb mdˈinas jisrˈuəl ˈatakirt də mɛnʧn nant ʦi də ɡrˈɛniʦ vɛt ɛs firn ʦi a xˈamas ˈatakə, dˈɛribər hubn zaj ejm niʃt ɡəvˈɔlt ˈɛrvəkn fin ʃluf.
57_166190_0000|מיטוואך נצבים וילך, צען מינוט נאך פינף נאכמיטאג.|mˈitvɔx niʦˈuvim vaˈajiləx, ʦɛn minˈit nux finf nˈaxmitaɡ.
57_166190_0001|א פרישע אנקעטע אין שינאווע ווייזט אז א ריזיגע מערהייט אמעריקאנער זענען ביי די מיינונג אז די רעגירונג איז פול מיט קארופציע.|a frˈiʃə ˈankətə in ʃˈinavə vajzt az a rˈiziɡə mˈɛrhaːt amərˈikanər zˈɛnən baː də mˈajninɡ az də rəɡˈirinɡ iz fil mit kˈarifʦiə.
57_166190_0003|די העכסטע זייט מ'האט אנגעפאנגען נעמען די אנקעטע פאר צוואנציג יאר צוריק.|də hˈɛxstə zaːt mhut ˈanɡəfanɡən nˈɛmən də ˈankətə far ʦvˈanʦiɡ jur ʦirˈik.
57_166190_0005|ארויף מיט אכט פונקטן פון פאריגע יאר.|arˈoʊf mit axt finktn fin furˈiɡə jur.
57_166191_0001|מדינת ישראל'ס מיליטער האט אויסגעברייטערט צוגרייטונגען פאר מעגליכע אטאקעס דורך איראן, אין ליכט פון די באנייטע אויסטוישונגען צווישן אמעריקע מיט איראן.|mdˈinas ˈiʃrals mˈilitər hut ˈoʊzɡəbrajtərt ʦˈiɡrajtinɡən far mˈɛɡləxə ˈatakəs dˈɔrəx irˈan, in lixt fin də banˈajtə ˈoʊstɔjʃinɡən ʦviʃn amˈɛrikə mit irˈan.
57_166191_0002|מדינת ישראל קוועלער זאגן אז ווי זיי זעען דעם צושטאנד, זוכן ביידע זייטן צו האלטן דעם אויסטויש באגרעניצט אז די מלחמה זאל נישט צוריק אויפפלאקערן, אבער אין דער זעלבער צייט דארף דער מיליטער זיין גרייט אין פאל זאכן טוישן זיך.|mdˈinas jisrˈuəl kvˈɛlər zuɡn az vi zaj zˈɛən dejm ʦˈiʃtand, zixn bˈajdə zajtn ʦi haltn dejm ˈoʊstɔjʃ baɡrˈɛniʦt az də milxˈumə zul niʃt ʦirˈik ˈɔjflakərn, ˈɔbər in dɛr zˈɛlbər ʦaːt daf dɛr mˈilitər zaːn ɡrajt in fal zaxn toʊʃn zix.
57_166191_0003|זיי זאגן אז דער מיליטער גרייט זיך אויך אויף אן אנדערע סארט אנטוויקלונג, אריינגערעכנט א רעוואלוציע דורך איראנער פאלק, א זאך וואס פרעזידענט טראמפ האט אויפגעברענגט די וואך אלס עפעס וואס ער האפט אז ס'גייט פאסירן.|zaj zuɡn az dɛr mˈilitər ɡrajt zix ɔjx oʊf un ˈandərə sɔrt ˈantviklinɡ, arˈaːnɡərəxnt a rˈɛvaliʦiə dˈɔrəx irˈanər falk, a zax vus prəzidˈɛnt trɔmp hut ˈoʊfɡəbrənɡt də vɔx ˈalis ˈɛpəs vus ɛr haft az sɡajt fˈasirn.
57_166193_0001|פרעזידענט טראמפ איז ווידער אמאל ארויסגעקומען מיט שארפע ווערטער קעגן קאנאדע, באשולדיגנדיג דאס לאנד אויף אויסנוצן אמעריקאנער מארקעטס פאר צענדליגער יארן.|prəzidˈɛnt trɔmp iz vˈidər amˈul arˈoʊzɡəkimən mit ʃˈarfə vˈɛrtər kejɡn kˈanadə, baʃˈildiɡndiɡ dus land oʊf ˈoʊsniʦn amərˈikanər mˈarkəʦ far ʦəndlˈiɡər jurn.
57_166193_0002|טראמפ זאגט אז שוין יארן לאנג וואס קאנאדע נוצט אויס אמעריקאנער פארמער, טוריסטן און עירליינס, און דאס גייט מער נישט קענען פארזעצן.|trɔmp zuɡt az ʃɔjn jurn laːnɡ vus kˈanadə niʦt oʊs amərˈikanər farmˈɛr, tˈiristn in ˈajrlajns, in dus ɡajt mɛr niʃt kˈɛnən farzˈɛʦn.
57_166195_0002|די דעפארטמענט זאגט אז די קאנפיסקירונגען זענען געווען טייל פון אן אפעראציע וואס האט אויך אריינגענומען דאס צו שטערן פאנדרעיזינג און רעקרוטינג פלאטפארמעס.|də dəfartmˈɛnt zuɡt az də kˈanfiskirinɡən zˈɛnən ɡəvˈejn tajl fin un ˈafəraʦiə vus hut ɔjx arˈaːnɡənimən dus ʦi ʃtɛrn fˈandrajzinɡ in rˈɛkritinɡ flˈatfarməs.
57_166195_0003|די דעפארטמענט באאמטע זאגן אז דאס צו שטערן די סיסטעם גייט העלפן אוועקנעמען פון כאמאס די קוועלער וואס די טעראר גרופע דארף האבן צו רעקרוטירן, רעדיקאליזירן מענטשן און צו פינאנצירן ביי בארישע אטאקעס.|də dəfartmˈɛnt baˈamtə zuɡn az dus ʦi ʃtɛrn də sˈistəm ɡajt hɛlfn avˈɛknəmən fin xˈamas də kvˈɛlər vus də tˈɛrar ɡrˈifə daf hubn ʦi rˈɛkritirn, rˈɛdikalizirn mɛnʧn in ʦi fˈinanʦirn baː barˈiʃə ˈatakəs.
57_166198_0002|וויטאקער זאגט אז קיינער קען נישט פאראויסשאצן וואס וולאדימיר פוטין וועט טון, נאר די איינציגסטע זאך וואס מ'קען טון איז זיין גרייט דערפאר און מאכן זיכער אז ס'זאל זיך אים נישט לוינען צו אטאקירן נאט"א.|vˈitakər zuɡt az kˈajnər kɛn niʃt farˈɔjsʃaʦn vus vladimˈir fˈitin vɛt tin, nɔr də ˈajnʦiɡstə zax vus mˈɛkən tin iz zaːn ɡrajt dərfˈar in maxn zˈixər az szul zix ejm niʃt lˈɔjnən ʦi ˈatakirn nin ˈaləf tɛs ˈaləf.
57_166200_0001|מולען האט געטרעוולט קיין וואשינגטאן ווען ער איז געפארן צו די רעיגען אינטערנעשאנעל לופטפעלד צו מאכן דארט די עמערדזשענסי לאנדונג.|mˈilən hut ɡətrˈɛvlt kan vˈaʃinɡtan vɛn ɛr iz ɡəfˈarn ʦi də rˈajɡən ˈintərnəʃanəl lˈiftfəld ʦi maxn dɔrt də ˈɛmərʤənsi lˈandinɡ.
57_166219_0001|ווען א צאל גדולי אדמו"רים וראשי ישיבה שליט"א פון ניו יארק און ניו דזשערסי וועלן מאכן די וועג צו עיר הבירה וואשינגטאן אויף א פערזענליכע באזוך ביי פרעזידענט טראמפ צו שתדל'ען לטובת די געברויכן פונעם חרדישן יודנטום.|vɛn a ʦal ɡdˈili ˈaləf dˈuləd mɛm vuv rajʃ jid mɛm ˈiraʃi jəʃˈivə ʃlˈitə fin nju jɔrk in nju ʤˈɛrsi vɛln maxn də vejɡ ʦi ajr hbˈirə vˈaʃinɡtan oʊf a fˈɛrzənləxə bazˈix baː prəzidˈɛnt trɔmp ʦi ʒzdlɛn lˈɛtɔjvəs də ɡəbrˈoʊxn fˈinəm xrdiʃn jˈidntim.
57_166219_0004|וועלן אנקומען צום ווייסן הויז אויף א פריוואטע באזוך מיט'ן פרעזידענט,|vɛln ˈunkimən ʦim vajsn hoʊz oʊf a frˈivatə bazˈix mitn prəzidˈɛnt,
57_166219_0005|זייענדיג א זעלטענע געלעגנהייט ארויסצוברענגען די הכרת הטוב פאר די לייסטונגען פונעם פרעזידענט לטובת דעם חרדישן ציבור,|zˈajəndiɡ a zˈɛltənə ɡəlˈɛɡnhaːt arˈoʊsʦibrənɡən də hakˈuras htib far də lˈajstinɡən fˈinəm prəzidˈɛnt lˈɛtɔjvəs dejm xrdiʃn ʦˈibər,
57_166219_0006|און גלייכצייטיג אויסנוצן די געלעגנהייט אויף שתדלנות לטובת פארשידענע אנגעלעגנהייטן וואס זענען עומד על הפרק ביים היימישן ציבור.|in ɡlˈajxʦajtiɡ ˈoʊsniʦn də ɡəlˈɛɡnhaːt oʊf ʃˈasdlnus lˈɛtɔjvəs farʃˈidənə ˈanɡələɡnhaːtn vus zˈɛnən imd al hfrk bam hˈajmiʃn ʦˈibər.
57_166219_0009|היינט במשך דעם טאג האבן די מקורבים און עסקנים פון אלע הויפן ווייטער געארבעט אויף א פאראייניגטע מעסעדזש וואס פארצושטעלן פאר'ן פרעזידענט,|haːnt bˈɛməʃəx dejm tuɡ hubn də mkˈirbim in ˈɛsknim fin ˈalə hoʊfn vˈaːtər ɡəˈarbət oʊf a farˈajniɡtə mˈɛsəʤ vus farʦˈiʃtəln farn prəzidˈɛnt,
57_166219_0010|מיט די האפענונג אז ס'וועט נושא פירות זיין לטובת די געברויכן פונעם היימישן ציבור.|mit də hˈafəninɡ az svɛt nˈɔjsə pˈajrɔjs zaːn lˈɛtɔjvəs də ɡəbrˈoʊxn fˈinəm hˈajmiʃn ʦˈibər.
57_166219_0013|כלל ישראל באגלייט די רבנים ואדמו"רים שליט"א מיט א הייסע תפלה צום הנותן תשועה למלכים, אז זייערע ווערטער זאלן נושא חן זיין בעיני אלקים ואנשים,|klal jisrˈuəl baɡlˈajt də rˈabunim vuv ˈaləf dˈuləd mɛm vuv rajʃ jid mɛm ʃlˈitə mit a hˈajsə tfˈilə ʦim hanˈɔjsajn ʧˈiə lmlxim, az zˈajərə vˈɛrtər zɔln nˈɔjsə xajn zaːn bˈajni ˈalkim ˈianʃim,
57_166219_0014|און אז דער באזוך זאל געקרוינט ווערן מיט הצלחה פאר די טובה פון די יהדות החרדית.|in az dɛr bazˈix zul ɡəkrˈɔjnt virn mit hˈaʦluxə far də tˈɔjvə fin də jahˈadis haxarˈajdis.
57_166220_0000|ביז וואך נצבים וילך, צען אזייגער ביינאכט.|biz vɔx niʦˈuvim vaˈajiləx, ʦɛn ˈazajɡər bˈajnaxt.
57_166220_0001|דער פענטאגאן האט אוועקגענומען קלאסיפייד דאקומענטן פון צענדליגער יארן פון א ספעציעלע געהיימע קאמפיוטער נעץ וואס ווערט ברייט גענוצט דורך מיליטערישע באאמטע צוליב די יעצטיגע מלחמה מיט איראן.|dɛr fˈɛntaɡan hut avˈɛkɡənimən klˈasifajd dˈakiməntn fin ʦəndlˈiɡər jurn fin a spˈɛʦiələ ɡəhˈajmə kˈamfjitər nɛʦ vus virt brajt ɡənˈiʦt dˈɔrəx mˈilitəriʃə baˈamtə ʦilˈib də jˈɛʦtiɡə milxˈumə mit irˈan.
57_166220_0002|דער געהיימער דאקומענט נעמט אריין באריכטן פון פארארדענונגען פון פארטיידיגונגס סעקרעטארן אין לויף פון די יארן, פון טרעקינג אויף אמעריקאנער טרופן, וואפן און טרענירונג איבער די גאנצע וועלט.|dɛr ɡəhˈajmər dakimˈɛnt nɛmt arˈaːn barˈixtn fin farˈardəninɡən fin fartˈajdiɡinɡs sˈɛkrətarn in lɔjf fin də jurn, fin trˈɛkinɡ oʊf amərˈikanər trifn, vafn in trənˈirinɡ ˈibər də ɡˈanʦə vɛlt.
57_166220_0003|עטליכע גענעראלן ווארענען אז דאס אוועקנעמען די דאקומענטן פון די געהיימע נעטווארק צו זאלן וויכטיגע צוטריט וואס מיליטערישע פראנירער דארפן האבן צו די סארט אינפארמאציע.|ˈɛtləxə ɡənˈɛraln vˈarənən az dus avˈɛknəmən də dˈakiməntn fin də ɡəhˈajmə nˈɛtvark ʦi zɔln vˈixtiɡə ʦˈitrit vus mˈilitəriʃə franˈirər daːfn hubn ʦi də sɔrt ˈinfarmaʦiə.
57_166225_0001|פרעזידענט טראמפ זאגט אז די נאוועמבער וואלן גייען נישט אפעקטירן זיין צייט פלאן פאר די מלחמה מיט איראן, און ער נעמט עס בכלל נישט אין באטראכט.|prəzidˈɛnt trɔmp zuɡt az də nˈavəmbər valn ɡˈajən niʃt ˈafəktirn zaːn ʦaːt plaːn far də milxˈumə mit irˈan, in ɛr nɛmt ɛs bəxlˈaːl niʃt in batrˈaxt.
57_166225_0002|טראמפ האט די וואך פארארדענט פרישע אטאקעס אויף די איראנער רעוואלוציאנערע גווארדיע נאכדעם וואס ס'איז געווען אויסטוישן אין לויף פון שבת און זונטאג, זייענדיג די גרעסטע אמעריקאנער שריט קעגן איראן זייט דזשוליי.|trɔmp hut də vɔx farardˈɛnt frˈiʃə ˈatakəs oʊf də irˈanər rˈɛvaliʦianərə ɡvˈardiə nuxdˈejm vus siz ɡəvˈejn ˈoʊstoʊʃn in lɔjf fin ʃˈabəs in zˈintaɡ, zˈajəndiɡ də ɡrˈɛstə amərˈikanər ʃrit kejɡn irˈan zaːt ʤˈilaj.
57_166225_0003|טראמפ זאגט אז זיין ציל איז צו מאכן זיכער אז די וועלט ווערט פטור פון די איראנער געפאר, און ער באטראכט גארנישט וועגן אמעריקע'ס פאליטיק און וואלן חשבונות איבער דעם.|trɔmp zuɡt az zaːn ʦil iz ʦi maxn zˈixər az də vɛlt virt pˈutər fin də irˈanər ɡəfˈar, in ɛr batrˈaxt ɡˈurniʃt vejɡn ˈamərikəs pɔlˈitik in valn xɛʃbˈɔjnɔjs ˈibər dejm.
57_166226_0001|רוסלאנד האט אנגעהויבן נוצן מער און מער גאר שנעלע דזשעט-געטריבענע דראונס, דיזיינט צו איבערקליגן אלע עקזיסטירנדע לופט-דעפענס סיסטעמס.|rˈusland hut ˈunɡəhɔjbn niʦn mɛr in mɛr ɡur ʃnˈɛlə ʤɛt ɡətrˈibənə drins, dˈizajnt ʦi ˈibərkliɡn ˈalə ˈɛkzistirndə lift dˈɛfəns sˈistəms.
57_166227_0001|דער ווייסער הויז שליח סטיוו וויטקאוו האט זיך געטראפן אין געהיים מיט די עמיראטן נאציאנאלע זיכערהייט ראטגעבער בן סאיד אין סארדיניע צו רעדן וועגן איראן.|dɛr vˈajsər hoʊz ʃulˈixa stiv vˈitkav hut zix ɡətrˈafn in ɡəhˈajm mit də ˈɛmiratn nˈaʦianalə zˈixərhaːt rˈatɡəbər bɛn sjid in sˈardiniə ʦi rɛdn vejɡn irˈan.
57_166227_0003|די עמיראטן זענען ווייטער א גאר וויכטיגע אלעירטע לאנד פאר אמעריקע אין די מלחמה אין איראן, און וויטקאוו האט קלארגעשטעלט אז אמעריקע דארף הילף אויך מיט די נייע עקאנאמישע מלחמה.|də ˈɛmiratn zˈɛnən vˈaːtər a ɡur vˈixtiɡə ˈalajrtə land far amˈɛrikə in də milxˈumə in irˈan, in vˈitkav hut klˈarɡəʃtəlt az amˈɛrikə daf hilf ɔjx mit də nˈaːjə ˈɛkanamiʃə milxˈumə.
57_166231_0002|די באאמטע זאגן אז די געלטער זענען גענוצט געווארן פאר באמבע סקוואד, שפיאנאזש אפעראציעס, סייבער סעקיוריטי, שמעקן,|də baˈamtə zuɡn az də ɡəltˈɛr zˈɛnən ɡənˈiʦt ɡəvˈɔrn far bambˈə skvad, ʃpˈianaʒ ˈafəraʦiəs, sˈajbər sˈɛkjiriti, ʃmɛkn,
57_166231_0003|און אנדערע פראגראמען וואס ווערן גענוצט צו באשיצן בתי מדרשים.|in ˈandərə frˈaɡramən vus virn ɡənˈiʦt ʦi baʃˈiʦn bˈutaj mdrʃim.
57_166234_0001|אין די יעצטיגע שעה וועלן די רבנים ואדמורי"ם שליט"א פון ניו יארק און ניו דזשערסי זיך ארויסלאזן אויפ'ן וועג קיין עיר הבירה וואשינגטאן צום היסטארישן באזוך ביי פרעזידענט טראמפ, וואס ערווארטעט אויפצונעמען די רבנים שליט"א.|in də jˈɛʦtiɡə ʃu vɛln də rˈabunim vuv ˈaləf dˈuləd mɛm vuv rajʃ jid mɛm ʃlˈitə fin nju jɔrk in nju ʤˈɛrsi zix arˈoʊsluzn afn vejɡ kan ajr hbˈirə vˈaʃinɡtan ʦim hˈistariʃn bazˈix baː prəzidˈɛnt trɔmp, vus ˈɛrvartət ˈɔjfʦinəmən də rˈabunim ʃlˈitə.
57_166235_0002|מדינת ישראל באאמטע זאגן אז דורכאויס די פארהאנדלונגען אין די לעצטע צייט מיט לבנון איז לבנון איינגעגאנגען צו ארבעטן צו טרעפן זייערע גופים און זיי ארויסגעבן.|mdˈinas jisrˈuəl baˈamtə zuɡn az dˈirxoʊs də farhˈandlinɡən in də lˈɛʦtə ʦaːt mit lˈɛvunən iz lˈɛvunən ˈaːnɡəɡanɡən ʦi ˈarbətn ʦi trɛfn zˈajərə ɡˈifim in zaj arˈoʊzɡəbən.
57_166235_0003|זיי זאגן אז אין ליכט פון די ערנסטע שריט וואס לבנון האט גענומען אין די ריכטונג, האט מדינת ישראל באשלאסן צו באפרייען פינף לעבאנעזע ציווילע וואס זענען פארהאלטן געווארן אינערהאלב מדינת ישראל קאנטראלירטע טעריטאריע אין דרום לבנון.|zaj zuɡn az in lixt fin də ˈɛrnstə ʃrit vus lˈɛvunən hut ɡənˈimən in də rˈixtinɡ, hut mdˈinas jisrˈuəl baʃlˈasn ʦi bafrˈajən finf lˈɛbanəzə ʦˈivilə vus zˈɛnən farhˈaltn ɡəvˈɔrn ˈinərhalb mdˈinas jisrˈuəl kˈantralirtə tˈɛritariə in dˈurəm lˈɛvunən.
57_166236_0002|לויט ווי איראן סטעיט מידיא באריכטעט, האבן די פרישע אטאקעס געצילט אויף עטליכע אמעריקאנער מיליטערישע באזעס וואס געפינען זיך אין קווייט.|loʊt vi irˈan stajt mˈidia barˈixtət, hubn də frˈiʃə ˈatakəs ɡəʦˈilt oʊf ˈɛtləxə amərˈikanər mˈilitəriʃə bazˈɛs vus ɡəfˈinən zix in kvajt.
57_166236_0003|די באנייעטע אטאקעס קומען בלויז א טאג נאכדעם וואס פרעזידענט טראמפ האט דערקלערט אז לויט זיין מיינונג וועלן די יעצטיגע אויסטוישונגען נישט אנהאלטן אויף צו לאנג.|də banˈajətə ˈatakəs kˈimən blɔjz a tuɡ nuxdˈejm vus prəzidˈɛnt trɔmp hut dərklˈɛrt az loʊt zaːn mˈajninɡ vɛln də jˈɛʦtiɡə ˈoʊstɔjʃinɡən niʃt ˈunhaltn oʊf ʦi laːnɡ.
57_166237_0002|רעדנדיג ביי אן עקאנאמישע פארום אין רוסלאנד, האט פוטין געזאגט אז אמעריקע, טשיינע, און א צאל אנדערע לענדער שטייען גרייט צו שטיצן א שלום אפמאך.|rˈɛdndiɡ baː un ˈɛkanamiʃə farˈim in rˈusland, hut fˈitin ɡəzˈuɡt az amˈɛrikə, ʧˈajnə, in a ʦal ˈandərə lˈɛndər ʃtˈajən ɡrajt ʦi ʃtiʦn a ʃˈuləm ˈupmax.
57_166237_0003|ער זאגט אז די ענדגילטיגע ענטפער ליגט אין די הענט פון רוסלאנד און אוקראינע, אבער ער זעט קלאר א שאנס פאר א מעגליכקייט פון אויסהאמערן א שליכטונג.|ɛr zuɡt az də ˈɛndɡiltiɡə ˈɛntfər liɡt in də hɛnt fin rˈusland in ˈikraːnə, ˈɔbər ɛr zejt klur a ʃans far a mˈɛɡlixkaːt fin ˈoʊshamərn a ʃlˈixtinɡ.
57_166237_0004|ענליכע ווערטער האט מען געהערט פון אוקראינע'ס אויסערן מיניסטער סיביהא, וועלכער האט געזאגט פאר רעפארטער אז מ'הייבט אן זען נייע זאכן אין ריכטונג פון שלום, אן אריינגיין אין מער דעטאלן.|ˈɛnləxə vˈɛrtər hut mɛn ɡəhˈirt fin ˈikraːnəs ˈoʊsərn minˈistər sˈibiha, vˈɛlxər hut ɡəzˈuɡt far rˈɛfartər az mhajbt un zejn nˈaːjə zaxn in rˈixtinɡ fin ʃˈuləm, un arˈaːnɡajn in mɛr dˈɛtaln.
57_166245_0003|אויב די אינפארמאציע דארט איז ריכטיג, איז עס איינע פון די גרעסטע ליעקס אויף רעגירונג אידענטיטעט דאקומענטן אין צפון אמעריקע,|ɔjb də ˈinfarmaʦiə dɔrt iz rˈixtiɡ, iz ɛs ˈajnə fin də ɡrˈɛstə lˈiəks oʊf rəɡˈirinɡ ˈidəntitət dˈakiməntn in ʦufn amˈɛrikə,
57_166248_0001|יוניאן פירער אין איראן זאגן אז די יעצטיגע אומשטענד וויאזוי זאכן זענען קען נישט פארזעצן, און אויב ס'גייט נישט קומען א טויש וועלן די פראפעסארן זיין געצוואונגען צו גיין אויף סטרייק.|jˈinian fˈirər in irˈan zuɡn az də jˈɛʦtiɡə ˈimʃtənd vizˈɔj zaxn zˈɛnən kɛn niʃt farzˈɛʦn, in ɔjb sɡajt niʃt kˈimən a tɔjʃ vɛln də frˈafəsarn zaːn ɡəʦvˈinɡən ʦi ɡajn oʊf strajk.
57_166252_0002|ווי ס'קוקט יעצט אויס, וועלן די אדמו"רים אנקומען נאך איינס אזייגער מיטאג צום ווייסן הויז.|vi skikt jɛʦt oʊs, vɛln də ˈaləf dˈuləd mɛm vuv rajʃ jid mɛm ˈunkimən nux ajns ˈazajɡər mˈitaɡ ʦim vajsn hoʊz.
57_166259_0003|די זיצונג איז געקומען נאכדעם וואס ווייזנפעלד האט געהאט געשריבן אן אימעיל צו זיינע קאלעגן אז זיין אויבערהאר, מסעוואסווי, האט אים ארויסגעגעבן אנווייזונגען צו גריבלען און טרעפן פארלעצונגען באגאנגען דורכ'ן פרעזידענט.|də zˈiʦinɡ iz ɡəkˈimən nuxdˈejm vus vˈajznfəld hut ɡəhˈat ɡəʃrˈibn un imˈejl ʦi zˈaːnə kˈaləɡn az zaːn ˈɔjbərhar, msˈɛvasvi, hut ejm arˈoʊzɡəɡejbn ˈanvajzinɡən ʦi ɡrˈiblən in trɛfn farlˈɛʦinɡən baɡˈanɡən dˈurəxn prəzidˈɛnt.
57_166260_0004|אויב ס'איז ריכטיג, ציט ער שטריכן צו א סטעיטמענט עטליכע טעג צוריק דורך אוקראינע פראסעקיוטערס וועלכע האבן באשולדיגט ווארפאקאוויטש אויף א רוסישע מיסיל אטאקע צוויי יאר צוריק אויף א קינדער שפיטול אין קיעוו.|ɔjb siz rˈixtiɡ, ʦit ɛr ʃtrixn ʦi a stajtmˈɛnt ˈɛtləxə tejɡ ʦirˈik dˈɔrəx ˈikraːnə frˈasəkjitərs vˈɛlxə hubn baʃˈildiɡt vˈarfakaviʧ oʊf a rˈisiʃə mˈisil ˈatakə ʦvaj jur ʦirˈik oʊf a kˈindər ʃpˈitil in kˈiəv.
57_166262_0001|אין די יעצטיגע מינוטן זענען די רבנים ואדמו"רים שליט"א, מן מלכי רבנן, אנגעקומען צום בית המלכות אין עיר הבירה וואשינגטאן צו די היסטארישע באזוך ביים אמעריקאנער פרעזידענט דאנאלד טראמפ.|in də jˈɛʦtiɡə mˈinitn zˈɛnən də rˈabunim vuv ˈaləf dˈuləd mɛm vuv rajʃ jid mɛm ʃlˈitə, min mlxi rabˈunun, ˈunɡəkimən ʦim bajs hamˈalxis in ajr hbˈirə vˈaʃinɡtan ʦi də hˈistariʃə bazˈix bam amərˈikanər prəzidˈɛnt dˈanald trɔmp.
57_166262_0002|די רבנים שליט"א, אין באגלייטונג פון אן ענגע צאל מקורבים ואמוני בית, ווערן יעצט אריינגעפירט אין די געביידעס פון די ווייסע הויז, און ביז א קורצע צייט וועט זיך אנהייבן די רייע זיצונגען מיט די ווייסע הויז שטאב, און דערנאך די היסטארישע פריוואטע זיצונג מיטן פרעזידענט.|də rˈabunim ʃlˈitə, in baɡlˈajtinɡ fin un ˈɛnɡə ʦal mkˈirbim ˈiamini bajs, virn jɛʦt arˈaːnɡəfirt in də ɡəbˈajdəs fin də vˈajsə hoʊz, in biz a kˈirʦə ʦaːt vɛt zix ˈunhajbn də rˈajə zˈiʦinɡən mit də vˈajsə hoʊz ʃtab, in dərnˈux də hˈistariʃə frˈivatə zˈiʦinɡ mitn prəzidˈɛnt.
57_166262_0003|אידן איבער די וועלט האפן אז די רבנים שליט"א וועלן טרעפן אן אוזן קשבת ביים פרעזידענט און זיינע געהילפן, לטובת צרכי עמך ישראל המרובים, "ונתת לב המלכות ושרים ויועצים עלינו לטובה".|jidn ˈibər də vɛlt hafn az də rˈabunim ʃlˈitə vɛln trɛfn un izn kʃˈabəs bam prəzidˈɛnt in zˈaːnə ɡəhˈilfn, lˈɛtɔjvəs ʦrxi ˈamxu jisrˈuəl hmrˈibim, vnusˈatu lajv hamˈalxis ˈiʃrim ˈɔjiəʦim ulˈajni lətˈɔjvə
57_166267_0001|א בעלגישע ארבעטער יוניאן זאגט אז זיי גייען ווייטער סטרייקן ביי בריסל עירליינס איבער דעם וואס די אויטאריטעטן קומען נישט נאך א פארלאנג פון האבן מער שטאב אויף פליגערס וואס פארן קיין ארץ ישראל.|a bˈɛlɡiʃə ˈarbətər jˈinian zuɡt az zaj ɡˈajən vˈaːtər strajkn baː brisl ˈajrlajns ˈibər dejm vus də ˈɔjtaritətn kˈimən niʃt nux a farlˈaːnɡ fin hubn mɛr ʃtab oʊf flˈiɡərs vus farn kan ˈɛrəʦ jisrˈuəl.
57_166267_0002|די עירליין האט באנייעט רייזעס קיין ארץ ישראל מיט פונקט א חודש צוריק, נאכדעם וואס פאר פינף חדשים האבן זיי נישט געהאט קיין שום פלי רייזעס אהין.|də ˈajrlajn hut banˈajət rˈajzəs kan ˈɛrəʦ jisrˈuəl mit pinkt a xˈɔjdəʃ ʦirˈik, nuxdˈejm vus far finf xadˈuʃim hubn zaj niʃt ɡəhˈat kan ʃim fli rˈajzəs ahˈin.
57_166268_0000|דאנערשטאג נצבים וילך, צען מינוט נאך צוויי נאכמיטאג. אין די יעצטיגע מינוטן גייט זיך אנהייבן די זיצונג אין די רוזעוועלט צימער פונעם ווייסן הויז, וואו די רבנים ואדמו"רים שליט"א,|dˈanərʃtaɡ niʦˈuvim vaˈajiləx, ʦɛn minˈit nux ʦvaj nˈaxmitaɡ. in də jˈɛʦtiɡə mˈinitn ɡajt zix ˈunhajbn də zˈiʦinɡ in də rˈizəvəlt ʦˈimər fˈinəm vajsn hoʊz, vi də rˈabunim vuv ˈaləf dˈuləd mɛm vuv rajʃ jid mɛm ʃlˈitə,
57_166268_0003|וואו עסקנים געבן איבער, ווערן די רבנים שליט"א אויפגענומען מיט א געוואלדיגע שעצונג און כבוד.|vi ˈɛsknim ɡejbn ˈibər, virn də rˈabunim ʃlˈitə ˈoʊfɡənimən mit a ɡəvˈaldiɡə ʃˈɛʦinɡ in kˈuvəd.
57_166268_0004|די זיצונג הייבט זיך אן אין א פאזיטיווע שטימונג ביי וועלכע מ'האפט צו קענען אויסשמועסן די וויכטיגע נושאים פון די געברויכן ביים חרדי'שן ציבור.|də zˈiʦinɡ hajbt zix un in a fˈazitivə ʃtˈiminɡ baː vˈɛlxə mhaft ʦi kˈɛnən ˈoʊsʃmiəsn də vˈixtiɡə nˈɔjsim fin də ɡəbrˈoʊxn bam xrdiʃn ʦˈibər.
57_166273_0001|מארגעדזש ראטעס אין אמעריקע זענען ווידער אמאל געשטיגן די וואך, רייכנדיג די העכסטע שטאפל אין מער ווי א יאר.|mˈarɡəʤ rˈatəs in amˈɛrikə zˈɛnən vˈidər amˈul ɡəʃtˈiɡn də vɔx, rˈajxndiɡ də hˈɛxstə ʃtafl in mɛr vi a jur.
57_166274_0002|לויט די באריכטן זענען זיי באזארגט אז איראן וועט מעגליך פרובירן דורכצופירן אטאקעס איבער די וועלט, נקמה צו נעמען אויף אנדערע וועגן אין מדינת ישראל,|loʊt də barˈixtn zˈɛnən zaj bazˈarɡt az irˈan vɛt mˈejɡləx prˈibirn dˈirxʦifirn ˈatakəs ˈibər də vɛlt, nkˈumə ʦi nˈɛmən oʊf ˈandərə vejɡn in mdˈinas jisrˈuəl,
57_166274_0003|און שיקן דערמיט א מעסעדזש פאר מדינת ישראל פירער. די באריכטן קומען אין א צייט וואס מ'גייט אריין אין די וואכן פון ימים טובים.|in ʃikn dərmˈit a mˈɛsəʤ far mdˈinas jisrˈuəl fˈirər. də barˈixtn kˈimən in a ʦaːt vus mɡajt arˈaːn in də vɔxn fin ˈimim tˈibim.
57_166274_0004|אזוי אויך דערנענטערט זיך דער דריטער יארטאג פון די שמיני עצרת אטאקעס.|azˈɔj ɔjx dərnˈɛntərt zix dɛr drˈitər jˈartaɡ fin də ʃmˈini aʦˈɛrɛs ˈatakəs.
57_166275_0001|די יעצטיגע מינוטן וועלן זיכער פאראייביגט ווערן אין די היסטאריע פון כלל ישראל, ווען די רבנים ואדמו"רים שליט"א ווערן אריינגעפירט צו די אוועל אפיס אין די ווייסע הויז צום פריוואטע זיצונג מיט פרעזידענט טראמפ.|də jˈɛʦtiɡə mˈinitn vɛln zˈixər farˈajbiɡt virn in də hˈistariə fin klal jisrˈuəl, vɛn də rˈabunim vuv ˈaləf dˈuləd mɛm vuv rajʃ jid mɛm ʃlˈitə virn arˈaːnɡəfirt ʦi də ˈavəl ˈɔfis in də vˈajsə hoʊz ʦim frˈivatə zˈiʦinɡ mit prəzidˈɛnt trɔmp.
57_166275_0003|יעצט גייט זיך אנהייבן די היסטארישע זיצונג פריוואט מיט'ן פרעזידענט, און ווי די געציילטע עסקנים וואס געפינען זיך אין וואשינגטאן, איז דער פרעזידענט שטארק איבערגענומען, גרייטנדיג זיך צו טרעפן מיט די רבנים ומנהיגים פון די גרויסע קהילות פונעם חרדי'שן ציבור אין אמעריקע.|jɛʦt ɡajt zix ˈunhajbn də hˈistariʃə zˈiʦinɡ frˈivat mitn prəzidˈɛnt, in vi də ɡəʦˈajltə ˈɛsknim vus ɡəfˈinən zix in vˈaʃinɡtan, iz dɛr prəzidˈɛnt ʃtark ˈibərɡənimən, ɡrˈajtndiɡ zix ʦi trɛfn mit də rˈabunim ˈimnhiɡim fin də ɡrˈɔjsə kəhˈilɔjs fˈinəm xrdiʃn ʦˈibər in amˈɛrikə.
57_166275_0004|די זיצונג גייט זיך אנהייבן מיט פארזאגן די תפילה פון הנותן תשועה למלכים.|də zˈiʦinɡ ɡajt zix ˈunhajbn mit farzˈuɡn də tfˈilə fin hanˈɔjsajn ʧˈiə lmlxim.
57_166282_0003|דורכאויס די צייט האבן די רבנים שליט"א אויפגעברענגט א צאל וויכטיגע אנגעלעגנהייטן מיט וואס דער פרעזידענט קען ווייטער זיין בייהילפיג פאר'ן היימישן ציבור.|dˈirxoʊs də ʦaːt hubn də rˈabunim ʃlˈitə ˈoʊfɡəbrənɡt a ʦal vˈixtiɡə ˈanɡələɡnhaːtn mit vus dɛr prəzidˈɛnt kɛn vˈaːtər zaːn bˈajhilfiɡ farn hˈajmiʃn ʦˈibər.
57_166282_0004|ס'איז געווען איינדרוקספול מיטצוהאלטן די שטארקע אינטערעסע וואס דער פרעזידענט האט ארויסגעצייגט, מיט א ווארימע פארשפרעכונג אז ער וועט ווייטער שטיין אין פארבינדונג צו מאכן זיכער אז אידן אין אמעריקע און איבער די וועלט קענען לעבן בשלום ובמנוחה אן קיין שטער.|siz ɡəvˈejn ˈajndriksfil mˈitʦihaltn də ʃtˈarkə ˈintərəsə vus dɛr prəzidˈɛnt hut arˈoʊzɡəʦajɡt, mit a vˈarimə farʃprˈɛxinɡ az ɛr vɛt vˈaːtər ʃtajn in farbˈindinɡ ʦi maxn zˈixər az jidn in amˈɛrikə in ˈibər də vɛlt kˈɛnən lejbn bəʃˈuləm uvimnˈuxu un kan ʃtɛr.
57_166282_0006|די רבנים שליט"א פארלאזן יעצט די ווייסע הויז אויפ'ן וועג צו די לופטפעלד, פון וואו די פליגערס וועלן זיך הייבן ביז געציילטע מינוטן אויפ'ן וועג אהיים קיין ניו יארק און ניו דזשערסי.|də rˈabunim ʃlˈitə farlˈuzn jɛʦt də vˈajsə hoʊz afn vejɡ ʦi də lˈiftfəld, fin vi də flˈiɡərs vɛln zix hajbn biz ɡəʦˈajltə mˈinitn afn vejɡ ahˈajm kan nju jɔrk in nju ʤˈɛrsi.
57_166287_0003|דער וועבזייטל זעלבסט געבט צוערשט דעם אנזען ווי א לעגיטימע אידישע וועבזייטל, אבער ווען מ'הייבט אן מער נישטערן דערין קומט ארויף שרעקליכע מיסיאנערישע מאטריאל,|dɛr vˈɛbzajtl zɛlbst ɡɛbt ʦˈiərʃt dejm ˈunzejn vi a lˈɛɡitimə jˈidiʃə vˈɛbzajtl, ˈɔbər vɛn mhajbt un mɛr nˈiʃtərn dərˈin kimt arˈoʊf ʃrˈɛkləxə mˈisianəriʃə mˈatrial,
57_166288_0001|ניו יארק סיטי האט בייגעוואוינט אן ערנסטע רעדוקציע פון ערנסטע פארברעכנס דורכאויס חודש אויגוסט למספרם.|nju jɔrk sˈiti hut bˈajɡəvɔjnt un ˈɛrnstə rˈɛdikʦiə fin ˈɛrnstə farbrˈɛxns dˈirxoʊs xˈɔjdəʃ ˈɔjɡist lmispˈurum.
57_166289_0001|מדינת ישראל'ס פרעמיער מיניסטער שטייט אויס שארפע קריטיק נאך א באריכט איז ארויסגעקומען וואס לויטעט אז אויפ'ן צופרי פון די שרעקליכע שמיני עצרת אטאקעס האט ער נישט גערעדט מיט די הויפט פון די מיליטער ביז ארום דריי שעה נאכדעם וואס ער איז אויפגעשטאנען.|mdˈinas ˈiʃrals frˈɛmiər minˈistər ʃtajt oʊs ʃˈarfə krˈitik nux a barˈixt iz arˈoʊzɡəkimən vus lˈɔjtət az afn ʦˈifri fin də ʃrˈɛkləxə ʃmˈini aʦˈɛrɛs ˈatakəs hut ɛr niʃt ɡərˈɛt mit də hɔjft fin də mˈilitər biz arˈim draj ʃu nuxdˈejm vus ɛr iz ˈɔjfɡəʃtanən.
57_166289_0003|די אפיס פון נתניהו האט באשטעטיגט די ווארהייט פון דעם באריכט, און האט אין רעאקציע ארויסגעשטעלט פילע דעטאלן פון זיין סקעדזשועל יענע פאר שעה, צו ווייזן אז דורכאויס די פאר שעה איז ער געווען אין פארבינדונג מיט פיל אנדערע, אריינגערעכנט דעם דעפענס מיניסטער.|də ˈɔfis fin nsnˈihi hut baʃtˈɛtiɡt də vˈarhaːt fin dejm barˈixt, in hut in rˈɛakʦiə arˈoʊzɡəʃtəlt fˈilə dˈɛtaln fin zaːn skˈɛʤiəl jˈɛnə far ʃu, ʦi vajzn az dˈirxoʊs də far ʃu iz ɛr ɡəvˈejn in farbˈindinɡ mit fil ˈandərə, arˈaːnɡərəxnt dejm dˈɛfəns minˈistər.
57_166298_0003|גאזאלין איז אויך אומגעווענליך טייער, גרייכנדיג צו פיר דאלאר און פערצן צענט א גאלאן, אבער וויצע פרעזידענט ווען זאגט אז שולדיג אויף דעם איז איראן פאר די אטאקעס אויף שיפן אין די הארמוז.|ɡˈazalin iz ɔjx ˈimɡəvənləx tˈajər, ɡrˈajxndiɡ ʦi fir dˈɔlar in fɛrʦn ʦɛnt a ɡˈalan, ˈɔbər vˈiʦə prəzidˈɛnt vɛn zuɡt az ʃˈildiɡ oʊf dejm iz irˈan far də ˈatakəs oʊf ʃifn in də hˈarmiz.
57_166299_0002|די אמאנער באאמטע האבן געזאגט אז איראן'ס פריערדיגע סטעיטמענטס אז ס'איז דא אן אפמאך איבער די הארמוז זענען נישט ריכטיג, און אמאן וויל נישט רעכענען קיין געלט פון שיפן וואס פארן אריבער.|də amˈanər baˈamtə hubn ɡəzˈuɡt az ˈirans frˈiərdiɡə stajtmˈɛnʦ az siz du un ˈupmax ˈibər də hˈarmiz zˈɛnən niʃt rˈixtiɡ, in ˈaman vil niʃt rˈɛxənən kan ɡɛlt fin ʃifn vus farn arˈibər.
57_166299_0003|די פרישע ריס צווישן איראן און אמאן קומט נאך וואס פרעזידענט טראמפ האט געהאט געסטראשעט צו אטאקירן אמאן אויב וועלן זיי איינגיין אויף א דיעל מיט איראן צו בעטן טאלס.|də frˈiʃə ris ʦviʃn irˈan in ˈaman kimt nux vus prəzidˈɛnt trɔmp hut ɡəhˈat ɡəstrˈaʃət ʦi ˈatakirn ˈaman ɔjb vɛln zaj ˈaːnɡajn oʊf a dˈiəl mit irˈan ʦi bejtn tals.
57_166301_0001|איז ארויף מיט א שאצונג אז איראן האט פארלוירן גאר אסאך פון אירע מעגליכקייטן צו האלטן קאנטראל אויף די הארמוז וואסער וועג און דארט אראפלייגן מינעס.|iz arˈoʊf mit a ʃˈaʦinɡ az irˈan hut farlˈɔjrn ɡur ˈasax fin ˈirə mˈɛɡlixkaːtn ʦi haltn kˈantral oʊf də hˈarmiz vˈasər vejɡ in dɔrt arˈuplajɡn mˈinəs.
57_166301_0002|די גרופע ווייזט אן צווישן אנדערע אויף דעם וואס מ'זעט אז פילע אויל טאנקערס באווייזן דורכצוגיין די וואסער וועג,|də ɡrˈifə vajzt un ʦviʃn ˈandərə oʊf dejm vus mzejt az fˈilə ɔjl tˈankərs bavˈajzn dˈirxʦiɡajn də vˈasər vejɡ,
57_166301_0003|וואס באדייט אז איראן האט מער נישט די מעגליכקייט ווי אמאל צו שטערן שיפן פון דורכגיין.|vus badˈajt az irˈan hut mɛr niʃt də mˈɛɡlixkaːt vi amˈul ʦi ʃtɛrn ʃifn fin dˈirxɡajn.
184_165032_0000|ברוכים הבאים צו דעם דרעזנער שאלצא פראגראם, א וועכנטליכע שמועס איבער די נייעס, פרשה, און עניני דיומא.|brˈixim hbaːm ʦi dejm drˈɛznər ʃˈalʦa prˈɔɡram, a vˈɛxntləxə ʃmˈiəs ˈibər də nˈaːjəs, pˈarʃə, in ˈɛnini djˈima.
184_165032_0002|יא, מיר שטייען ביי די מונטערשטע וואך פון קעמפ, ווען צענדליגער טויזנטער קינדער גרייטן זיך צו פראווען נאך איין שבת, און נאכדעם פארט מען צוריק אהיים, פריש פאר נאך א יאר.|ju, mir ʃtˈajən baː də mˈintərʃtə vɔx fin kɛmf, vɛn ʦəndlˈiɡər tˈoʊzntər kˈindər ɡrajtn zix ʦi prˈavən nux ajn ʃˈabəs, in nuxdˈejm fɔrt mɛn ʦirˈik ahˈajm, friʃ far nux a jur.
184_165032_0004|יא, ס'איז רחמנא ליצלן, אבער ס'איז זייער גוט. און מ'בעט, יא. די וואך שטייט דאך "אשת יפת תואר".|ju, siz raxamˈunu liʦln, ˈɔbər siz zˈajər ɡit. in mbɛt, ju. də vɔx ʃtajt dɔx ˈajʃəs jˈɛfəs tvar
184_165032_0006|דער איראנער רב איז געקומען, ס'איז געווען א הערליכע, הערליכע וויזיט.|dɛr irˈanər ruv iz ɡəkˈimən, siz ɡəvˈejn a hˈɛrləxə, hˈɛrləxə vˈizit.
184_165032_0007|ער איז געווען אזוי עמאציאנאל און איבערגענומען, ער האט עס נישט געקענט איבערקומען.|ɛr iz ɡəvˈejn azˈɔj ˈɛmaʦianal in ˈibərɡənimən, ɛr hut ɛs niʃt ɡəkˈɛnt ˈibərkimən.
184_165032_0008|פשוט ער האט נישט געקענט איבערקומען וואס מ'האט געמאכט פאר אים. יא, ס'איז געווען זייער א שיינע...|pˈuʃit ɛr hut niʃt ɡəkˈɛnt ˈibərkimən vus mhut ɡəmˈaxt far ejm. ju, siz ɡəvˈejn zˈajər a ʃˈajnə
184_165032_0009|קודם האט מען אים אפגעווארט מיט די קינדערלעך, מיט פאקלען און מיט פענער.|kˈɔjdəm hut mɛn ejm ˈupɡəvɔrt mit də kˈindərləx, mit fˈaklən in mit fˈɛnər.
184_165032_0010|און דער יונגל וואוינט דאך אין אן אנדערע פלאץ, ער וואוינט נישט אין א פלאץ וואו ער איז צוגעוואוינט צו דעם. ס'איז א מאמענט פאר'ן יונגל.|in dɛr jinɡl vɔjnt dɔx in un ˈandərə plaːʦ, ɛr vɔjnt niʃt in a plaːʦ vi ɛr iz ʦˈiɡəvɔjnt ʦi dejm. siz a mamˈɛnt farn jinɡl.
184_165032_0011|און גראדע פון אונז איז ער געפארן צו קוטשער'ס, דא נעבן אונז.|in ɡrˈadə fin inz iz ɛr ɡəfˈarn ʦi kˈiʧərs, du nɛbn inz.
184_165032_0012|איז ער אריינגעקומען, מ'האט געזינגען ניגונים, נאכדעם האבן מיר געגראמט פאר אים.|iz ɛr arˈaːnɡəkimən, mhut ɡəzˈinɡən niɡˈinim, nuxdˈejm hubn mir ɡəɡrˈamt far ejm.
184_165032_0013|און ער פארשטייט נישט קיין אידיש, ממש קיין ווארט נישט.|in ɛr farʃtˈajt niʃt kan jˈidiʃ, mˈamiʃ kan vɔrt niʃt.
184_165032_0014|סאו, ער פארשטייט לשון הקודש מיט ענגליש. סאו האב איך געזינגען פאר אים א ניגון אין ענגליש.|sɔ, ɛr farʃtˈajt luʃn hkidʃ mit ˈɛnɡliʃ. sɔ hub ix ɡəzˈinɡən far ejm a niɡn in ˈɛnɡliʃ.
184_165032_0016|און דער ניגון ברענגט ארויס אז די אידן, אין וועלכע שווערע מצב מ'איז, דער געפינט זיך אין אזא צעל דארטן אין די טונקל, אבער יעדער איינער ווייסט אז איין טאג גייט דער אייבערשטער אונז צוזאמנעמען אויף איין פלאץ.|in dɛr niɡn brɛnɡt arˈoʊs az də jidn, in vˈɛlxə ʃvˈɛrə mˈaʦəv miz, dɛr ɡəfˈint zix in azˈa ʦɛl dɔrtn in də tinkl, ˈɔbər jˈɛdər ˈajnər vajst az ajn tuɡ ɡajt dɛr ˈajbərʃtər inz ʦˈizamnəmən oʊf ajn plaːʦ.
184_165032_0017|און אינמיטן דעם ניגון האט ער אנגעהויבן צו וויינען, דער רב, אז ס'האט אונז געטאטשט.|in ˈinmitn dejm niɡn hut ɛr ˈunɡəhɔjbn ʦi vˈajnən, dɛr ruv, az səhˈut inz ɡətˈaʧt.
184_165032_0018|מ'האט געמאכט פאר אים אפאר שיינע זאכן, מ'האט געגראמט, און מ'האט געגעבן א מתנה פאר די בר מצוה בחור'ל.|mhut ɡəmˈaxt far ejm apˈur ʃˈajnə zaxn, mhut ɡəɡrˈamt, in mhut ɡəɡˈɛbn a matˈunə far də bar mˈiʦvə bˈuxirl.
184_165032_0019|איך ווייס נישט צו איך קען עס זאגן דא אין פובליק, אבער ס'איז א שיינע גרויסע לעגא סעט. זייער שיין, זייער שיין. דאס וועט ער נוצן.|ix vajs niʃt ʦi ix kɛn ɛs zuɡn du in fˈiblik, ˈɔbər siz a ʃˈajnə ɡrˈɔjsə lˈɛɡa sɛt. zˈajər ʃajn, zˈajər ʃajn. dus vɛt ɛr niʦn.
184_165032_0020|מיר האבן געמאכט ריסערטש פארדעם וואס ער וואלט געוואלט האבן, און חנוך לנער על פי דרכו. זייער שיין, גם כי יזקין לא יסור ממנה.|mir hubn ɡəmˈaxt rˈisərʧ fardˈejm vus ɛr vɔlt ɡəvˈɔlt hubn, in xˈanɔjx lnɛr al pi drxi. zˈajər ʃajn, ɡam ki ˈizkin lɔj isˈir mimˈunə.
184_165032_0021|וואס קען זיין ערגער ווי טרעטן אויף א לעגא אן א זאקן? און בויען, בויען, אמאל הייבט מען אן מיט בויען לעגא, און שפעטער בויט מען אידישקייט,|vus kɛn zaːn ˈɛrɡər vi trɛtn oʊf a lˈɛɡa un a zakn ? in bˈoʊən, bˈoʊən, amˈul hajbt mɛn un mit bˈoʊən lˈɛɡa, in ʃpˈejtər boʊt mɛn jˈidiʃkaːt,
184_165032_0022|מען בויט שטיבער, און מען בויט.|mɛn boʊt ʃtˈibər, in mɛn boʊt.
184_165032_0023|דער מסביר האט געזאגט אז ער קען נאר לשון הקודש. ר' נחמן ליווי, מיין ידיד, האט מיר דערמאנט אז אמאל האט א סאטמארער איד געהאט א גאסט,|dɛr mazbˈir hut ɡəzˈuɡt az ɛr kɛn nɔr luʃn hkidʃ. rajʃ nˈaxmən lˈivi, maːn jˈɛdid, hut mir dərmˈant az amˈul hut a sˈatmarər jid ɡəhˈat a ɡast,
184_165032_0024|א איד וואס האט נישט געקענט קיין אידיש, נישט קיין ענגליש, נאר לשון הקודש, און ביי קידוש פרייטאג צונאכטס פרעגט ער אים,|a jid vus hut niʃt ɡəkˈɛnt kan jˈidiʃ, niʃt kan ˈɛnɡliʃ, nɔr luʃn hkidʃ, in baː kˈidəʃ frˈaːtuɡ ʦˈinaxʦ frɛɡt ɛr ejm,
184_165032_0026|אבער ווען די מענטשן קענען נישט די שפראך, איז דא א דאקטער אין רפואה וואס ווען ער האט געדארפט טשעקן די פיבער, האט ער געזאגט,|ˈɔbər vɛn də mɛnʧn kˈɛnən niʃt də ʃprax, iz du a dˈaktər in rəfˈiə vus vɛn ɛr hut ɡədˈarft ʧɛkn də fˈibər, hut ɛr ɡəzˈuɡt,
184_165032_0027|"קריך ארויס דיין צונג." אדער אמאל איז געווען איינער, עפעס א בעל תשובה, א היימישער בעל תשובה, ער האט געוואלט עפעס פארציילן וועגן זיין טאטע. האט ער געזאגט,|krix arˈoʊs daːn ʦinɡ ˈɔdər amˈul iz ɡəvˈejn ˈajnər, ˈɛpəs a baːl ʧˈivə, a hˈajmiʃər baːl ʧˈivə, ɛr hut ɡəvˈɔlt ˈɛpəs farʦˈajln vejɡn zaːn tˈatə. hut ɛr ɡəzˈuɡt,
184_165032_0028|"וויאזוי זאגט מען 'דיין טאטע' אויף מיר?"|vizˈɔj zuɡt mɛn daːn tˈatə oʊf mir
184_165032_0029|למעשה, משה קליין האט אים געברענגט. משה קליין איז דאך דער ארומגעפארענער, דער רייזנדער, דער דיפלאמאט. א זון פון דעם בעל... זיין טאטע איז גאר א חשוב'ער איד. אט אזוי,|ləmˈaːsə, mˈɔjʃə klajn hut ejm ɡəbrˈɛnɡt. mˈɔjʃə klajn iz dɔx dɛr arˈimɡəfarənər, dɛr rˈajzndər, dɛr dˈiflamat. a zin fin dejm baːl zaːn tˈatə iz ɡur a xˈuʃivər jid. at azˈɔj,
184_165032_0030|יא, יא, יא. פון משה קליין... ניין, נישט געווען.|ju, ju, ju. fin mˈɔjʃə klajn najn, niʃt ɡəvˈejn.
184_165032_0031|פון משה קליין האט ער מיר געזאגט אז נאכדעם ווען ער איז אוועקגעגאנגען פון דא, ער האט נישט געקענט איבערקומען.|fin mˈɔjʃə klajn hut ɛr mir ɡəzˈuɡt az nuxdˈejm vɛn ɛr iz avˈɛkɡəɡanɡən fin du, ɛr hut niʃt ɡəkˈɛnt ˈibərkimən.
184_165032_0032|ער האט געזאגט זיין זון וועט דאס אייביג געדענקען. און גראדע, איך האב געדרייווט דעם... מ'האט געמאכט א שיינע גאו קארט, מ'האט עס דעקארעיטעד פאר דעם יונגל,|ɛr hut ɡəzˈuɡt zaːn zin vɛt dus ˈajbiɡ ɡədˈɛnkən. in ɡrˈadə, ix hub ɡədrˈajvt dejm mhut ɡəmˈaxt a ʃˈajnə ɡi kart, mhut ɛs dˈɛkarajtəd far dejm jinɡl,
184_165032_0033|און איך האב אים גענומען צו די קאר נאכדעם, און ער האט זיך נישט געקענט אויפהערן באדאנקען, דער יונגל. ער איז געווען אזוי אימפרעסד אז אלעס האט מען געמאכט פאר אים? ער האט זיך נישט געקענט גלייבן.|in ix hub ejm ɡənˈimən ʦi də kar nuxdˈejm, in ɛr hut zix niʃt ɡəkˈɛnt ˈoʊfhirn badˈankən, dɛr jinɡl. ɛr iz ɡəvˈejn azˈɔj ˈimfrəzd az ˈaləs hut mɛn ɡəmˈaxt far ejm ? ɛr hut zix niʃt ɡəkˈɛnt ɡlaːbn.
184_165032_0034|מ'האט געמאכט א שיינע סיין פאר אים, געהאנגען אין די לאנטש רום מיט א שיינע בילד פון אים, און דאס הענגט נאך יעצט. ווייל די קינדער זענען געווארן אזוי קאנעקטעד צו דעם מעמד.|mhut ɡəmˈaxt a ʃˈajnə sajn far ejm, ɡəhˈanɡən in də lanʧ rim mit a ʃˈajnə bild fin ejm, in dus hɛnɡt nux jɛʦt. vaːl də kˈindər zˈɛnən ɡəvˈɔrn azˈɔj kˈanəktəd ʦi dejm mˈaːməd.
184_165032_0037|די וועג וויאזוי ער גייט אנגעטון? איך וועל דיר זאגן דעם אמת, און איך האב הנאה אז דו האסט דאס געפרעגט, ווייל יעצט וועלן מיר ארויסברענגען נאך א נקודה וואס משה קליין האט מיר געזאגט. איך האב אים געוואלט אינטערוויוען דא אין פראנט פון די קינדער, און איך האב עס נישט געטון. איך האב מחליט געווען אז איך גיי עס נישט טון, ווייל איך גיי נישט נעמען קיין ענערדזשי פון אים. ער איז דא יעצט, אונז גייען מיר געבן.|də vejɡ vizˈɔj ɛr ɡajt ˈunɡətin ? ix vɛl dir zuɡn dejm ˈɛməs, in ix hub hanˈuə az di hust dus ɡəfrˈɛɡt, vaːl jɛʦt vɛln mir arˈoʊzbrejnɡən nux a nəkˈidə vus mˈɔjʃə klajn hut mir ɡəzˈuɡt. ix hub ejm ɡəvˈɔlt ˈintərvjiən du in frant fin də kˈindər, in ix hub ɛs niʃt ɡətˈin. ix hub mˈaxlit ɡəvˈejn az ix ɡaj ɛs niʃt tin, vaːl ix ɡaj niʃt nˈɛmən kan ˈɛnərʤi fin ejm. ɛr iz du jɛʦt, inz ɡˈajən mir ɡejbn.
184_165032_0038|ר' משה קליין האט מיר געזאגט ביינאכט,|rajʃ mˈɔjʃə klajn hut mir ɡəzˈuɡt bˈajnaxt,
184_165032_0039|זאלסט וויסן אז דאס איז די ערשטע פלאץ - ער גייט איבעראל, און איבעראל ווייסט מען פון אים, מען פרעגט אים יעדע צייט צו נעמען סקופס, צו פרעגן קשיות -|zulst visn az dus iz də ˈɛrʃtə plaːʦ ɛr ɡajt ˈibəral, in ˈibəral vajst mɛn fin ejm, mɛn frɛɡt ejm jˈɛdə ʦaːt ʦi nˈɛmən skifs, ʦi frɛɡn kˈaʃjɔjs
184_165032_0040|ער איז געקומען דא, ער האט געפילט אז מיר זענען נאר געווען דא אים צו געבן, נאר צו געבן. מ'האט אים גארנישט געפרעגט, מ'האט אים נישט אינטערוויוט. אלעס איז געווען נאר, וואס קען מען נאך טון פאר אים?|ɛr iz ɡəkˈimən du, ɛr hut ɡəfˈilt az mir zˈɛnən nɔr ɡəvˈejn du ejm ʦi ɡejbn, nɔr ʦi ɡejbn. mhut ejm ɡˈurniʃt ɡəfrˈɛɡt, mhut ejm niʃt ˈintərvjit. ˈaləs iz ɡəvˈejn nɔr, vus kɛn mɛn nux tin far ejm ?
184_165032_0042|זייער שיין. איך קען קיינמאל נישט וויסן, מיר דארפן נאך א טובה פון די איראנער רב, וועט ער אקעגנקומען.|zˈajər ʃajn. ix kɛn kˈajnmul niʃt visn, mir daːfn nux a tˈɔjvə fin də irˈanər ruv, vɛt ɛr ˈakəɡnkimən.
184_165032_0043|יא, יא. למעשה, יעצט גייט ער דארפן א טובה פון אונז, ווייל דער דאנאלד טראמפ האט יעצט פארמאכט די עקאנאמיע.|ju, ju. ləmˈaːsə, jɛʦt ɡajt ɛr daːfn a tˈɔjvə fin inz, vaːl dɛr dˈanald trɔmp hut jɛʦt farmˈaxt də ˈɛkanamiə.
184_165032_0044|יעצט האלט ער דארטן, ער האט פארמאכט די עקאנאמיע אין איראן, און ער האט געווארנט יעדע לאנד וואס גייט האנדלען מיט זיי וועט האבן פראבלעמען.|jɛʦt halt ɛr dɔrtn, ɛr hut farmˈaxt də ˈɛkanamiə in irˈan, in ɛr hut ɡəvˈarnt jˈɛdə land vus ɡajt hˈandlən mit zaj vɛt hubn prˈɔbləmən.
184_165032_0046|און דאס איז נאך געווען ממש פארדעם, מ'האט ממש אריינגעכאפט.|in dus iz nux ɡəvˈejn mˈamiʃ fardˈejm, mhut mˈamiʃ arˈaːnɡəxaft.
184_165032_0047|וואו, וואו, וואו. יא. ער האט געמאכט א פרעסבאול. אה, קען זיין, קען זיין, קען זיין. יא.|vi, vi, vi. ju. ɛr hut ɡəmˈaxt a frˈɛzbil. a, kɛn zaːn, kɛn zaːn, kɛn zaːn. ju.
184_165032_0049|רבי יוסף משה אפרים זאגט זייער שיין, ראה האט א רביעא, דאס מיינט אז ס'ארבעט צוזאמען די נעקסטע פיר וואכן.|rˈɛbə jˈɔsəf mˈɔjʃə əfrˈujim zuɡt zˈajər ʃajn, rˈɛaj hut a rbˈiəa, dus majnt az sˈarbət ʦizˈamən də nˈɛkstə fir vɔxn.
184_165032_0050|ראה - מ'דארף שוין זען, שופטים - מ'גייט משפט'ן, כי תצא, כי תבוא - ווער ס'זאל גיין, ווער ס'זאל קומען. יא. ס'איז דאך שוין אלול.|rˈɛaj mdaf ʃɔjn zejn, ʃˈuftim mɡajt mˈiʃpatn, ki tˈajʦaj, ki tuvˈɔja vɛr szul ɡajn, vɛr szul kˈimən. ju. siz dɔx ʃɔjn ˈɛləl.
184_165032_0054|איינמאל דו ביסט אינדרויסן, ביסטו אין א מלחמה. לאמיר פרעגן אזא שאלה. ניין, דו האסט עפעס געוואלט זאגן אויף "ושבית"?|ˈajnmul di bist ˈindroʊsn, bˈisti in a milxˈumə. lˈɔmir frɛɡn azˈa ʃˈaːlə. najn, di hust ˈɛpəs ɡəvˈɔlt zuɡn oʊf vʃuvˈisu
184_165032_0055|איך האב געוואלט זאגן א שיין ווארט, איך האב געזען אין די קליינע "בשורתך" פון הרב ר' חיים אליהו צוויבל. "ושבית שביו" - וואס הייסט "כי תצא למלחמה"? א מענטש גייט ארויס אין מלחמת היצר.|ix hub ɡəvˈɔlt zuɡn a ʃajn vɔrt, ix hub ɡəzˈejn in də klˈajnə bʃirsx fin harˈaːv rajʃ xˈajim əliˈuhi ʦvibl. vʃuvˈisu ʒbji vus hajst ki tˈajʦaj lamilxˈumə a mɛnʧ ɡajt arˈoʊs in milxˈɛmɛs hiʦr.
184_165032_0056|"ושבית שביו" - דו דארפסט אייביג האבן די "שוויתי" קעגן זיך, יא. וואס האסטו געוואלט פרעגן?|vʃuvˈisu ʒbji di darfst ˈajbiɡ hubn də ʃəvvˈisi kejɡn zix, ju. vus hˈusti ɡəvˈɔlt frɛɡn ?
184_165032_0057|זאגט מען תפילת הדרך אויף א פליגער? אויב איינער פארט למשל אויף א... וואס מאכט דיך מיינען אז יא?|zuɡt mɛn tfˈilas hadˈɛrəx oʊf a flˈiɡər ? ɔjb ˈajnər fɔrt ləmˈuʃl oʊf a vus maxt dix mˈajnən az ju ?
184_165032_0058|וואס מאכט מיך מיינען? איך בין שוין לאנג נישט געווען אויף א פליגער, באט פארוואס נישט? מ'זאגט דאך אויף א קאר, כל שכן אויף א פליגער, ניין?|vus maxt mix mˈajnən ? ix bin ʃɔjn laːnɡ niʃt ɡəvˈejn oʊf a flˈiɡər, bat farvˈus niʃt ? mzuɡt dɔx oʊf a kar, kɔl ʃuxn oʊf a flˈiɡər, najn ?
184_165032_0059|איך געדענק אויך אזוי, אבער א זייער אינטערעסאנטע זאך האב איך געזען, אז די שאלה איז געקומען צום ראגאטשאווער בשעת ס'איז געווארן די פליגערס וואס האבן אנגעהויבן צו ווערן ערפינדן.|ix ɡədˈɛnk ɔjx azˈɔj, ˈɔbər a zˈajər ˈintərəsantə zax hub ix ɡəzˈejn, az də ʃˈaːlə iz ɡəkˈimən ʦim rˈaɡaʧavər biʃˈas siz ɡəvˈɔrn də flˈiɡərs vus hubn ˈunɡəhɔjbn ʦi virn ˈɛrfindn.
184_165032_0060|איז די שאלה אנגעקומען צום בעל "צפנת פענח", און ער האט אלעמאל געטראפן א מקור אין די גמרא, יא? האט ער געזאגט אז מ'דארף נישט זאגן.|iz də ʃˈaːlə ˈunɡəkimən ʦim baːl ʦˈufnəs panˈajxa in ɛr hut ˈaləmal ɡətrˈafn a mˈukər in də ɡəmˈurə, ju ? hut ɛr ɡəzˈuɡt az mdaf niʃt zuɡn.
184_165032_0062|די וואך שילוח הקן, יא. סאטמאר רבי אין קרית יואל האט געמאכט די וואך שילוח הקן.|də vɔx ʃilˈixa hˈakajn, ju. sˈatmar rˈɛbə in kˈirjas jˈɔjəl hut ɡəmˈaxt də vɔx ʃilˈixa hˈakajn.
184_165032_0063|האט ער געזאגט אז מ'זעט אין די גמרא אז דער וואס טרעפט א קן בים איז מחויב, אבער דער וואס טרעפט אויף א נשר וואס פליט אין די לופט, אויף אן אדלער, איז פטור פון שילוח הקן, ווייל ס'שטייט "כי יקרא קן צפור לפניך בדרך".|hut ɛr ɡəzˈuɡt az mzejt in də ɡəmˈurə az dɛr vus trɛft a kɛn bim iz məxiˈiəv, ˈɔbər dɛr vus trɛft oʊf a nˈɛʃɛr vus pˈulət in də lift, oʊf un ˈadlər, iz pˈutər fin ʃilˈixa hˈakajn, vaːl sʃtajt ki ˈikru kɛn ʦfir lfnix bˈɛdərəx
184_165032_0064|דער ים הייסט א "דרך", אבער א קן וואס פליט הייסט נאר "דרך נשר", ס'הייסט נישט סתם "דרך".|dɛr jam hajst a dˈɛrəx ˈɔbər a kɛn vus pˈulət hajst nɔr dˈɛrəx nˈɛʃɛr shajst niʃt stam dˈɛrəx
184_165032_0065|האט דער ראגאטשאווער געזאגט אז מ'דארף נישט זאגן תפילת הדרך אויף א נסיעה אין די לופטן, ווייל דאס הייסט נישט סתם "דרך", סאו מ'דארף נישט.|hut dɛr rˈaɡaʧavər ɡəzˈuɡt az mdaf niʃt zuɡn tfˈilas hadˈɛrəx oʊf a nəsˈiə in də liftn, vaːl dus hajst niʃt stam dˈɛrəx sɔ mdaf niʃt.
184_165032_0066|אינטערעסאנט. ס'איז אינטערעסאנט צו וויסן וויאזוי מ'פירט זיך למעשה.|intərəsˈant. siz intərəsˈant ʦi visn vizˈɔj mfirt zix ləmˈaːsə.
184_165032_0067|יא, איך געדענק אויך אז מ'זאגט יא, אבער דאס איז דאך א שטיקל ראגאטשאווער.|ju, ix ɡədˈɛnk ɔjx az mzuɡt ju, ˈɔbər dus iz dɔx a ʃtikl rˈaɡaʧavər.
184_165032_0068|יא, יא, דער ראגאטשאווער איז א שטארקע כאפ, א שטארקע כאפ, יא, יא, יא.|ju, ju, dɛr rˈaɡaʧavər iz a ʃtˈarkə xɔp, a ʃtˈarkə xɔp, ju, ju, ju.
184_165032_0069|איינער האט אריינגעשיקט די וואך, איינע פון די מצוות די וואך איז די עוללות בכרם, יא?|ˈajnər hut arˈaːnɡəʃikt də vɔx, ˈajnə fin də mˈiʦvɔjs də vɔx iz də ˈɔjllɔjs bəkˈɛrəm, ju ?
184_165032_0070|איינער וויל וויסן די מצוה פון עוללות פון א וויינגארטן וואס מ'לערנט די וואך, וואס אין ארץ ישראל איז עס מן התורה און אין חוץ לארץ מדרבנן, וויאזוי ארבעט עס בזמן הזה?|ˈajnər vil visn də mˈiʦvə fin ˈɔjllɔjs fin a vˈajnɡartn vus mlirnt də vɔx, vus in ˈɛrəʦ jisrˈuəl iz ɛs min hatˈɔjrə in in xiʦ lurʦ midrˈabunən, vizˈɔj ˈarbət ɛs bˈizman hˈazə ?
184_165032_0071|צו א משגיח קוקט איבער יעדע שטרענגל טרויבן, אויב ס'פעלט ער געבט ער עס פאר אן עני און אן עני און אן עני? ער וויל וויסן ווער ס'וואלט געוואוסט.|ʦi a maʃɡˈixa kikt ˈibər jˈɛdə ʃtrɛnɡl trɔjbn, ɔjb sfɛlt ɛr ɡɛbt ɛr ɛs far un ˈani in un ˈani in un ˈani ? ɛr vil visn vɛr svɔlt ɡəvˈist.
184_165032_0072|אפשר די שמיטה פארמער פון ארץ ישראל קען מען טאקע פרעגן. יא, אינטערעסאנט, יא. די פארמערס וועלן וויסן.|ˈɛfʃir də ʃmˈitə farmˈɛr fin ˈɛrəʦ jisrˈuəl kɛn mɛn tˈakə frɛɡn. ju, intərəsˈant, ju. də farmˈɛrs vɛln visn.
184_165032_0074|ווייסטו פארוואס די וואך איז מחיית עמלק?|vˈajsti farvˈus də vɔx iz məxajˈajjas amˈulək ?
184_165032_0075|ווייל דער שבת איז שלשים יום קודם פון יום כיפור, און יום כיפור איז כיו"כ, און ס'דארף זיין עמלק. וואס איז דער שארף ווארט?|vaːl dɛr ʃˈabəs iz ʃlʃim jɔjm kˈɔjdəm fin jɔjm xifˈir, in jɔjm xifˈir iz xuf jid vuv xuf, in sdaf zaːn amˈulək. vus iz dɛr ʃarf vɔrt ?
184_165032_0076|"זכור את אשר עשה לך עמלק". פארוואס "לך"?|zxir ɛs ˈuʃər ˈɛsə ləxˈu amˈulək farvˈus ləxˈu
184_165032_0078|אבער דער וואס איז צוזאמען מיט'ן כלל, מיט אחדות, קען עמלק צו זיי נישט צוקומען.|ˈɔbər dɛr vus iz ʦizˈamən mitn klal, mit ˈaxdis, kɛn amˈulək ʦi zaj niʃt ʦˈikimən.
184_165032_0079|אז דו רעדסט פון א שארף ווארט, איך וועל זאגן א שארף ווארט פון א יונגעלע, מענדי בוים, נישט מענדי בוים פון די חיות מירון, אן ארץ ישראל'דיגע יונגעלע.|az di rɛdst fin a ʃarf vɔrt, ix vɛl zuɡn a ʃarf vɔrt fin a jˈinɡələ, mˈɛndi bɔjm, niʃt mˈɛndi bɔjm fin də xˈajɔjs mˈirin, un ˈɛrəʦ ˈiʃraldiɡə jˈinɡələ.
184_165032_0082|נאך אן אינטערעסאנטע זאך, ס'איז די וואך אז מ'געבט דאפלט פאר א בכור.|nux un ˈintərəsantə zax, siz də vɔx az mɡɛbt daplt far a bxir.
184_165032_0084|עפעס וואס גייט קומען נאך די מיתת האב באקומט ער שוין דאפלט, נאר וואס איז שוין דא.|ˈɛpəs vus ɡajt kˈimən nux də mˈisas hub bakˈimt ɛr ʃɔjn daplt, nɔr vus iz ʃɔjn du.
184_165032_0085|ווען מ'האט צעטיילט די ירושה פונעם הייליגן צאנזער רב, האט דער עלטסטער זון, דער שינאווער רב, געזאגט אז ער איז א בכור.|vɛn mhut ʦətˈajlt də jərˈiʃə fˈinəm hˈajliɡn ʦˈanzər ruv, hut dɛr ˈɛlʦtər zin, dɛr ʃˈinavər ruv, ɡəzˈuɡt az ɛr iz a bxir.
184_165032_0086|און ער זאל באקומען זיין טאטע'ס תפילין, ער האט געוואלט האבן די תפילין פונעם טאטן.|in ɛr zul bakˈimən zaːn tˈatəs tfiln, ɛr hut ɡəvˈɔlt hubn də tfiln fˈinəm tatn.
184_165032_0087|האט דער ברודער ר' ברוך'ל גארליצער געזאגט, בפשטות די תפילין איז דאך פונקט ווי יעדע אנדערע תפילין,|hut dɛr brˈidər rajʃ brixl ɡˈarliʦər ɡəzˈuɡt, bfʃtis də tfiln iz dɔx pinkt vi jˈɛdə ˈandərə tfiln,
184_165032_0088|די איינציגסטע סיבה פארוואס ס'איז עפעס מער חשוב איז ווייל מ'ווייסט אז ווען מ'גייט דאווענען מיט דעם גייט מען בעסער קענען אין זינען האבן און מ'וועט קענען דארט מער משיג זיין.|də ˈajnʦiɡstə sˈibə farvˈus siz ˈɛpəs mɛr xˈuʃiv iz vaːl mvajst az vɛn mɡajt dˈavənən mit dejm ɡajt mɛn bˈɛsər kˈɛnən in zˈinən hubn in mvɛt kˈɛnən dɔrt mɛr mʃiɡ zaːn.
184_165032_0089|נו, כוונות און מדריגות איז דאך נאך יעצט נישט דא, ס'איז ראוי לבוא ווען דו גייסט דאווענען. כל זמן דער טאטע האט געלעבט איז עס דאך נאך נישט געווען ביי דיר,|ni, kavvˈunɔjs in madrˈajɡɔjs iz dɔx nux jɛʦt niʃt du, siz rˈuə lbˈia vɛn di ɡajst dˈavənən. kɔl zman dɛr tˈatə hut ɡəlˈejbt iz ɛs dɔx nux niʃt ɡəvˈejn baː dir,
184_165032_0090|און בכל נוטל ברווח קומען מיר זיך, ס'קומט זיך נישט.|in bxul nitl bərˈɛvvax kˈimən mir zix, skimt zix niʃt.
184_165032_0092|שיין.|ʃajn.
184_165032_0094|ס'איז דא עפעס א רב וואס האט גע'פסק'נט די וואך אז אויב איינער האט די געלט איז ער מחויב צו קויפן א טעסלא וועגן ביטול תורה?|siz du ˈɛpəs a ruv vus hut ɡəpˈasknt də vɔx az ɔjb ˈajnər hut də ɡɛlt iz ɛr məxiˈiəv ʦi kɔjfn a tˈɛsla vejɡn bitl tˈɔjrə ?
184_165032_0096|יא, א רב אין ארץ ישראל. ווייל דער איד קען דאווענען, מ'קען לערנען בשעת'ן דרייוון.|ju, a ruv in ˈɛrəʦ jisrˈuəl. vaːl dɛr jid kɛn dˈavənən, mˈɛkən lˈirnən bˈiʃasn drajvn.
184_165032_0097|ער האט דערמאנט יא, וועגן דעם.|ɛr hut dərmˈant ju, vejɡn dejm.
184_165032_0098|ס'איז ווייניגער ביטול תורה.|siz vˈajniɡər bitl tˈɔjrə.
184_165032_0099|ס'פארט אליינס.|sfɔrt alˈajns.
184_165032_0100|יא, יא, יא. מ'ווייסט דאך, ר' חיים קאניעווסקי, דער גאון, האט אים געפרעגט ווען איינער גייט באזוכן איינעם אין שפיטאל, צו ער זאל נעמען די סטעפס וועגן שכר פסיעות,|ju, ju, ju. mvajst dɔx, rajʃ xˈajim kˈaniəvski, dɛr ɡˈuən, hut ejm ɡəfrˈɛɡt vɛn ˈajnər ɡajt bazˈixn ˈajnəm in ʃpˈitul, ʦi ɛr zul nˈɛmən də stɛfs vejɡn sxar fsˈiəis,
184_165032_0101|צו ער זאל גיין מיט די עלעוועיטאר וועגן ביטול תורה. האט ער געזאגט, די מענער זאלן נעמען די עלעוועיטאר וועגן ביטול תורה, און די נשים זאלן נעמען די סטעפס וועגן שכר פסיעות.|ʦi ɛr zul ɡajn mit də ˈɛləvajtar vejɡn bitl tˈɔjrə. hut ɛr ɡəzˈuɡt, də mˈɛnər zɔln nˈɛmən də ˈɛləvajtar vejɡn bitl tˈɔjrə, in də nˈuʃim zɔln nˈɛmən də stɛfs vejɡn sxar fsˈiəis.
184_165032_0102|אכטונג געבן וויאזוי מ'זאגט עס איבער אינדערהיים.|ˈaxtinɡ ɡejbn vizˈɔj mzuɡt ɛs ˈibər ˈindərhajm.
184_165032_0104|יא, ביי די וועי, איך האב געטראפן דעם נאמען פון די טעסלא פסק. הגאון רבי גרשון ריבנער, א מגיד שיעור אין ישיבת בית מדרש גבוה,|ju, baː də vaj, ix hub ɡətrˈafn dejm nˈumən fin də tˈɛsla pask. hɡin rˈɛbə ɡɛrʃn rˈibnər, a mˈaɡəd ʃˈiər in jʃˈivas bajs mˈɛdrəʃ ɡbi,
184_165032_0105|א שוואגער פון ראש ישיבה ר' אהרן קאטלער. ער זאגט אז א בן תורה וואס קען זיך ערלויבן א טעסלא, איז עס ביטול תורה בדרך נישט צו קויפן א דרייווערלאזע קאר,|a ʃvˈaɡər fin rɔjʃ jəʃˈivə rajʃ arn kˈatlər. ɛr zuɡt az a bɛn tˈɔjrə vus kɛn zix ˈɛrlɔjbn a tˈɛsla, iz ɛs bitl tˈɔjrə bˈɛdərəx niʃt ʦi kɔjfn a drˈajvərlazə kar,
184_165032_0106|ווייל יענע צייט קען ער לערנען. אקעי?|vaːl jˈɛnə ʦaːt kɛn ɛr lˈirnən. ˈɔkaj ?
184_165032_0107|איר קענט זיך אפשר אויך פרעגן וועגן די... וועגן די... וועגן תפילת הדרך.|ir kɛnt zix ˈɛfʃir ɔjx frɛɡn vejɡn də vejɡn də vejɡn tfˈilas hadˈɛrəx.
184_165032_0108|יא, יא, יא.|ju, ju, ju.
184_165032_0112|נאר? יא, דער טשערנאבלער האט מיר גערעדט, ער פלעגט עפעס,|nɔr ? ju, dɛr ʧˈɛrnablər hut mir ɡərˈɛt, ɛr flɛɡt ˈɛpəs,
184_165032_0114|זאגט ער מיר אז ר' שלמה זלמן האט געהאלטן אז פורים המשולש אין ארץ ישראל ליינט מען די מגילה פרייטיג. יא, איך דארף ליינען שבת, און שבת קען מען נישט ליינען.|zuɡt ɛr mir az rajʃ ʃlˈɔjmə zˈalmən hut ɡəhˈaltn az pˈirim hmʃilʃ in ˈɛrəʦ jisrˈuəl lajnt mɛn də məɡˈilə frˈajtiɡ. ju, ix daf lˈajnən ʃˈabəs, in ʃˈabəs kɛn mɛn niʃt lˈajnən.
184_165032_0115|וואס געשעט אויב איינער האט געליינט פורים המשולש פרייטיג די מגילה צופרי, און דער בעל קורא איז געווארן הונדערט און צוואנציג פרייטיג נאכמיטאג,|vus ɡəʃˈɛt ɔjb ˈajnər hut ɡəlˈajnt pˈirim hmʃilʃ frˈajtiɡ də məɡˈilə ʦˈifri, in dɛr baːl kˈira iz ɡəvˈɔrn hˈindərt in ʦvˈanʦiɡ frˈajtiɡ nˈaxmitaɡ,
184_165032_0116|און איך בין אוועק פרייטיג פאר'ן זמן? האלט ער אז מ'דארף איבערליינען פרייטיג די מגילה,|in ix bin avˈɛk frˈajtiɡ farn zman ? halt ɛr az mdaf ˈibərlajnən frˈajtiɡ də məɡˈilə,
184_165032_0117|ווייל די גאנצע סיבה פארוואס דו קענסט יוצא זיין פון אים איז ווייל בעצם איז ער א בר חיובא, ער איז מחויב צו ליינען שבת, נאר ער קען נישט ליינט ער יעצט.|vaːl də ɡˈanʦə sˈibə farvˈus di kɛnst jˈɔjʦə zaːn fin ejm iz vaːl bˈɛʦəm iz ɛr a bar xjˈiba, ɛr iz məxiˈiəv ʦi lˈajnən ʃˈabəs, nɔr ɛr kɛn niʃt lajnt ɛr jɛʦt.
184_165032_0118|אויב יענער מענטש, דער בעל קורא, איז אוועק פאר שבת, קומט אויס אז ער איז שוין נישט פרייטיג, איז ער שוין נישט געווען קיין בר חיובא מיט מגילה ליינען היי יאר, כאפ.|ɔjb jˈɛnər mɛnʧ, dɛr baːl kˈira, iz avˈɛk far ʃˈabəs, kimt oʊs az ɛr iz ʃɔjn niʃt frˈajtiɡ, iz ɛr ʃɔjn niʃt ɡəvˈejn kan bar xjˈiba mit məɡˈilə lˈajnən haj jur, xɔp.
184_165032_0119|יא. וואנט איך האב דיר געטרייט צו רופן די וואך, זאגט שלמה,|ju. vant ix hub dir ɡətrˈajt ʦi rifn də vɔx, zuɡt ʃlˈɔjmə,
184_165032_0120|עטליכע מאל און דו האסט נישט אויפגעהויבן. ניין, איך געדענק נישט. אפשר אויף גרופן? גרופן איז פארמאכט. די טעקסט. גרופן איז נאך נישט פארמאכט. זיי האבן געשריבן אז זיי גייען פארמאכט. ניין,|ˈɛtləxə mul in di hust niʃt ˈɔjfɡəhɔjbn. najn, ix ɡədˈɛnk niʃt. ˈɛfʃir oʊf ɡrifn ? ɡrifn iz farmˈaxt. də tɛkst. ɡrifn iz nux niʃt farmˈaxt. zaj hubn ɡəʃrˈibn az zaj ɡˈajən farmˈaxt. najn,
184_165032_0121|די טעקסט ארבעט שוין נישט. איך ווייס נישט, פחות וואס זיי האבן עס, און די טעקסט גייט נישט דורך. איך קען עס פרובירן יעצט, אזוי ספיק. האסט טעקסט?|də tɛkst ˈarbət ʃɔjn niʃt. ix vajs niʃt, pˈuxis vus zaj hubn ɛs, in də tɛkst ɡajt niʃt dˈɔrəx. ix kɛn ɛs prˈibirn jɛʦt, azˈɔj sfik. hust tɛkst ?
184_165032_0122|יא. קען זיין געוויסע גייען דורך, מ'קען זיך נישט פארלאזן דערויף, מ'דארף מרדינים זיין פאר יעדן אז איינער געווינען די לאטערי. ניין, גוט מיר ארבעט.|ju. kɛn zaːn ɡəvˈisə ɡˈajən dˈɔrəx, mˈɛkən zix niʃt farlˈuzn dˈɛroʊf, mdaf mrdˈinim zaːn far jejdn az ˈajnər ɡəvˈinən də lˈatəri. najn, ɡit mir ˈarbət.
184_165032_0123|ארבעט יא? יא. אבער וואס טוסטו מיר דעמאלטס אריין צו רופן? איך האב דיך פרובירט צו רופן,|ˈarbət ju ? ju. ˈɔbər vus tˈisti mir dˈɛmalʦ arˈaːn ʦi rifn ? ix hub dix prˈibirt ʦi rifn,
184_165032_0124|און איך קען נישט גיין צו מיין מאשין, אבער איך האב פאר א גוטע עצה, זאגט ר' שלמה, אויב דאס איז געווען די אישו,|in ix kɛn niʃt ɡajn ʦi maːn mˈaʃin, ˈɔbər ix hub far a ɡˈitə ˈajʦə, zuɡt rajʃ ʃlˈɔjmə, ɔjb dus iz ɡəvˈejn də ˈiʃi,
184_165032_0125|וועט עס ברענגען צום היינטיגן ספאנסער. אהה. האסטו פארפאסט אמאל א קאל ווייל דיין טעלעפאן איז אויף, אדער האסט נישט געהאט קיין סערוויס,|vɛt ɛs brˈejnɡən ʦim hˈajntiɡn sfˈansər. a. hˈusti farpˈɔst amˈul a kal vaːl daːn tˈɛləfan iz oʊf, ˈɔdər hust niʃt ɡəhˈat kan sˈɛrvis,
184_165032_0126|אדער האסט נישט געקענט ענטפערן. יא, דו ווילסט עפענען דיין טעלעפאן און דו זעסט איינער האט געלאזט א וואויס מעיל, דו דארפסט אריינרופן, דו דארפסט אויסהערן דיינע מעסעדזשעס,|ˈɔdər hust niʃt ɡəkˈɛnt ˈɛntfərn. ju, di vilst ˈɛfənən daːn tˈɛləfan in di zɛst ˈajnər hut ɡəlˈɔzt a vɔjs majl, di darfst arˈaːnrifn, di darfst ˈoʊshirn dˈaːnə mˈɛsəʤəs,
184_165032_0130|דו קענסט אויסהערן די עקטשועל וואויס מעסעדזש ממש אויפ'ן פלאץ.|di kɛnst ˈoʊshirn də ˈɛkʧiəl vɔjs mˈɛsəʤ mˈamiʃ afn plaːʦ.
184_165032_0131|מיט די ריכטיגע פלאן, אז איך קאל דיר יעצט אן, איך לאז דיר א מעסעדזש, און דו ביסט אין א סעלער, דו האסט נישט קיין סערוויס, וועסטו באקומען די מעסעדזש אלס א טעקסט אדער אלס אן אימעיל.|mit də rˈixtiɡə plaːn, az ix kal dir jɛʦt un, ix laz dir a mˈɛsəʤ, in di bist in a sˈɛlər, di hust niʃt kan sˈɛrvis, vˈɛsti bakˈimən də mˈɛsəʤ ˈalis a tɛkst ˈɔdər ˈalis un imˈejl.
184_165032_0132|און געוויסע פלענס גייט עס אפילו אפשרייבן די מעסעדזש, דו וועסט ליינען די מעסעדזש וואס ער האט געלאזט.|in ɡəvˈisə flɛns ɡajt ɛs afˈilə ˈupʃraːbn də mˈɛsəʤ, di vɛst lˈajnən də mˈɛsəʤ vus ɛr hut ɡəlˈɔzt.
184_165032_0134|איינער האט דיך געוואלט רופן, דו קענסט הערן אלע דיינע מיסד קאלס ווער ס'האט דיך היינט געקאלט, אפילו אויב זיי האבן נישט געלאזט קיין מעסעדזש און דו האסט נישט געהאט קיין סערוויס דעמאלטס.|ˈajnər hut dix ɡəvˈɔlt rifn, di kɛnst hirn ˈalə dˈaːnə məiˈasəd kals vɛr səhˈut dix haːnt ɡəkˈalt, afˈilə ɔjb zaj hubn niʃt ɡəlˈɔzt kan mˈɛsəʤ in di hust niʃt ɡəhˈat kan sˈɛrvis dˈɛmalʦ.
184_165032_0135|ווייל ביי א טעלעפאן, א מעסעדזש, ווען איינער טעקסט א מעסעדזש, קומט עס אן שפעטער ווען דו באקומסט סערוויס.|vaːl baː a tˈɛləfan, a mˈɛsəʤ, vɛn ˈajnər tɛkst a mˈɛsəʤ, kimt ɛs un ʃpˈejtər vɛn di bakˈimst sˈɛrvis.
184_165032_0136|אויב האסטו נישט קיין סערוויס און איינער קאלט דיך, גייסטו קיינמאל נישט זען אז ער האט דיך גערופן, ריכטיג?|ɔjb hˈusti niʃt kan sˈɛrvis in ˈajnər kalt dix, ɡˈajsti kˈajnmul niʃt zejn az ɛr hut dix ɡərˈifn, rˈixtiɡ ?
184_165032_0137|וואו, דאס איז א מורא'דיגע זאך. און זיי האבן א פלאן דארטן אפילו, אויב דו ווילסט נישט דאס האבן, איז דא נאך א ביליגערע פלאן סתם פאר... וועלכע סערוויס האסטו?|vi, dus iz a mˈiradiɡə zax. in zaj hubn a plaːn dɔrtn afˈilə, ɔjb di vilst niʃt dus hubn, iz du nux a bˈiliɡərə plaːn stam far vˈɛlxə sˈɛrvis hˈusti ?
184_165032_0139|ביי מיר גארנישט, איך האב אויסגעשטעלט אז מ'קען נאר... אנגעפילט די באקס, ווייל איך וויל טאקע נאר זען געשריבענע מעסעדזשעס. אבער מ'האלט ביי... מיר וואלט געווען א גוטע עצה דאס.|baː mir ɡˈurniʃt, ix hub ˈoʊzɡəʃtəlt az mˈɛkən nɔr ˈunɡəfilt də baks, vaːl ix vil tˈakə nɔr zejn ɡəʃrˈibənə mˈɛsəʤəs. ˈɔbər mhalt baː mir vɔlt ɡəvˈejn a ɡˈitə ˈajʦə dus.
184_165032_0140|סאו די אנגעפילטע באקס, וויפיל איז עס? איך ווייס נישט. איך מיין צוואנציג, ניין?|sɔ də ˈanɡəfiltə baks, vˈifil iz ɛs ? ix vajs niʃt. ix maːn ʦvˈanʦiɡ, najn ?
184_165032_0141|ס'האט נישט צוטון מיט די נאמבערס, ס'האט צוטון ווי גרויס די מעסעדזשעס איז, מיין איך. יא, איך הער, איך האב עס קיינמאל נישט געהערט. איך מיין ס'האט יא מיט די נאמבער.|səhˈut niʃt ʦˈitin mit də nˈambərs, səhˈut ʦˈitin vi ɡrɔjs də mˈɛsəʤəs iz, maːn ix. ju, ix hɛr, ix hub ɛs kˈajnmul niʃt ɡəhˈirt. ix maːn səhˈut ju mit də nˈambər.
184_165032_0142|און ס'איז דא מענטשן וואס באקומען געוויסע מעסעדזשעס וואס זיי ווילן נאך סעיוון, דו ווילסט עס נאך האלטן, און ס'ווערט צוביסלעך פולער און פולער.|in siz du mɛnʧn vus bakˈimən ɡəvˈisə mˈɛsəʤəs vus zaj viln nux sajvn, di vilst ɛs nux haltn, in svirt ʦˈibisləx fˈilər in fˈilər.
184_165032_0143|און אויב מ'האט שוין זעכצן געסעיווטע מעסעדזשעס, און דו האסט נאך פלאץ פאר פיר, דו מוזט כסדר אויסמעקן און איבערהערן, און די מעסעדזש באקס איז פול.|in ɔjb mhut ʃɔjn zɛxʦn ɡəsˈajvtə mˈɛsəʤəs, in di hust nux plaːʦ far fir, di mizt kasˈajdɛr ˈoʊsməkn in ˈibərhirn, in də mˈɛsəʤ baks iz fil.
184_165032_0144|אויב דו סיינסט זיך אפ ביי זיי, זיי סעיוון דיר דיינע מעסעדזשעס צו אן אנדערע פלאץ, און דו קענסט האבן דארטן הונדערטער מעסעדזשעס, ס'ווערט קיינמאל נישט פול.|ɔjb di sajnst zix ɔp baː zaj, zaj sajvn dir dˈaːnə mˈɛsəʤəs ʦi un ˈandərə plaːʦ, in di kɛnst hubn dɔrtn hˈindərtər mˈɛsəʤəs, svirt kˈajnmul niʃt fil.
184_165032_0145|דו ביסט נישט סטאק מיט דעם צוואנציג מעסעדזש לימיט. און יעדע זאך קען געהענדלט ווערן ביי טעקסט.|di bist niʃt stak mit dejm ʦvˈanʦiɡ mˈɛsəʤ lˈimit. in jˈɛdə zax kɛn ɡəhˈɛndlt virn baː tɛkst.
184_165032_0146|דו קענסט אפילו ארויפסיינען און רעקארדן דיין פערסאנעל גריטינג. דו קענסט אויך טון אויף דעם וועג. וואס איז דא ארבעט צו דו האסט א כשר'ע פאון, א בעיסיק פאון,|di kɛnst afˈilə arˈoʊfsajnən in rˈɛkardn daːn fˈɛrsanəl ɡrˈitinɡ. di kɛnst ɔjx tin oʊf dejm vejɡ. vus iz du ˈarbət ʦi di hust a xʃrə foʊn, a bˈajsik foʊn,
184_165032_0147|עני פאון וואס דו האסט, קענסטו דאס נוצן. דו האסט געוויסע פלענער, איינס פון צווייטן, יעדער איינס האט נאך פיטשערס,|ˈani foʊn vus di hust, kˈɛnsti dus niʦn. di hust ɡəvˈisə plˈɛnər, ajns fin ʦvajtn, jˈɛdər ajns hut nux fˈiʧərs,
184_165032_0148|אז דו קענסט פיקן די פלאן וואס פילט דיר די בעסטע. אויב דו האסט נישט געהאט קיין סערוויס, האסט פארפאסט א קאל,|az di kɛnst fikn də plaːn vus filt dir də bˈɛstə. ɔjb di hust niʃt ɡəhˈat kan sˈɛrvis, hust farpˈɔst a kal,
184_165032_0151|און הייב אן היינט. קול דודי זה בא,|in hajb un haːnt. kul dˈidi zɛ bɔj,
184_165032_0153|און דו באקומסט א זיבן טעג טרייעל פאר בחינם עס צו פרובירן.|in di bakˈimst a zibn tejɡ trˈajəl far bəxˈinəm ɛs ʦi prˈibirn.
184_165032_0154|דיין וואויסמעיל דעליווערט טו יו. וואו, דאס איז אינטערעסאנט.|daːn vˈɔjsmajl dˈɛlivərt ti ji. vi, dus iz intərəsˈant.
184_165032_0155|און פאר מיר גייען אריין אין די נייעס,|in far mir ɡˈajən arˈaːn in də nˈaːjəs,
184_165032_0156|די וואך שבת את אלול איז די יארצייט פון הרה"ק ר' צדוק הכהן מלובלין,|də vɔx ʃˈabəs ɛs ˈɛləl iz də jˈurʦajt fin haj rajʃ haj kif rajʃ ʦˈudək hakˈɔjhajn mlˈiblin,
184_165032_0157|וועלכער האט נישט איבערגעלאזט קיין קינדער ל"ע. וועגן דעם האט ער געזאגט פאר ער איז נסתלק געווארן,|vˈɛlxər hut niʃt ˈibərɡəlɔzt kan kˈindər lˈaməd ˈajən. vejɡn dejm hut ɛr ɡəzˈuɡt far ɛr iz nistˈalajk ɡəvˈɔrn,
184_165032_0158|אז אזוי ווי דער פלאצקער גאון האט צוגעזאגט אז ווער ס'וועט פארשפרייטן זיינע דברי תורה וועט ער זיין א מליץ יושר. זאגט ער אויך צו צו זיין א מליץ יושר,|az azˈɔj vi dɛr flˈaʦkər ɡˈuən hut ʦˈiɡəzuɡt az vɛr svɛt farʃprˈajtn zˈaːnə dbri tˈɔjrə vɛt ɛr zaːn a mˈajləʦ jˈɔjʃər. zuɡt ɛr ɔjx ʦi ʦi zaːn a mˈajləʦ jˈɔjʃər,
184_165032_0159|פאר ווער ס'וועט מפרסם זיין זיינע דברי תורה, ווייל די תורות ווערן געדרוקט יעדע וואך אין א גליון מליץ יושר וואס מ'קען באקומען בחנם.|far vɛr svɛt mfˈirsajm zaːn zˈaːnə dbri tˈɔjrə, vaːl də tˈɔjrɔjs virn ɡədrˈikt jˈɛdə vɔx in a ɡljin mˈajləʦ jˈɔjʃər vus mˈɛkən bakˈimən bxˈinum.
184_165032_0160|חי יגן עלינו ועל כל ישראל, יא. מיר רעדן שוין פון א יארצייט, לאמיר שוין דערמאנען נאך א יארצייט וואס איז געווען די מיטוואך, די יארצייט פונעם הייליגן ייטב לב.|xuj iɡn ulˈajni ˈiəl kɔl jisrˈuəl, ju. mir rɛdn ʃɔjn fin a jˈurʦajt, lˈɔmir ʃɔjn dərmˈanən nux a jˈurʦajt vus iz ɡəvˈejn də mˈitvɔx, də jˈurʦajt fˈinəm hˈajliɡn jitb lajv.
184_165032_0161|ייטב לב, דאס איז יעצט וואס איז דער שמשון ארעד רב. אמאל איז געווען א גלח וואס האט נישט פארגינען אז אידן האבן פרנסה פון די גוים דורך טרינקען וויין אין די קרעטשמעס.|jitb lajv, dus iz jɛʦt vus iz dɛr ʃimʃn ˈarəd ruv. amˈul iz ɡəvˈejn a ɡˈilax vus hut niʃt farɡˈinən az jidn hubn pˈarnusə fin də ɡɔjm dˈɔrəx trˈinkən vaːn in də krˈɛʧməs.
184_165032_0162|האט ער געזאגט אז גוים האבן נישט קיין רעכט צו טרינקען. איז א חסיד פון די ייטב לב געקומען צום רבי'ן זיך אויסוויינען, "איך האב נישט קיין פרנסה, די גוים קומען נישט אריין מער."|hut ɛr ɡəzˈuɡt az ɡɔjm hubn niʃt kan rɛxt ʦi trˈinkən. iz a xˈusid fin də jitb lajv ɡəkˈimən ʦim rbin zix ˈoʊsvajnən, ix hub niʃt kan pˈarnusə, də ɡɔjm kˈimən niʃt arˈaːn mɛr
184_165032_0163|זאגט אים די ייטב לב, מ'זאגט ס'שטייט "נפשות" מיינט די גוים, "נפש" מיינט מען אידן, ווייל ס'איז איין נפש.|zuɡt ejm də jitb lajv, mzuɡt sʃtajt nfˈuʃɔjs majnt də ɡɔjm, nˈejfiʃ majnt mɛn jidn, vaːl siz ajn nˈejfiʃ.
184_165032_0165|"להחיות בהם נפש" - צו געבן פרנסה פאר אידן.|ləhaxˈajɔjs bˈuhəm nˈejfiʃ ʦi ɡejbn pˈarnusə far jidn.
184_165032_0166|האט דאן אויסגעבראכן א קרענק ביי די גוים, און דער דאקטער האט געזאגט אז ער קען נישט פון טרינקען בראנפן, וואס שווענקט אפ די קרענק. האבן צוריק אנגעהויבן קויפן ביי די אידן בראנפן.|hut dan ˈoʊzɡəbraxn a krɛnk baː də ɡɔjm, in dɛr dˈaktər hut ɡəzˈuɡt az ɛr kɛn niʃt fin trˈinkən branfn, vus ʃvɛnkt ɔp də krɛnk. hubn ʦirˈik ˈunɡəhɔjbn kɔjfn baː də jidn branfn.
184_165032_0168|קומען מיר אריין מיט די נייעס. יצחק שלמה, לאמיר הערן.|kˈimən mir arˈaːn mit də nˈaːjəs. jˈiʦxuk ʃlˈɔjmə, lˈɔmir hirn.
184_165032_0169|קודם, גייענדיג צום דרוק אריין די שווערע נייעס פון ארץ ישראל, ס'איז געווען א בחור וואס מ'האט געזוכט פאר עטליכע טעג, עקטשולי מער ווי א וואך, כתריאל נחמן קינן.|kˈɔjdəm, ɡˈajəndiɡ ʦim drik arˈaːn də ʃvˈɛrə nˈaːjəs fin ˈɛrəʦ jisrˈuəl, siz ɡəvˈejn a bˈuxər vus mhut ɡəzˈixt far ˈɛtləxə tejɡ, ˈɛkʧili mɛr vi a vɔx, kisrˈiajl nˈaxmən kinn.
184_165032_0170|און מ'האט געהאט גאנץ גלייך א חשד אז ער איז פארכאפט געווארן צו דאס.|in mhut ɡəhˈat ɡanʦ ɡlaːx a xʃad az ɛr iz farxˈaft ɡəvˈɔrn ʦi dus.
184_165032_0171|און אינטערעסאנט, דאס איז געווען א בחור, איך האב געהאט אן אינטערוויו מיט א חבר זיינער, ס'איז געווען א בחור וואס איבעראל וואו ער פלעגט גיין, פלעגט ער גיין נאר מיט זיין תפילין, אפילו נישט גיין אינמיטן טאג.|in intərəsˈant, dus iz ɡəvˈejn a bˈuxər, ix hub ɡəhˈat un ˈintərvji mit a xˈavər zˈajnər, siz ɡəvˈejn a bˈuxər vus ˈibəral vi ɛr flɛɡt ɡajn, flɛɡt ɛr ɡajn nɔr mit zaːn tfiln, afˈilə niʃt ɡajn ˈinmitn tuɡ.
184_165032_0172|ער האט געזאגט אז ער גייט נאר מיט זיין תפילין.|ɛr hut ɡəzˈuɡt az ɛr ɡajt nɔr mit zaːn tfiln.
184_165032_0173|למעשה האט מען אים היינט געטראפן, ער האט געוואוינט אין בית שמש, מ'האט אים געטראפן היינט אין א וואלד לעבן טבריה, און ס'ווערט נאך אויסגעפארשט וואס דא איז געשען.|ləmˈaːsə hut mɛn ejm haːnt ɡətrˈafn, ɛr hut ɡəvˈɔjnt in bajs ʃˈamuʃ, mhut ejm ɡətrˈafn haːnt in a vald lejbn tvərˈiə, in svirt nux ˈoʊzɡəfarʃt vus du iz ɡəʃˈɛn.
184_165032_0175|יא, זאגט מיר די גראסערי מאן אז ער מיינט ס'גייט זיך סעטלען, אזוי פארשטייט ער פון די אינסיידערס, אז די פזרונות, אז יעדע משפחה, אז איינער פון די משפחה איז עלידזשעבל באקומט שוין יעדער איינער.|ju, zuɡt mir də ɡrˈasəri mun az ɛr majnt sɡajt zix sˈɛtlən, azˈɔj farʃtˈajt ɛr fin də ˈinsajdərs, az də fzrˈinis, az jˈɛdə miʃpˈuxə, az ˈajnər fin də miʃpˈuxə iz ˈɛliʤəbl bakˈimt ʃɔjn jˈɛdər ˈajnər.
184_165032_0176|דאס גייט זיך ענדיגן, מיינט ער. ס'גייט זיין, ס'גייט ווייטער אנגיין די פראגראם. איך מיין אין מאנסי קומט עס אויך צוריק. אבער יעדע משפחה, דער קינד קען באקומען,|dus ɡajt zix ˈɛndiɡn, majnt ɛr. sɡajt zaːn, sɡajt vˈaːtər ˈunɡajn də prˈɔɡram. ix maːn in mˈɔnsi kimt ɛs ɔjx ʦirˈik. ˈɔbər jˈɛdə miʃpˈuxə, dɛr kind kɛn bakˈimən,
184_165032_0177|דער קינד קען באקומען, די אפענע טשעק, דאס מיינט אז ס'גייט זיך ענדיגן.|dɛr kind kɛn bakˈimən, də ˈafənə ʧɛk, dus majnt az sɡajt zix ˈɛndiɡn.
184_165032_0178|ס'איז דער עולם זאל אריינכאפן.|siz dɛr ˈɔjləm zul arˈaːnxafn.
184_165032_0181|און צוויי וואס איז געשטאנען אויפ'ן פאפיר אז זיי טוען אנדערע זאכן. ברוך השם, די וואך האבן זיי געוואונען די קארט,|in ʦvaj vus iz ɡəʃtˈanən afn papˈir az zaj tˈɔjən ˈandərə zaxn. bˈurəx haʃˈɛm, də vɔx hubn zaj ɡəvˈinən də kart,
184_165032_0183|איך האב געהאט אן אינטערוויו. יא. איך האב געהאט אן אינטערוויו. איך וועל רעדן פון בעלזא,|ix hub ɡəhˈat un ˈintərvji. ju. ix hub ɡəhˈat un ˈintərvji. ix vɛl rɛdn fin bˈɛlza,
184_165032_0184|וועל איך דערמאנען אז דער בעלזער רב האט איינגעפירט א נייע זאך היינט, זייער אינטערעסאנט, א פרישע תקנה,|vɛl ix dərmˈanən az dɛr bˈɛlzər ruv hut ˈaːnɡəfirt a nˈaːjə zax haːnt, zˈajər intərəsˈant, a frˈiʃə tˈiknə,
184_165032_0185|אז מ'זאל צולייגן א לעכט יעדע שבת פאר ווארפענע נשמות. ס'איז דא עלטערן וואס זענען געווען אין די קינדער.|az mzul ʦˈilajɡn a lɛxt jˈɛdə ʃˈabəs far vˈarfənə nʃˈumɔjs. siz du ˈɛltərn vus zˈɛnən ɡəvˈejn in də kˈindər.
184_165032_0186|אלע נשים צדקניות האבן צוגעלייגט א לעכט. דער רב האט געזאגט ווער ס'קען, וואס האט אפילו א פריש חתונה געהאט נישט אן,|ˈalə nˈuʃim ʦadkunˈijɔjs hubn ʦˈiɡəlajɡt a lɛxt. dɛr ruv hut ɡəzˈuɡt vɛr skɛn, vus hut afˈilə a friʃ xˈasənə ɡəhˈat niʃt un,
184_165032_0187|די ראשונה ווייבל דארף צינדן דריי לעכט. דער רב האט געזאגט,|də rˈaʃinə vaːbl daf ʦindn draj lɛxt. dɛr ruv hut ɡəzˈuɡt,
184_165032_0188|דער וואס קען אז ס'איז נישט שווער זאל צולייגן א לעכט יעדע שבת ווען מ'דאווענט פאר די קינדער, זאל מען דאווענען פאר די נשמות וואס זענען פארבלאנדזשעט, זאלן זיי צוריקקומען תחת כנפי השכינה.|dɛr vus kɛn az siz niʃt ʃvir zul ʦˈilajɡn a lɛxt jˈɛdə ʃˈabəs vɛn mdavˈɛnt far də kˈindər, zul mɛn dˈavənən far də nʃˈumɔjs vus zˈɛnən farblˈanʤət, zɔln zaj ʦirˈikimən tˈaxas xnfi hʃxˈinə.
184_165032_0189|מענדעלע, מענדעלע, וואו, וואו, וואו, ס'איז א זייער אינטערעסאנטע זאך. יא,|mˈɛndələ, mˈɛndələ, vi, vi, vi, siz a zˈajər ˈintərəsantə zax. ju,
184_165032_0191|ר' פנחס פרידמאן האט געמאלדן וועגן די נייע תקנה אז מ'זאל עס טון, און ער האט געזאגט אז דער בעלזער רב האט געזאגט, וואס וועט זיין מיט דעם ליכטל פון דעם זיידן?|rajʃ pˈinxus frˈidman hut ɡəmˈaldn vejɡn də nˈaːjə tˈiknə az mzul ɛs tin, in ɛr hut ɡəzˈuɡt az dɛr bˈɛlzər ruv hut ɡəzˈuɡt, vus vɛt zaːn mit dejm lixtl fin dejm zajdn ?
184_165032_0192|ס'איז דא א מעשה אין בעלזא, וועג מען זאגן י"ג מדות. פלעגט מען צוגרייטן ליכט פאר די נשמות. איין יאר ווען רבי סודא דב האט געענדיגט צוגרייטן די ליכט, האט ער גענומען נאך א קנויט,|siz du a mˈaːsə in bˈɛlza, vejɡ mɛn zuɡn jid ɡiml mˈidɔjs. flɛɡt mɛn ʦˈiɡrajtn lixt far də nʃˈumɔjs. ajn jur vɛn rˈɛbə sˈida dɔjv hut ɡəˈɛndiɡt ʦˈiɡrajtn də lixt, hut ɛr ɡənˈimən nux a knɔjt,
184_165032_0193|און ער האט געזאגט, דער ליכטעלע גרייט דיך צו פאר אחינו בני ישראל וואס זענען אין די מיליטער, זיי קענען נישט פראווען א יום הקדוש ווי ס'דארף צו זיין. נאכדעם האט ער גענומען נאך א ליכט,|in ɛr hut ɡəzˈuɡt, dɛr lˈixtələ ɡrajt dix ʦi far uxˈajni bnaj jisrˈuəl vus zˈɛnən in də mˈilitər, zaj kˈɛnən niʃt prˈavən a jɔjm hakˈudəʃ vi sdaf ʦi zaːn. nuxdˈejm hut ɛr ɡənˈimən nux a lixt,
184_165032_0194|דאס גרייט דיך אן פאר די אידן וואס זענען פארשטויסן איבער די גאנצע וועלט, פון בעל מי ביז סאן פראנסיסקא. ווייסן אפילו נישט אז יעצט איז יום הקדוש.|dus ɡrajt dix un far də jidn vus zˈɛnən farʃtˈɔjsn ˈibər də ɡˈanʦə vɛlt, fin baːl mi biz sun frˈansiska. vajsn afˈilə niʃt az jɛʦt iz jɔjm hakˈudəʃ.
184_165032_0195|האט דער בעלזער רב געזאגט, מ'זאל זיין מיט דעם ליכטל פון דעם זיידן.|hut dɛr bˈɛlzər ruv ɡəzˈuɡt, mzul zaːn mit dejm lixtl fin dejm zajdn.
184_165032_0196|און דער רב האט געזאגט, "המתפלל על חבירו והוא צריך לאותו דבר הוא נענה תחילה", און מיט דעם וואס דו דאוונסט פאר אנדערע אידעלעך'ס קינדער וואס דארפן דאס, דער אייבערשטער זאל העלפן אז דו וועסט ביי דיינע קינדער זען פול מיט נחת.|in dɛr ruv hut ɡəzˈuɡt, hamispˈalajl al xavˈajrɔj ˈihia ʦrix lˈɔjsɔj dˈuvur hˈia nˈɛnə txˈilə in mit dejm vus di davnst far ˈandərə ˈidələxs kˈindər vus daːfn dus, dɛr ˈajbərʃtər zul hɛlfn az di vɛst baː dˈaːnə kˈindər zejn fil mit nˈaxəs.
184_165032_0197|אמן.|ˈumajn.
184_165032_0198|אן אינטערעסאנטע אינטערוויו האב איך געהאט מיט א קעמפ, איך וועל נישט זאגן די נאמען פון די קעמפ, וואס א גוי, א בוטה, האט געקלינט די סווימינג פול, און ער האט פארגעסן צוצומאכן די טיר.|un ˈintərəsantə ˈintərvji hub ix ɡəhˈat mit a kɛmf, ix vɛl niʃt zuɡn də nˈumən fin də kɛmf, vus a ɡɔj, a bˈitə, hut ɡəklˈint də svˈiminɡ fil, in ɛr hut faːrɡˈɛsn ʦˈiʦimaxn də tir.
184_165032_0199|און דערווייל זענען דריי קינדער, א פיר יעריג קינד מיט צוויי צוויי יעריג קינדער, אריין אין די סווימינג פול.|in dərvˈaːl zˈɛnən draj kˈindər, a fir jˈɛriɡ kind mit ʦvaj ʦvaj jˈɛriɡ kˈindər, arˈaːn in də svˈiminɡ fil.
184_165032_0200|און דער גוי איז צוריקגעקומען אפאר מינוט שפעטער, האט ער זיי געטראפן שוין מיט די וואסער ביז'ן האלדז, ווי נחשון בן עמינדב, און מ'האט זיי געראטעוועט די לעצטע מינוט.|in dɛr ɡɔj iz ʦirˈikɡəkimən apˈur minˈit ʃpˈejtər, hut ɛr zaj ɡətrˈafn ʃɔjn mit də vˈasər bizn haldz, vi nˈaxʃɔjn bɛn ˈɛmindb, in mhut zaj ɡərˈatəvət də lˈɛʦtə minˈit.
184_165032_0201|זאגט מיר איינער אז דער גוי האט געפרעגט, וואס דארף מען בכלל א מחיצה ארום די פול? זאגט ער, שבת, אז ס'איז וויל א מחיצה, מאכט עטס א שטריק ארום. וואס דא דארף מען דא ווענט?|zuɡt mir ˈajnər az dɛr ɡɔj hut ɡəfrˈɛɡt, vus daf mɛn bəxlˈaːl a məxˈiʦə arˈim də fil ? zuɡt ɛr, ʃˈabəs, az siz vil a məxˈiʦə, maxt ɛʦ a ʃtrik arˈim. vus du daf mɛn du vɛnt ?
184_165032_0202|יא, ברוך השם דער אייבערשטער האט געהיטן.|ju, bˈurəx haʃˈɛm dɛr ˈajbərʃtər hut ɡəhˈitn.
184_165032_0204|דער איד איז ווייטער געזעסן ביז נעכטן דארט אין שטענדער, און נעכטן איז זיין זון באפרייט געווארן.|dɛr jid iz vˈaːtər ɡəzˈɛsn biz nɛxtn dɔrt in ʃtˈɛndər, in nɛxtn iz zaːn zin bafrˈajt ɡəvˈɔrn.
184_165032_0206|האלטס מיר דאס וואס אייס טוט? פארוואס האט זיך די מעשה געכאפט? ווייל ס'איז א היימישער מענטשן, אידן. וואס איז א היימישער איד?|halʦ mir dus vus ajs tit ? farvˈus hut zix də mˈaːsə ɡəxˈapt ? vaːl siz a hˈajmiʃər mɛnʧn, jidn. vus iz a hˈajmiʃər jid ?
184_165032_0209|זאגט מיר מיין שוואגער, איך וועל עס שבת באווארפן פאריגע וואך, און מ'האט געוואלט בעטן אייז פון די וועטער, זאגט ער, מ'דארף אכטונג געבן.|zuɡt mir maːn ʃvˈaɡər, ix vɛl ɛs ʃˈabəs bavˈarfn furˈiɡə vɔx, in mhut ɡəvˈɔlt bejtn ajz fin də vˈɛtər, zuɡt ɛr, mdaf ˈaxtinɡ ɡejbn.
184_165032_0210|זאגט אים, אייז, ער יאגט ארויס פון שטח.|zuɡt ejm, ajz, ɛr jaɡt arˈoʊs fin ʃˈɛtəx.
184_165032_0211|וואס איז דיין אפיניען אויף דעם, ר' שלמה, בכלל?|vus iz daːn ˈafiniən oʊf dejm, rajʃ ʃlˈɔjmə, bəxlˈaːl ?
184_165032_0212|איך בין בכלל נישט דא צו געבן אן אפיניען. איך ווייס נישט. דאס האט זיך מיט טראמפ. וואס האלטסטו?|ix bin bəxlˈaːl niʃt du ʦi ɡejbn un ˈafiniən. ix vajs niʃt. dus hut zix mit trɔmp. vus hˈalʦti ?
184_165032_0214|יא, אבער פארוואס קען מען נישט זיין דא לעגאל? פארוואס קען מען נישט זיין דא לעגאל? וואס איז די פוינט פון אריינקומען אומלעגאל?|ju, ˈɔbər farvˈus kɛn mɛn niʃt zaːn du lˈɛɡal ? farvˈus kɛn mɛn niʃt zaːn du lˈɛɡal ? vus iz də fɔjnt fin arˈaːnkimən ˈimləɡal ?
184_165032_0215|איך ווייס נישט צו וואס די סיטואציע איז.|ix vajs niʃt ʦi vus də sˈitiaʦiə iz.
184_165032_0216|מ'רעדט דאך אין דזשענעראל, פון די זאך וואס טראמפ האט געמאכט. מ'דארף געדענקען, ווער ארבעטן אין אונזערע קעמפס? ווער ארבעטן אין אונזערע גראסעריס?|mrɛdt dɔx in ʤˈɛnəral, fin də zax vus trɔmp hut ɡəmˈaxt. mdaf ɡədˈɛnkən, vɛr ˈarbətn in ˈinzərə kɛmfs ? vɛr ˈarbətn in ˈinzərə ɡrˈasəris ?
184_165032_0218|יא, אבער דאס איז דאך אלץ אז מ'דארף עס זאל זיין לעגאל. איינער וואס איז נישט לעגאל, ווערט א פראבלעם פאר די לאנד. אזוי איז עס.|ju, ˈɔbər dus iz dɔx alʦ az mdaf ɛs zul zaːn lˈɛɡal. ˈajnər vus iz niʃt lˈɛɡal, virt a prɔblˈejm far də land. azˈɔj iz ɛs.
184_165032_0219|איך ווייס נישט. איך קוק עס אן ווי עפעס א שטיקל מדת סדום. מ'הייבט אויף מענטשן, א מענטש איז דא, און א בחור, ס'סעטלט זיך ענדערש.|ix vajs niʃt. ix kik ɛs un vi ˈɛpəs a ʃtikl mˈidas sdum. mhajbt oʊf mɛnʧn, a mɛnʧ iz du, in a bˈuxər, ssɛtlt zix ˈɛndərʃ.
184_165032_0220|און דו זעסט למשל, לאמיר זאגן אז ס'איז דא געוויסע קינדער וואס רוקן זיך אריין אין א קעמפ אדער אין אנדערע פלעצער און זיי באצאלן נישט, און זיי באצאלן מיט א רשות.|in di zɛst ləmˈuʃl, lˈɔmir zuɡn az siz du ɡəvˈisə kˈindər vus rikn zix arˈaːn in a kɛmf ˈɔdər in ˈandərə plˈɛʦər in zaj baʦˈuln niʃt, in zaj baʦˈuln mit a rʃis.
184_165032_0221|מוסדות, מוסדות, קינדער זעצן זיך אריין אין א ישיבה, א בחור קען זיך באצאלט נישט גארנישט, זעצט זיך פלעין אריין, דארף מען אים דארט לאזן.|mˈɔjzdəs, mˈɔjzdəs, kˈindər zɛʦn zix arˈaːn in a jəʃˈivə, a bˈuxər kɛn zix baʦˈalt niʃt ɡˈurniʃt, zɛʦt zix flajn arˈaːn, daf mɛn ejm dɔrt luzn.
184_165032_0222|איך הער, איך הער, איך הער די דמיון.|ix hɛr, ix hɛr, ix hɛr də dˈimiən.
184_165032_0223|ניין, איך גיי דאס געבן צו פארשטיין.|najn, ix ɡaj dus ɡejbn ʦi farʃtˈajn.
184_165032_0231|ניין, רעגולער טונא. ס'האט אויך טאמעיטאס מיינעך און לעטערס. באקוקטע.|najn, rˈɛɡilər tˈina. səhˈut ɔjx tˈamajtas mˈajnəx in lˈɛtərs. bakˈiktə.
184_165032_0232|און ער האט געוואלט עפעס מאכן אזא דעטיילס וואס האט ער געלייגט אויף איבעי צו ווי אז מ'קען בעטן, און דער עולם האט געבעט.|in ɛr hut ɡəvˈɔlt ˈɛpəs maxn azˈa dˈɛtajls vus hut ɛr ɡəlˈajɡt oʊf ˈibaj ʦi vi az mˈɛkən bejtn, in dɛr ˈɔjləm hut ɡəbˈɛt.
184_165032_0233|וואס איז אנדערש ווי די סענדוויטש וואס די דעלי פארקויפט דא?|vus iz ˈandiʃ vi də sˈɛndviʧ vus də dˈɛli farkˈɔjft du ?
184_165032_0234|ער האט געמאכט א סענדוויטש, איך מיין אז דו ווילסט אנטרופן די פאון הייסט קיין לאנדאן? וואס דו גיי איך אים קאלן די שאלה.|ɛr hut ɡəmˈaxt a sˈɛndviʧ, ix maːn az di vilst ˈantrifn də foʊn hajst kan lˈandan ? vus di ɡaj ix ejm kaln də ʃˈaːlə.
184_165032_0235|יא, לאמיר טרייען. שו... העלא, ווער זאגט מען קען איך האבן?|ju, lˈɔmir trˈajən. ʃi hˈɛla, vɛr zuɡt mɛn kɛn ix hubn ?
184_165032_0236|פון קול מבשר, וועגן דעם טונא סענדוויטש. יא. איך פארצייל פאר וועלוול שמעלצער, איך קען וועלוול שמעלצער.|fin kul məvˈasajr, vejɡn dejm tˈina sˈɛndviʧ. ju. ix farʦˈajl far vɛlvl ʃmˈɛlʦər, ix kɛn vɛlvl ʃmˈɛlʦər.
184_165032_0237|אה, דו זאגסט מיר צו טון, א גרויסער וויץ וואס דו זאגסט מיר, אז דו קענסט וועלוול שמעלצער.|a, di zuɡst mir ʦi tin, a ɡrˈɔjsər viʦ vus di zuɡst mir, az di kɛnst vɛlvl ʃmˈɛlʦər.
184_165032_0238|איך וויל אנגיין, איך קען נישט די שטאב פון קול מבשר. וועלוול, דו הערסט? די טונא סענדוויטש האט זיך פארקויפט אפאר מיליאן דאלאר.|ix vil ˈunɡajn, ix kɛn niʃt də ʃtab fin kul məvˈasajr. vɛlvl, di hɛrst ? də tˈina sˈɛndviʧ hut zix farkˈɔjft apˈur miljˈɔn dˈɔlar.
184_165032_0239|איך בין שוין מער, מיין חידוש איז שוין גרעסער אז ער קען נישט די שטאב פון קול מבשר. ער קען נישט די שטאב. אקעי.|ix bin ʃɔjn mɛr, maːn xˈidiʃ iz ʃɔjn ɡrˈɛsər az ɛr kɛn niʃt də ʃtab fin kul məvˈasajr. ɛr kɛn niʃt də ʃtab. ˈɔkaj.
184_165032_0240|לאמיך הערן, וואס איז אייער פארוואס? ס'האט זיך פארקויפט פאר וויפיל געלט?|lˈamix hirn, vus iz ˈaːjər farvˈus ? səhˈut zix farkˈɔjft far vˈifil ɡɛlt ?
184_165032_0241|ווייסטו, ער איז סתם א גאסט, צען מיליאן פונט. דרייצן מיליאן דאלאר. דרייצן מיליאן?|vˈajsti, ɛr iz stam a ɡast, ʦɛn miljˈɔn fint. drajʦn miljˈɔn dˈɔlar. drajʦn miljˈɔn ?
184_165032_0242|די קונה האט זיך יעצט אויפגעוועקט, דאלאר, יא. די קונה האט זיך יעצט אויפגעוועקט, און ער האט געשיקט א מעסעדזש דורך איבעי אז ער וויל קענסלען די ארדער.|də kˈɔjnə hut zix jɛʦt ˈɔjfɡəvəkt, dˈɔlar, ju. də kˈɔjnə hut zix jɛʦt ˈɔjfɡəvəkt, in ɛr hut ɡəʃˈikt a mˈɛsəʤ dˈɔrəx ˈibaj az ɛr vil kˈɛnslən də ˈardər.
184_165032_0243|זיי האבן צוריקגעשריבן אז איך לאז נישט. וואס איז געווען די מעשה? הערש הייבט אן די מעשה פון אנהייב?|zaj hubn ʦirˈikɡəʃribn az ix laz niʃt. vus iz ɡəvˈejn də mˈaːsə ? hɛrʃ hajbt un də mˈaːsə fin ˈanhajb ?
184_165032_0244|וואס? דו הערסט נישט קול מבשר? איך זע איך ווייס שוין בעסער ווי איך.|vus ? di hɛrst niʃt kul məvˈasajr ? ix zɛ ix vajs ʃɔjn bˈɛsər vi ix.
184_165032_0245|ס'וועט אויסגיין די מעשה. איך הער שוין יא די שטאב. ווייל וועלוול קען ער נישט די מעשה. לאמיר הערן, וואס איז געווען? די ווארט? ניין, קען ער נישט די מעשה. וואס איז געווען?|svɛt ˈoʊzɡajn də mˈaːsə. ix hɛr ʃɔjn ju də ʃtab. vaːl vɛlvl kɛn ɛr niʃt də mˈaːsə. lˈɔmir hirn, vus iz ɡəvˈejn ? də vɔrt ? najn, kɛn ɛr niʃt də mˈaːsə. vus iz ɡəvˈejn ?
184_165032_0246|די מעשה איז געווען אז איך האב געוואלט געבן א פשוט'ער ניטיב פאר איינער פון מיינע פריענס, פלעש קאסטומערס, וואווער וואס איז צופרי פון, זאל קענען קויפן א טונא סענדוויטש ערגעץ אין ענגלאנד ווען איך גייט דעליווערן פאר אים.|də mˈaːsə iz ɡəvˈejn az ix hub ɡəvˈɔlt ɡejbn a fʃˈitər nˈitib far ˈajnər fin mˈaːnə frˈiəns, flɛʃ kˈastimərs, vˈavər vus iz ʦˈifri fin, zul kˈɛnən kɔjfn a tˈina sˈɛndviʧ ˈɛrɡəʦ in ˈɛnɡland vɛn ix ɡajt dˈɛlivərn far ejm.
184_165032_0247|אפילו ער וואוינט נישט חנות פון די געשעפט, און ס'איז שווער פון אים אנצוקומען.|afˈilə ɛr vɔjnt niʃt xnis fin də ɡəʃˈɛft, in siz ʃvir fin ejm ˈanʦikimən.
184_165032_0249|איינער האט אפגעמאכט אז ער מיינט אז ער קען מאכן א דזולד פון דעם. יא, נעדער מענטש.|ˈajnər hut ˈupɡəmaxt az ɛr majnt az ɛr kɛn maxn a dzild fin dejm. ju, nˈɛdər mɛnʧ.
184_165032_0251|און למעשה האט ער געפרעגט די חתונה. יא, וואס איך גיי דעליווערן.|in ləmˈaːsə hut ɛr ɡəfrˈɛɡt də xˈasənə. ju, vus ix ɡaj dˈɛlivərn.
184_165032_0252|די זאך איז געווען אז איך גיי עס דעליווערן צו איינעם פערזענליך, יא?|də zax iz ɡəvˈejn az ix ɡaj ɛs dˈɛlivərn ʦi ˈajnəm fˈɛrzənləx, ju ?
184_165032_0253|ס'איז אביסל אזוי ווי, לאמיר זאגן, ס'איז לאמיר זאגן להבדיל, יא, איך האב געהערט להבדיל, איך ווייס שוין וועלכע רבי דו ביסט א חסיד, אבער דער רבי קומט אריבער צו דיר און ער גייט מאכן א קביעות ענין.|siz abˈisl azˈɔj vi, lˈɔmir zuɡn, siz lˈɔmir zuɡn lˈɛhavdl, ju, ix hub ɡəhˈirt lˈɛhavdl, ix vajs ʃɔjn vˈɛlxə rˈɛbə di bist a xˈusid, ˈɔbər dɛr rˈɛbə kimt arˈibər ʦi dir in ɛr ɡajt maxn a kviˈɛɔjs ˈinjən.
184_165032_0254|פארוואס דער רבי? וואס איז אייער געשעפט אזא... אה, ווייל איך... אה, פארוואס?|farvˈus dɛr rˈɛbə ? vus iz ˈaːjər ɡəʃˈɛft azˈa a, vaːl ix a, farvˈus ?
184_165032_0255|ניין, יא, ווייל אויף סאושעל מידיא איז עס געווארן א זאך אין ענגלאנד.|najn, ju, vaːl oʊf sˈiʃəl mˈidia iz ɛs ɡəvˈɔrn a zax in ˈɛnɡland.
184_165032_0256|ס'איז געווארן באוואוסט, באהאלטן פון סאושעל מידיא, און אסאך מענטשן קומען ווייל זיי ווילן טרעפן זושא פויגל.|siz ɡəvˈɔrn bavˈist, bahˈaltn fin sˈiʃəl mˈidia, in ˈasax mɛnʧn kˈimən vaːl zaj viln trɛfn zˈiʃa fɔjɡl.
184_165032_0257|סאו זושא פויגל זאגט, אקעי, איך גיי קומען נעמען צו דיר. סאו איך גיי קומען פארן צו דיר פון דערהיים, איך גיי מאכן דארטן ביי דיר פון דערהיים א פרישע טאנא סענדוויטש.|sɔ zˈiʃa fɔjɡl zuɡt, ˈɔkaj, ix ɡaj kˈimən nˈɛmən ʦi dir. sɔ ix ɡaj kˈimən farn ʦi dir fin dˈɛrhajm, ix ɡaj maxn dɔrtn baː dir fin dˈɛrhajm a frˈiʃə tˈana sˈɛndviʧ.
184_165032_0259|יא. יעצט, פארוואס איז דאס אזוי פאפולער? ווייל ס'הייסט גוטע סענדוויטשעס? ס'הייסט א גוטע בעיקעריי, א גוטע דעלי?|ju. jɛʦt, farvˈus iz dus azˈɔj fˈafilər ? vaːl shajst ɡˈitə sˈɛndviʧəs ? shajst a ɡˈitə bˈajkəraj, a ɡˈitə dˈɛli ?
184_165032_0260|ס'איז זייער, ס'איז זייער, ס'איז זייער א גוטע טאנא סענדוויטשעס.|siz zˈajər, siz zˈajər, siz zˈajər a ɡˈitə tˈana sˈɛndviʧəs.
184_165032_0261|און איך האב געמאכט אסאך ישראל מדברי, ווי מ'זאגט, אסאך מדברי טייגן פאר דעם. אהא.|in ix hub ɡəmˈaxt ˈasax jisrˈuəl mdbri, vi mzuɡt, ˈasax mdbri tajɡn far dejm. ˈaha.
184_165032_0262|סאו איר זאגט אז איר גייט נישט דעליווערן, איר גייט קומען מאכן ביי אים אינדערהיים א טאנא סענדוויטש. יא.|sɔ ir zuɡt az ir ɡajt niʃt dˈɛlivərn, ir ɡajt kˈimən maxn baː ejm ˈindərhajm a tˈana sˈɛndviʧ. ju.
184_165032_0263|אקעי, סאו דאס איז געווען די עד פון די וואסענען.|ˈɔkaj, sɔ dus iz ɡəvˈejn də ɛd fin də vˈasənən.
184_165032_0264|יא, פאר דעם איז געווען די אפציע.|ju, far dejm iz ɡəvˈejn də ˈafʦiə.
184_165032_0265|און למעשה איז איינער געגאנגען און ער האט געמיינט אז ס'איז א דזשאוק, אז מ'קען מאכן א שפיל דארט, מ'קען בידן, און ער איז זיך נישט מחייב.|in ləmˈaːsə iz ˈajnər ɡəɡˈanɡən in ɛr hut ɡəmˈajnt az siz a ʤik, az mˈɛkən maxn a ʃpil dɔrt, mˈɛkən bəˈiadn, in ɛr iz zix niʃt məxˈajjajv.
184_165032_0266|למעשה אבער, די חוק איז אזוי מ'בידט, ווען מ'טרעפט שאוו מיט פיק, האט מען זיך מחייב געווען, מ'חתמ'עט.|ləmˈaːsə ˈɔbər, də xuk iz azˈɔj mbidt, vɛn mtrɛft ʃav mit fik, hut mɛn zix məxˈajjajv ɡəvˈejn, mxsmə ɛt.
184_165032_0267|מענטשן כאפן נישט אז אנליין חתימה מוז נישט זיין אזוי ווי מ'טוט אזוי ווייסן אז ווען מ'שאלט א קאנצערט אויף א פעיפער.|mɛnʧn xapn niʃt az ˈanlajn xsˈimə miz niʃt zaːn azˈɔj vi mtit azˈɔj vajsn az vɛn mʃalt a kˈanʦərt oʊf a fˈajfər.
184_165032_0268|אנליין ווען דו מאכסט קאנצערנטס, כאילו אז דו שרייבסט איך נעם אן איך בין מקבל כך וכך צו נועם, און דו פרעסט קליקס, זיי קאנצערנטס, האסטו זיך מכבד געווען ווי א גענוגע חתימה.|ˈanlajn vɛn di maxst kˈanʦərnʦ, kəjˈilə az di ʃrajbst ix nɛm un ix bin mkˈabajl kux ix ʦi nˈiəm, in di frɛst kliks, zaj kˈanʦərnʦ, hˈusti zix mxˈabajd ɡəvˈejn vi a ɡənˈiɡə xsˈimə.
184_165032_0269|און ער האט דאס נישט געכאפט. סאו אזוי קוקט עס אויס, יא, פשוטות, ווייל איך האב מיר יעצט געשיקט אן אימייל, איך וויל קענסלען די ארדער. איך האב מיר צוגעשיקט אז ניין, איך לאז נישט.|in ɛr hut dus niʃt ɡəxˈapt. sɔ azˈɔj kikt ɛs oʊs, ju, pʃˈitɔjs, vaːl ix hub mir jɛʦt ɡəʃˈikt un ˈimajl, ix vil kˈɛnslən də ˈardər. ix hub mir ʦˈiɡəʃikt az najn, ix laz niʃt.
184_165032_0270|קענסט נישט קומען חוזק מאכן פון מיר, און נאכדעם גיי איך אזויווי מ'זאל זאגן מיט א מחלוקה לאך, יא?|kɛnst niʃt kˈimən xˈɔjzək maxn fin mir, in nuxdˈejm ɡaj ix ˈazɔjvi mzul zuɡn mit a maxlˈɔjkə lax, ju ?
184_165032_0271|אה, יא. אבער איין מינוט, ווען ער שרייבט אונטער אז ער גייט דאס צו טון, ווען ווערט די טרענזעקשן?|a, ju. ˈɔbər ajn minˈit, vɛn ɛr ʃraːbt ˈintər az ɛr ɡajt dus ʦi tin, vɛn virt də trˈɛnzəkʃn ?
184_165032_0272|אה, איינמאל די אויקשאן ענדיגט זיך. סאו ווי לאנג די אויקשאן איז געלאפן, וואלט ווען ער וואלט מיר געשיקט א מעסעדזש איך וויל קענסלען די ארדער,|a, ˈajnmul də ˈɔjkʃan ˈɛndiɡt zix. sɔ vi laːnɡ də ˈɔjkʃan iz ɡəlˈafn, vɔlt vɛn ɛr vɔlt mir ɡəʃˈikt a mˈɛsəʤ ix vil kˈɛnslən də ˈardər,
184_165032_0273|וואלט איך על פי פשטות עס געמוזט צוטון.|vɔlt ix al pi pˈaʃtis ɛs ɡəmˈizt ʦˈitin.
184_165032_0274|אפילו אויב ס'קען זיין אז איבעי'ס טוירמס ענד קאנדישענס איז אנדערש,|afˈilə ɔjb skɛn zaːn az ˈibajs tɔjrms ɛnd kˈandiʃəns iz ˈandiʃ,
184_165032_0275|צו איבעי געבט לאמיר זאגן נאר צוועלף שעה פאר די אויקשאן, אבער וואס ס'זאל נאר נישט זיין, ס'וואלט געקענט זיין אסאך מער פראבלעמאטיש ווען ער שיקט מיר א מעסעדזש אז ער וויל קענסלען. אבער למעשה האט ער נישט געשיקט,|ʦi ˈibaj ɡɛbt lˈɔmir zuɡn nɔr ʦvɛlf ʃu far də ˈɔjkʃan, ˈɔbər vus szul nɔr niʃt zaːn, svɔlt ɡəkˈɛnt zaːn ˈasax mɛr frˈabləmatiʃ vɛn ɛr ʃikt mir a mˈɛsəʤ az ɛr vil kˈɛnslən. ˈɔbər ləmˈaːsə hut ɛr niʃt ɡəʃˈikt,
184_165032_0276|סאו די אויקשאן איז אריבערגעגאנגען, סאו איז ער געווארן די קונה. איינמאל ער איז געווארן די קונה איז ער געווארן מחויב מן הדין.|sɔ də ˈɔjkʃan iz arˈibərɡəɡanɡən, sɔ iz ɛr ɡəvˈɔrn də kˈɔjnə. ˈajnmul ɛr iz ɡəvˈɔrn də kˈɔjnə iz ɛr ɡəvˈɔrn məxiˈiəv min hdin.
184_165032_0277|סאו די טרענזעקשן עקשעלי, ווען דער מענטש נעמט זיך אונטער די געלט, דו מיינסט אז די געלט איז דא אין די אקאונט, ס'איז שוין אריבער?|sɔ də trˈɛnzəkʃn ˈɛkʃəli, vɛn dɛr mɛnʧ nɛmt zix ˈintər də ɡɛlt, di majnst az də ɡɛlt iz du in də akˈaunt, siz ʃɔjn arˈibər ?
184_165032_0278|ניין, ניין,|najn, najn,
184_165032_0282|קען איין מודעה מאכן.|kɛn ajn mˈidə maxn.
184_165032_0283|וואס איז נאך די קלאר? קענסט מאיר אדלער?|vus iz nux də klur ? kɛnst mˈajər ˈadlər ?
184_165032_0285|לאמיר צוריקגיין צו די סענדוויטש.|lˈɔmir ʦirˈikɡajn ʦi də sˈɛndviʧ.
184_165032_0286|שלומי, דער מענטש ווייסט יעצט פון צוויי זאכן: ער קען א טונא סענדוויטש, און ער קען איינער וואס האט עס געקויפט.|ʃlˈimi, dɛr mɛnʧ vajst jɛʦt fin ʦvaj zaxn : ɛr kɛn a tˈina sˈɛndviʧ, in ɛr kɛn ˈajnər vus hut ɛs ɡəkˈɔjft.
184_165032_0287|יא. סאו וואס ווילסטו? דו ווילסט אונז זאלן פארשאפן אזא טונא סענדוויטש?|ju. sɔ vus vˈilsti ? di vilst inz zɔln farʃˈafn azˈa tˈina sˈɛndviʧ ?
184_165032_0288|ניין, איך וויל יעצט קודם וויסן, אויב דער גוי זאגט דיר יעצט "איינלי", איך האב נישט די געלט, דרייצן מיליאן דאלאר.|najn, ix vil jɛʦt kˈɔjdəm visn, ɔjb dɛr ɡɔj zuɡt dir jɛʦt ˈajnli ix hub niʃt də ɡɛlt, drajʦn miljˈɔn dˈɔlar.
184_165032_0289|על פי פשטות גייט עס געשען, ווייל ער האט טאקע נישט די געלט. איך וואלט געווען סורפרייזד אויב ער האט די געלט. איך גלייב נישט אז ער האט די געלט.|al pi pˈaʃtis ɡajt ɛs ɡəʃˈɛn, vaːl ɛr hut tˈakə niʃt də ɡɛlt. ix vɔlt ɡəvˈejn sˈirfrajzd ɔjb ɛr hut də ɡɛlt. ix ɡlajb niʃt az ɛr hut də ɡɛlt.
184_165032_0290|סאו ס'איז נישט געשען. יעצט, דא איז דא צוויי זאכן.|sɔ siz niʃt ɡəʃˈɛn. jɛʦt, du iz du ʦvaj zaxn.
184_165032_0291|זאך נומער איינס איז, ער האט גע'חתמ'עט א קאנטראקט. צו דו האסט יא די געלט, צו דו האסט נישט די געלט, דאס איז נישט קיין חילוק, דו האסט גע'חתמ'עט די קאנטראקט.|zax nˈimər ajns iz, ɛr hut ɡəxsmˈə ɛt a kˈantrakt. ʦi di hust ju də ɡɛlt, ʦi di hust niʃt də ɡɛlt, dus iz niʃt kan xˈilək, di hust ɡəxsmˈə ɛt də kˈantrakt.
184_165032_0292|סאו, קשיא נומער איינס איז, ביסטו אים מחויב די צען מיליאן, דרייצן מיליאן דאלאר, יא אדער ניין? דאס איז די ערשטע קשיא. אויב די תשובה איז יא, ביסטו מחויב.|sɔ, kˈaʃə nˈimər ajns iz, bˈisti ejm məxiˈiəv də ʦɛn miljˈɔn, drajʦn miljˈɔn dˈɔlar, ju ˈɔdər najn ? dus iz də ˈɛrʃtə kˈaʃə. ɔjb də ʧˈivə iz ju, bˈisti məxiˈiəv.
184_165032_0293|ביסטו מחויב. איך רעד אויב די... אויב ער גייט דיר נישט וועלן באצאלן, דארף מען אים נעמען אין געריכט. יא?|bˈisti məxiˈiəv. ix rɛd ɔjb də ɔjb ɛr ɡajt dir niʃt vɛln baʦˈuln, daf mɛn ejm nˈɛmən in ɡərˈixt. ju ?
184_165032_0294|סאו אויב געריכט וועט טאקע זאגן אז דו ביסט גערעכט, ער האט גע'חתמ'עט א קאנטראקט און ער מוז עס באצאלן, ער האט נישט, דאס איז זיין פראבלעם, ער האט געדארפט טראכטן פאר ער האט געקוועטשט די... דו ווייסט, מ'קען נישט וויינען נאכ'ן אויסגיסן די מילך.|sɔ ɔjb ɡərˈixt vɛt tˈakə zuɡn az di bist ɡərˈɛxt, ɛr hut ɡəxsmˈə ɛt a kˈantrakt in ɛr miz ɛs baʦˈuln, ɛr hut niʃt, dus iz zaːn prɔblˈejm, ɛr hut ɡədˈarft traxtn far ɛr hut ɡəkvˈɛʧt də di vajst, mˈɛkən niʃt vˈajnən nuxn ˈoʊzɡisn də milx.
184_165032_0297|יא? אזוי ווי פריער האסטו געזאגט אז ס'וועט זיין אינטערעסאנט פאר די אידישע וועלט, וועט עס זיין אינטערעסאנט פאר די נישט-אידישע וועלט.|ju ? azˈɔj vi frˈiər hˈusti ɡəzˈuɡt az svɛt zaːn intərəsˈant far də jˈidiʃə vɛlt, vɛt ɛs zaːn intərəsˈant far də niʃt jˈidiʃə vɛlt.
184_165032_0298|און איינמאל ס'גייט אריין אין געריכט, וואס געשעט איז, וואס איך וועל לייגן א דגוש אויף די דגוש איז אז ער האט זיך מחייב געווען.|in ˈajnmul sɡajt arˈaːn in ɡərˈixt, vus ɡəʃˈɛt iz, vus ix vɛl lajɡn a dˈuɡəʃ oʊf də dˈuɡəʃ iz az ɛr hut zix məxˈajjajv ɡəvˈejn.
184_165032_0299|צו דאס איז זיין כוונה געווען, צו ער האט די געלט, דאס איז א גאנץ אנדערע שאלה. אבער איינמאל א מענטש איז זיך מחייב, איז ער מחויב.|ʦi dus iz zaːn kavˈunə ɡəvˈejn, ʦi ɛr hut də ɡɛlt, dus iz a ɡanʦ ˈandərə ʃˈaːlə. ˈɔbər ˈajnmul a mɛnʧ iz zix məxˈajjajv, iz ɛr məxiˈiəv.
184_165032_0301|און סאו דא הייבט אן ווערן, דער געריכט וועט דארפן אוועקשטעלן וואס איז טאקע די חלות ווען א מענטש שרייבט "קאנסענט" אנליין.|in sɔ du hajbt un virn, dɛr ɡərˈixt vɛt daːfn avˈɛkʃtəln vus iz tˈakə də xˈalɔjs vɛn a mɛnʧ ʃraːbt kansˈɛnt ˈanlajn.
184_165032_0302|וואס איז די הלכה? ווען א מענטש שרייבט און ער חתמ'עט א פעיפער אויפ'ן טיש, און נאכדעם זאגט ער, "איך האב זיך סתם נאר געמאכט", יא?|vus iz də halˈuxə ? vɛn a mɛnʧ ʃraːbt in ɛr xsmə ɛt a fˈajfər afn tiʃ, in nuxdˈejm zuɡt ɛr, ix hub zix stam nɔr ɡəmˈaxt ju ?
184_165032_0304|סאו, וואס געשעט ווען א מענטש טוט עס אנליין? סאו דאס בעצם וועט זיין, וואס איך קוק עס שוין אן אנגערירט.|sɔ, vus ɡəʃˈɛt vɛn a mɛnʧ tit ɛs ˈanlajn ? sɔ dus bˈɛʦəm vɛt zaːn, vus ix kik ɛs ʃɔjn un ˈunɡərirt.
184_165032_0305|און נאכדעם איז דא די צווייטע נקודה, אויב, לאמיר זאגן, די געריכט וועט פסק'ענען, איך ווייס נישט וואס, לאמיר זאגן אז ער דארף נישט, אז ער איז נישט מחויב די געלט, וואס וועט זיין זייער זייער סורפרייזד, איז דא נאך א פראבלעם וואס הייסט "דעמעדזשעס".|in nuxdˈejm iz du də ʦvˈajtə nəkˈidə, ɔjb, lˈɔmir zuɡn, də ɡərˈixt vɛt pˈaskənən, ix vajs niʃt vus, lˈɔmir zuɡn az ɛr daf niʃt, az ɛr iz niʃt məxiˈiəv də ɡɛlt, vus vɛt zaːn zˈajər zˈajər sˈirfrajzd, iz du nux a prɔblˈejm vus hajst dˈɛməʤəs
184_165032_0308|אבער ס'מוז זיין זייער אינטערעסאנט, ווייל בעצם האט ער דאך גע'חתמ'עט א קאנטראקט, און דאס גייט ווערן א חוק.|ˈɔbər smiz zaːn zˈajər intərəsˈant, vaːl bˈɛʦəm hut ɛr dɔx ɡəxsmˈə ɛt a kˈantrakt, in dus ɡajt virn a xuk.
184_165032_0309|ווי איך זע עס, וויאזוי דאס איז געווען אנגעקוקט דורך יעדן איינעם, כאילו דאס גייט ווערן כאילו די קו המסתיר ווען ס'גייט אריין אין קארט.|vi ix zɛ ɛs, vizˈɔj dus iz ɡəvˈejn ˈunɡəkikt dˈɔrəx jejdn ˈajnəm, kəjˈilə dus ɡajt virn kəjˈilə də ki hmsir vɛn sɡajt arˈaːn in kart.
184_165032_0311|סאו וועגן דעם איז וואס? פארשטייסטו?|sɔ vejɡn dejm iz vus ? farʃtˈajsti ?
184_165032_0312|סאו דאס אפילו פשטות איז וויאזוי איך זע עס, פארוואס די געריכטן מוזן נעמען אויף זיך דאס אונטערצונעמען, ווייל דאס איז א...|sɔ dus afˈilə pˈaʃtis iz vizˈɔj ix zɛ ɛs, farvˈus də ɡərˈixtn mizn nˈɛmən oʊf zix dus ˈintərʦinəmən, vaːl dus iz a
184_165032_0316|די נעקסטע מענטש וואס האט געבידט איז דאך געווען אויף צען מיליאן, האבן זיי.|də nˈɛkstə mɛnʧ vus hut ɡəbˈidt iz dɔx ɡəvˈejn oʊf ʦɛn miljˈɔn, hubn zaj.
184_165032_0317|אויב אזוי קענסטו שוין האבן א טענה, דו קענסט האבן א טענה אז יענער וואלט באצאלט די צען מיליאן, און ער האט אוועקגענומען פון דיר די צען מיליאן.|ɔjb azˈɔj kˈɛnsti ʃɔjn hubn a tˈaːnə, di kɛnst hubn a tˈaːnə az jˈɛnər vɔlt baʦˈalt də ʦɛn miljˈɔn, in ɛr hut avˈɛkɡənimən fin dir də ʦɛn miljˈɔn.
184_165032_0318|אה, נאכאמאל, דאס וועט טאקע זיין נאך א דן, אבער דאס איז שוין א צווייטע דין.|a, nˈuxamul, dus vɛt tˈakə zaːn nux a dun, ˈɔbər dus iz ʃɔjn a ʦvˈajtə din.
184_165032_0320|יא, ווייל איינער האט עס יא געוואלט קויפן, און איך קען עס שוין נישט צוריקלייגן. ווייל יעצט אז איך לייג עס צוריק ווערט עס א חוזק.|ju, vaːl ˈajnər hut ɛs ju ɡəvˈɔlt kɔjfn, in ix kɛn ɛs ʃɔjn niʃt ʦirˈiklajɡn. vaːl jɛʦt az ix lajɡ ɛs ʦirˈik virt ɛs a xˈɔjzək.
184_165032_0321|ס'איז שוין אויסגעגאסן די מינוט, ס'איז געווען די מצב, ס'איז געווען די מאמענט, די צייט, די תקופה. ווייל יעצט איז עס שוין עבר זמנו בטל קרבנו. סאו, איך קען עס שוין נישט איבערפאקן.|siz ʃɔjn ˈoʊzɡəɡasn də minˈit, siz ɡəvˈejn də mˈaʦəv, siz ɡəvˈejn də mamˈɛnt, də ʦaːt, də tkˈifə. vaːl jɛʦt iz ɛs ʃɔjn ˈuvər zmni butl krbni. sɔ, ix kɛn ɛs ʃɔjn niʃt ˈibərfakn.
184_165032_0322|ס'איז נישט נאר דאס, ס'איז בקיצור, ס'איז דא נאך אסאך זאכן.|siz niʃt nɔr dus, siz bˈɛkiʦər, siz du nux ˈasax zaxn.
184_165032_0323|סאו דאס איז וואס גייט געשען דא, גייט זיין בעצם די צוויי שאלות. די שאלה אין א מיינונג איז, בכלל וואס איז די דין? גארנישט צו טון מיט מיר און אים.|sɔ dus iz vus ɡajt ɡəʃˈɛn du, ɡajt zaːn bˈɛʦəm də ʦvaj ʃˈajlɔjs. də ʃˈaːlə in a mˈajninɡ iz, bəxlˈaːl vus iz də din ? ɡˈurniʃt ʦi tin mit mir in ejm.
184_165032_0324|שאלה נומער צוויי איז, אויב, לאמיר זאגן, איך געווין די גאנצע אין די געריכט אז ער איז מיר טאקע שולדיג צען מיליאן פונט, איז שוין נישטא קיין צווייטע שאלה וועלכע העכסטע ער מאכט.|ʃˈaːlə nˈimər ʦvaj iz, ɔjb, lˈɔmir zuɡn, ix ɡəvˈin də ɡˈanʦə in də ɡərˈixt az ɛr iz mir tˈakə ʃˈildiɡ ʦɛn miljˈɔn fint, iz ʃɔjn niʃtˈu kan ʦvˈajtə ʃˈaːlə vˈɛlxə hˈɛxstə ɛr maxt.
184_165032_0325|ער איז שולדיג צען מיליאן, ער איז שולדיג צען מיליאן, ס'איז נישטא קיין העכסטע. ער דארף עס באצאלן. קומט אויס, דעמאלטס גיי איך טאקע ארבעטן און איך גיי אים מאכן א גרינע מיט די זאכן, יא?|ɛr iz ʃˈildiɡ ʦɛn miljˈɔn, ɛr iz ʃˈildiɡ ʦɛn miljˈɔn, siz niʃtˈu kan hˈɛxstə. ɛr daf ɛs baʦˈuln. kimt oʊs, dˈɛmalʦ ɡaj ix tˈakə ˈarbətn in ix ɡaj ejm maxn a ɡrˈinə mit də zaxn, ju ?
184_165032_0326|אבער בעצם איז ער שולדיג צען מיליאן אדער נישט. דאס איז שאלה נומער איינס.|ˈɔbər bˈɛʦəm iz ɛr ʃˈildiɡ ʦɛn miljˈɔn ˈɔdər niʃt. dus iz ʃˈaːlə nˈimər ajns.
184_165032_0327|שאלה נומער צוויי איז, אויב ער איז שולדיג איז ער שולדיג.|ʃˈaːlə nˈimər ʦvaj iz, ɔjb ɛr iz ʃˈildiɡ iz ɛr ʃˈildiɡ.
184_165032_0328|ווייס איך מיין, און נאכדעם קען איך שוין אפמאכן מיט אים וואס איך וויל טון און וואס איך וויל נישט טון. איז כאילו זאל איך אים פארסן צו דעקלערן בענקראפסי?|vajs ix maːn, in nuxdˈejm kɛn ix ʃɔjn ˈupmaxn mit ejm vus ix vil tin in vus ix vil niʃt tin. iz kəjˈilə zul ix ejm farsn ʦi dˈɛklərn bˈɛnkrafsi ?
184_165032_0329|זאל איך אים זאגן, אקעי, איך קען, ווייס איך וואס, וואס איך זאל נאר נישט זיין? דאס גייט שוין זיך ווענדן אין מיר אליין.|zul ix ejm zuɡn, ˈɔkaj, ix kɛn, vajs ix vus, vus ix zul nɔr niʃt zaːn ? dus ɡajt ʃɔjn zix vɛndn in mir alˈajn.
184_165032_0330|און אויב, לאמיר זאגן, די געריכט וועט קוקן, הער, מ'קען נישט מחייב זיין דעם אויך נישט, אבער ווי נישט ווי איז דאך דא א הפסד מרובה.|in ɔjb, lˈɔmir zuɡn, də ɡərˈixt vɛt kikn, hɛr, mˈɛkən niʃt məxˈajjajv zaːn dejm ɔjx niʃt, ˈɔbər vi niʃt vi iz dɔx du a hˈɛfsajd mərˈibə.
184_165032_0331|כאילו איינער האט אים געהאלפן ביים צאלן, ער איז געגאנגען און אים ארויסגעווארפן, כאילו ער האט יענעם ארויסגעווארפן, סאו האט ער דאך עפעס וואס אים מאכט א הפסד ממון.|kəjˈilə ˈajnər hut ejm ɡəhˈalfn bam ʦuln, ɛr iz ɡəɡˈanɡən in ejm arˈoʊzɡəvarfn, kəjˈilə ɛr hut jˈɛnəm arˈoʊzɡəvarfn, sɔ hut ɛr dɔx ˈɛpəs vus ejm maxt a hˈɛfsajd mˈumən.
184_165032_0332|סאו דאס איז די צווייטע זאך.|sɔ dus iz də ʦvˈajtə zax.
184_165032_0333|אבער נאכנישט קען מען נישט זאגן אז די געריכט וועט גיין מיט...|ˈɔbər nˈuxniʃt kɛn mɛn niʃt zuɡn az də ɡərˈixt vɛt ɡajn mit
184_165032_0334|יא, קודם כל, קודם כל, איך האב א שאלה, איר קענט שיקן קיין אמעריקע איינס?|ju, kˈɔjdəm kɔl, kˈɔjdəm kɔl, ix hub a ʃˈaːlə, ir kɛnt ʃikn kan amˈɛrikə ajns ?
184_165032_0335|זיי לאזן נישט אימפארטן פון לאנדאן קיין אמעריקע. ס'איז א טעלער.|zaj luzn niʃt ˈimfartn fin lˈandan kan amˈɛrikə. siz a tˈɛlər.
184_165032_0336|אויב מאכט זיך אז וויינער וועט גיין, ער וועט ווערן באלד א מדינה, ער וועט טאקע קער נעמען פון דיר.|ɔjb maxt zix az vˈajnər vɛt ɡajn, ɛr vɛt virn bald a mədˈinə, ɛr vɛt tˈakə kɛr nˈɛmən fin dir.
184_165032_0337|עטער פעטער שמעטער אז ס'ארבעט זיך אויס אזוי ווי איר ווילט.|ˈɛtər fˈɛtər ʃmˈɛtər az sˈarbət zix oʊs azˈɔj vi ir vilt.
184_165032_0338|אפילו אויב איך געווין, אויב איך קוק, אויב איך געווין די געריכט, וואס איך האף אז ס'וועט זיין אזוי בעזרת השם, רעכן איך אויך נישט אז ער האט מיר עכט שולדיג געווען צען מיליאן פונט, ווייל ער האט עס נישט.|afˈilə ɔjb ix ɡəvˈin, ɔjb ix kik, ɔjb ix ɡəvˈin də ɡərˈixt, vus ix huf az svɛt zaːn azˈɔj bˈɛzras haʃˈɛm, rɛxn ix ɔjx niʃt az ɛr hut mir ɛxt ʃˈildiɡ ɡəvˈejn ʦɛn miljˈɔn fint, vaːl ɛr hut ɛs niʃt.
184_165032_0339|איך גלייב נישט אז ער האט עס נישט. אויב למעשה די געריכט איז נישט... אויב שטעלט איר ארויף ביי קינד די דרייצן מיליאן דאלאר,|ix ɡlajb niʃt az ɛr hut ɛs niʃt. ɔjb ləmˈaːsə də ɡərˈixt iz niʃt ɔjb ʃtɛlt ir arˈoʊf baː kind də drajʦn miljˈɔn dˈɔlar,
184_165032_0340|וואסערע סענדוויש גייט איר מאכן? וואס גייט איר אים צושטעלן ער זאל פילן אז ס'האט זיך געלוינט פאר די געלט? אה,|vˈasərə sˈɛndviʃ ɡajt ir maxn ? vus ɡajt ir ejm ʦˈiʃtəln ɛr zul filn az səhˈut zix ɡəlˈɔjnt far də ɡɛlt ? a,
184_165032_0341|ער גייט באקומען דאס וואס איך האב געזאגט פאר יעדן איינעם אז איך גיי גערן. אוי ס'איז דא א לאך. אה, וואס?|ɛr ɡajt bakˈimən dus vus ix hub ɡəzˈuɡt far jejdn ˈajnəm az ix ɡaj ɡɛrn. ɔj siz du a lax. a, vus ?
184_165032_0342|איך גייט אים צושטעלן דאס וואס איך האב געזאגט פאר יעדן איינעם אז איך גיי צושטעלן. ער האט אנגעפילט, ער איז ביי אים אינדערהיים. וואקס אריין וואקס נישט וואקס נישט.|ix ɡajt ejm ʦˈiʃtəln dus vus ix hub ɡəzˈuɡt far jejdn ˈajnəm az ix ɡaj ʦˈiʃtəln. ɛr hut ˈunɡəfilt, ɛr iz baː ejm ˈindərhajm. vaks arˈaːn vaks niʃt vaks niʃt.
184_165032_0343|גארנישט מער. יא, מ'וועט אים געבן די וועדזשעבלס. איך וואלט דאך אויף די אפערד אויפ'ן אויסשען גיי איך אים געבן. ס'גייט גארנישט מוסד זיין.|ɡˈurniʃt mɛr. ju, mvɛt ejm ɡejbn də vˈɛʤəbls. ix vɔlt dɔx oʊf də ˈafərd afn ˈoʊsʃən ɡaj ix ejm ɡejbn. sɡajt ɡˈurniʃt mizd zaːn.
184_165032_0345|שוין, ס'זאל זיין א גוטע זאך, ס'איז א גוטע משה, ווייל אסאך מאל מענטשן דארפן וויסן אז ווען מענטש מאכן א נארישע דזשאוק אויף איינעמ'ס חשבון,|ʃɔjn, szul zaːn a ɡˈitə zax, siz a ɡˈitə mˈɔjʃə, vaːl ˈasax mul mɛnʧn daːfn visn az vɛn mɛnʧ maxn a nˈariʃə ʤik oʊf ˈajnəmə s xˈɛʃbɔjn,
184_165032_0347|ווען מ'נוצט און מ'נוצט מיט א ליגען סיסטעם. וואס זאלן זיי שרייבן? די סטארי, די סטארי,|vɛn mniʦt in mniʦt mit a lˈiɡən sˈistəm. vus zɔln zaj ʃraːbn ? də stˈari, də stˈari,
184_165032_0348|די סטארי סענדוויטש? נאכאמאל סערק, אפי איך... איך קען... איך האב נישט א פראבלעם,|də stˈari sˈɛndviʧ ? nˈuxamul sɛrk, ˈafi ix ix kɛn ix hub niʃt a prɔblˈejm,
184_165032_0349|ווייל עס וועט נישט מאכן א... און דו גייסט מען נישט פאר דיר. האט ער זיך געזאגט, אפי פאסטער קוק איך אן ווי זיי גייען אנקוקן ווי א... וואס איז דער...|vaːl ɛs vɛt niʃt maxn a in di ɡajst mɛn niʃt far dir. hut ɛr zix ɡəzˈuɡt, ˈafi fˈastər kik ix un vi zaj ɡˈajən ˈankikn vi a vus iz dɛr
184_165032_0350|כאילו די לאגדאלע הייס אויף אן אויפשטיל? וואס איז די נעגאלעסי אויף א אויסן? ווייל נישט. בכלל, זיי,|kəjˈilə də lˈaɡdalə hajs oʊf un ˈɔjfʃtil ? vus iz də nˈɛɡaləsi oʊf a oʊsn ? vaːl niʃt. bəxlˈaːl, zaj,
184_165032_0351|דאס איז די עצם וואס איר גייט זיך כמעט ביז זיין אויף. דאס איז פארשטיין, איר בעט אויך דא א שטיקל אינוואלוונד, ווייל... איך האב א געפירט,|dus iz də ˈɛʦəm vus ir ɡajt zix kəmˈat biz zaːn oʊf. dus iz farʃtˈajn, ir bɛt ɔjx du a ʃtikl ˈinvalvnd, vaːl ix hub a ɡəfˈirt,
184_165032_0352|ווען איר גייט כאפט וואס גייט פאר, וואלטן זיי עס נישט געלאזט אריבערגיין. יא, ווייל... איר בעט א... איר איז א ריזיגע וועבסייט,|vɛn ir ɡajt xɔft vus ɡajt far, vɔltn zaj ɛs niʃt ɡəlˈɔzt arˈibərɡajn. ju, vaːl ir bɛt a ir iz a rˈiziɡə vˈɛbsajt,
184_165032_0353|א ריזיגע פלעסלאנט. אבער זיי זעען נישט יעדן טאג קיין דרייצן מיליאן דאלאר אריבערגיין. ניין, בכלל נישט.|a rˈiziɡə fləslˈant. ˈɔbər zaj zˈɛən niʃt jejdn tuɡ kan drajʦn miljˈɔn dˈɔlar arˈibərɡajn. najn, bəxlˈaːl niʃt.
184_165032_0355|פארוואס קוקן זיי נישט אריין אין דעם דעמאלטס? סאו ס'איז א ריזיגע בחינה ביי זיי. די זאך איז אז ס'איז זייערע פלעפערן,|farvˈus kikn zaj niʃt arˈaːn in dejm dˈɛmalʦ ? sɔ siz a rˈiziɡə bxˈinə baː zaj. də zax iz az siz zˈajərə flˈɛfərn,
184_165032_0356|זיי קענען נישט אפילו ארויסקומען אז אויף אידי קענען טון וואס מ'וויל, אז מ'קען זיך נישט מאכן, יא?|zaj kˈɛnən niʃt afˈilə arˈoʊskimən az oʊf ˈidi kˈɛnən tin vus mvil, az mˈɛkən zix niʃt maxn, ju ?
184_165032_0357|אזוי ווי ס'האט זיך געמאכט א זאך אז אפאר מענטשן גייען אנהייבן ווייזן ווידיאוס ווי זיי גייען קויפן האלידעי בעגס אין טארגעט, און נאך די האלידעי קומען זיי און זיי געבן עס צוריק.|azˈɔj vi səhˈut zix ɡəmˈaxt a zax az apˈur mɛnʧn ɡˈajən ˈunhajbn vajzn vˈidiis vi zaj ɡˈajən kɔjfn hˈalidaj bɛɡs in tˈarɡət, in nux də hˈalidaj kˈimən zaj in zaj ɡejbn ɛs ʦirˈik.
184_165032_0358|ווי אזוי וואלט מען דאס געדארפט אנגענומען?|vi azˈɔj vɔlt mɛn dus ɡədˈarft ˈunɡənimən ?
184_165032_0359|ווייל איך קוק נישט אן קיין טאנער סענדערס פאר צוויי וואכן בלי נדר.|vaːl ix kik niʃt un kan tˈanər sˈɛndərs far ʦvaj vɔxn bli nˈajdər.
184_165032_0360|הגאון רבי אברהם ישעיה סאלאווייטשיק, בריסקער ראש ישיבה, ברוך השם, איז צוריקגעגאנגען פארלערנען די וואך דעם שיעור, די ערשטע מאל נאכדעם וואס ס'איז געווען שוועריגקייטן אין געזונט.|hɡin rˈɛbə ˈavrum jəʃˈaːə sˈalavajʧik, brˈiskər rɔjʃ jəʃˈivə, bˈurəx haʃˈɛm, iz ʦirˈikɡəɡanɡən farlˈirnən də vɔx dejm ʃˈiər, də ˈɛrʃtə mul nuxdˈejm vus siz ɡəvˈejn ʃvˈɛriɡkaːtn in ɡəzˈint.
184_165032_0363|וואס נאך איז נייעס?|vus nux iz nˈaːjəs ?
184_165032_0366|זאגט מיר דער איד, די זעלבע נייעס קען שטיין אין די היינטיגע נומער די היינטיגע צייט.|zuɡt mir dɛr jid, də zˈɛlbə nˈaːjəs kɛn ʃtajn in də hˈajntiɡə nˈimər də hˈajntiɡə ʦaːt.
184_165032_0367|טראכט איך צו מיר אין א חודש אלול'דיגע מחשבה, וואס האב איך געדארפט צוזאמליינען די אלע נייעס במשך די אלע יארן, אויב אלעס איז מער ווייניגער א גלגל החוזר?|traxt ix ʦi mir in a xˈɔjdəʃ ˈalildiɡə maxaʃˈuvə, vus hub ix ɡədˈarft ʦˈizamlajnən də ˈalə nˈaːjəs bˈɛməʃəx də ˈalə jurn, ɔjb ˈaləs iz mɛr vˈajniɡər a ɡalɡl haxˈɔjzajr ?
184_165032_0368|וואלט איך אין די צייט געקענט לערנען מער מסכתות פון ש"ס און מער סימנים אין שולחן ערוך און עפעס מער אויפטון. שוין, ברויך מען תשובה טון.|vɔlt ix in də ʦaːt ɡəkˈɛnt lˈirnən mɛr masˈɛxsɔjs fin ʃas in mɛr sˈimnim in ʃilxn ˈɛrix in ˈɛpəs mɛr ˈoʊftin. ʃɔjn, broʊx mɛn ʧˈivə tin.
184_165032_0371|חיים יוסף בן אסתר רבקה, רפואה שלימה.|xˈajim jˈɔsəf bɛn ˈɛstajr rˈivkə, rəfˈiə ʃlˈimə.
184_165032_0373|דער גליון "שבת בשבתו" וואס קומט ארויס דורך מחזיקי הדת אין אנטווערפן, האט אפגעצייכנט די וואך דרייסיג גאנצע יאר. ס'איז געווען לאנג, ווייסט?|dɛr ɡljin ʃˈabəs bʃˈabəsi vus kimt arˈoʊs dˈɔrəx maxazˈikaj hˈadus in ˈantvərfn, hut ˈɔpɡəʦajxnt də vɔx drˈajsiɡ ɡˈanʦə jur. siz ɡəvˈejn laːnɡ, vajst ?
184_165032_0374|דרייסיג יאר מיט אנדערע פרישע זאכן. דרייסיג יאר.|drˈajsiɡ jur mit ˈandərə frˈiʃə zaxn. drˈajsiɡ jur.
184_165032_0375|און אז ס'איז געבוירן געווארן דער דריטער פרה אדומה אין ארץ ישראל, איז נישט קיין אתחלתא דגאולה. לאמיר נאך הערן איבער מער פרטים.|in az siz ɡəbˈɔjrn ɡəvˈɔrn dɛr drˈitər pˈurə ˈadimə in ˈɛrəʦ jisrˈuəl, iz niʃt kan asxˈalsu dɡˈilə. lˈɔmir nux hirn ˈibər mɛr frtim.
184_165032_0377|וואו.|vi.
184_165032_0378|אינטערעסאנט אז די רויט וואס דו זעסט אין די פיקטשער איז נישט די רויט פון די מחנה אפרים ביכל.|intərəsˈant az də rɔjt vus di zɛst in də fˈikʧər iz niʃt də rɔjt fin də maxanˈajə əfrˈujim bixl.
184_165032_0379|איך מיין, א פרה אדומה זאגט ברוין. זעט אויס, דאס זאג איך עס. אזוי שטעלט זיך ארויס? יא, איך בין ברוין.|ix maːn, a pˈurə ˈadimə zuɡt brɔjn. zejt oʊs, dus zuɡ ix ɛs. azˈɔj ʃtɛlt zix arˈoʊs ? ju, ix bin brɔjn.
184_165032_0380|יא, ווייל אונז האבן צוגעוואוינט צו זען א רויטע פיקטשער, אזוי ווי רויט רויט רויט, און דאס איז בכלל נישט אזוי.|ju, vaːl inz hubn ʦˈiɡəvɔjnt ʦi zejn a rˈɔjtə fˈikʧər, azˈɔj vi rɔjt rɔjt rɔjt, in dus iz bəxlˈaːl niʃt azˈɔj.
184_165032_0381|יא.|ju.
184_165032_0384|זאג מיר עפעס וואס דו האסט לעצטנס געקויפט ביים מפואר. קודם כל, איך האב געקויפט מחזורים פאר מיין חתן, הערליכע מחזורים, מפורש, זייער זייער שיין.|zuɡ mir ˈɛpəs vus di hust lɛʦtns ɡəkˈɔjft bam mfˈiar. kˈɔjdəm kɔl, ix hub ɡəkˈɔjft maxazˈɔjrim far maːn xusn, hˈɛrləxə maxazˈɔjrim, mfirʃ, zˈajər zˈajər ʃajn.
184_165032_0385|איך ווער אבנארמאל, איך גיי ממש גאגא פאר זייער סערוויס, וואס זיי געבן זיך אפ ממש ווי יעדן איינעם ווי אן איינציג קינד.|ix vɛr ˈabnarmal, ix ɡaj mˈamiʃ ɡˈaɡa far zˈajər sˈɛrvis, vus zaj ɡejbn zix ɔp mˈamiʃ vi jejdn ˈajnəm vi un ˈajnʦiɡ kind.
184_165032_0386|און מיין זון האט חתונה געהאט א שטיק צייט צוריק, האב איך געקויפט דארט טליתים מיט קיטלעך און מיט זאכן.|in maːn zin hut xˈasənə ɡəhˈat a ʃtik ʦaːt ʦirˈik, hub ix ɡəkˈɔjft dɔrt talˈisim mit kˈitləx in mit zaxn.
184_165032_0387|און דער חתן קומט אריין, און ממש די גאנצע סטאר שטעלט זיך אפ ווען א חתן איז דארט.|in dɛr xusn kimt arˈaːn, in mˈamiʃ də ɡˈanʦə star ʃtɛlt zix ɔp vɛn a xusn iz dɔrt.
184_165032_0388|אלעס הייבט זיך אן דרייען ארום אים. וואס? אלעס הייבט זיך אן דרייען ארום אים. יא, ארום אים. ס'איז מורא'דיג.|ˈaləs hajbt zix un drˈajən arˈim ejm. vus ? ˈaləs hajbt zix un drˈajən arˈim ejm. ju, arˈim ejm. siz mˈiradiɡ.
184_165032_0389|און יעדע זאך איז פערפעקט און געמאכט פונקטליך לויט זיין סטייל, לויט זיין גאנג.|in jˈɛdə zax iz fˈɛrfəkt in ɡəmˈaxt fˈinktləx loʊt zaːn stajl, loʊt zaːn ɡanɡ.
184_165032_0390|און נישט קיין וואונדער, דו ביסט ביי מפורש די לידער.|in niʃt kan vˈindər, di bist baː mfirʃ də lˈidər.
184_165032_0391|אין א געשעפט, מענטשן ווילן מער די סערוויס ווי די אייטעם. יא, יא, מ'וויל זיך פילן אימפארטענט.|in a ɡəʃˈɛft, mɛnʧn viln mɛr də sˈɛrvis vi də ˈajtəm. ju, ju, mvil zix filn imfartˈɛnt.
184_165032_0392|אהה. ס'איז נישט וואס דו געסט, ס'איז וויאזוי דו געסט עס.|a. siz niʃt vus di ɡɛst, siz vizˈɔj di ɡɛst ɛs.
184_165032_0393|יא, למשל וויאזוי מ'געבט אפ א מזל טוב פאר ר' יצחק פריעד פון שפיץ און אייזבארג פון קול מבשר וואס האט געהאט א קינד די וואך.|ju, ləmˈuʃl vizˈɔj mɡɛbt ɔp a mazl tɔjv far rajʃ jˈiʦxuk frˈiəd fin ʃpiʦ in ˈajzbarɡ fin kul məvˈasajr vus hut ɡəhˈat a kind də vɔx.
184_165032_0394|צו וויאזוי מ'געבט אפ א מזל טוב פאר משפחת רובינשטיין, די משפחה פון דעם באקאנטן עסקן ר' אהרן דוד רובינשטיין, דער אומפארגעסליכער עסקן פון קרית יואל, וואס זיין טייערער זון מרדכי, מרדכי ידע את כל אשר נעשה, וואס ער האט חתונה געהאט נעכטן בשעה טובה ומוצלחת.|ʦi vizˈɔj mɡɛbt ɔp a mazl tɔjv far miʃpˈaxas rˈibinʃtajn, də miʃpˈuxə fin dejm bakˈantn ˈajsəkn rajʃ arn dˈuvid rˈibinʃtajn, dɛr ˈimfarɡəsləxər ˈajsəkn fin kˈirjas jˈɔjəl, vus zaːn tˈajərər zin mˈurtxə, mˈurtxə ˈidə ɛs kɔl ˈuʃər nˈɛʃə, vus ɛr hut xˈasənə ɡəhˈat nɛxtn bʃə tˈɔjvə imiʦlˈaxas.
184_165032_0395|ר' אהרן דוד איז געווען פון די גרעסטע עסקנים אין קרית יואל, מ'געדענקט דאס.|rajʃ arn dˈuvid iz ɡəvˈejn fin də ɡrˈɛstə ˈɛsknim in kˈirjas jˈɔjəl, mɡədˈɛnkt dus.
184_165032_0396|איך האב געגעבן א מזל טוב דא פאר אברהם יוסף גאלדלאנג, מיין נעפיו. אברהם יוסף גאלדלאנג? מיין קאזין. מיין קאזין.|ix hub ɡəɡˈɛbn a mazl tɔjv du far ˈavrum jˈɔsəf ɡˈaldlanɡ, maːn nˈɛfji. ˈavrum jˈɔsəf ɡˈaldlanɡ ? maːn kˈazin. maːn kˈazin.
184_165032_0397|איך ווייס נישט אויף וואס אידן קענען ענדיגן דא, באט איך געב א מזל טוב פשוט ווייל ער האט חתונה געמאכט די וואך.|ix vajs niʃt oʊf vus jidn kˈɛnən ˈɛndiɡn du, bat ix ɡɛb a mazl tɔjv pˈuʃit vaːl ɛr hut xˈasənə ɡəmˈaxt də vɔx.
184_165032_0398|און זיין טאטע איז אוועק, ר' נפתלי איז אוועק דעם מוצאי שבת.|in zaːn tˈatə iz avˈɛk, rajʃ naftˈuli iz avˈɛk dejm mˈuʦə ʃˈabəs.
184_165032_0399|און די גאנצע משפחה האט זיך נישט געקענט משתתף זיין געהעריג אין די שמחה.|in də ɡˈanʦə miʃpˈuxə hut zix niʃt ɡəkˈɛnt miʃtˈatajf zaːn ɡəhˈɛriɡ in də sˈimxə.
184_165032_0400|מיר האבן געהאט א חתונה אין אונזער משפחה, איינע פון מיינע שוואגערס, וואס דער טאטע, דער אבי הכלה, איז געווען אין די שבעה, געטאנצן מיט פאפוטשן.|mir hubn ɡəhˈat a xˈasənə in ˈinzər miʃpˈuxə, ˈajnə fin mˈaːnə ʃvˈaɡərs, vus dɛr tˈatə, dɛr ˈabi hakˈalə, iz ɡəvˈejn in də ʒbə, ɡətˈanʦn mit fˈafiʧn.
184_165032_0402|סתם די עבודה פון א איד אין אזא מין צייט, ווען די תורה זאגט, די זעלבע תורה וואס זאגט אז דו זאלסט שבעה זיצן ל"ע, זאגט אז דו מעגסט טאנצן. ר' נפתלי איז געווען א קאזין מיינער.|stam də avˈɔjdə fin a jid in azˈa min ʦaːt, vɛn də tˈɔjrə zuɡt, də zˈɛlbə tˈɔjrə vus zuɡt az di zulst ʒbə ziʦn lˈaməd ˈajən, zuɡt az di mɛɡst tanʦn. rajʃ naftˈuli iz ɡəvˈejn a kˈazin mˈajnər.
184_165032_0403|ער איז געווען א לאנגיעריגער מלמד וואס האט זיך אראפגעלאזט צו יעדן קינד מן האור אל העם, ממלוא מבני המלה. ער איז געווען א גוטער מענטש, אן ערליכער מענטש.|ɛr iz ɡəvˈejn a lˈanɡiəriɡər mlˈamajd vus hut zix arˈupɡəlɔzt ʦi jejdn kind min hir al hɛm, mmlˈia mbni hamˈilə. ɛr iz ɡəvˈejn a ɡˈitər mɛnʧ, un ˈɛrləxər mɛnʧ.
184_165032_0404|ס'איז דא בילדער ווי ער זיצט אויף די פלאר און ער שפילט מיט תלמידים, מיט א תלמיד וואס האט נישט גוט געפילט נעבעך.|siz du bˈildər vi ɛr ziʦt oʊf də flar in ɛr ʃpilt mit talmˈidim, mit a tˈalmid vus hut niʃt ɡit ɡəfˈilt nˈɛbəx.
184_165032_0405|און אז אידן זענען געווען אין תפיסה, האט ער יעדע וואך געשיקט א בריוו. יעדע וואך איז ער געווען אזא...|in az jidn zˈɛnən ɡəvˈejn in tfˈisə, hut ɛr jˈɛdə vɔx ɡəʃˈikt a briv. jˈɛdə vɔx iz ɛr ɡəvˈejn azˈa
184_165032_0406|און געווען פון די אידן וואס שטעלן זיך איינמאל אויס דעם סקעדזשול, איינמאל מ'רוקט עס אריין, פארט זיך אזוי יעדן טאג.|in ɡəvˈejn fin də jidn vus ʃtɛln zix ˈajnmul oʊs dejm skˈɛʤil, ˈajnmul mrikt ɛs arˈaːn, fɔrt zix azˈɔj jejdn tuɡ.
184_165032_0408|איך האב געהאט פון דעם צו לערנען פון זיין טאטע און דער פעטער ר' שמעלקא, וואס איז געווען נאך אין סיביר מיט'ן קאלישליצער רב, און ר' נפתלי אילי שליחא, זיי זענען גוטע בעטער פאר אלע.|ix hub ɡəhˈat fin dejm ʦi lˈirnən fin zaːn tˈatə in dɛr fˈɛtər rajʃ ʃmˈɛlka, vus iz ɡəvˈejn nux in sibˈir mitn kˈaliʃliʦər ruv, in rajʃ naftˈuli ˈili ʃlˈixu, zaj zˈɛnən ɡˈitə bˈɛtər far ˈalə.
184_165032_0409|די חופה פון מיין ניס איז פארגעקומען ביי זיין שטוב, ביי זיין הויז, ס'איז א וועלטענע זאך אין סקווירא, אבער כדי די שבעה זאלן קענען מיטהאלטן און קענען זיין ביי די שמחה.|də xˈɔjfɛ fin maːn nis iz farɡəkˈimən baː zaːn ʃtib, baː zaːn hoʊz, siz a vˈɛltənə zax in skvˈira, ˈɔbər kədˈaj də ʒbə zɔln kˈɛnən mˈithaltn in kˈɛnən zaːn baː də sˈimxə.
184_165032_0410|כאטש ביי איין פארט האט מען געמאכט דארטן די חופה, און דער רבי איז געקומען צום חופה דארטן אז זיי זאלן קענען עפעס מיטהאלטן.|xɔʧ baː ajn fɔrt hut mɛn ɡəmˈaxt dɔrtn də xˈɔjfɛ, in dɛr rˈɛbə iz ɡəkˈimən ʦim xˈɔjfɛ dɔrtn az zaj zɔln kˈɛnən ˈɛpəs mˈithaltn.
184_165032_0411|חוץ דעם, האט דער טאטע געהאט, ער האט געקענט זיין ביי די חתונה, ער האט נאר געקענט טאנצן איינמאל מיט די חתן, און ער האט נישט געקענט טאנצן מיט די עולם.|xiʦ dejm, hut dɛr tˈatə ɡəhˈat, ɛr hut ɡəkˈɛnt zaːn baː də xˈasənə, ɛr hut nɔr ɡəkˈɛnt tanʦn ˈajnmul mit də xusn, in ɛr hut niʃt ɡəkˈɛnt tanʦn mit də ˈɔjləm.
184_165032_0412|אמן אמן, אמן אמן, וואס איז אויך נפטר געווארן נעכטן, אבא של אבא.|ˈumajn ˈumajn, ˈumajn ˈumajn, vus iz ɔjx npˈatər ɡəvˈɔrn nɛxtn, ˈabə ʃɛl ˈabə.
184_165032_0414|יא, דארף מען זאגן פאר די יוגנט ווער דאס איז.|ju, daf mɛn zuɡn far də jiɡnt vɛr dus iz.
184_165032_0416|איך פלעגן טרעפן אמאל ביי מצוה, איך האב געגרייט, איז ער פונקט געקומען, איך פלעג מיר ווייזן זאכן וואס ער האט חידושים נפלאים.|ix flɛɡn trɛfn amˈul baː mˈiʦvə, ix hub ɡəɡrˈajt, iz ɛr pinkt ɡəkˈimən, ix flɛɡ mir vajzn zaxn vus ɛr hut xidˈiʃim nflaːm.
184_165032_0417|איך בין א פאר חדשים צוריק אין שפיטאל, איך בין ביי מיין טאטע ר' מרדכי מלחנא פייגעלער, איך בין איך בין|ix bin a far xadˈuʃim ʦirˈik in ʃpˈitul, ix bin baː maːn tˈatə rajʃ mˈurtxə mlxna fˈajɡələr, ix bin ix bin
184_165032_0418|איך האב אויך געהאט די זכיה צו גראמען פאר אים ממש בפתחי רוח יעקב.|ix hub ɔjx ɡəhˈat də zxi ʦi ɡrˈamən far ejm mˈamiʃ bəpˈisxaj rˈiəx jˈankəv.
184_165032_0419|ער איז געווען גאר א חשוב'ער איד, ר' מאיר דוד, יא, גאר א חשוב'ער איד. ער האט א צורה געהאט.|ɛr iz ɡəvˈejn ɡur a xˈuʃivər jid, rajʃ mˈajər dˈuvid, ju, ɡur a xˈuʃivər jid. ɛr hut a ʦˈirə ɡəhˈat.
184_165032_0420|יא, איך האב געזען, ער איז נישט געזונט געווען, ער איז געווען אריין און ארויס פון שפיטאל.|ju, ix hub ɡəzˈejn, ɛr iz niʃt ɡəzˈint ɡəvˈejn, ɛr iz ɡəvˈejn arˈaːn in arˈoʊs fin ʃpˈitul.
184_165032_0421|ער האט גערופן, האסטו געקענט מיינען אז דער איד איז... אלעס גייט אים גוט און ער איז געזונט און שטארק. אייביג געלאכט, אייביג געשמייכלט, און אייביג...|ɛr hut ɡərˈifn, hˈusti ɡəkˈɛnt mˈajnən az dɛr jid iz ˈaləs ɡajt ejm ɡit in ɛr iz ɡəzˈint in ʃtark. ˈajbiɡ ɡəlˈaxt, ˈajbiɡ ɡəʃmˈajxlt, in ˈajbiɡ
184_165032_0422|יא, ווער געלאכט? אבא פלעגט מיך אסאך מאל רופן, אבא ווינקלער.|ju, vɛr ɡəlˈaxt ? ˈabə flɛɡt mix ˈasax mul rifn, ˈabə vˈinklər.
184_165032_0423|מיין טאטע איז יעצט אין שפיטאל, תומ"ה לטובה, אייביג אויף א טעלעפאן רופט אים די כיבוד אב פון דעם, און איך פלעג אים רופן, און ער פלעגט מיר זאגן גוטע ווערטלעך, גוטע זאכן.|maːn tˈatə iz jɛʦt in ʃpˈitul, tuf vuv mɛm haj lətˈɔjvə, ˈajbiɡ oʊf a tˈɛləfan rift ejm də xˈibid ab fin dejm, in ix flɛɡ ejm rifn, in ɛr flɛɡt mir zuɡn ɡˈitə vˈɛrtləx, ɡˈitə zaxn.
184_165032_0424|און יא, יהא זכרו ברוך, וואס איז שייך צו זאגן?|in ju, ˈiha zxri bˈurəx, vus iz ʃˈaːəx ʦi zuɡn ?
184_165032_0425|און ס'איז אויך אוועק די וואך א ריז אין עולם הכשרות, הרב ר' אברהם יצחק, וואס זאגט מען עס?|in siz ɔjx avˈɛk də vɔx a riz in ˈɔjləm hakʃˈajrɔjs, harˈaːv rajʃ ˈavrum jˈiʦxuk, vus zuɡt mɛn ɛs ?
184_165032_0426|דזשורעוועל? יא, יא.|ʤˈirəvəl ? ju, ju.
184_165032_0427|איך האב אינטערוויוט טאקע זיין חבר, ר' בנימין נויפעלד, פון א טוויקן וואס איז געווען זייער נאנט מיט אים.|ix hub ˈintərvjit tˈakə zaːn xˈavər, rajʃ bənˈiumən nˈɔjfəld, fin a tvikn vus iz ɡəvˈejn zˈajər nant mit ejm.
184_165032_0428|ער זאגט מיר אז ער איז געווען די גרעסטע ריז פון אינגרידיענטס און כשרות, אן קיין חשבונות, אן קיין חנופה.|ɛr zuɡt mir az ɛr iz ɡəvˈejn də ɡrˈɛstə riz fin ˈinɡridiənʦ in kʃˈajrɔjs, un kan xɛʃbˈɔjnɔjs, un kan xnˈifə.
184_165032_0432|יא, ער איז געווען זייער א חשוב'ע איד אין בארא פארק.|ju, ɛr iz ɡəvˈejn zˈajər a xaʃˈivə jid in barˈa park.
184_165032_0434|אבל אנחנו ואבותינו, יא, איך האב געהאט די נאמבער פון רבי בערל אויב דו ווילסט אים רופן. האסטו יא דערמאנט וועגן... אה, ס'איז יעצט. האסטו דערמאנט, איך גלייב דיר אז מ'איז נאר צו פארנומען.|uvl anˈaxni vaavɔjsˈajni, ju, ix hub ɡəhˈat də nˈambər fin rˈɛbə bɛrl ɔjb di vilst ejm rifn. hˈusti ju dərmˈant vejɡn a, siz jɛʦt. hˈusti dərmˈant, ix ɡlajb dir az miz nɔr ʦi farnˈimən.
184_165032_0435|יא יא. אן אטאפסי באריכט האט באשטעטיגט אז דו געדענקסט די מעשה אין מאנטריאל, מיט די שיסעריי, מיכאל משה מזרחי,|ju ju. un ˈatafsi barˈixt hut baʃtˈɛtiɡt az di ɡədˈɛnkst də mˈaːsə in mˈantrial, mit də ʃˈisəraj, mixˈuəl mˈɔjʃə mizrˈuxi,
184_165032_0436|מיט די מאלל, מיט דיין בריזעריי האט ער גערעדט וועגן דעם, די מציאנע איד. נאך מ'האט געטשעקט,|mit də mall, mit daːn brˈizəraj hut ɛr ɡərˈɛt vejɡn dejm, də mʦˈianə jid. nux mhut ɡəʧˈɛkt,
184_165032_0437|האט ער זיך ארויסגעשטעלט אז ער איז אומגעקומען דורך א קויל פונעם שיסער. אה, דעמאלטס איז דא... נישט די פאליס? נישט די פאליציי, ניין. אינטערעסאנט,|hut ɛr zix arˈoʊzɡəʃtəlt az ɛr iz ˈimɡəkimən dˈɔrəx a kɔjl fˈinəm ʃˈisər. a, dˈɛmalʦ iz du niʃt də pˈalis ? niʃt də pˈɔliʦaj, najn. intərəsˈant,
184_165032_0438|מ'האט געהאלט געזעצט דורך די פאליציי. יא, מ'האט אזוי געהאט געזאגט, מ'האט עס נישט אזוי געזען.|mhut ɡəhˈalt ɡəzˈɛʦt dˈɔrəx də pˈɔliʦaj. ju, mhut azˈɔj ɡəhˈat ɡəzˈuɡt, mhut ɛs niʃt azˈɔj ɡəzˈejn.
184_165032_0443|אז ס'קען זיין די ערשטע מאל וואס דער רבי זאל זיין געזונט וועט זיך נישט משתתף זיין ביי אן אייניקל'ס חתונה וואס גייט פארקומען אין ארץ ישראל. דער איידעם, דער זוועהילער רבי,|az skɛn zaːn də ˈɛrʃtə mul vus dɛr rˈɛbə zul zaːn ɡəzˈint vɛt zix niʃt miʃtˈatajf zaːn baː un ˈajnikls xˈasənə vus ɡajt farkˈimən in ˈɛrəʦ jisrˈuəl. dɛr ˈajdəm, dɛr zvˈɛhilər rˈɛbə,
184_165032_0444|מיין חתונה אין ארץ ישראל. און זיי גייען אהיימקומען צו א שבע ברכות וואס וועט זיין דא.|maːn xˈasənə in ˈɛrəʦ jisrˈuəl. in zaj ɡˈajən ahˈajmkimən ʦi a ʃˈɛvə brˈuxəs vus vɛt zaːn du.
184_165032_0445|די חתן כלה זענען געקומען אינמיטן די שבע ברכות קיין אמעריקע? יא, זיי גייען אהערקומען, דאס וועט זיין א שבע ברכות.|də xusn kˈalə zˈɛnən ɡəkˈimən ˈinmitn də ʃˈɛvə brˈuxəs kan amˈɛrikə ? ju, zaj ɡˈajən ahˈɛrkimən, dus vɛt zaːn a ʃˈɛvə brˈuxəs.
184_165032_0446|שוין ביי בית צדיקים, פארגאנגענע וואך האבן די ספרד'ישע אנגעהויבן זאגן סליחות. יא, יא.|ʃɔjn baː bajs ʦdˈikim, farɡˈanɡənə vɔx hubn də sfrdˈiʃə ˈunɡəhɔjbn zuɡn slˈixis. ju, ju.
184_165032_0447|חטאנו לפניך. יעצט א מורא'דיג ווארט נעכטן פון הייליגן רבי אלימלך. ווען וואלט איך עס געהערט, איך געענק שוין נישט.|xutˈuni lfnix. jɛʦt a mˈiradiɡ vɔrt nɛxtn fin hˈajliɡn rˈɛbə əlˈimajləx. vɛn vɔlt ix ɛs ɡəhˈirt, ix ɡəˈɛnk ʃɔjn niʃt.
184_165032_0448|וואס הייסט אבל אנחנו ואבותינו חטאנו? אז א טאטע קען באשטיין אז א קינד זאל זאגן אז ער האט געזינדיגט דעם טאטן, אז ער איז שולדיג וועגן דעם,|vus hajst uvl anˈaxni vaavɔjsˈajni xutˈuni ? az a tˈatə kɛn baʃtˈajn az a kind zul zuɡn az ɛr hut ɡəzˈindiɡt dejm tatn, az ɛr iz ʃˈildiɡ vejɡn dejm,
184_165032_0449|כדי עס זאל זיין א מליץ יושר אז די קינדער זענען שולדיג געווארן אז דער טאטע האט אים נישט גוט מחנך געווען. דער טאטע קען באשטיין. יא, וואס האט ער געזאגט? אין בעלז,|kədˈaj ɛs zul zaːn a mˈajləʦ jˈɔjʃər az də kˈindər zˈɛnən ʃˈildiɡ ɡəvˈɔrn az dɛr tˈatə hut ejm niʃt ɡit maxanˈɛxu ɡəvˈejn. dɛr tˈatə kɛn baʃtˈajn. ju, vus hut ɛr ɡəzˈuɡt ? in bɛlz,
184_165032_0450|מוצאי שבת האט מען געזונגען המבדיל אויף די ספרד'ישע סליחות טון. אזוי ווי צו נעמען אזוי.|mˈuʦə ʃˈabəs hut mɛn ɡəzˈinɡən hamˈavdil oʊf də sfrdˈiʃə slˈixis tin. azˈɔj vi ʦi nˈɛmən azˈɔj.
184_165032_0453|אז מ'צינדט אן עקסטערע לעכט לע"נ אויף שבת, קען מען צולייגן ניגונים מוצאי שבת.|az mʦindt un ˈɛkstərə lɛxt lˈaməd ˈajən nin oʊf ʃˈabəs, kɛn mɛn ʦˈilajɡn niɡˈinim mˈuʦə ʃˈabəs.
184_165032_0454|נישט צוגעלייגט קיין ניגון סתם, אבדל אויף דעם טאן. א געדאנק, יא. דאס איז אזוי ווי זיך צו...|niʃt ʦˈiɡəlajɡt kan niɡn stam, abdl oʊf dejm tan. a ɡədˈank, ju. dus iz azˈɔj vi zix ʦi
184_165032_0455|דער בעלזער רב איז אלעמאל אזוי צו מקרב זיין יעדער איד און ווייזן יעדן איינעם אז...|dɛr bˈɛlzər ruv iz ˈaləmal azˈɔj ʦi mikˈɛrəv zaːn jˈɛdər jid in vajzn jejdn ˈajnəm az
184_165032_0457|יא, יא, יא.|ju, ju, ju.
184_165032_0458|וואס נאך? ס'איז געווען א מעשה אין שאפראן, וואס מ'האט געהאט גערעדט פון די פאריגע וואך, די דריי קינדער, די עלעקטריזירונג.|vus nux ? siz ɡəvˈejn a mˈaːsə in ʃˈafran, vus mhut ɡəhˈat ɡərˈɛt fin də furˈiɡə vɔx, də draj kˈindər, də ələktrizˈirinɡ.
184_165032_0459|יונתן שווארץ איז געווען באזוכן, לייביש ליש איז געווען באזוכן. אה, יא, ער איז געגאנגען באזוכן. וואס מאכן די קינדערלעך?|jɔjnˈusun ʃvarʦ iz ɡəvˈejn bazˈixn, lˈajbiʃ liʃ iz ɡəvˈejn bazˈixn. a, ju, ɛr iz ɡəɡˈanɡən bazˈixn. vus maxn də kˈindərləx ?
184_165032_0461|זיי האבן געווארן זייער זייער שטארקע בראנד וואונדן, און זיי זענען באנדאזשירט פון כף רגל ועד ראש, אבער ס'איז געווען נסים ונפלאות.|zaj hubn ɡəvˈɔrn zˈajər zˈajər ʃtˈarkə brand vindn, in zaj zˈɛnən bandˈaʒirt fin kuf rɛɡl ˈiəd rɔjʃ, ˈɔbər siz ɡəvˈejn nsim vniflˈuɔjs.
184_165032_0462|פארוואס?|farvˈus ?
184_165032_0464|און דער בוים איז געפאלן... איך וואלט אריינגערופן דער העד קאונסלער. וועמען, ר' קליין? יא. קאל אים. ער האט גראדע גערעדט דא אויפן סיסטעם פאריגע וואך.|in dɛr bɔjm iz ɡəfˈaln ix vɔlt arˈaːnɡərifn dɛr hɛd kˈinslər. vˈɛmən, rajʃ klajn ? ju. kal ejm. ɛr hut ɡrˈadə ɡərˈɛt du afn sˈistəm furˈiɡə vɔx.
184_165032_0465|אויף וועגן דעם? ניין, ער האט נישט גערעדט וועגן די ווילטשעיר, ער האט גערעדט וועגן די בכלל.|oʊf vejɡn dejm ? najn, ɛr hut niʃt ɡərˈɛt vejɡn də vˈilʧajr, ɛr hut ɡərˈɛt vejɡn də bəxlˈaːl.
184_165032_0466|אין טאהש האט מען יעצט די וואך האט זיך געשלאסן א קאפיטל, די לעצטע פאבליק פאון איז געווארן אוועקגעטראגן.|in taʃ hut mɛn jɛʦt də vɔx hut zix ɡəʃlˈasn a kˈapitl, də lˈɛʦtə fˈublik foʊn iz ɡəvˈɔrn avˈɛkɡətraɡn.
184_165032_0467|יא, יא, יא, דו קענסט טאקע אריינרופן אזוי ווייסטו. ס'איז נאך דא פאבליק פאונס ביי ענק אין בארא פארק?|ju, ju, ju, di kɛnst tˈakə arˈaːnrifn azˈɔj vˈajsti. siz nux du fˈublik fins baː ɛnk in barˈa park ?
184_165032_0469|זיי האבן אריינגעלייגט פאר די חידוש שבו, פאר די יניקה שבו, האבן זיי אריינגעלייגט, און מ'קומט אריין אין די סטאר, א פאבליק פאון, ס'ארבעט. איך האב געטשעקט. יא?|zaj hubn arˈaːnɡəlajɡt far də xˈidiʃ ʒbi, far də jənˈikə ʒbi, hubn zaj arˈaːnɡəlajɡt, in mkimt arˈaːn in də star, a fˈublik foʊn, sˈarbət. ix hub ɡəʧˈɛkt. ju ?
184_165032_0470|יא.|ju.
184_165032_0471|אין מאנהעטן איז געווען עפעס א שטיקל, האסטו מיר געזאגט פרייטאג צונאכטס. אה, יא. אונז האבן מיר נישט געהאט געהעריג גערעדט דערפון.|in mˈanhətn iz ɡəvˈejn ˈɛpəs a ʃtikl, hˈusti mir ɡəzˈuɡt frˈaːtuɡ ʦˈinaxʦ. a, ju. inz hubn mir niʃt ɡəhˈat ɡəhˈɛriɡ ɡərˈɛt dərfˈin.
184_165032_0473|איך האב גראדע גערעדט מיט אים פריוואט, יא, ער היילט זיך.|ix hub ɡrˈadə ɡərˈɛt mit ejm frˈivat, ju, ɛr hajlt zix.
184_165032_0474|ער האט חתונה געהאט די וואך, איינער פון די משכונות. אה, יא, יא, יא, איך האב געהערט דערפון.|ɛr hut xˈasənə ɡəhˈat də vɔx, ˈajnər fin də maʃkˈɔjnɔjs. a, ju, ju, ju, ix hub ɡəhˈirt dərfˈin.
184_165032_0475|יא, און ער האט ערפילט זיין הבטחה.|ju, in ɛr hut ˈɛrfilt zaːn haftˈuxə.
184_165032_0476|ווען ער איז געווען אין געפענגעניש ביי די כאמאס האט ער צוגעזאגט אז ווען ער קומט ארויס און ער וועט חתונה האבן, וועט ער אונטער די חופה זאגן שמע ישראל.|vɛn ɛr iz ɡəvˈejn in ɡəfˈɛnɡəniʃ baː də xˈamas hut ɛr ʦˈiɡəzuɡt az vɛn ɛr kimt arˈoʊs in ɛr vɛt xˈasənə hubn, vɛt ɛr ˈintər də xˈɔjfɛ zuɡn ʃmə jisrˈuəl.
184_165032_0477|און די וואך איז דאס געווען טאקע.|in də vɔx iz dus ɡəvˈejn tˈakə.
184_165032_0478|גוט זאל זיין א שמע ישראל ביי די חופה. וואו. יא.|ɡit zul zaːn a ʃmə jisrˈuəl baː də xˈɔjfɛ. vi. ju.
184_165032_0480|דער פאפא רבי'ס זון זאל זיין געזונט פארט קיין ארץ ישראל, מאכט א געהעריגע נסיעה.|dɛr fˈafa rbis zin zul zaːn ɡəzˈint fɔrt kan ˈɛrəʦ jisrˈuəl, maxt a ɡəhˈɛriɡə nəsˈiə.
184_165032_0481|ווייל דער רבי איז שוין נישט בכח, פארט מען אויף א נסיעה צוזאמען מיט'ן רבי'נס עלטסטע זון. אויף אלעס גוטס.|vaːl dɛr rˈɛbə iz ʃɔjn niʃt bxˈɔjxa, fɔrt mɛn oʊf a nəsˈiə ʦizˈamən mitn rbins ˈɛlʦtə zin. oʊf ˈaləs ɡiʦ.
184_165032_0482|אמן.|ˈumajn.
184_165032_0483|אינטערעסאנט אז אין קראלי שול איז א תפילין פארלוירן געגאנגען, און ס'איז געווארן לעבעדיג יום טוב אין די וואכן.|intərəsˈant az in krˈali ʃil iz a tfiln farlˈɔjrn ɡəɡˈanɡən, in siz ɡəvˈɔrn lˈɛbədiɡ jɔjm tɔjv in də vɔxn.
184_165032_0484|איז מען נאכגעגאנגען די קאמערעס און מ'האט געזען ווי א קליין קינד נעמט עס און פאקט עס אריין אין א שאנק. וואו, וואו.|iz mɛn nˈaxɡəɡanɡən də kˈamərəs in mhut ɡəzˈejn vi a klajn kind nɛmt ɛs in pakt ɛs arˈaːn in a ʃank. vi, vi.
184_165032_0485|איך האב טאקע געהאט, אז מ'רעדט פון תפילין, איך האב געהאט די וואך אן אינטערוויו מיט א חשוב'ע סופר פון א קאנטרי וואס איינער קען מיר רעדן וועגן אז מ'זאל בודק זיין די מזוזות אין די קעטסקילס.|ix hub tˈakə ɡəhˈat, az mrɛdt fin tfiln, ix hub ɡəhˈat də vɔx un ˈintərvji mit a xaʃˈivə sˈɔjfər fin a kˈantri vus ˈajnər kɛn mir rɛdn vejɡn az mzul bidk zaːn də mzˈizɔjs in də kˈɛʦkils.
184_165032_0487|ס'האט ארויסגעברענגט אז א גאנץ ווינטער מ'קען נישט וויסן וואס געשעט. ס'איז וויכטיג בודק צו זיין די מזוזות אין די קאנטריס.|səhˈut arˈoʊzɡəbrənɡt az a ɡanʦ vˈintər mˈɛkən niʃt visn vus ɡəʃˈɛt. siz vˈixtiɡ bidk ʦi zaːn də mzˈizɔjs in də kˈantris.
184_165032_0488|יא, ס'איז געווען א פלאץ וואס איז געווען א... מ'האט געזען אז איין הענט ווערט צעבראכן, די צווייטע לייט אויף די הענט, די לייט אויף די הענט.|ju, siz ɡəvˈejn a plaːʦ vus iz ɡəvˈejn a mhut ɡəzˈejn az ajn hɛnt virt ʦəbrˈaxn, də ʦvˈajtə lajt oʊf də hɛnt, də lajt oʊf də hɛnt.
184_165032_0489|ער מיינט מ'דארף טשעקן די מזוזות. וואס איז די צווייטע? איך וואלט געטשעקט די מזוזות, אבער בכלל נישט דא.|ɛr majnt mdaf ʧɛkn də mzˈizɔjs. vus iz də ʦvˈajtə ? ix vɔlt ɡəʧˈɛkt də mzˈizɔjs, ˈɔbər bəxlˈaːl niʃt du.
184_165032_0490|ווייסט ווי יענער האט געזאגט? ר' מלמד, טו דיר אויס די גלעזער. דו האסט נישט? גיי בארג דיר. נעם דיין תפילין און גיי אהיים. יא, בארג דיר,|vajst vi jˈɛnər hut ɡəzˈuɡt ? rajʃ mlˈamajd, ti dir oʊs də ɡlˈɛzər. di hust niʃt ? ɡaj barɡ dir. nɛm daːn tfiln in ɡaj ahˈajm. ju, barɡ dir,
184_165032_0491|יא.|ju.
184_165032_0492|וועלט, גייט זיין עפעס א נסיעה אויך פון וויזשניץ מאנסי קיין ארץ ישראל? פון דעם האסטו געהערט? ניין, איך האב נישט געהערט, קען זיין. עפעס א נסיעה פון וויזשניץ מאנסי האב איך געליינט טאקע פאריגע וואך אין "מטעמים",|vɛlt, ɡajt zaːn ˈɛpəs a nəsˈiə ɔjx fin vˈiʒniʦ mˈɔnsi kan ˈɛrəʦ jisrˈuəl ? fin dejm hˈusti ɡəhˈirt ? najn, ix hub niʃt ɡəhˈirt, kɛn zaːn. ˈɛpəs a nəsˈiə fin vˈiʒniʦ mˈɔnsi hub ix ɡəlˈajnt tˈakə furˈiɡə vɔx in matˈamim
184_165032_0493|זיי האבן זייער געפאלן. זיי האבן פארציילט די באקאנטע מעשה, דער וויזשניץ מאנסי'ער רבי האט יארן צוריק געדארפט גיין אויף א פליגער, און ער האט נישט געוואלט פארפאסן מנחה במנין,|zaj hubn zˈajər ɡəfˈaln. zaj hubn farʦˈajlt də bakˈantə mˈaːsə, dɛr vˈiʒniʦ mˈansiər rˈɛbə hut jurn ʦirˈik ɡədˈarft ɡajn oʊf a flˈiɡər, in ɛr hut niʃt ɡəvˈɔlt farfˈasn mˈinxə bmnin,
184_165032_0494|האט ער אפגעשטופט די פליגער, און די פליגער וואו ער האט געדארפט זיין האט געקראכט. און מ'האט אים אינטערוויוט פון אלע צייטונגען,|hut ɛr ˈɔpɡəʃtift də flˈiɡər, in də flˈiɡər vi ɛr hut ɡədˈarft zaːn hut ɡəkrˈaxt. in mhut ejm ˈintərvjit fin ˈalə ʦˈajtinɡən,
184_165032_0495|ער האט פארציילט וועגן די כח פון תפילה בציבור, זאגט ער אז ער גלייבט באמונה שלימה אז אויב ער וואלט געווען אויף יענע פליגער וואס האט געקראכט,|ɛr hut farʦˈajlt vejɡn də kˈɔjəx fin tfˈilə bˈɛʦibər, zuɡt ɛr az ɛr ɡlaːbt bəəmˈinə ʃlˈimə az ɔjb ɛr vɔlt ɡəvˈejn oʊf jˈɛnə flˈiɡər vus hut ɡəkrˈaxt,
184_165032_0497|בטעות איז געשען אויף אן אנדערע פליגער וואס האט איבערגעלעבט.|btˈuis iz ɡəʃˈɛn oʊf un ˈandərə flˈiɡər vus hut ˈibərɡəlejbt.
184_165032_0498|דו האסט גערעדט מיט די רוסלאנד אוקראינישע רבנים? נעכטן גערעדט מיט ר' משה קרייס, יא. וואס זאגט ער? ער זאגט אז דאס אז אזויפיל יאר נאך אין רוסלאנד האט נאך אלץ נישט געווען די מלחמה,|di hust ɡərˈɛt mit də rˈusland ˈikraːniʃə rˈabunim ? nɛxtn ɡərˈɛt mit rajʃ mˈɔjʃə krajs, ju. vus zuɡt ɛr ? ɛr zuɡt az dus az ˈazɔjfil jur nux in rˈusland hut nux alʦ niʃt ɡəvˈejn də milxˈumə,
184_165032_0499|איז א סימן אז די רוסישע בער איז נישט וואס מ'האט געמיינט, יא. ס'איז נישט וואס מ'האט געמיינט,|iz a sˈimən az də rˈisiʃə bɛr iz niʃt vus mhut ɡəmˈajnt, ju. siz niʃt vus mhut ɡəmˈajnt,
184_165032_0500|אבער ס'איז נאך אלץ. איך מיין די וואך איז געווען עפעס א שטארקע אטאקע פון רוסלאנד קיין אוקראינע. יא, אבער ווען די מלחמה האט זיך אנגעהויבן האט מען געמיינט געב עס צוויי דריי וואכן און אוקראינע איז אפגעווישט,|ˈɔbər siz nux alʦ. ix maːn də vɔx iz ɡəvˈejn ˈɛpəs a ʃtˈarkə ˈatakə fin rˈusland kan ˈikraːnə. ju, ˈɔbər vɛn də milxˈumə hut zix ˈunɡəhɔjbn hut mɛn ɡəmˈajnt ɡɛb ɛs ʦvaj draj vɔxn in ˈikraːnə iz ˈɔpɡəviʃt,
184_165032_0501|יא? ווייל זעלענסקי גייט אן אים סוט, און אלעס גייט אן.|ju ? vaːl zˈɛlənski ɡajt un ejm sit, in ˈaləs ɡajt un.
184_165032_0502|יא, דער פרעזידענט איז שוין א גוט אפאר יאר, און ער איז א שטיקל הירא ווי מ'וויל צו נישט. יא.|ju, dɛr prəzidˈɛnt iz ʃɔjn a ɡit apˈur jur, in ɛr iz a ʃtikl hˈira vi mvil ʦi niʃt. ju.
184_165032_0505|איך האב געווען די וואך זונטאג, ס'איז געווען א באנקעט ביי די עמודי עולם וואס איך האב פארציילט א צייט צוריק, ווען מ'האט געדאפלט אין סקווירא די כולל יונגעלייט.|ix hub ɡəvˈejn də vɔx zˈintaɡ, siz ɡəvˈejn a bankˈɛt baː də ˈɛmidi ˈɔjləm vus ix hub farʦˈajlt a ʦaːt ʦirˈik, vɛn mhut ɡədˈaflt in skvˈira də kˈɔjləl jˈinɡəlajt.
184_165032_0506|האט דער מייק לאולער אויפגעטרעטן דארטן, ער האט פארציילט אינטערעסאנטע זאכן פון די קוליסן,|hut dɛr majk lˈilər ˈɔjfɡətrətn dɔrtn, ɛr hut farʦˈajlt ˈintərəsantə zaxn fin də kˈilisn,
184_165032_0507|די צייט וואס האט שייכות מיט בני תורה. ער האט קודם געזאגט אז מ'האט נישט רעקארדן, אלעס וועט בלייבן אויף די רעקארד,|də ʦaːt vus hut ʃˈajjxus mit bnaj tˈɔjrə. ɛr hut kˈɔjdəm ɡəzˈuɡt az mhut niʃt rˈɛkardn, ˈaləs vɛt blaːbn oʊf də rˈɛkard,
184_165032_0508|אבער איין זאך וועל איך פארציילן.|ˈɔbər ajn zax vɛl ix farʦˈajln.
184_165032_0509|אין שבועות איז דאך טראמפ געווען אין מאנסי. איז מייק לאולער, ער איז דאך פון די נאנטע מענטשן צום פרעזידענט, און אין שמועסן מיט אים אין מאנסי האט מען זיך עפעס צוזאמגערעדט,|in ʃvˈiəs iz dɔx trɔmp ɡəvˈejn in mˈɔnsi. iz majk lˈilər, ɛr iz dɔx fin də nˈantə mɛnʧn ʦim prəzidˈɛnt, in in ʃmˈiəsn mit ejm in mˈɔnsi hut mɛn zix ˈɛpəs ʦˈizamɡərədt,
184_165032_0510|און לאולער האט געכאפט אז טראמפ מיינט אז ער איז א איד. און לאולער האט אים קלארגעשטעלט אז ער איז קיין איד קיינמאל נישט געווען, ער פלאנט נישט צו זיין,|in lˈilər hut ɡəxˈapt az trɔmp majnt az ɛr iz a jid. in lˈilər hut ejm klˈarɡəʃtəlt az ɛr iz kan jid kˈajnmul niʃt ɡəvˈejn, ɛr flant niʃt ʦi zaːn,
184_165032_0511|און טראמפ איז געווען שאקט אז ער איז א פאלנער גוי.|in trɔmp iz ɡəvˈejn ʃakt az ɛr iz a fˈalnər ɡɔj.
184_165032_0512|ווייל לאולער זאגט אז ער האט שוין פארדעם חושד געווען, עפעס שטימט נישט, ווייל ווען ער האט באפרייט די משכונות אין ארץ ישראל,|vaːl lˈilər zuɡt az ɛr hut ʃɔjn fardˈejm xˈɔjʃajd ɡəvˈejn, ˈɛpəs ʃtimt niʃt, vaːl vɛn ɛr hut bafrˈajt də maʃkˈɔjnɔjs in ˈɛrəʦ jisrˈuəl,
184_165032_0514|אז ער איז א פני גוי.|az ɛr iz a pni ɡɔj.
184_165032_0515|שפעטער איז טראמפ געווען ערגעץ צוזאמען מיט אים און מיט רבי... אן אנדערע איד וואס לויפט יעצט פאר ניו יארק גאווערנאר אן,|ʃpˈejtər iz trɔmp ɡəvˈejn ˈɛrɡəʦ ʦizˈamən mit ejm in mit rˈɛbə un ˈandərə jid vus lɔjft jɛʦt far nju jɔrk ɡˈavərnar un,
184_165032_0516|יא א אידיש קינד, וואס קוקט אויס פארקערט. האט טראמפ דעמאלטס געזאגט, "ביז יעצט האט מען געמיינט אז דער יענער איז א גוי, און דו לאולער ביסט א איד.|ju a jˈidiʃ kind, vus kikt oʊs farkˈɛrt. hut trɔmp dˈɛmalʦ ɡəzˈuɡt, biz jɛʦt hut mɛn ɡəmˈajnt az dɛr jˈɛnər iz a ɡɔj, in di lˈilər bist a jid.
184_165032_0517|דערווייל האט זיך אפגעוואלט אז ס'איז פונקט פארקערט. איי געס איז די בארד וואס דו האסט," האט ער אים געזאגט.|dərvˈaːl hut zix ˈupɡəvɔlt az siz pinkt farkˈɛrt. aj ɡɛs iz də bard vus di hust hut ɛr ejm ɡəzˈuɡt.
184_165032_0518|ווייסטו וועמען איך רעד פון דעם וואס לויפט דארטן? איך קען נאך נישט אזוי אויסנעמען ווערן. ענער בלעקמאן? בראס בלעקמאן?|vˈajsti vˈɛmən ix rɛd fin dejm vus lɔjft dɔrtn ? ix kɛn nux niʃt azˈɔj ˈoʊsnəmən virn. ˈɛnər blˈɛkman ? bras blˈɛkman ?
184_165032_0519|נישט ער איז געווארנען צו קענען מיטהאלטן די לעבן שמועס לייוו? נאר פאר דעם האב איך יא געמענטשט די נאמען.|niʃt ɛr iz ɡəvˈarnən ʦi kˈɛnən mˈithaltn də lejbn ʃmˈiəs lajv ? nɔr far dejm hub ix ju ɡəmˈɛnʧt də nˈumən.
184_165032_0520|איינע פון די גורלות פון קעמפ איז אז דער יונגל קען געוואוינען צו זיין דא לייוו בשעת מ'מאכט דעם שמועס.|ˈajnə fin də ɡɔjrˈulɔjs fin kɛmf iz az dɛr jinɡl kɛn ɡəvˈɔjnən ʦi zaːn du lajv biʃˈas mmaxt dejm ʃmˈiəs.
184_165032_0521|איך האב דא א לעכטיגע יונגל לעבן מיר, איך ווייס נישט איך זאל זאגן זיין נאמען. אקעי. פרעג אדער נישט. פרעג אים. שמעון בלעקמאן,|ix hub du a lˈɛxtiɡə jinɡl lejbn mir, ix vajs niʃt ix zul zuɡn zaːn nˈumən. ˈɔkaj. frɛɡ ˈɔdər niʃt. frɛɡ ejm. ʃˈimən blˈɛkman,
184_165032_0522|אפשר קען מען רעדן מיט אים א ווארט? רעדן מיט אים? איך וועל עס ארויפלייגן.|ˈɛfʃir kɛn mɛn rɛdn mit ejm a vɔrt ? rɛdn mit ejm ? ix vɛl ɛs arˈoʊflajɡn.
184_165032_0523|רעד צו אים, און מ'וועט פרעגן דעם טאטן נאכדעם. פיין.|rɛd ʦi ejm, in mvɛt frɛɡn dejm tatn nuxdˈejm. faːn.
184_165032_0524|שמעון? יא. וועלכע חלק? קודם, דו האסט געוואונען די גורל צו קענען מיטהאלטן די שמועס לייוו?|ʃˈimən ? ju. vˈɛlxə xˈajlək ? kˈɔjdəm, di hust ɡəvˈinən də ɡɔjrl ʦi kˈɛnən mˈithaltn də ʃmˈiəs lajv ?
184_165032_0525|יא. וואו! זאג מיר איין זאך, קודם דארפסטו רעדן אביסעלע העכער,|ju. vi ! zuɡ mir ajn zax, kˈɔjdəm dˈarfsti rɛdn ˈabisələ hˈɛxər,
184_165032_0526|זאג מיר איין זאך וואס דו האסט הנאה געהאט פון די שמועס היינט.|zuɡ mir ajn zax vus di hust hanˈuə ɡəhˈat fin də ʃmˈiəs haːnt.
184_165032_0527|אז איינער האט געזאגט אז ער האט געגעסן א טונא בעגל, ווייל דאס איז געווען די זאלי. וואו, דו האסט אמאל א טונא בעגל אין קאנטרי, אין קעמפ? יא. ר' וואלוול איז א גוטע ראש?|az ˈajnər hut ɡəzˈuɡt az ɛr hut ɡəɡˈɛsn a tˈina bɛɡl, vaːl dus iz ɡəvˈejn də zˈali. vi, di hust amˈul a tˈina bɛɡl in kˈantri, in kɛmf ? ju. rajʃ valvl iz a ɡˈitə rɔjʃ ?
184_165032_0529|מיר קענען רעדן מיט דער ראש.|mir kˈɛnən rɛdn mit dɛr rɔjʃ.
184_165032_0530|העלא? קען איך רעדן מיט אים? א שטיק איידלקייט באקסטו אריין. וואס האט ער געזאגט? ער האט געגעסן א טונא סענדוויטש.|hˈɛla ? kɛn ix rɛdn mit ejm ? a ʃtik ˈajdlkaːt bakstˈi arˈaːn. vus hut ɛr ɡəzˈuɡt ? ɛr hut ɡəɡˈɛsn a tˈina sˈɛndviʧ.
184_165032_0531|זיין טאטע איז געווען פאר לאנגע יארן א משמש בקודש ביים טאהשער רבי'ן, זיין טאטע אין קרית טאהש, זכותו יגן עלינו.|zaːn tˈatə iz ɡəvˈejn far lˈanɡə jurn a mʃˈamajʃ bkidʃ bam tˈaʃər rbin, zaːn tˈatə in kˈirjas taʃ, zxˈisɔj iɡn ulˈajni.
184_165032_0532|די זכות האט אים מגן געווען אז ער זאל קענען געווינען די גורל. ס'איז אריינגעקומען א פאר... מיין טאטנ'ס יומא דהילולא, א זיסע יונגל. יא.|də zxis hut ejm mˈuɡajn ɡəvˈejn az ɛr zul kˈɛnən ɡəvˈinən də ɡɔjrl. siz arˈaːnɡəkimən a far maːn tatns jˈɔjmə dhˈilila, a zˈisə jinɡl. ju.
184_165032_0533|פאריגע וואך האבן מיר גערעדט וועגן די גאולה לאטע. עטליכע מענטשן זיך געבייזערט, נישט געבייזערט, און איינער שרייבט,|furˈiɡə vɔx hubn mir ɡərˈɛt vejɡn də ɡˈulə lˈatə. ˈɛtləxə mɛnʧn zix ɡəbˈajzərt, niʃt ɡəbˈajzərt, in ˈajnər ʃraːbt,
184_165032_0535|א צווייטער שרייבט דאס אידישע... ווער? איך מיין אז אונזערע עלטערן און זיידעס וואלטן געשפרינגען פון דעם.|a ʦvˈajtər ʃraːbt dus jˈidiʃə vɛr ? ix maːn az ˈinzərə ˈɛltərn in zˈajdəs vɔltn ɡəʃprˈinɡən fin dejm.
184_165032_0536|מ'דארף פרעגן א מלחמה איבערלעבער. ער איז נאך דא. יא. ס'איז דא. דא איינער שרייבט אויך א לאנגע מגילה,|mdaf frɛɡn a milxˈumə ˈibərləbər. ɛr iz nux du. ju. siz du. du ˈajnər ʃraːbt ɔjx a lˈanɡə məɡˈilə,
184_165032_0537|ער וויל זיך באדאנקען פאר ליל שישי, אלע זאכן. אבער אלס איינער וואס העלפט אביסל ארויס מיט די מערכה קעגן גזירות ורדיפות, וויל איך געבן מיינע צוויי סענט.|ɛr vil zix badˈankən far lil ʃˈiʃi, ˈalə zaxn. ˈɔbər ˈalis ˈajnər vus hɛlft abˈisl arˈoʊs mit də marˈuxə kejɡn ɡzˈajrɔjs ˈirdifis, vil ix ɡejbn mˈaːnə ʦvaj sɛnt.
184_165032_0538|קודם, די מושג פון גאולה לאטעס איז נישט באשאפן געווארן ביים צווייטן וועלט קריג, ס'איז אן אלטע אנטיסעמיטישע ארטיקל נאך פון די מיטל אלטער תקופה וואס ברענגט ארויס אונטערדריקונג אויפ'ן אידישן פאלק.|kˈɔjdəm, də miʒɡ fin ɡˈulə lˈatəs iz niʃt baʃˈafn ɡəvˈɔrn bam ʦvajtn vɛlt kriɡ, siz un ˈaltə ˈantisəmitiʃə ˈartikl nux fin də mitl ˈaltər tkˈifə vus brɛnɡt arˈoʊs ˈintərdrikinɡ afn jˈidiʃn falk.
184_165032_0539|ווייל שיינע אידן זענען ביי די מיינונג אז זייער וואונדער אויף אידן נעמט זיך ווייל ער האט פשוט נישט די מינימום ידיעות איבער די שרעקליכע מצב פון זיינע אייגענע ברידער. דאס הייסט,|vaːl ʃˈajnə jidn zˈɛnən baː də mˈajninɡ az zˈajər vˈindər oʊf jidn nɛmt zix vaːl ɛr hut pˈuʃit niʃt də mˈinimim jdiˈɛɔjs ˈibər də ʃrˈɛkləxə mˈaʦəv fin zˈaːnə ˈajɡənə brˈidər. dus hajst,
184_165032_0540|בחורים וואס קענען נישט ארויספארן פון לאנד אפילו פאר מעדיצינישע צרכי רפואה, זיי קענען נישט דרייוון מיט א רואיגקייט אן גיין מיט קלאגעס אין פאליציי סטאנציע,|buxˈirim vus kˈɛnən niʃt arˈoʊsfarn fin land afˈilə far mˈɛdiʦiniʃə ʦrxi rəfˈiə, zaj kˈɛnən niʃt drajvn mit a rˈuaːɡkaːt un ɡajn mit klˈaɡəs in pˈɔliʦaj stˈanʦiə,
184_165032_0541|זייער בלוט איז הפקר, און די אלגעמיינע בירגער ווייסן אז זייער בלוט איז הפקר. עס איז לעצטנס פארשפרייט געווארן א ווידעא ווי אזוי א פרייער זאגט פאר א בחור אז אויב גייסטו נישט אראפ פון די באס וועט ער זיך שיסן, און קיינער גארנישט. בקיצור, פאקט אין מיליטער,|zˈajər blit iz hˈɛfkajr, in də ˈalɡəmajnə bˈirɡər vajsn az zˈajər blit iz hˈɛfkajr. ɛs iz lɛʦtns farʃprˈajt ɡəvˈɔrn a vˈidəa vi azˈɔj a frˈajər zuɡt far a bˈuxər az ɔjb ɡˈajsti niʃt arˈup fin də bas vɛt ɛr zix ʃisn, in kˈajnər ɡˈurniʃt. bˈɛkiʦər, pakt in mˈilitər,
184_165032_0542|ער בלייבט אז ס'איז יא א גוטע צושטעל די גאולה לאטעס.|ɛr blaːbt az siz ju a ɡˈitə ʦˈiʃtəl də ɡˈulə lˈatəs.
184_165032_0543|מ'האט גערעדט אין בית ר' ישעי'לע ווען די חורבן איז געווען. ס'איז א מחלוקת בבלי און ירושלמי. לויט בבלי איז עס געווען זונטאג, לויט ירושלמי מיטוואך. מיטוואך, אין קדושת של"ה הקדוש, וועגן מילכיגס.|mhut ɡərˈɛt in bajs rajʃ ˈiʃajlə vɛn də xirbn iz ɡəvˈejn. siz a mˈaxlɔjkəs bˈavli in jəriʃˈalmi. loʊt bˈavli iz ɛs ɡəvˈejn zˈintaɡ, loʊt jəriʃˈalmi mˈitvɔx. mˈitvɔx, in kdˈiʃas ʃlu hakˈudəʃ, vejɡn mˈilxiɡs.
184_165032_0544|יהודה איז מבאר מיט די צירוף פון די מחלוקת, ווייל די ווערטער פון אור החיים, אז דעמאלטס, פארוואס זונטאג עסט מען יא פלייש? קען זיין פון דא נעמט זיך די מנהג אז זונטאג עסט מען שאריים פון שבת. די קדושה,|jəhˈidə iz mbar mit də ʦˈajrəf fin də mˈaxlɔjkəs, vaːl də vˈɛrtər fin ɔjr haxˈajim, az dˈɛmalʦ, farvˈus zˈintaɡ ɛst mɛn ju flajʃ ? kɛn zaːn fin du nɛmt zix də mˈinhəɡ az zˈintaɡ ɛst mɛn ʃˈarajm fin ʃˈabəs. də kdˈiʃə,
184_165032_0545|ממילא מאכט מען נישט קיין נייע פלייש. יא, ממילא עסט מען שאריים, ס'איז אן אנדערע סארט זאך.|mˈɛmajlə maxt mɛn niʃt kan nˈaːjə flajʃ. ju, mˈɛmajlə ɛst mɛn ʃˈarajm, siz un ˈandərə sɔrt zax.
184_165032_0546|איך גיי צולייגן אז כאטש די בבלי האלט אז די חורבן איז געווען זונטאג, דאך שטייט אין גמרא אז ביי די שיר של יום יענעם טאג האבן די לוים בטעות געזאגט די שיר של יום פון מיטוואך,|ix ɡaj ʦˈilajɡn az xɔʧ də bˈavli halt az də xirbn iz ɡəvˈejn zˈintaɡ, dɔx ʃtajt in ɡəmˈurə az baː də ʃir ʃɛl jɔjm jˈɛnəm tuɡ hubn də lɔjm btˈuis ɡəzˈuɡt də ʃir ʃɛl jɔjm fin mˈitvɔx,
184_165032_0547|ממילא ווערט עס גערופן אויף מיטוואך. יישר כח.|mˈɛmajlə virt ɛs ɡərˈifn oʊf mˈitvɔx. jˈaʃər kˈɔjəx.
184_165032_0548|און צו ענטפערן מער צום שליט"א אויך, זייער מעגליך אז ס'רעגנט יא אסאך אין לאנדאן, נאר פארשלאפן עס נאר. די לאנדאנער זענען זייער סענסיטיוו צו די רעגן,|in ʦi ˈɛntfərn mɛr ʦim ʃlˈitə ɔjx, zˈajər mˈejɡləx az srɛɡnt ju ˈasax in lˈandan, nɔr farʃlˈufn ɛs nɔr. də landˈanər zˈɛnən zˈajər sˈɛnsitiv ʦi də rɛɡn,
184_165032_0549|ווייסטו. אבער יעצט האבן זיי שוין דארט מיליאנערן. יא, מיט די טונא סענדוויטש. מ'קען לייגן די רעגן וואסער אינעם סענדוויטש.|vˈajsti. ˈɔbər jɛʦt hubn zaj ʃɔjn dɔrt mˈilianərn. ju, mit də tˈina sˈɛndviʧ. mˈɛkən lajɡn də rɛɡn vˈasər ˈinəm sˈɛndviʧ.
184_165032_0550|די לונה פארק, אינטערעסאנט אז אידן האבן אריינגערופן אז אין ארץ ישראל יעדע פארק הייסט א לונה. ממילא ר' מיילעך האט געזאגט פון א פארק, האט ער געזאגט אן אינטערעסאנטע זאך.|də lˈinə park, intərəsˈant az jidn hubn arˈaːnɡərifn az in ˈɛrəʦ jisrˈuəl jˈɛdə park hajst a lˈinə. mˈɛmajlə rajʃ mˈajləx hut ɡəzˈuɡt fin a park, hut ɛr ɡəzˈuɡt un ˈintərəsantə zax.
184_165032_0551|איינער האט אפילו געשיקט א מעסעדזש אז ס'איז א חידוש אז צוויי אידן וואס רעדן פאר די פובליק זאלן נישט וויסן דאס, זאלן נישט וויסן אז יעדע פארק אין ארץ ישראל הייסט א לונה. האבן מיר געוואוסט אז דאס איז אויך א ידיעה וואס מיר דארפן וויסן.|ˈajnər hut afˈilə ɡəʃˈikt a mˈɛsəʤ az siz a xˈidiʃ az ʦvaj jidn vus rɛdn far də fˈiblik zɔln niʃt visn dus, zɔln niʃt visn az jˈɛdə park in ˈɛrəʦ jisrˈuəl hajst a lˈinə. hubn mir ɡəvˈist az dus iz ɔjx a jədˈiə vus mir daːfn visn.
184_165032_0552|יא. אקעי, יעצט ווייסטו פון דאס אויך.|ju. ˈɔkaj, jɛʦt vˈajsti fin dus ɔjx.
184_165032_0554|אויב גייסטו צו צו די פאמפ, דו טעפסט דיין קארד, אפילו ס'איז א דעביט קארד, גייט עס טשארדזשן קרעדיט. דו מוזט סעלעקטן די דעביט,|ɔjb ɡˈajsti ʦi ʦi də famf, di tɛfst daːn kard, afˈilə siz a dˈɛbit kard, ɡajt ɛs ʧarʤn krˈɛdit. di mizt sˈɛləktn də dˈɛbit,
184_165032_0555|יא, לייג אריין די קארד, די פין, און ווען מ'לייגט נאכאמאל די קארד, גייט עס נעמען ביליגער פון דיר.|ju, lajɡ arˈaːn də kard, də pin, in vɛn mlajɡt nˈuxamul də kard, ɡajt ɛs nˈɛmən bˈiliɡər fin dir.
184_165032_0557|תורה חמדת המעונן של ישראל. דו זעסט סתם פארראכטן די קדושת ציון פון די דברי שלמה, וואס איך האב שוין געזאגט יא. קען זיין.|tˈɔjrə xˈɛmdas hmˈɛinn ʃɛl jisrˈuəl. di zɛst stam farrˈaxtn də kdˈiʃas ʦjin fin də dbri ʃlˈɔjmə, vus ix hub ʃɔjn ɡəzˈuɡt ju. kɛn zaːn.
184_165032_0558|איך וועל שליסן מיט א גוט ווארט וואס איך האב געהערט פון הרב ר' יואל פייערשטיין,|ix vɛl ʃlisn mit a ɡit vɔrt vus ix hub ɡəhˈirt fin harˈaːv rajʃ jˈɔjəl fˈajərʃtajn,
184_165032_0559|זייער א גוטער בדחן, איך האב אים די וואך געהערט אין קדושת דוד אין קרית יואל, מלא חידושים מיט אזעלכע גוטע זאצן. ער זאגט מיר א גוט ווארט פונעם גר"א,|zˈajər a ɡˈitər bdxajn, ix hub ejm də vɔx ɡəhˈirt in kdˈiʃas dˈuvid in kˈirjas jˈɔjəl, mˈulə xidˈiʃim mit azˈɛlxə ɡˈitə zaʦn. ɛr zuɡt mir a ɡit vɔrt fˈinəm ɡiml rajʃ ˈaləf,
184_165032_0560|בכור נוטל פי שנים די וואך. די אותיות פון בכור אן די ו', ב' כ' ר', זענען פונקט דאפלט ווי איין אות בעפאר. דהיינו, די ב' איז דאפלט פון אן א',|bxir nitl pi ʃnim də vɔx. də ɔjsˈijɔjs fin bxir un də i ba kɔj rajʃ zˈɛnən pinkt daplt vi ajn ɔjs bəfˈar. dəhˈaːnə, də ba iz daplt fin un a
184_165032_0561|די כ' איז דאפלט פון א י', די ר' איז דאפלט פון א ק'. דאפלט פון איין אות בעפאר. בכור נוטל פי שנים. זייער שיין,|də kɔj iz daplt fin a jid də rajʃ iz daplt fin a kif daplt fin ajn ɔjs bəfˈar. bxir nitl pi ʃnim. zˈajər ʃajn,
184_165032_0562|איך וויל דיר שמועסן ביי די שמעלצער.|ix vil dir ʃmˈiəsn baː də ʃmˈɛlʦər.
184_165032_0563|איך וועל שליסן מיט א ווארט פון בעלזער רב, אבער טאקע איך דארף מכבד זיין מיין חשוב'ע מאמע. איך וועל פארגעסן צו זאגן, איך האב פריער גערעדט פון די איראנער באזוך.|ix vɛl ʃlisn mit a vɔrt fin bˈɛlzər ruv, ˈɔbər tˈakə ix daf mxˈabajd zaːn maːn xaʃˈivə mˈamə. ix vɛl faːrɡˈɛsn ʦi zuɡn, ix hub frˈiər ɡərˈɛt fin də irˈanər bazˈix.
184_165032_0564|שטעל דיך פאר נישט מער נישט ווייניגער, א האלבע שעה פאר די באזוך, ווארט מיך אפ אן איבערראשונג. מיין מאמע קומט אריין צו מיר אין קעמפ,|ʃtɛl dix far niʃt mɛr niʃt vˈajniɡər, a hˈalbə ʃu far də bazˈix, vɔrt mix ɔp un ˈibərraʃinɡ. maːn mˈamə kimt arˈaːn ʦi mir in kɛmf,
184_165032_0565|מ'רעדט נישט פון קיין יונגע פרוי. ס'איז געווען מיין געבורטסטאג,|mrɛdt niʃt fin kan jˈinɡə frɔj. siz ɡəvˈejn maːn ɡəbˈirʦtaɡ,
184_165032_0566|און זי האט זיך משתדל געווען און מטריח געווען און געקומען צו פארן. האסטו פריער געזאגט וועגן "אבל אנחנו ואבותינו חטאנו", יא? יא,|in zi hut zix miʃtˈadajl ɡəvˈejn in matrˈixa ɡəvˈejn in ɡəkˈimən ʦi farn. hˈusti frˈiər ɡəzˈuɡt vejɡn uvl anˈaxni vaavɔjsˈajni xutˈuni ju ? ju,
184_165032_0567|יא. ווייסטו די אלטע ווארט אז איין מאמע, איין טאטע, וועט אויסהאלטן צען קינדער,|ju. vˈajsti də ˈaltə vɔrt az ajn mˈamə, ajn tˈatə, vɛt ˈoʊshaltn ʦɛn kˈindər,
184_165032_0568|און צען קינדער וועלן נישט אויסהאלטן איין מאמע. וואס א מאמע וועט נישט טון פאר א קינד.|in ʦɛn kˈindər vɛln niʃt ˈoʊshaltn ajn mˈamə. vus a mˈamə vɛt niʃt tin far a kind.
184_165032_0569|מורא'דיג וואס עלטערן וועלן טון פאר זייערע קינדער. אפילו מ'זאל האבן אריכות ימים ושנים טובים. איך וויל דאס זאגן א שיין ווארט,|mˈiradiɡ vus ˈɛltərn vɛln tin far zˈajərə kˈindər. afˈilə mzul hubn arˈixis ˈimim ˈiʃnim tˈibim. ix vil dus zuɡn a ʃajn vɔrt,
184_165032_0570|אבער ער איז געווען דעם. ביי דיר טאקע קענסטו, איינער וואס איז אמאל געגאנגען צו א פעספערט אפיס, און מ'האט אים געפרעגט וועלכע קאנטרי ער איז געבוירן,|ˈɔbər ɛr iz ɡəvˈejn dejm. baː dir tˈakə kˈɛnsti, ˈajnər vus iz amˈul ɡəɡˈanɡən ʦi a fˈɛsfərt ˈɔfis, in mhut ejm ɡəfrˈɛɡt vˈɛlxə kˈantri ɛr iz ɡəbˈɔjrn,
184_165032_0571|ער איז געווען גאנץ פארלוירן, ער איז געבוירן אינמיטן ווינטער. דו קענסט אריינשריין. ולקחת לך לאשה, שטייט די וואך,|ɛr iz ɡəvˈejn ɡanʦ farlˈɔjrn, ɛr iz ɡəbˈɔjrn ˈinmitn vˈintər. di kɛnst arˈaːnʃrajn. vlukˈaxtu ləxˈu lˈaʃə, ʃtajt də vɔx,
184_165032_0573|אבער צדיקים האבן געזאגט אז כדי די ציצית זאל קענען ראטעווען דעם מענטש פון יצר הרע, דארף מען מקפיד זיין אז ס'זאל נישט פעלן אפילו איינס.|ˈɔbər ʦdˈikim hubn ɡəzˈuɡt az kədˈaj də ʦˈiʦis zul kˈɛnən rˈatəvən dejm mɛnʧ fin iʦr hrə, daf mɛn mkpid zaːn az szul niʃt fɛln afˈilə ajns.
184_165032_0574|האט געזאגט דער הייליגער רבי שלום מבעלזער, ער האט געזאגט אין רש"י, לא, אויב ער האט נאר איין און דרייסיג, ס'פעלט אים איין פאדעם.|hut ɡəzˈuɡt dɛr hˈajliɡər rˈɛbə ʃˈuləm mbˈɛlzər, ɛr hut ɡəzˈuɡt in rˈaʃi, lɔj, ɔjb ɛr hut nɔr ajn in drˈajsiɡ, sfɛlt ejm ajn fˈadəm.
184_165032_0575|איז נאך אלץ כשר, ווייל דברי תורה, אזוי האט די תורה געזאגט. אבער אלא אויב האט ער א' ל' א',|iz nux alʦ kˈuʃər, vaːl dbri tˈɔjrə, azˈɔj hut də tˈɔjrə ɡəzˈuɡt. ˈɔbər ˈala ɔjb hut ɛr a lˈaməd a
184_165032_0576|וואס איז צוויי און דרייסיג פעדעמער נגד יצר הרע, דאס העלפט קעגן יצר הרע.|vus iz ʦvaj in drˈajsiɡ fˈɛdəmər nˈɛɡəd iʦr hrə, dus hɛlft kejɡn iʦr hrə.
184_165032_0577|זאל מיין טאטע אלע האבן א פרייליכן שבת, און כל מילי דמיטב. אמן, א פרייליכן שבת.|zul maːn tˈatə ˈalə hubn a frˈajləxn ʃˈabəs, in kɔl mˈili dmitb. ˈumajn, a frˈajləxn ʃˈabəs.
184_165698_0000|ברוכים הבאים צו דעם דרעזנער שמאלץ פראגראם, א וועכנטליכע שמועס איבער די נייעס, פרשה, און עניני דיומא.|brˈixim hbaːm ʦi dejm drˈɛznər ʃmalʦ prˈɔɡram, a vˈɛxntləxə ʃmˈiəs ˈibər də nˈaːjəs, pˈarʃə, in ˈɛnini djˈima.
184_165698_0003|א גוטן ערב שבת, יצחק שלמה. וואס מאכט מען?|a ɡitn ɛrb ʃˈabəs, jˈiʦxuk ʃlˈɔjmə. vus maxt mɛn ?
184_165698_0004|ברוך השם. נו, שוין אהיימגעשיקט די קינדער?|bˈurəx haʃˈɛm. ni, ʃɔjn ahˈajmɡəʃikt də kˈindər ?
184_165698_0005|ניין, איך שיק נישט אהיים די קינדער.|najn, ix ʃik niʃt ahˈajm də kˈindər.
184_165698_0006|וואס הייסט? זיי בלייבן דאך אין ווינטער?|vus hajst ? zaj blaːbn dɔx in vˈintər ?
184_165698_0007|זיי גייען אהיים און איך באגלייט זיי. איך שיק נישט אהיים.|zaj ɡˈajən ahˈajm in ix baɡlˈajt zaj. ix ʃik niʃt ahˈajm.
184_165698_0008|אה, מ'באגלייט. דאס איז די לויה, דאס געבט אריין די כוחות פאר'ן גאנצן ווינטער. דו ביסט נאך אין די בערג?|a, mbaɡlˈajt. dus iz də lˈɔjə, dus ɡɛbt arˈaːn də kˈɔjxəs farn ɡanʦn vˈintər. di bist nux in də bɛrɡ ?
184_165698_0009|איך בין נאך אין די בערג, על הר גבוה. יא, יא.|ix bin nux in də bɛrɡ, al har ɡbi. ju, ju.
184_165698_0011|ר' מאיר צוויבל, דער גאון, זאגט א מעשה, איינער האט אמאל בטעות געקויפט א זנב אויף ראש השנה, און דער רבי האט אים געזאגט אז פון דא קענסטו גיין נאר ארויף.|rajʃ mˈajər ʦvibl, dɛr ɡˈuən, zuɡt a mˈaːsə, ˈajnər hut amˈul btˈuis ɡəkˈɔjft a zˈunəv oʊf rɔjʃ haʃˈunə, in dɛr rˈɛbə hut ejm ɡəzˈuɡt az fin du kˈɛnsti ɡajn nɔr arˈoʊf.
184_165698_0012|אבער די ברכה איז אז "והיית רק למעלה", דו זאלסט גיין ארויף פון אויבן, נישט פון אונטן. יא.|ˈɔbər də brˈuxə iz az vəhujˈisu rak ləmˈaːlə di zulst ɡajn arˈoʊf fin ɔjbn, niʃt fin intn. ju.
184_165698_0013|ווען דו דערמאנסט ר' מאיר צוויבל, האב איך געזען פון אים א שיין ווארט אין די מטעמים. לאמיר הערן.|vɛn di dərmˈanst rajʃ mˈajər ʦvibl, hub ix ɡəzˈejn fin ejm a ʃajn vɔrt in də matˈamim. lˈɔmir hirn.
184_165698_0014|ער זאגט, א מינוט, ער זאגט...|ɛr zuɡt, a minˈit, ɛr zuɡt
184_165698_0015|"כל המוריד דמעות על אדם כשר"?|kɔl hmˈirid dmˈuɔjs al udm kˈuʃər
184_165698_0017|ביי די דריי סדרות אין די הייליגע יארצייטן קען מען לאזן דמעות ביי אדם כשר.|baː də draj sədˈurɔjs in də hˈajliɡə jˈurʦajtn kɛn mɛn luzn dmˈuɔjs baː udm kˈuʃər.
184_165698_0019|ער רעדט שוין פון אלול, פארוואס איז אלול "אני לדודי ודודי לי"? פארוואס דער אייבערשטער איז א פעטער, נישט א טאטע? "אני לדודי ודודי לי". פארוואס טאקע נאר?|ɛr rɛdt ʃɔjn fin ˈɛləl, farvˈus iz ˈɛləl ˈani ldˈidi ˈididi li farvˈus dɛr ˈajbərʃtər iz a fˈɛtər, niʃt a tˈatə ? ˈani ldˈidi ˈididi li farvˈus tˈakə nɔr ?
184_165698_0020|וואס איז די חילוק? א טאטע קען אמאל שרייען אויך, פאנישן. א פעטער לאזט דיך טון וואס דו ווילסט, ער געבט נאר די קענדי מיט די גוטע זאך.|vus iz də xˈilək ? a tˈatə kɛn amˈul ʃrˈajən ɔjx, fˈaniʃn. a fˈɛtər lɔzt dix tin vus di vilst, ɛr ɡɛbt nɔr də kˈɛndi mit də ɡˈitə zax.
184_165698_0022|יא, יא, ס'איז אלול, מ'געזעגנט זיך פון תשפ"ו, וואס איז געווען די ראשי תיבות תהא שנת ווייניג פראבלעמען.|ju, ju, siz ˈɛləl, mɡəzˈɛɡnt zix fin tuf ʃin paj vuv, vus iz ɡəvˈejn də rˈuʃi tˈajvɔjs təhˈaj ʃnas vˈajniɡ prˈɔbləmən.
184_165698_0023|מ'גייט אריין אין תשפ"ז, תהא שנת זערא פראבלעמען. זאגט הרב זושא מיללער, ער זאגט ער קען דיך. זייער זיס, זייער זייער זיס.|mɡajt arˈaːn in tuf ʃin paj zˈajən, təhˈaj ʃnas zˈɛra prˈɔbləmən. zuɡt harˈaːv zˈiʃa mˈillər, ɛr zuɡt ɛr kɛn dix. zˈajər zis, zˈajər zˈajər zis.
184_165698_0024|יא. יא, ער האט זיסע פראבלעמען. וואס איז די חילוק צווישן א כולל און לכה דודי זינגען?|ju. ju, ɛr hut zˈisə prˈɔbləmən. vus iz də xˈilək ʦviʃn a kˈɔjləl in lxə dˈidi zˈinɡən ?
184_165698_0025|פרעגט רבי יוסף משה פריינד.|frɛɡt rˈɛbə jˈɔsəf mˈɔjʃə fraːnd.
184_165698_0026|וואס איז די חילוק פון א בוים און א צייטונג? נישט רבי יוסף משה פריינד, דער זייערסטער פון שמחת החיים.|vus iz də xˈilək fin a bɔjm in a ʦˈajtinɡ ? niʃt rˈɛbə jˈɔsəf mˈɔjʃə fraːnd, dɛr zˈajərstər fin sˈimxas haxˈajim.
184_165698_0027|ער זאגט, אין כולל לערנט יעדער איינער די זעלבע זאך, אבער יעדער איינער זינגט זיך אונטער אן אנדערע ניגון.|ɛr zuɡt, in kˈɔjləl lirnt jˈɛdər ˈajnər də zˈɛlbə zax, ˈɔbər jˈɛdər ˈajnər zinɡt zix ˈintər un ˈandərə niɡn.
184_165698_0028|ווייל לכה דודי איז פארקערט. יעדער איינער זינגט די זעלבע ניגון, אבער יעדער לערנט עפעס אנדערש.|vaːl lxə dˈidi iz farkˈɛrt. jˈɛdər ˈajnər zinɡt də zˈɛlbə niɡn, ˈɔbər jˈɛdər lirnt ˈɛpəs ˈandiʃ.
184_165698_0029|ס'איז דא פלעצער וואו מ'שטייט ביי לכה דודי? אין בעלזא מיין איך. איך געדענק דוד דאמאן האט אמאל געשריבן א גאנצע ארטיקל וועגן דעם. יא. פארוואס טאקע?|siz du plˈɛʦər vi mʃtajt baː lxə dˈidi ? in bˈɛlza maːn ix. ix ɡədˈɛnk dˈuvid dˈaman hut amˈul ɡəʃrˈibn a ɡˈanʦə ˈartikl vejɡn dejm. ju. farvˈus tˈakə ?
184_165698_0030|עפעס א... עפעס א... דאס איז געווען... יא.|ˈɛpəs a ˈɛpəs a dus iz ɡəvˈejn ju.
184_165698_0033|און ער האט געמאכט א טעלער קוישל, אזא בעסקעט, און ער האט עס געגעבן פאר'ן רבי'ן פון סאטמאר, און ער האט געזאגט, דאס איז א תמר, ער מאכט עס פון לולב בלעטער,|in ɛr hut ɡəmˈaxt a tˈɛlər kɔjʃl, azˈa bəskˈɛt, in ɛr hut ɛs ɡəɡˈɛbn farn rbin fin sˈatmar, in ɛr hut ɡəzˈuɡt, dus iz a tˈumur, ɛr maxt ɛs fin lˈiləv blˈɛtər,
184_165698_0034|און דער רבי האט זייער הנאה געהאט דערפון, און ער האט געזאגט, עס שמעקט אין דעם א ריח של ביכורים. ר' מיכל מאיר איז געווען דארט. יא. עס שמעקט אין דעם.|in dɛr rˈɛbə hut zˈajər hanˈuə ɡəhˈat dərfˈin, in ɛr hut ɡəzˈuɡt, ɛs ʃmɛkt in dejm a rˈajxa ʃɛl bikˈirim. rajʃ mixl mˈajər iz ɡəvˈejn dɔrt. ju. ɛs ʃmɛkt in dejm.
184_165698_0036|הגאון רבי יצחק זילבערשטיין זאגט, אז פריי דיך, דו האסט די פופצנטע קינד, דאנק דעם באשעפער אויף אלע צען ביז אהין.|hɡin rˈɛbə jˈiʦxuk zˈilbərʃtajn zuɡt, az fraj dix, di hust də fˈifʦntə kind, dank dejm baʃˈɛfər oʊf ˈalə ʦɛn biz ahˈin.
184_165698_0037|בכל הטוב. יעדע זאך איז א שמחה פאר זיך, יא.|bxul htib. jˈɛdə zax iz a sˈimxə far zix, ju.
184_165698_0038|נו, לאמיר הערן וואס איז געווען די זומער.|ni, lˈɔmir hirn vus iz ɡəvˈejn də zˈimər.
184_165698_0039|ער לויבט דעם אייבערשטן, ברוך השם, אויב מ'דארף דאנקען דעם אייבערשטן, מ'האט נישט קיין השגה אויף וואס מ'דארף דאנקען.|ɛr lɔjbt dejm ˈajbərʃtn, bˈurəx haʃˈɛm, ɔjb mdaf dˈankən dejm ˈajbərʃtn, mhut niʃt kan hasˈuɡə oʊf vus mdaf dˈankən.
184_165698_0040|מיר גייען אהיים געזונט און שטארק, יעדער איינער, אזויפיל חסדים אין דעם.|mir ɡˈajən ahˈajm ɡəzˈint in ʃtark, jˈɛdər ˈajnər, ˈazɔjfil xasˈudim in dejm.
184_165698_0041|האסטו אזא בענקשאפט וואס כאפט דיך אפ? אזא רילעפס?|hˈusti azˈa bənkʃˈaft vus xɔft dix ɔp ? azˈa rˈiləfs ?
184_165698_0042|ס'איז דא א בענקשאפט, און ס'איז דא אזא ליידיגקייט, אזא לאקאל היימיקס, אבער מ'מישט א פעידזש און מ'הייבט אן א נייע מציאות, אם ירצה השם.|siz du a bənkʃˈaft, in siz du azˈa lˈajdiɡkaːt, azˈa lˈakal hˈajmiks, ˈɔbər mmiʃt a fajʤ in mhajbt un a nˈaːjə mʦˈiɔjs, im ˈirʦə haʃˈɛm.
184_165698_0043|בלייבסטו נאך אין די בערג אויף אונזער שבת?|blˈajbsti nux in də bɛrɡ oʊf ˈinzər ʃˈabəs ?
184_165698_0044|איך בין נאכנישט מחליט געווען. ס'איז אמאל א גוטע פילינג, אבער אמאל... נישט אלס דעם, ניין, ס'איז פשוט אלול חודש.|ix bin nˈuxniʃt mˈaxlit ɡəvˈejn. siz amˈul a ɡˈitə fˈilinɡ, ˈɔbər amˈul niʃt ˈalis dejm, najn, siz pˈuʃit ˈɛləl xˈɔjdəʃ.
184_165698_0045|איך האב פרייטאג א מיטינג, און איך האב די זונטאג אריענטעישאן, איך דארף זען צו ס'לוינט זיך מיר. אבער ניין, דאס איז נישט קיין פראבלעם.|ix hub frˈaːtuɡ a mˈitinɡ, in ix hub də zˈintaɡ ˈariəntajʃan, ix daf zejn ʦi slɔjnt zix mir. ˈɔbər najn, dus iz niʃt kan prɔblˈejm.
184_165698_0046|איך האב גראדע ליב צו זיין אויף די בערג. אבער איך ווייס, ס'איז דא געוויסע מדריכים און קינדער וואס נעמען עס מורא'דיג פערזענליך, און מ'כאפט נישט וואס דאס איז.|ix hub ɡrˈadə lib ʦi zaːn oʊf də bɛrɡ. ˈɔbər ix vajs, siz du ɡəvˈisə mdrˈixim in kˈindər vus nˈɛmən ɛs mˈiradiɡ fˈɛrzənləx, in mxɔft niʃt vus dus iz.
184_165698_0049|ער זאגט מיר, אויפ'ן וועג אהיים פון איינס זאגט מען דאנקט דעם באשעפער אז מ'האלט דא, אבער יא, מ'פארט אהיים. יא.|ɛr zuɡt mir, afn vejɡ ahˈajm fin ajns zuɡt mɛn dankt dejm baʃˈɛfər az mhalt du, ˈɔbər ju, mfɔrt ahˈajm. ju.
184_165698_0051|דער אייבערשטער זאל העלפן.|dɛr ˈajbərʃtər zul hɛlfn.
184_165698_0052|יא. וואס זאגסטו צו זיין שאלה? עי-איי, ווייסט וואס עי-איי איז? עי-איי, וואס איז דאס?|ju. vus zˈaɡsti ʦi zaːn ʃˈaːlə ? aj aj, vajst vus aj aj iz ? aj aj, vus iz dus ?
184_165698_0053|איז דאס אזא איי, יא.|iz dus azˈa aj, ju.
184_165698_0054|האט איינער א שאלה, מ'קען דאס אנשטעלן, איך בין נישט אזוי באקאנט, לאמיר זאגן מ'וויל מאכן א פראגראם, ער וויל עס אנשטעלן אויף צען טעג זאל ארבעטן דער עי-איי זאל צוזאמשטעלן דעם פראגראם.|hut ˈajnər a ʃˈaːlə, mˈɛkən dus ˈanʃtəln, ix bin niʃt azˈɔj bakˈant, lˈɔmir zuɡn mvil maxn a prˈɔɡram, ɛr vil ɛs ˈanʃtəln oʊf ʦɛn tejɡ zul ˈarbətn dɛr aj aj zul ʦˈizamʃtəln dejm prˈɔɡram.
184_165698_0055|ס'נעמט צען טעג צו מאכן. מעג מען אז ס'איז דא שבת דערין? עי-איי מעג ארבעטן פאר דיר שבת?|snɛmt ʦɛn tejɡ ʦi maxn. mejɡ mɛn az siz du ʃˈabəs dərˈin ? aj aj mejɡ ˈarbətn far dir ʃˈabəs ?
184_165698_0057|און נאך איינער האט א שאלה, ס'איז דא געוויסע אויסגאבעס וואס אין וויליאמסבורג קאסט עס א דאלער. אין די קעטסקילס איז עס בחנם.|in nux ˈajnər hut a ʃˈaːlə, siz du ɡəvˈisə ˈoʊzɡabəs vus in vˈiljamsburɡ kɔst ɛs a dˈɔlər. in də kˈɛʦkils iz ɛs bxˈinum.
184_165698_0058|איך מעג עס נעמען אין וויליאמסבורג בחנם און ליינען אין די קעטסקילס, אדער ס'האט צו די פלאץ פון וואו מ'הייבט עס אויף צו וואו מ'ליינט עס?|ix mejɡ ɛs nˈɛmən in vˈiljamsburɡ bxˈinum in lˈajnən in də kˈɛʦkils, ˈɔdər səhˈut ʦi də plaːʦ fin vi mhajbt ɛs oʊf ʦi vi mlajnt ɛs ?
184_165698_0059|טשולדיגט, אבער דאס איז נישט קיין שאלה. נו? אקעי. די קעטסקילס קאסט עס געלט וועגן וואס זיי האבן עס ארויפגעברענגט אהין, און אז דו ברענגסט עס ארויף.|ʧˈildiɡt, ˈɔbər dus iz niʃt kan ʃˈaːlə. ni ? ˈɔkaj. də kˈɛʦkils kɔst ɛs ɡɛlt vejɡn vus zaj hubn ɛs arˈoʊfɡəbrənɡt ahˈin, in az di brɛnɡst ɛs arˈoʊf.
184_165698_0060|ניין, אמאל קאסט עס געלט ווייל מ'באקומט עס אין וויליאמסבורג.|najn, amˈul kɔst ɛs ɡɛlt vaːl mbakˈimt ɛs in vˈiljamsburɡ.
184_165698_0061|למשל, א שאלה האב איך געזען וישמע משה, איינער האט צוגעגרייט א בר מצוה מתנה פאר איינעם.|ləmˈuʃl, a ʃˈaːlə hub ix ɡəzˈejn ˈoʊʃmə mˈɔjʃə, ˈajnər hut ʦˈiɡəɡrajt a bar mˈiʦvə matˈunə far ˈajnəm.
184_165698_0062|קענסטו פרעגן די זעלבע שאלה, און עס מאכן מער האבן פשט.|kˈɛnsti frɛɡn də zˈɛlbə ʃˈaːlə, in ɛs maxn mɛr hubn pʃat.
184_165698_0063|די אויסגאבע קומט ארויס פאר וויליאמסבורגער אידן, און פאר אנדערע אידן קאסט עס געלט.|də ˈoʊzɡabə kimt arˈoʊs far vˈiliamzbirɡər jidn, in far ˈandərə jidn kɔst ɛs ɡɛlt.
184_165698_0064|צו מעג א וויליאמסבורגער איד נעמען דריי שטיק, און פאר א אידן וואס זענען אין מאנסי און אין בארא פארק? זייער גוט.|ʦi mejɡ a vˈiliamzbirɡər jid nˈɛmən draj ʃtik, in far a jidn vus zˈɛnən in mˈɔnsi in in barˈa park ? zˈajər ɡit.
184_165698_0065|וואס טוט זיך? איינער האט א בר מצוה, למשל מענדי יונגער האט די בר מצוה געמאכט נעכטן, ווייסטו? דו ביסט געווען דארטן? אה, ס'איז געווען?|vus tit zix ? ˈajnər hut a bar mˈiʦvə, ləmˈuʃl mˈɛndi jˈinɡər hut də bar mˈiʦvə ɡəmˈaxt nɛxtn, vˈajsti ? di bist ɡəvˈejn dɔrtn ? a, siz ɡəvˈejn ?
184_165698_0066|ברוך שפטרני האט ער געמאכט. מענדי זאל איך פארפאסן? געב איר א באריכט אין די בר מצוה.|bˈurəx ʃpˈatərni hut ɛr ɡəmˈaxt. mˈɛndi zul ix farfˈasn ? ɡɛb ir a barˈixt in də bar mˈiʦvə.
184_165698_0067|ס'איז זייער שיין דארטן מענדי, ער האט געהאט דארטן א... ער האט געהאט דארטן אין סאלטא משמנא פון... גאר א שיינע עולם, זייער א שיינע עולם,|siz zˈajər ʃajn dɔrtn mˈɛndi, ɛr hut ɡəhˈat dɔrtn a ɛr hut ɡəhˈat dɔrtn in sˈalta mʃmna fin ɡur a ʃˈajnə ˈɔjləm, zˈajər a ʃˈajnə ˈɔjləm,
184_165698_0068|זייער א שיינע רייכע בר מצוה האט ער געמאכט. ברוך השם.|zˈajər a ʃˈajnə rˈajxə bar mˈiʦvə hut ɛr ɡəmˈaxt. bˈurəx haʃˈɛm.
184_165698_0069|וואס הייסט ער האט געמאכט ברוך שפטרני דארט? ניין, ער זאגט ברוך, ער הייסט ברוך.|vus hajst ɛr hut ɡəmˈaxt bˈurəx ʃpˈatərni dɔrt ? najn, ɛr zuɡt bˈurəx, ɛr hajst bˈurəx.
184_165698_0070|זע איך אין "וישמע משה" א שאלה. ער האט לכאורה נאכנישט געמאכט ברוך שפטרני, ער מאכט עס מוצאי שבת. שבת, יא. זע איך אין "וישמע משה" א שאלה, אויב איינער האט געקויפט א בר מצוה מתנה,|zɛ ix in ˈoʊʃmə mˈɔjʃə a ʃˈaːlə. ɛr hut lixˈɔjrə nˈuxniʃt ɡəmˈaxt bˈurəx ʃpˈatərni, ɛr maxt ɛs mˈuʦə ʃˈabəs. ʃˈabəs, ju. zɛ ix in ˈoʊʃmə mˈɔjʃə a ʃˈaːlə, ɔjb ˈajnər hut ɡəkˈɔjft a bar mˈiʦvə matˈunə,
184_165698_0071|לאמיר זאגן ער וויל גיין צום... "וישמע משה", זיין זון איז א מדריך דא אין די עריע. טאקע? קענסטו אים? איך האב אים געטראפן אין קראסנא קעמפ. זייער זייער זייער אינטערעסאנט.|lˈɔmir zuɡn ɛr vil ɡajn ʦim ˈoʊʃmə mˈɔjʃə zaːn zin iz a mˈadrəx du in də ˈɛriə. tˈakə ? kˈɛnsti ejm ? ix hub ejm ɡətrˈafn in krˈasna kɛmf. zˈajər zˈajər zˈajər intərəsˈant.
184_165698_0072|און ער גרויסט זיך מיט'ן פאטער? יא, ער האט זיך פארגעשטעלט אז ער איז א זון. וואו! "וישמע משה ויפול"...|in ɛr ɡrɔjst zix mitn fˈatər ? ju, ɛr hut zix farɡəʃtˈɛlt az ɛr iz a zin. vi ! ˈoʊʃmə mˈɔjʃə ˈɔjfil
184_165698_0073|בקיצור, איינער לאמיר זאגן וואלט געגאנגען צום ענדי גאסט'ס בר מצוה, ער האט גרייט צו א בר מצוה מתנה. צום סוף איז ער נישט געגאנגען, איך ווייס נישט, ער איז געווען מיד.|bˈɛkiʦər, ˈajnər lˈɔmir zuɡn vɔlt ɡəɡˈanɡən ʦim ˈɛndi ɡasʦ bar mˈiʦvə, ɛr hut ɡrajt ʦi a bar mˈiʦvə matˈunə. ʦim sɔf iz ɛr niʃt ɡəɡˈanɡən, ix vajs niʃt, ɛr iz ɡəvˈejn miˈiad.
184_165698_0074|איז ער מחויב צו געבן די מתנה פאר דעם ברוך'ל, פאר דעם בחור? אדער ניין, איך גיי נישט צו די בר מצוה,|iz ɛr məxiˈiəv ʦi ɡejbn də matˈunə far dejm brixl, far dejm bˈuxər ? ˈɔdər najn, ix ɡaj niʃt ʦi də bar mˈiʦvə,
184_165698_0075|איך וועל עס געבן פאר א צווייטן בחור? איז א גוטע שאלה. אן ערליכער איד, מסתמא וואלט ער שוין געגעבן,|ix vɛl ɛs ɡejbn far a ʦvajtn bˈuxər ? iz a ɡˈitə ʃˈaːlə. un ˈɛrləxər jid, mˈistamə vɔlt ɛr ʃɔjn ɡəɡˈɛbn,
184_165698_0076|ווייל ער וואלט גערעכנט אז די מחשבה איז שוין אזויווי...|vaːl ɛr vɔlt ɡərˈɛxnt az də maxaʃˈuvə iz ʃɔjn ˈazɔjvi
184_165698_0077|ער האט א גאנצע, א האלבע בלעטל לאזט ער וועגן דעם. לאמיר זען. ניין, הגאונים רבי נפתלי נוסבוים און רבי שלמה גראס זאגן אנדערש ווי הגאון רבי וועלוועל שמעלצער, הסכימו שיכול לחזור בו,|ɛr hut a ɡˈanʦə, a hˈalbə blɛtl lɔzt ɛr vejɡn dejm. lˈɔmir zejn. najn, hɡˈinim rˈɛbə naftˈuli nˈizbɔjm in rˈɛbə ʃlˈɔjmə ɡras zuɡn ˈandiʃ vi hɡin rˈɛbə vˈɛlvəl ʃmˈɛlʦər, hsxˈimi ʃˈixil lxzir bi,
184_165698_0079|הגאון הגדול רבי יצחק זילבערשטיין און הגאון רבי עמרם פריעד הסכימו שיכול לחזור בו, ער מעג צוריקציען, אנדערש ווי הגאון רבי וועלוועל.|hɡin hɡdil rˈɛbə jˈiʦxuk zˈilbərʃtajn in hɡin rˈɛbə ɛmrm frˈiəd hsxˈimi ʃˈixil lxzir bi, ɛr mejɡ ʦirˈikʦiən, ˈandiʃ vi hɡin rˈɛbə vˈɛlvəl.
184_165698_0081|סיבת המחלוקת, בקיצור, ס'איז נישט אזוי פשוט.|sibs hmxliks, bˈɛkiʦər, siz niʃt azˈɔj pˈuʃit.
184_165698_0082|אינטערעסאנט, אז אין גמרא איז די זעלבע מעשה געווען מיט דער וויזשניצער רבי פון מאנסי,|intərəsˈant, az in ɡəmˈurə iz də zˈɛlbə mˈaːsə ɡəvˈejn mit dɛr vˈiʒniʦər rˈɛbə fin mˈɔnsi,
184_165698_0083|ענליך אזויווי דער תנא האט מחליט געווען אז ער פארקויפט עס פאר א געוויסע פרייז, האט ער שוין נישט געטוישט,|ˈɛnləx ˈazɔjvi dɛr tˈunu hut mˈaxlit ɡəvˈejn az ɛr farkˈɔjft ɛs far a ɡəvˈisə praːz, hut ɛr ʃɔjn niʃt ɡətˈɔjʃt,
184_165698_0086|איך האב דיר נישט געזאגט אז ר' זעליג יואל איז אז ער מוז עס געבן. ער זאגט, אן ערליכער איד, ס'איז דא אידן וואס ביי זיי איז א מחשבה שוין א פעולה.|ix hub dir niʃt ɡəzˈuɡt az rajʃ zˈɛliɡ jˈɔjəl iz az ɛr miz ɛs ɡejbn. ɛr zuɡt, un ˈɛrləxər jid, siz du jidn vus baː zaj iz a maxaʃˈuvə ʃɔjn a pˈilə.
184_165698_0087|איך האב געהערט א גוטע טייטש פון מיין שוואגער, הרב יהושע סטראלאוויטש, ביי א שמחה, איך דערמאן מיר נאר יעצט, און ער רעדט זיך צוריקציען וואס מ'קויפט.|ix hub ɡəhˈirt a ɡˈitə tajʧ fin maːn ʃvˈaɡər, harˈaːv jəhˈɔjʃiə strˈalaviʧ, baː a sˈimxə, ix dərmˈan mir nɔr jɛʦt, in ɛr rɛdt zix ʦirˈikʦiən vus mkɔjft.
184_165698_0088|די גמרא זאגט דאך אז הלל, יא, האט געקויפט יעדן טאג א בהמה, און אויב ער האט געטראפן אן אנדערע בהמה, האט ער עס אוועקגעלייגט. "מצא בהמה נאה הימנה"?|də ɡəmˈurə zuɡt dɔx az halˈɛl, ju, hut ɡəkˈɔjft jejdn tuɡ a bəhˈajmu, in ɔjb ɛr hut ɡətrˈafn un ˈandərə bəhˈajmu, hut ɛr ɛs avˈɛkɡəlajɡt. mʦa bəhˈajmu nˈuə hˈimnə
184_165698_0093|לאמיר דערמאנען א טייטשל, יא. ווער זאגט א טייטשל? נישט דאס איז די עכטע פשט? וואס איז די עכטע פשט דארטן "כהלל ולא כשמאי"?|lˈɔmir dərmˈanən a tajʧl, ju. vɛr zuɡt a tajʧl ? niʃt dus iz də ˈɛxtə pʃat ? vus iz də ˈɛxtə pʃat dɔrtn kəhˈilajl ˈila xʃmaː
184_165698_0094|די עכטע פשט איז... ער זאגט, רבי אברהם מרדכי מלאך דער גאון, אז ער איז געווען אין מירון, און הלל ליגט אונטן, און שמאי ליגט אויבן אויפ'ן בארג.|də ˈɛxtə pʃat iz ɛr zuɡt, rˈɛbə ˈavrum mˈurtxə mˈaləx dɛr ɡˈuən, az ɛr iz ɡəvˈejn in mˈirin, in halˈɛl liɡt intn, in ʃmaː liɡt ɔjbn afn barɡ.
184_165698_0096|שמאי האט געזאגט, לייג אוועק די בעסטע זאך פאר שבת. בית הלל האט געזאגט, עס אויף יענעם טאג, דער אייבערשטער גייט מיר שוין געבן א "ימלא שובע השמח". ממילא,|ʃmaː hut ɡəzˈuɡt, lajɡ avˈɛk də bˈɛstə zax far ʃˈabəs. bajs halˈɛl hut ɡəzˈuɡt, ɛs oʊf jˈɛnəm tuɡ, dɛr ˈajbərʃtər ɡajt mir ʃɔjn ɡejbn a ˈimla ʃˈibə hasumˈajxa mˈɛmajlə,
184_165698_0098|אה, איך מיין אז די "כהלל ולא כשמאי" איז די... אפשר נישט... דאס איז נישט די פשט, נישט דאס און נישט דאס. ניין,|a, ix maːn az də kəhˈilajl ˈila xʃmaː iz də ˈɛfʃir niʃt dus iz niʃt də pʃat, niʃt dus in niʃt dus. najn,
184_165698_0100|יענץ מיינט אז מ'האט געזאגט פאריגע וואך, איך געדענק נישט וואס, און איינער האט מיר געשיקט א מעסעדזש, ער זאגט, "וואס הייסט אז דו זאגסט נישט קיין תיקון ליל שבועות?"|jɛnʦ majnt az mhut ɡəzˈuɡt furˈiɡə vɔx, ix ɡədˈɛnk niʃt vus, in ˈajnər hut mir ɡəʃˈikt a mˈɛsəʤ, ɛr zuɡt, vus hajst az di zuɡst niʃt kan tikn lil ʃvˈiəs
184_165698_0101|איך ווייס נישט וואס ער האט געמיינט. וואס האבן מיר אונז געזאגט וואס שטייט אין תיקון ליל שבועות?|ix vajs niʃt vus ɛr hut ɡəmˈajnt. vus hubn mir inz ɡəzˈuɡt vus ʃtajt in tikn lil ʃvˈiəs ?
184_165698_0102|נו איידיע! ער פרעגט אונז, "נישט דו, נישט וועלוול זאגן תיקון ליל שבועות?"|ni ˈajdiə ! ɛr frɛɡt inz, niʃt di, niʃt vɛlvl zuɡn tikn lil ʃvˈiəs
184_165698_0103|מ'קען נישט פשט אין א פשוט'ע "חי השם" וואס מ'זינגט יעדע וואך, "חי השם ויברך צורי".|mˈɛkən niʃt pʃat in a pˈiʃətə xuj haʃˈɛm vus mzinɡt jˈɛdə vɔx, xuj haʃˈɛm ɔjbrx ʦˈiri
184_165698_0104|ווייל א איד זאל וויסן אז איך רעד נישט דא פאר מיר, איך פארטרעט דא אידן. סאו אמאל ווען איך טו א טעות, פארטרעט איך איין איד. ווען איך מאך עפעס אן אנדערע מיסטעיק, פארטרעט איך א צווייטער איד.|vaːl a jid zul visn az ix rɛd niʃt du far mir, ix fartrˈɛt du jidn. sɔ amˈul vɛn ix ti a tˈuəs, fartrˈɛt ix ajn jid. vɛn ix max ˈɛpəs un ˈandərə mˈistajk, fartrˈɛt ix a ʦvˈajtər jid.
184_165698_0105|ווען איך זאג עפעס גוט, פארטרעט איך א דריטער איד. איך בין גאנץ נישט אין די פיקטשער דא. איך אויך נישט, גם אני בחלומי. יא.|vɛn ix zuɡ ˈɛpəs ɡit, fartrˈɛt ix a drˈitər jid. ix bin ɡanʦ niʃt in də fˈikʧər du. ix ɔjx niʃt, ɡam ˈani bxlˈimi. ju.
184_165698_0106|די עיקר איז, די וואך זעען מיר עס ברענגען שמחה, יא? שמחה. די וואך איז "כתבו".|də ˈikər iz, də vɔx zˈɛən mir ɛs brˈejnɡən sˈimxə, ju ? sˈimxə. də vɔx iz kˈisvu
184_165698_0107|ס'איז דא א מעשה מיט ר' דוד'ל טאלנער, ער איז אנגעקומען צו א דערפל, און ער האט געזען דארטן ווי קינדער שפילן זיך מיט די פערד פון דעם גאסט-הויז.|siz du a mˈaːsə mit rajʃ didl tˈalnər, ɛr iz ˈunɡəkimən ʦi a dɛrfl, in ɛr hut ɡəzˈejn dɔrtn vi kˈindər ʃpiln zix mit də fɛrd fin dejm ɡast hoʊz.
184_165698_0108|האט ער זיך אנגערופן, "פערדעלע, פערדעלע, איך בין דיך מקנא אז דו ביסט משמח אידישע קינדערלעך." זאל איך פארן?|hut ɛr zix ˈunɡərifn, fˈɛrdələ, fˈɛrdələ, ix bin dix mkna az di bist məsamˈajxa jˈidiʃə kˈindərləx zul ix farn ?
184_165698_0109|זיי האבן מקנא געווען די פערד פשוט ווייל זיי זענען משמח אידישע קינדערלעך. פערדעלע, פערדעלע. הייסט אז אידישע קינדער איז א גרויסע זאך. אוודאי, אוודאי, אוודאי.|zaj hubn mkna ɡəvˈejn də fɛrd pˈuʃit vaːl zaj zˈɛnən məsamˈajxa jˈidiʃə kˈindərləx. fˈɛrdələ, fˈɛrdələ. hajst az jˈidiʃə kˈindər iz a ɡrˈɔjsə zax. avˈadə, avˈadə, avˈadə.
184_165698_0110|יא.|ju.
184_165698_0111|דאס איז נוגע צו א גוטן ספאנסער. לאמיר הערן. האסט דערמאנט אז מ'שטייט שוין אין אלול פאר די הייליגע טעג. "סוכת רחמים".|dus iz nˈiɡə ʦi a ɡitn sfˈansər. lˈɔmir hirn. hust dərmˈant az mʃtajt ʃɔjn in ˈɛləl far də hˈajliɡə tejɡ. sˈikas raxˈamim
184_165698_0113|די באקאנטע סוכות צענטער וואס הייסט "סוכת רחמים", אן אור-אלטע סוכות צענטער וואס גייט שוין אן יארן, ממילא איז געבליבן דער נאמען, וואס הייסט פשוט רחמים, וואס זיי האבן רחמנות אויפ'ן עולם וואס זיי מאכן ביליגע פרייזן.|də bakˈantə sˈikəs ʦˈɛntər vus hajst sˈikas raxˈamim un ɔjr ˈaltə sˈikəs ʦˈɛntər vus ɡajt ʃɔjn un jurn, mˈɛmajlə iz ɡəblˈibn dɛr nˈumən, vus hajst pˈuʃit raxˈamim, vus zaj hubn rˈaxmunəs afn ˈɔjləm vus zaj maxn bˈiliɡə praːzn.
184_165698_0115|צוויי מיני קאלירס, ברוין אדער ווייסע. די טראדיציאנעל, דאס איז מורא'דיג, מ'קען הענגען שיינע נוי סוכה אויף דעם. נאכדעם האבן זיי די סכך נצח סוכות וואס גייט אויף אייזערנעס.|ʦvaj mˈini kalˈirs, brɔjn ˈɔdər vˈajsə. də trˈadiʦianəl, dus iz mˈiradiɡ, mˈɛkən hˈɛnɡən ʃˈajnə nɔj sˈikə oʊf dejm. nuxdˈejm hubn zaj də sxax nˈɛʦax sˈikəs vus ɡajt oʊf ˈajzərnəs.
184_165698_0116|פאר די וואס האבן נישט קיין פלאץ צו סטארעדזשן די פענעלס איז דאס זייער גוט. און זייערע סטארס איז געבויט אויף איין זאך: רחמים, סוכה, ביליגע פרייזן.|far də vus hubn niʃt kan plaːʦ ʦi stˈarəʤn də fˈɛnəls iz dus zˈajər ɡit. in zˈajərə stars iz ɡəbˈoʊt oʊf ajn zax : raxˈamim, sˈikə, bˈiliɡə praːzn.
184_165698_0117|היי-יאר האבן זיי אריינגעברענגט די מורא'דיגע, הפלא'דיגע, הויכע קוואליטעט באמבוס מעטס, די באמבו מעטס. ס'איז ממש נאך גרין, ס'איז פריש,|haj jur hubn zaj arˈaːnɡəbrənɡt də mˈiradiɡə, hflˈadiɡə, hˈɔjxə kvˈalitət bambˈis mɛʦ, də bambˈi mɛʦ. siz mˈamiʃ nux ɡrin, siz friʃ,
184_165698_0118|גוטע קוואליטעט. ס'לוינט זיך אפילו צו קומען, ס'איז פשוט אנגעקומען. קום אריבער, געב עס א קוק אן, א שמעק, ס'איז גרין, שיין, פריש,|ɡˈitə kvˈalitət. slɔjnt zix afˈilə ʦi kˈimən, siz pˈuʃit ˈunɡəkimən. kim arˈibər, ɡɛb ɛs a kik un, a ʃmɛk, siz ɡrin, ʃajn, friʃ,
184_165698_0119|און די זעלבע אלטע פרייז, נייע הויכע קוואליטעט, א סטעפ ארויף קוואליטעט, די זעלבע סטעפ אראפ אין פרייז. אויסער ממש איז די בעמבו, קנים, סכך, הכשר פון די עדה,|in də zˈɛlbə ˈaltə praːz, nˈaːjə hˈɔjxə kvˈalitət, a stɛf arˈoʊf kvˈalitət, də zˈɛlbə stɛf arˈup in praːz. ˈoʊsər mˈamiʃ iz də bˈɛmbi, knim, sxax, hˈɛxʃər fin də ˈajdə,
184_165698_0120|די אלע זאכן, און זיי האבן סוכות און משמשיהם. אלע ספעציעלע זאכן זענען פטור פון הויכע פרייזן, טישן, בעטס, לייטס, וואס נאר נישט.|də ˈalə zaxn, in zaj hubn sˈikəs in mʃmʃim. ˈalə spˈɛʦiələ zaxn zˈɛnən pˈutər fin hˈɔjxə praːzn, tiʃn, bɛʦ, lajʦ, vus nɔr niʃt.
184_165698_0122|און חוץ פענעלס איז דא א שטיקל דעליווערי טשארדזש, און אויב מ'געבט אויס אן ארדער מער פון זעקס הונדערט און פופציג טאלער,|in xiʦ fˈɛnəls iz du a ʃtikl dˈɛlivəri ʧarʤ, in ɔjb mɡɛbt oʊs un ˈardər mɛr fin zɛks hˈindərt in fˈifʦiɡ tˈalər,
184_165698_0125|סוכת רחמים. אלעס וואס איר דארפט פאר אייער סוכה, מיט איר בלייבט מיט א פולן ווערזל. מ'רעדט שוין פון סוכה, לאמיר דערמאנען פסח. פסח געוואלט?|sˈikas raxˈamim. ˈaləs vus ir darft far ˈaːjər sˈikə, mit ir blaːbt mit a filn vɛrzl. mrɛdt ʃɔjn fin sˈikə, lˈɔmir dərmˈanən pˈajsəx. pˈajsəx ɡəvˈɔlt ?
184_165698_0126|מיט א יאר דאך איבעריאר. יא, ס'האט געטון פאריגע וואך כי תצא, האט מען פארגעסן צו רעדן דערפון, צו מ'דארף אינזין האבן ביי מחיית עמלק.|mit a jur dɔx ˈibərjur. ju, səhˈut ɡətˈin furˈiɡə vɔx ki tˈajʦaj, hut mɛn faːrɡˈɛsn ʦi rɛdn dərfˈin, ʦi mdaf ˈinzin hubn baː məxajˈajjas amˈulək.
184_165698_0127|ס'איז דא מער ווי צוועלף חדשים ביז פסח, פון איין פסח צום צווייטן. און וואס איז די פראבלעם?|siz du mɛr vi ʦvɛlf xadˈuʃim biz pˈajsəx, fin ajn pˈajsəx ʦim ʦvajtn. in vus iz də prɔblˈejm ?
184_165698_0128|זאגט א יוד אז מ'קען דערמאנען ביים שבת די וואך פון שבת, קען מען שרייען ואני צעק. אזוי ווי אידן האבן אינזין ביי עמלק. די וואך שטייט דאך ונצע, קען מען אינזין האבן. שש,|zuɡt a jid az mˈɛkən dərmˈanən bam ʃˈabəs də vɔx fin ʃˈabəs, kɛn mɛn ʃrˈajən ˈiani ʦɛk. azˈɔj vi jidn hubn ˈinzin baː amˈulək. də vɔx ʃtajt dɔx ˈinʦə, kɛn mɛn ˈinzin hubn. ʃajʃ,
184_165698_0129|וואלט זיך דא א יאר. זייער גוט, דארף מען רעדן צומאל נישט וועגן דעם. יא. אבער מ'מעג, אן אינטרעסאנטע שאלה, מ'מעג זיין א שוטה?|vɔlt zix du a jur. zˈajər ɡit, daf mɛn rɛdn ʦˈimul niʃt vejɡn dejm. ju. ˈɔbər mmejɡ, un ˈintrəsantə ʃˈaːlə, mmejɡ zaːn a ʃˈɔjtə ?
184_165698_0130|יא, שטייט דאך מוטב שיהיה שוטה כל ימיו. אה,|ju, ʃtajt dɔx mitb ʃˈihi ʃˈɔjtə kɔl ˈimji. a,
184_165698_0131|דאס איז נאך מיינע סתם סתם ס. יא, דאס איז די לשון חז"ל.|dus iz nux mˈaːnə stam stam sˈaməx. ju, dus iz də luʃn xazˈal.
184_165698_0132|לאמיך נאכקוקן דא. מוטב... ניין, ס'שטייט אז ער וועט גערופן ווערן א שוטה.|lˈamix nˈaxkikn du. mitb najn, sʃtajt az ɛr vɛt ɡərˈifn virn a ʃˈɔjtə.
184_165698_0133|ניין, ס'שטייט מוטב שיהיה שוטה כל ימיו. משנה אין עדיות. דף א', יא, מוטב שיהיה...|najn, sʃtajt mitb ʃˈihi ʃˈɔjtə kɔl ˈimji. mˈiʃnə in ˈɛdjis. daf a ju, mitb ʃˈihi
184_165698_0134|יא, איך האב געזען די לשון פונקטליך. פארוואס פרעגסטו?|ju, ix hub ɡəzˈejn də luʃn fˈinktləx. farvˈus frˈɛɡsti ?
184_165698_0135|ס'איז נוגע נאך פאר שבת?|siz nˈiɡə nux far ʃˈabəs ?
184_165698_0136|ניין, מוטב לי להקרא שוטה כל ימי ולא לעשות שעה אחת רשע לפני המקום. אה, דאס איז אן אנדערע זאך. דו ביסט גערעכט. איז אבער די לשון פון די עולם...|najn, mitb li lhkra ʃˈɔjtə kɔl jˈɛmaj ˈila laˈasɔjs ʃu ˈaxas rˈuʃə lfni hmkim. a, dus iz un ˈandərə zax. di bist ɡərˈɛxt. iz ˈɔbər də luʃn fin də ˈɔjləm
184_165698_0137|די וואך שטייט אין די פרשה "והיית משוגע". די וואך שטייט דאך "והיית משוגע ממראה עיניך". יא.|də vɔx ʃtajt in də pˈarʃə vəhujˈisu mʃˈiɡə də vɔx ʃtajt dɔx vəhujˈisu mʃˈiɡə mmra ˈajnix ju.
184_165698_0138|דער חזון איש האט אמאל געזאגט, ער האט א ראיה אז ס'איז אן איסור צו זיין א שוטה, מ'טאר נישט זיין א שוטה. פארוואס?|dɛr xˈazɔjn iʃ hut amˈul ɡəzˈuɡt, ɛr hut a rˈaːə az siz un ˈisər ʦi zaːn a ʃˈɔjtə, mtur niʃt zaːn a ʃˈɔjtə. farvˈus ?
184_165698_0139|ווייל ס'שטייט "מוטב להקרא שוטה כל ימיו" און נישט זיין א רשע אפילו איין שעה.|vaːl sʃtajt mitb lhkra ʃˈɔjtə kɔl ˈimji in niʃt zaːn a rˈuʃə afˈilə ajn ʃu.
184_165698_0140|איז "מוטב" איז דאך נאר שייך ווען ס'איז דא צוויי זאכן וואס זענען ענליך, און מ'קען מאכן א בחירה. יא? איך קען נאך טשוזן, א שוטה אדער א רשע. יא?|iz mitb iz dɔx nɔr ʃˈaːəx vɛn siz du ʦvaj zaxn vus zˈɛnən ˈɛnləx, in mˈɛkən maxn a bxˈirə. ju ? ix kɛn nux ʧizn, a ʃˈɔjtə ˈɔdər a rˈuʃə. ju ?
184_165698_0141|אבער א רשע טאר מען דאך נישט זיין. מה שאין כן זיין א שוטה, אפשר מעג מען יא. האט די חז"ל נישט געזאגט.|ˈɔbər a rˈuʃə tur mɛn dɔx niʃt zaːn. mɛ ʃaːn kajn zaːn a ʃˈɔjtə, ˈɛfʃir mejɡ mɛn ju. hut də xazˈal niʃt ɡəzˈuɡt.
184_165698_0142|פון דא זעסטו אז מ'טאר נישט. חז"ל זאגן, ענדערש זאלסטו זיין די שוטה וואס מ'טאר נישט זיין, ווי די רשע וואס מ'טאר נישט זיין.|fin du zˈɛsti az mtur niʃt. xazˈal zuɡn, ˈɛndərʃ zˈalsti zaːn də ʃˈɔjtə vus mtur niʃt zaːn, vi də rˈuʃə vus mtur niʃt zaːn.
184_165698_0144|ששש... דארף מען דאס איבערגעבן. יא. נאך איין זאך, פאר וועם גייסטו עס איבערגעבן סתם? איך האב א שטיקל ליסטע, פארוואס?|ʃˈɔjʃɔjʃ daf mɛn dus ˈibərɡəbən. ju. nux ajn zax, far vɛm ɡˈajsti ɛs ˈibərɡəbən stam ? ix hub a ʃtikl lˈistə, farvˈus ?
184_165698_0145|אקעי, ס'איז נאך נייגעריג.|ˈɔkaj, siz nux nˈajɡəriɡ.
184_165698_0147|קומט אויס אז ס'איז א געוואלדיגע מליצה יושרה. א מענטש זינדיגט, ער איז נישט שולדיג.|kimt oʊs az siz a ɡəvˈaldiɡə məlˈiʦə jˈiʃrə. a mɛnʧ zˈindiɡt, ɛr iz niʃt ʃˈildiɡ.
184_165698_0149|מ'רעדט שוין פון די פרשה נאך איין זאך פאר מ'גייט צו די נייעס, אז ס'איז דא א ספר פון רבי שמעון הישלער, רבי שמעון הישלער, ער איז געווען אין לאנדאן, יא?|mrɛdt ʃɔjn fin də pˈarʃə nux ajn zax far mɡajt ʦi də nˈaːjəs, az siz du a sˈajfər fin rˈɛbə ʃˈimən hˈiʃlər, rˈɛbə ʃˈimən hˈiʃlər, ɛr iz ɡəvˈejn in lˈandan, ju ?
184_165698_0150|אין זיין ספר "סלע הבוייס", שרייבט ער וועגן די וועלט מלחמה, אז ס'איז מרומז אין די תורה.|in zaːn sˈajfər slə hbˈɔjis ʃraːbt ɛr vejɡn də vɛlt milxˈumə, az siz mrimz in də tˈɔjrə.
184_165698_0151|די פרשה די וואך איז צוטיילט אויף זיבן קריאות, יא?|də pˈarʃə də vɔx iz ʦˈitajlt oʊf zibn krˈiɔjs, ju ?
184_165698_0152|וועגן די זיבן, יעדן דינסטאג, מיטוואך, יעדער לערנט מען א חלק פון די פרשה.|vejɡn də zibn, jejdn dˈinstaɡ, mˈitvɔx, jˈɛdər lirnt mɛn a xˈajlək fin də pˈarʃə.
184_165698_0153|פרייטאג לערנט מען די פרשה פון תוכחה.|frˈaːtuɡ lirnt mɛn də pˈarʃə fin tɔjxˈuxə.
184_165698_0154|זאגט ער אז פרייטאג כי תבא האט אויסגעבראכן די מלחמה, אין די טאג וואס מ'ליינט די תוכחה.|zuɡt ɛr az frˈaːtuɡ ki tˈuvɔj hut ˈoʊzɡəbraxn də milxˈumə, in də tuɡ vus mlajnt də tɔjxˈuxə.
184_165698_0155|זייער אינטערעסאנט. יא, רבי אלחנן קלעצקי האט עפעס אן אינטערעסאנטע חשבון מיט די פסוקים פון די תוכחה, אבער קען מען פרעגן א צווייטע מאל.|zˈajər intərəsˈant. ju, rˈɛbə əlxˈunun klˈɛʦki hut ˈɛpəs un ˈintərəsantə xˈɛʃbɔjn mit də psˈikim fin də tɔjxˈuxə, ˈɔbər kɛn mɛn frɛɡn a ʦvˈajtə mul.
184_165698_0156|יא, וואס נאך זאגסטו?|ju, vus nux zˈaɡsti ?
184_165698_0157|נאר לאמיך דיר געבן עפעס נייעס, ר' שלמה. קודם, דער טיילער ראלט ארום אין די אידישע געגנטער א גאנצע וואך. ער איז שוין געווען אין וויליאמסבורג, אין קראון הייטס, אין סקווירא.|nɔr lˈamix dir ɡejbn ˈɛpəs nˈaːjəs, rajʃ ʃlˈɔjmə. kˈɔjdəm, dɛr tˈajlər ralt arˈim in də jˈidiʃə ɡəɡntˈɛr a ɡˈanʦə vɔx. ɛr iz ʃɔjn ɡəvˈejn in vˈiljamsburɡ, in krin hajʦ, in skvˈira.
184_165698_0158|אין סקווירא האט מען אים אוועקגעטראגן מיט פאליציי ווייל ער איז אריין אין פריוואטע פראפערטי. היינט איז ער געווען אין בארא פארק, און צוריק אין וויליאמסבורג.|in skvˈira hut mɛn ejm avˈɛkɡətraɡn mit pˈɔliʦaj vaːl ɛr iz arˈaːn in frˈivatə frˈafərti. haːnt iz ɛr ɡəvˈejn in barˈa park, in ʦirˈik in vˈiljamsburɡ.
184_165698_0159|וואס וויל ער? איך ווייס נישט וואס ער וויל. ער האט עס נישט געזאגט קלאר?|vus vil ɛr ? ix vajs niʃt vus ɛr vil. ɛr hut ɛs niʃt ɡəzˈuɡt klur ?
184_165698_0160|יא, אבער ער זעט שוין, קיינער רעדט נישט צו אים. א מענטש וואס מ'ווארפט אים ארויס, "ושב ורפא לו", וואס פאר א מין משלחת וחזרות איז דאס?|ju, ˈɔbər ɛr zejt ʃɔjn, kˈajnər rɛdt niʃt ʦi ejm. a mɛnʧ vus mvarft ejm arˈoʊs, iʒb ˈirfa li vus far a min miʃlˈaxas ˈixzris iz dus ?
184_165698_0161|יא, יא. הלכה היא בידוע.|ju, ju. halˈuxə hˈia bˈidiə.
184_165698_0163|דאס איז דא נייע געזעצן יעדן טאג, דאס איז געפערליך.|dus iz du nˈaːjə ɡəzˈɛʦn jejdn tuɡ, dus iz ɡəfˈɛrləx.
184_165698_0164|ס'איז די וואך פארעפנטליכט געווארן אן אלטע בילד, אבער ס'איז ארויסגעשווימען נאכאמאל, א בילד פון הייליגן רבי שלום אליעזר'ל מראצפערט עטליכע יאר פאר די הסתלקות, השם יקום דמו.|siz də vɔx farˈɛfntlixt ɡəvˈɔrn un ˈaltə bild, ˈɔbər siz arˈoʊzɡəʃvimən nˈuxamul, a bild fin hˈajliɡn rˈɛbə ʃˈuləm ˈaliəzrl mrˈaʦfərt ˈɛtləxə jur far də histˈalkis, haʃˈɛm ˈikim dmi.
184_165698_0165|איך האב געהאט אן אינטערוויו מיט איינער וואס זיין שוויגער'ס ברודער האט געכאפט די פיקטשערס סתם. זייער אינטערעסאנט.|ix hub ɡəhˈat un ˈintərvji mit ˈajnər vus zaːn ʃvˈiɡərs brˈidər hut ɡəxˈapt də fˈikʧərs stam. zˈajər intərəsˈant.
184_165698_0166|פאר מיר האט עס פערזענליך באדייט, מיין זיידע רבי אברהם אריה דרעזנער, מיין טאטע'ס טאטע, לרפואה שלימה, איז געווען א הויז בחור ביי רבי שלום אליעזר'ל פארן קריג.|far mir hut ɛs fˈɛrzənləx badˈajt, maːn zˈajdə rˈɛbə ˈavrum arˈiə drˈɛznər, maːn tˈatəs tˈatə, lrfˈia ʃlˈimə, iz ɡəvˈejn a hoʊz bˈuxər baː rˈɛbə ʃˈuləm ˈaliəzrl farn kriɡ.
184_165698_0167|הגאון ר' שניאור קאטלער שליט"א, א זון פון דעם ראש ישיבה הגאון הגדול ר' מלכיאל, האט די וואך געגעבן די ערשטע שיעור אין בית המדרש גבוה, אין די סוגיא פון תולדותיהם כי יוצא בהם.|hɡin rajʃ ʃnˈajər kˈatlər ʃlˈitə, a zin fin dejm rɔjʃ jəʃˈivə hɡin hɡdil rajʃ malkˈiəl, hut də vɔx ɡəɡˈɛbn də ˈɛrʃtə ʃˈiər in bajs hamˈidruʃ ɡbi, in də sˈuɡia fin tɔjldɔjsˈajhəm ki jˈɔjʦə bˈuhəm.
184_165698_0168|ר' שלומי פרידמאן איז אויפגענומען געווארן אלס דער ליעזאן אין די וועסטשעסטער שפיטאל. איך האב גראדע געהאט מיט אים א פריוואטע שמועס היינט.|rajʃ ʃlˈimi frˈidman iz ˈoʊfɡənimən ɡəvˈɔrn ˈalis dɛr lˈiəzan in də vˈɛsʧəstər ʃpˈitul. ix hub ɡrˈadə ɡəhˈat mit ejm a frˈivatə ʃmˈiəs haːnt.
184_165698_0169|ער לויפט ארום די שטאקן, זאגט ער.|ɛr lɔjft arˈim də ʃtakn, zuɡt ɛr.
184_165698_0172|וואס נאך א נייעס ווילסטו האבן?|vus nux a nˈaːjəs vˈilsti hubn ?
184_165698_0173|דערצייל, בכבוד.|dˈɛrʦajl, bəkˈuvəd.
184_165698_0174|איך האב אסאך חסיד'ישע נייעס וואס איז געשען די וואך.|ix hub ˈasax xˈusidiʃə nˈaːjəs vus iz ɡəʃˈɛn də vɔx.
184_165698_0175|אבער וועלטליכע, ביסטו פארטיג? וואס טוט זיך מיט דעם סענדוויטש?|ˈɔbər vˈɛltləxə, bˈisti fartˈiɡ ? vus tit zix mit dejm sˈɛndviʧ ?
184_165698_0176|טראמפ מיט איראן, מיט נאכאמאל טראמפ, און נאכאמאל איראן.|trɔmp mit irˈan, mit nˈuxamul trɔmp, in nˈuxamul irˈan.
184_165698_0177|וואס טוט זיך מיט דעם סענדוויטש?|vus tit zix mit dejm sˈɛndviʧ ?
184_165698_0178|אה, דער סענדוויטש, איך האב מיר דערמאנט יעצט די וואך, יא. סאו יענער האט געשיקט א קענסעלעישאן, איך מיין דאס האט ער אונז געזאגט פאריגע וואך. למעשה, ער לאזט זיך נישט.|a, dɛr sˈɛndviʧ, ix hub mir dərmˈant jɛʦt də vɔx, ju. sɔ jˈɛnər hut ɡəʃˈikt a kˈɛnsəlajʃan, ix maːn dus hut ɛr inz ɡəzˈuɡt furˈiɡə vɔx. ləmˈaːsə, ɛr lɔzt zix niʃt.
184_165698_0179|מ'האט געזאגט ער שיקט א בריוו פאר איבעי אז זיי זאלן פארשטיין די חומר הדברים, און ס'וועט זיין א פחיתת הכבוד פאר איבעי אז מ'לאזט יענעם צוריקציען פון די עלף מיליאן דאלאר.|mhut ɡəzˈuɡt ɛr ʃikt a briv far ˈibaj az zaj zɔln farʃtˈajn də xˈɔjmər hdbrim, in svɛt zaːn a fxis hxbid far ˈibaj az mlɔzt jˈɛnəm ʦirˈikʦiən fin də ɛlf miljˈɔn dˈɔlar.
184_165698_0180|און מ'וועט זען, איך וויל נישט נאכאמאל נוצן "ונראה מי יוכל למות", ווייל מענטשן האבן עס נישט ליב, אבער מ'וועט זען וועגן די עלף מיליאן דאלאר.|in mvɛt zejn, ix vil niʃt nˈuxamul niʦn ˈinra mi jixl lumˈuvɛs vaːl mɛnʧn hubn ɛs niʃt lib, ˈɔbər mvɛt zejn vejɡn də ɛlf miljˈɔn dˈɔlar.
184_165698_0181|איך גלייב נישט אז ער גייט עפעס באקומען.|ix ɡlajb niʃt az ɛr ɡajt ˈɛpəs bakˈimən.
184_165698_0183|אבער ער קען אנשליכטן אויף עפעס.|ˈɔbər ɛr kɛn ˈanʃlixtn oʊf ˈɛpəs.
184_165698_0184|ער לאזט זיך נישט שווארצען, ווי איינער האט אמאל געזאגט, אויב קיינער קאלט דיך נישט, און דיין פאון קלינגט נישט, בין עס איך.|ɛr lɔzt zix niʃt ʃvˈarʦən, vi ˈajnər hut amˈul ɡəzˈuɡt, ɔjb kˈajnər kalt dix niʃt, in daːn foʊn klinɡt niʃt, bin ɛs ix.
184_165698_0185|בין עס איך. גוט, גוט, גוט.|bin ɛs ix. ɡit, ɡit, ɡit.
184_165698_0186|ביי די וועי, ס'האט געמאכט א גרויסע שטורעם פאריגע וואך די הוראה פון בעלזער רב זאל מאריך ימים זיין וועגן צולייגן א ליכטל פאר די פארווארפענע נשמות. יא.|baː də vaj, səhˈut ɡəmˈaxt a ɡrˈɔjsə ʃtˈirəm furˈiɡə vɔx də hɔjrˈuə fin bˈɛlzər ruv zul mˈaːrəx ˈimim zaːn vejɡn ʦˈilajɡn a lixtl far də farvˈarfənə nʃˈumɔjs. ju.
184_165698_0187|ס'איז מיר געפאלן אויף די דעקל פון דיין "מחנך" וואס דו האסט נישט געזען אינעווייניג, האבן זיי אן אינטערוויו מיט מיין ידיד, דער מחנך נפלא יחיד במינו, הרב ר' שלמה אשר טויבער פון "קשר נפשי", וועגן די געדאנק פון אין זינען האבן די פארקראכענע נשמות.|siz mir ɡəfˈaln oʊf də dɛkl fin daːn maxanˈɛxu vus di hust niʃt ɡəzˈejn ˈinəvajniɡ, hubn zaj un ˈintərvji mit maːn jˈɛdid, dɛr maxanˈɛxu nfla jˈuxid bmˈini, harˈaːv rajʃ ʃlˈɔjmə ˈuʃər tˈɔjbər fin kˈɛʃər nfʃi vejɡn də ɡədˈank fin in zˈinən hubn də farkrˈaxənə nʃˈumɔjs.
184_165698_0188|האסטו געצינדן א ליכט?|hˈusti ɡəʦˈindn a lixt ?
184_165698_0189|די פרויען צינדן, ניין?|də frˈɔjən ʦindn, najn ?
184_165698_0190|ניין, איך מיין אין בעלזא האט דער רב געצינדן, מיין איך. יא, יא, אבער די פרוי דארף צינדן, יא.|najn, ix maːn in bˈɛlza hut dɛr ruv ɡəʦˈindn, maːn ix. ju, ju, ˈɔbər də frɔj daf ʦindn, ju.
184_165698_0191|א רעדסט שוין פון בעלזא, בעלזער רב און דער בריסקער ראש ישיבה האבן ביידע געבענטשט ברכת הגומל דעם שבת צופרי.|a rɛdst ʃɔjn fin bˈɛlza, bˈɛlzər ruv in dɛr brˈiskər rɔjʃ jəʃˈivə hubn bˈajdə ɡəbˈɛnʧt bˈirxɔjs hɡiml dejm ʃˈabəs ʦˈifri.
184_165698_0192|פארוואס?|farvˈus ?
184_165698_0193|נאכדעם וואס זיי האבן זיך ארויסגעזען פון א שווערע געזונט צושטאנד.|nuxdˈejm vus zaj hubn zix arˈoʊzɡəzejn fin a ʃvˈɛrə ɡəzˈint ʦˈiʃtand.
184_165698_0194|וואס איז געווען מיט זיי?|vus iz ɡəvˈejn mit zaj ?
184_165698_0195|בעלזער רב האט געהאלטן א יאר נאך א קאמפליצירטע אפערעישאן וואס ער האט געהאט פאר ראש השנה, און בריסקער ראש ישיבה איז געווען אפאר וואכן אין שפיטאל.|bˈɛlzər ruv hut ɡəhˈaltn a jur nux a kˈamfliʦirtə ˈafərajʃan vus ɛr hut ɡəhˈat far rɔjʃ haʃˈunə, in brˈiskər rɔjʃ jəʃˈivə iz ɡəvˈejn apˈur vɔxn in ʃpˈitul.
184_165698_0196|אין סאטמאר גייט מען צוטיילן היינט די צווייטע חלק פון די ירושה, די זילבערווארג פאר די תחתונים, אויפ'ן זעלבן אופן, מיט די גורלות און אלעס.|in sˈatmar ɡajt mɛn ʦˈitajln haːnt də ʦvˈajtə xˈajlək fin də jərˈiʃə, də zˈilbərvarɡ far də taxtˈɔjnim, afn zɛlbn ɔjfn, mit də ɡɔjrˈulɔjs in ˈaləs.
184_165698_0197|א אידישע פרוי איז אוועק נעבעך, נאכדעם וואס איר קאר איז אליין געפארן...|a jˈidiʃə frɔj iz avˈɛk nˈɛbəx, nuxdˈejm vus ir kar iz alˈajn ɡəfˈarn
184_165698_0198|ניין, ווי קען איך פארגעסן דאס? איך מאך אן אינטערוויו מיט אחיעזר, נעבעך. מ'ווייסט נישט וואס ס'איז געווען. איך פארשטיי נישט. די פרוי האט געדרייווט?|najn, vi kɛn ix faːrɡˈɛsn dus ? ix max un ˈintərvji mit axiˈɛzɛr, nˈɛbəx. mvajst niʃt vus siz ɡəvˈejn. ix farʃtˈaj niʃt. də frɔj hut ɡədrˈajvt ?
184_165698_0199|זי איז געווען אליינס אין די קאר, זי האט פארלוירן קאנטראל.|zi iz ɡəvˈejn alˈajns in də kar, zi hut farlˈɔjrn kˈantral.
184_165698_0201|ניין, אבער די פול האט נישט קיין געיט?|najn, ˈɔbər də fil hut niʃt kan ɡajt ?
184_165698_0206|ניין, ניין, ניין, א וואסער אויפ'ן וועג. נעבעך.|najn, najn, najn, a vˈasər afn vejɡ. nˈɛbəx.
184_165698_0209|יא, ווער האט געהיטן בארא פארק און וויליאמסבורג ביי די ליל החתונה?|ju, vɛr hut ɡəhˈitn barˈa park in vˈiljamsburɡ baː də lil haxasˈinə ?
184_165698_0210|יא, אפילו אל על פליגער מיט חרדי'שע אידן זענען געבליבן סטאק אין שבת אין ווענעציע וועגן א סטרייק.|ju, afˈilə al al flˈiɡər mit xrdˈiʃə jidn zˈɛnən ɡəblˈibn stak in ʃˈabəs in vˈɛnəʦiə vejɡn a strajk.
184_165698_0211|יא, יא, יא, איך האב גראדע אינטערוויוט מענטשן פאריגע וואך דאנערשטאג, איך בין געווען ביזי א האלבע טאג מיט מענטשן וואס זענען געווען סטאק ביים תולדות יום טוב און ביים סטרייק.|ju, ju, ju, ix hub ɡrˈadə ˈintərvjit mɛnʧn furˈiɡə vɔx dˈanərʃtaɡ, ix bin ɡəvˈejn bˈizi a hˈalbə tuɡ mit mɛnʧn vus zˈɛnən ɡəvˈejn stak bam tˈɔjldɔjs jɔjm tɔjv in bam strajk.
184_165698_0212|אז מ'רעדט פון שמחה, סתם, מיין ברודער האט מיר אנגעצייכנט אן אינטערעסאנטע זאך פון סקולענער רבי, הרב הקדוש ר' שאול יאנקעלע, וואס די יארצייט איז געווען פאריגע וואך.|az mrɛdt fin sˈimxə, stam, maːn brˈidər hut mir ˈanɡəʦajxnt un ˈintərəsantə zax fin skˈilənər rˈɛbə, harˈaːv hakˈudəʃ rajʃ ʃˈuəl jˈankələ, vus də jˈurʦajt iz ɡəvˈejn furˈiɡə vɔx.
184_165698_0213|זאגט ער, פארוואס ביי א יונגל מאכט מען א שלום זכר פרייטאג צונאכטס, און ביי א מיידל מאכט מען א קידוש שבת צופרי? האסט אמאל אריינגעטראכט? נו?|zuɡt ɛr, farvˈus baː a jinɡl maxt mɛn a ʃˈuləm zˈajxər frˈaːtuɡ ʦˈinaxʦ, in baː a majdl maxt mɛn a kˈidəʃ ʃˈabəs ʦˈifri ? hust amˈul arˈaːnɡətraxt ? ni ?
184_165698_0215|צופרי קען זי ארויסגיין. אין קורצן, איז א גוט ווארט. סקולענער רבי, ר' שאול יאנקעלע.|ʦˈifri kɛn zi arˈoʊzɡajn. in kirʦn, iz a ɡit vɔrt. skˈilənər rˈɛbə, rajʃ ʃˈuəl jˈankələ.
184_165698_0216|זיין ווארט. זיין ווארט. זייער שיין. וואו.|zaːn vɔrt. zaːn vɔrt. zˈajər ʃajn. vi.
184_165698_0217|יא, ווייסטו, איך האב געמאכט מיין טים דאס יאר אין קעמפ. יא, יא. ס'איז געווען "פונעם בארג צו די בערג".|ju, vˈajsti, ix hub ɡəmˈaxt maːn tim dus jur in kɛmf. ju, ju. siz ɡəvˈejn fˈinəm barɡ ʦi də bɛrɡ
184_165698_0218|פונעם בארג צו די בערג, אקעי. פונעם בארג סיני צו די בערג, די מאונטענס וואו מיר זענען געווען.|fˈinəm barɡ ʦi də bɛrɡ, ˈɔkaj. fˈinəm barɡ sˈinaː ʦi də bɛrɡ, də mˈintəns vi mir zˈɛnən ɡəvˈejn.
184_165698_0219|דאס איז געווען די דאסן, יא.|dus iz ɡəvˈejn də dusn, ju.
184_165698_0221|איז געווען אינטערעסאנט, איך בין געזעסן מיט א חשוב'ן איד, ר' נטע זילבער הייסט ער פון מאנסי, און דורכגעגאנגען מיט אים אלע מצוות וואס מיר טוען: דאס איז דאורייתא, דאס איז דרבנן, דאס איז א תקנה, דאס איז א מנהג.|iz ɡəvˈejn intərəsˈant, ix bin ɡəzˈɛsn mit a xˈaʃivn jid, rajʃ ntə zˈilbər hajst ɛr fin mˈɔnsi, in dˈirxɡəɡanɡən mit ejm ˈalə mˈiʦvɔjs vus mir tˈɔjən : dus iz dəɔjrˈaːsə, dus iz drabˈunun, dus iz a tˈiknə, dus iz a mˈinhəɡ.
184_165698_0222|איך אליין בין געוואויר געווארן מורא'דיגע חידושים דארטן וואס איך האב נישט געוואוסט, איך אליין.|ix alˈajn bin ɡəvˈɔjr ɡəvˈɔrn mˈiradiɡə xidˈiʃim dɔrtn vus ix hub niʃt ɡəvˈist, ix alˈajn.
184_165698_0226|גיי פרעג איינעם די אלע זאכן. וואס מאכסטו?|ɡaj frɛɡ ˈajnəm də ˈalə zaxn. vus mˈaxsti ?
184_165698_0227|וואס איז שוין א מנהג, נאר ס'איז שוין נישט א דאורייתא, נישט א דרבנן.|vus iz ʃɔjn a mˈinhəɡ, nɔr siz ʃɔjn niʃt a dəɔjrˈaːsə, niʃt a drabˈunun.
184_165698_0229|ביי די וועי, איך האב געמאכט אן אינטערוויו, איך האב אנגעהויבן ווערן דזשעלעס מיט מענטשן וואס בלייבן וואוינען אין די קאנטרי, אין מאנטיסעלא,|baː də vaj, ix hub ɡəmˈaxt un ˈintərvji, ix hub ˈunɡəhɔjbn virn ʤˈɛləs mit mɛnʧn vus blaːbn vˈɔjnən in də kˈantri, in mˈantisəla,
184_165698_0232|ס'איז מורא'דיג אז מענטשן וואוינען א גאנץ יאר אין די קעטסקילס, און זיי פייפן אריין אין יעדן איינעם. זיי זאגן, "פיין, ברוך שפטרנו, גייטס ענק אהיים.|siz mˈiradiɡ az mɛnʧn vˈɔjnən a ɡanʦ jur in də kˈɛʦkils, in zaj fajfn arˈaːn in jejdn ˈajnəm. zaj zuɡn, faːn, bˈurəx ʃpˈatərni, ɡajʦ ɛnk ahˈajm.
184_165698_0233|ס'איז זייער שיין געווען צו זיין אכט, ניין וואכן." און זיי וואוינען ביליג און געשמאק און געטריי. היינט אין מאנטיסעלא איז דא א גרויסע שול,|siz zˈajər ʃajn ɡəvˈejn ʦi zaːn axt, najn vɔxn in zaj vˈɔjnən bˈiliɡ in ɡəʃmˈak in ɡətrˈaj. haːnt in mˈantisəla iz du a ɡrˈɔjsə ʃil,
184_165698_0235|איך וואלט קאנסידערט. איך האב געהאט זייער ליב די קעטסקילס.|ix vɔlt kˈansidərt. ix hub ɡəhˈat zˈajər lib də kˈɛʦkils.
184_165698_0237|און איך האב זייער הנאה פון דעם.|in ix hub zˈajər hanˈuə fin dejm.
184_165698_0238|לאמיר נעמען אין באטראכט קודם אז די אידן וואס וואוינען היינט אין די קעטסקילס האבן געוואוינט אזוי ווי די אידן וואס האבן געוואוינט אין סקווירא און מאנסי יארן צוריק, יא?|lˈɔmir nˈɛmən in batrˈaxt kˈɔjdəm az də jidn vus vˈɔjnən haːnt in də kˈɛʦkils hubn ɡəvˈɔjnt azˈɔj vi də jidn vus hubn ɡəvˈɔjnt in skvˈira in mˈɔnsi jurn ʦirˈik, ju ?
184_165698_0239|אין מאנסי, איך געדענק ווען איך בין געווען צוואנציג יאר צוריק, מיינט שוין, זיי זענען געווען אין מאנסי, יא, בית המדרש עליון, און דאס, יא, יא, דארף. די מילך איז געקומען.|in mˈɔnsi, ix ɡədˈɛnk vɛn ix bin ɡəvˈejn ʦvˈanʦiɡ jur ʦirˈik, majnt ʃɔjn, zaj zˈɛnən ɡəvˈejn in mˈɔnsi, ju, bajs hamˈidruʃ ˈɛliən, in dus, ju, ju, daf. də milx iz ɡəkˈimən.
184_165698_0240|יא, ממש אזוי. איך געדענק עס נאך, איך געדענק נאך מ'האט דעליווערט מילך צו די טיר.|ju, mˈamiʃ azˈɔj. ix ɡədˈɛnk ɛs nux, ix ɡədˈɛnk nux mhut dˈɛlivərt milx ʦi də tir.
184_165698_0241|דו געדענקסט נאך, יא?|di ɡədˈɛnkst nux, ju ?
184_165698_0242|יאפ. איך געדענק נאך דעם טראק, דער רויטער, בלויער טראק, רויטער טראק מיין איך איז געווען, וואס האט דעליווערט...|jaf. ix ɡədˈɛnk nux dejm trak, dɛr rˈɔjtər, blˈɔjər trak, rˈɔjtər trak maːn ix iz ɡəvˈejn, vus hut dˈɛlivərt
184_165698_0243|דו געדענקסט נאך ווען מ'פלעגט דעליווערן מילך?|di ɡədˈɛnkst nux vɛn mflɛɡt dˈɛlivərn milx ?
184_165698_0244|יא, שור. איך געדענק די גרינע סעלצער געדענק איך נאך, וואס דאס האט געהייסן פאר ר' העלבערבאום, די מינעראל, יא.|ju, ʃur. ix ɡədˈɛnk də ɡrˈinə sˈɛlʦər ɡədˈɛnk ix nux, vus dus hut ɡəhˈajsn far rajʃ hˈɛlbərbim, də mˈinəral, ju.
184_165698_0245|דו געדענקסט נאך ווען מ'פלעגט... ס'האט שוין געמאכט דארטן קיין ערלאפסער פראפן ביי יעדנס הויז און אראפלייגן דארטן מילך.|di ɡədˈɛnkst nux vɛn mflɛɡt səhˈut ʃɔjn ɡəmˈaxt dɔrtn kan ˈɛrlafsər frafn baː jɛdns hoʊz in arˈuplajɡn dɔrtn milx.
184_165698_0246|אין וויליאמסבורג איז נאך דא ר' שפיצער וואס דעליווערט אייער נאך היינט צוטאגס.|in vˈiljamsburɡ iz nux du rajʃ ʃpˈiʦər vus dˈɛlivərt ˈaːjər nux haːnt ʦˈitaɡs.
184_165698_0247|מ'וויל דאך עפעס לאזן פאר די היינטיגע קינדער אויך צו געדענקען.|mvil dɔx ˈɛpəs luzn far də hˈajntiɡə kˈindər ɔjx ʦi ɡədˈɛnkən.
184_165698_0248|וואו, ס'האט מיר געקענט באשטעלן וויפיל מילך מ'דארף, רויטע, בלויע, צו גרינע אויך? א גוי איז געקומען און ער האט עס אראפגעלייגט ביי די טיר. יא,|vi, səhˈut mir ɡəkˈɛnt baʃtˈɛln vˈifil milx mdaf, rˈɔjtə, blˈɔjə, ʦi ɡrˈinə ɔjx ? a ɡɔj iz ɡəkˈimən in ɛr hut ɛs arˈupɡəlajɡt baː də tir. ju,
184_165698_0249|די טראק איז געווען אזא סארט ווי די שעיפ פון די טראק איז געווען ענליך צו די אייז קרים אדער ברינקס טראק. איך ווייס נישט ווי נאכדעם,|də trak iz ɡəvˈejn azˈa sɔrt vi də ʃajf fin də trak iz ɡəvˈejn ˈɛnləx ʦi də ajz krim ˈɔdər brinks trak. ix vajs niʃt vi nuxdˈejm,
184_165698_0250|אמאליגע יו-פי-עס. יא, יא, יא. פארמאכטע טראק. אזא באקסעדיגע. קליינס האט נאך אין זייער סטאר אין בארא פארק האבן זיי אן אלטע טראק פון זיי,|ˈamuliɡə ji pi ɛs. ju, ju, ju. farmˈaxtə trak. azˈa baksˈɛdiɡə. klajns hut nux in zˈajər star in barˈa park hubn zaj un ˈaltə trak fin zaj,
184_165698_0252|ביי די וועי, איך בין געווען פאריגע וואך פרייטאג ביי א פארעם, און דאס איז געווען פון מיינע קינדער, אזא היימישע בחור'ישע פארעם, און מ'קען דארט מעלקן די ציגן.|baː də vaj, ix bin ɡəvˈejn furˈiɡə vɔx frˈaːtuɡ baː a farˈɛm, in dus iz ɡəvˈejn fin mˈaːnə kˈindər, azˈa hˈajmiʃə baxˈurəjʃɛ farˈɛm, in mˈɛkən dɔrt mɛlkn də ʦiɡn.
184_165698_0254|ער קומט פון תולדות אהרן, געשמאק, ער נעמט שפל און דאס, מורא'דיג מורא'דיג די ציגן ווי זיי לעבן, מיט די בערד,|ɛr kimt fin tˈɔjldɔjs arn, ɡəʃmˈak, ɛr nɛmt ʃufl in dus, mˈiradiɡ mˈiradiɡ də ʦiɡn vi zaj lejbn, mit də bɛrd,
184_165698_0255|און גארנישט, מען קען מעלקן א ציגל.|in ɡˈurniʃt, mɛn kɛn mɛlkn a ʦiɡl.
184_165698_0256|און די מייערעמענט איז געווען סאך בעסער פאר די קינדער, מ'איז אויפגעוואקסן אינגאנצן אנדערש, מער ריין, מער רואיג, מער געמיטליך.|in də majərəmˈɛnt iz ɡəvˈejn sax bˈɛsər far də kˈindər, miz ˈɔjfɡəvaksn inɡˈanʦn ˈandiʃ, mɛr rajn, mɛr rˈuaːɡ, mɛr ɡəmˈitləx.
184_165698_0257|וויאזוי גייט די ניגון פון די ציגן פון יום טוב ערשל? מיט די ציגן,|vizˈɔj ɡajt də niɡn fin də ʦiɡn fin jɔjm tɔjv ɛrʃl ? mit də ʦiɡn,
184_165698_0260|איך האב עס קיינמאל נישט געהאט געלט פארדעם, מיטן ערליכן, לאמיר זיך אומקערן אידעלע, חדר באפארט אים.|ix hub ɛs kˈajnmul niʃt ɡəhˈat ɡɛlt fardˈejm, mitn ˈɛrləxn, lˈɔmir zix ˈimkərn ˈidələ, xˈɛdər bafˈɔrt ejm.
184_165698_0261|ער האט גענומען די ניגונים פון יום טוב ערליך און איבערגעזינגען. קענסט דעם טעיפ? דודו דודו דודו, אוודאי קען איך עס. דודו דודו דודו, דודו דודו דודו, דודו דודו דודו. ווי הערט מען היינט דאס, הא? רבי יום טוב האט געלאזט א צוואה.|ɛr hut ɡənˈimən də niɡˈinim fin jɔjm tɔjv ˈɛrləx in ˈibərɡəzinɡən. kɛnst dejm tajf ? dˈidi dˈidi dˈidi, avˈadə kɛn ix ɛs. dˈidi dˈidi dˈidi, dˈidi dˈidi dˈidi, dˈidi dˈidi dˈidi. vi hɛrt mɛn haːnt dus, haj ? rˈɛbə jɔjm tɔjv hut ɡəlˈɔzt a ʦavˈuə.
184_165698_0263|חסידישע נייעס. איך האב נאך נישט געהערט די נייעס. ס'איז דא נאך נייעס? אבער ווען א חסידישער איד זאגט נייעס, איז עס חסידישע נייעס. אט אזוי.|xˈusidiʃə nˈaːjəs. ix hub nux niʃt ɡəhˈirt də nˈaːjəs. siz du nux nˈaːjəs ? ˈɔbər vɛn a xˈusidiʃər jid zuɡt nˈaːjəs, iz ɛs xˈusidiʃə nˈaːjəs. at azˈɔj.
184_165698_0265|יא. זאגט מיר איינער שבת אז ער איז א בן יחיד, די איינציגסטע קינד. די עלטערן האבן געווארט יארן פאר קינדער, די איינציגסטע קינד נעבעך. וואו.|ju. zuɡt mir ˈajnər ʃˈabəs az ɛr iz a bɛn jˈuxid, də ˈajnʦiɡstə kind. də ˈɛltərn hubn ɡəvˈɔrt jurn far kˈindər, də ˈajnʦiɡstə kind nˈɛbəx. vi.
184_165698_0266|יא. האבן מיר געהאט די אידן נעבעך וואס האבן געווארט ניין יאר פאר קינדער נעבעך, וואס פנחס איז געגאנגען מנחם אבל זיין, דא האסטו נאך איינס. וואו.|ju. hubn mir ɡəhˈat də jidn nˈɛbəx vus hubn ɡəvˈɔrt najn jur far kˈindər nˈɛbəx, vus pˈinxus iz ɡəɡˈanɡən mnˈaxajm uvl zaːn, du hˈusti nux ajns. vi.
184_165698_0267|ס'איז אמאל מ'זאגט א נייעס, און פאר א משפחה אפילו איינס פון זיבעצן קינדער איז א טראגעדיע, אבער דאס איז ממש א הימל געשריי.|siz amˈul mzuɡt a nˈaːjəs, in far a miʃpˈuxə afˈilə ajns fin zˈibəʦn kˈindər iz a trˈaɡədiə, ˈɔbər dus iz mˈamiʃ a himl ɡəʃrˈaj.
184_165698_0269|וואס נאך? וואס איז נאך געווען נייעס? אה, אין פוילן האט א טרעקטאר ביי די ארבעט אין די בריגלער בית החיים חרוב געמאכט דארטן די קברים און אויפגעגראבן, רחמנא ליצלן. איך פארצייל נישט אזעלכע זאכן.|vus nux ? vus iz nux ɡəvˈejn nˈaːjəs ? a, in pɔjln hut a trˈɛktar baː də ˈarbət in də brˈiɡlər bajs haxˈajim xˈurəv ɡəmˈaxt dɔrtn də kbrim in ˈɔjfɡəɡrabn, raxamˈunu liʦln. ix farʦˈajl niʃt azˈɛlxə zaxn.
184_165698_0270|און וועלכע זאכן וואלסטו יא געזאגט? גוטע נייעס. די נייעס?|in vˈɛlxə zaxn vˈalsti ju ɡəzˈuɡt ? ɡˈitə nˈaːjəs. də nˈaːjəs ?
184_165698_0271|אקעי.|ˈɔkaj.
184_165698_0272|ס'איז געווארן... מ'האט אינסטאלד קרעדיט קארד מאשינס אין די הייזער פון די... אה, דו ווייסט אז הגאון רבי דוב לאנדא האט א קרעדיט קארד? מ'האט אינסטאלד קרעדיט קארד מאשינס ביי די גדולי ישראל, אז ווען אידן קומען אהין זאלן זיי קענען סווייפן געלט פאר די קרן עולם התורה.|siz ɡəvˈɔrn mhut ˈinstald krˈɛdit kard mˈaʃins in də hˈaːzər fin də a, di vajst az hɡin rˈɛbə dib lˈanda hut a krˈɛdit kard ? mhut ˈinstald krˈɛdit kard mˈaʃins baː də ɡdˈili jisrˈuəl, az vɛn jidn kˈimən ahˈin zɔln zaj kˈɛnən svajfn ɡɛlt far də kˈɛrɛn ˈɔjləm hatˈɔjrə.
184_165698_0274|דער גאון האט א קרעדיט קארד? ער האט געגעבן א צווייטנ'ס קרעדיט קארד. קען זיין ער האט א קרעדיט קארד. מען מעג בארגן א קרעדיט קארד? ס'איז נישט קיין שאלה פון ריבית?|dɛr ɡˈuən hut a krˈɛdit kard ? ɛr hut ɡəɡˈɛbn a ʦvajtns krˈɛdit kard. kɛn zaːn ɛr hut a krˈɛdit kard. mɛn mejɡ barɡn a krˈɛdit kard ? siz niʃt kan ʃˈaːlə fin rˈibəs ?
184_165698_0275|וועלכע גאון וועט נישט האבן א קרעדיט קארד? אה, אקעי. אז ס'איז א דעביט קארד. קען זיין טאקע. אזוי וועלן זיי האבן.|vˈɛlxə ɡˈuən vɛt niʃt hubn a krˈɛdit kard ? a, ˈɔkaj. az siz a dˈɛbit kard. kɛn zaːn tˈakə. azˈɔj vɛln zaj hubn.
184_165698_0276|וואס נאך נייעס?|vus nux nˈaːjəs ?
184_165698_0278|על הר גבוה האט א ניגון. יא, פון משה גאלדמאן, די ערשטע ניגון.|al har ɡbi hut a niɡn. ju, fin mˈɔjʃə ɡˈaldman, də ˈɛrʃtə niɡn.
184_165698_0280|זיי האבן עס געטון צו שאפן געלט, אויפצוטרייבן געלט פאר קינדער וואס האבן ספעציעלע געברויכן.|zaj hubn ɛs ɡətˈin ʦi ʃafn ɡɛlt, ˈɔjfʦitrajbn ɡɛlt far kˈindər vus hubn spˈɛʦiələ ɡəbrˈoʊxn.
184_165698_0281|זיי האבן געשאפט טאקע דורכדעם זיבעציג טויזנט דאלער.|zaj hubn ɡəʃˈaft tˈakə dˈirxdəm zˈibəʦiɡ toʊznt dˈɔlər.
184_165698_0283|מ'זאל קענען שנעלער אנקומען צו א קאל.|mzul kˈɛnən ʃnˈɛlər ˈunkimən ʦi a kal.
184_165698_0285|ספרי תורה זענען געראטעוועט געווארן, ברוך השם.|sfri tˈɔjrə zˈɛnən ɡərˈatəvət ɡəvˈɔrn, bˈurəx haʃˈɛm.
184_165698_0286|די בית דין אין לאנדאן איז ארויסגעקומען מיט א פסק דין אז מ'זאל זיך נישט עפענען קיין איין סעמינאר ווי לאנג יעדע מיידל אין שטאט איז נישט מסודר.|də bajs din in lˈandan iz arˈoʊzɡəkimən mit a pask din az mzul zix niʃt ˈɛfənən kan ajn sˈɛminar vi laːnɡ jˈɛdə majdl in ʃtut iz niʃt msidr.
184_165698_0287|יא, יא, יא. איך האב גערעדט קיין לאנדאן, איך האב געוואלט מאכן אן אינטערוויו מיט איינעם, ער זאגט מיר אז ס'איז זייער זייער קאנטראווערסיאל. שטיין אוועק. אקעי,|ju, ju, ju. ix hub ɡərˈɛt kan lˈandan, ix hub ɡəvˈɔlt maxn un ˈintərvji mit ˈajnəm, ɛr zuɡt mir az siz zˈajər zˈajər kˈantravərsial. ʃtajn avˈɛk. ˈɔkaj,
184_165698_0288|לאמיר שטיין.|lˈɔmir ʃtajn.
184_165698_0289|אין סקווירא דארף מען צוזאמווארפן די אלטע שול. יא, לאמיר הערן פון דיר, וואס מיינט עס?|in skvˈira daf mɛn ʦˈizamvarfn də ˈaltə ʃil. ju, lˈɔmir hirn fin dir, vus majnt ɛs ?
184_165698_0290|מענטשן וויינען ממש. די שול איז דאך יארן, איז דאך אלטע יארן.|mɛnʧn vˈajnən mˈamiʃ. də ʃil iz dɔx jurn, iz dɔx ˈaltə jurn.
184_165698_0291|מ'האט דאך אן אלטע שול, ארום דעם האט מען געבויט די נייע שול אויף דעם, און יעצט איז דא א נייע נייע שול נעבן דעם. אבער דריי וואכן צוריק...|mhut dɔx un ˈaltə ʃil, arˈim dejm hut mɛn ɡəbˈoʊt də nˈaːjə ʃil oʊf dejm, in jɛʦt iz du a nˈaːjə nˈaːjə ʃil nɛbn dejm. ˈɔbər draj vɔxn ʦirˈik
184_165698_0292|ס'איז איינגעפאלן דארטן א חלק פון די עזרת נשים, אויב דו געדענקסט. די דאך, יא, מ'האט דאך געהאט אינטערוויוס וועגן דעם.|siz ˈajnɡəfaln dɔrtn a xˈajlək fin də ˈɛzras nˈuʃim, ɔjb di ɡədˈɛnkst. də dɔx, ju, mhut dɔx ɡəhˈat ˈintərvjis vejɡn dejm.
184_165698_0293|ברוך השם, קיינער איז נישט געשעדיגט געווארן, אבער יעצט האלט זיך ארויס אז ס'איז שוין גאנץ אלט, און מ'דארף עס מער צונעמען.|bˈurəx haʃˈɛm, kˈajnər iz niʃt ɡəʃˈɛdiɡt ɡəvˈɔrn, ˈɔbər jɛʦt halt zix arˈoʊs az siz ʃɔjn ɡanʦ alt, in mdaf ɛs mɛr ʦˈinəmən.
184_165698_0294|יעדע זאך וואס מ'צונעמט איז א ווייטאג.|jˈɛdə zax vus mʦˈinəmt iz a vˈajtaɡ.
184_165698_0295|יא, אבער... א מינוט, פאר די וואך איז ער נפטר געווארן. ווייסט וואס נאך מ'האט צוגענומען די וואך? איך גיי שוין אנגיין, איך בין נאך געבליבן ווי איך בין. איך לויף נישט אוועק אין צו שלעכט.|ju, ˈɔbər a minˈit, far də vɔx iz ɛr npˈatər ɡəvˈɔrn. vajst vus nux mhut ʦˈiɡənimən də vɔx ? ix ɡaj ʃɔjn ˈunɡajn, ix bin nux ɡəblˈibn vi ix bin. ix lɔjf niʃt avˈɛk in ʦi ʃlɛxt.
184_165698_0296|אויב איינער לויפט אוועק איז א צווייטער. אבער איך בין נאך אלץ דארטן וואו איך וויל זיין קודם, אבער מיר גייען צו די נייע פלאץ.|ɔjb ˈajnər lɔjft avˈɛk iz a ʦvˈajtər. ˈɔbər ix bin nux alʦ dɔrtn vi ix vil zaːn kˈɔjdəm, ˈɔbər mir ɡˈajən ʦi də nˈaːjə plaːʦ.
184_165698_0299|יא, מ'האט אראפגעווארפן זיין הויז פון די ערשטע זעכציג הייזקעלעך אין סקווירא. אקעי.|ju, mhut arˈupɡəvarfn zaːn hoʊz fin də ˈɛrʃtə zˈɛxʦiɡ hˈajzkələx in skvˈira. ˈɔkaj.
184_165698_0300|האבן זיי געזונגען א ניגון, זייער א פאטשעדיגע ניגון, איך וועל דיר קענען דאס געבן ארויפצולייגן. אדער אבער? טאמער נישט, נישט.|hubn zaj ɡəzˈinɡən a niɡn, zˈajər a fˈaʧədiɡə niɡn, ix vɛl dir kˈɛnən dus ɡejbn arˈoʊfʦilajɡn. ˈɔdər ˈɔbər ? tˈamər niʃt, niʃt.
184_165698_0301|אבער זייער א ווארימע ניגון, אזוי ווי אז די הייזקעלע וואס שטייט שוין אזויפיל יאר, א געוואלדיגע ווייטאג פאר מענטשן צו זען.|ˈɔbər zˈajər a vˈarimə niɡn, azˈɔj vi az də hˈajzkələ vus ʃtajt ʃɔjn ˈazɔjfil jur, a ɡəvˈaldiɡə vˈajtaɡ far mɛnʧn ʦi zejn.
184_165698_0302|יא, אמאל איז דא די נסיון, סיי געלט, מ'קען פארקויפן די לאטערי, אדער סיי מ'דארף האבן די קינדער וואו צו וואוינען, ס'איז נישטא כמעט וואו צו וואוינען, מ'מוז עס אומװארפן.|ju, amˈul iz du də nˈisɔjən, saj ɡɛlt, mˈɛkən farkˈɔjfn də lˈatəri, ˈɔdər saj mdaf hubn də kˈindər vi ʦi vˈɔjnən, siz niʃtˈu kəmˈat vi ʦi vˈɔjnən, mmiz ɛs im arfn.
184_165698_0303|אבער באמת וואלט זיך יעדער געוואונטשן ווען מ'קען פרעמען די הייזער און עס לאזן שטיין וואו ס'איז.|ˈɔbər bəˈɛməs vɔlt zix jˈɛdər ɡəvˈinʧn vɛn mˈɛkən frˈɛmən də hˈaːzər in ɛs luzn ʃtajn vi siz.
184_165698_0305|יעצט לאמיר גיין צו וואס דו האסט געוואלט גיין. איך האב געקענט, איך האב עס איינגעהאלטן, ס'איז געבליבן דארט, ווייל ס'האט טאקע אזוי באלאנגט.|jɛʦt lˈɔmir ɡajn ʦi vus di hust ɡəvˈɔlt ɡajn. ix hub ɡəkˈɛnt, ix hub ɛs ˈaːnɡəhaltn, siz ɡəblˈibn dɔrt, vaːl səhˈut tˈakə azˈɔj balˈanɡt.
184_165698_0306|אבער באניע שול האט מען די וואך צעווארפן, ווי דו ווייסט זיכער, און מ'גייט בויען א שפאגל נייע בילדינג.|ˈɔbər banˈiə ʃil hut mɛn də vɔx ʦəvˈarfn, vi di vajst zˈixər, in mɡajt bˈoʊən a ʃpaɡl nˈaːjə bˈildinɡ.
184_165698_0307|איך האב גערעדט מיט'ן רבי'ן פריוואט, אויף פסח גייט שוין זיין גרייט די נייע שול.|ix hub ɡərˈɛt mitn rbin frˈivat, oʊf pˈajsəx ɡajt ʃɔjn zaːn ɡrajt də nˈaːjə ʃil.
184_165698_0308|וואו, ווילסט אריינרופן דעם רבי'ן? אז דו ווילסט, זאגסטו. יא. האסט זיין נאמבער?|vi, vilst arˈaːnrifn dejm rbin ? az di vilst, zˈaɡsti. ju. hust zaːn nˈambər ?
184_165698_0309|רוף מיר מיין רבי'ן, יא, מיין רבי'נס נאמבער האב איך, יא, יא. כי אורך ימים ושנות חיים,|rif mir maːn rbin, ju, maːn rbins nˈambər hub ix, ju, ju. ki irx ˈimim ˈiʃnɔjs xˈajim,
184_165698_0312|וואס איז דאס, רבי? איך האב נישט גערופן ווייל איך האב געוואלט הערן ווי דו זינגסט. דו זינגסט שיין.|vus iz dus, rˈɛbə ? ix hub niʃt ɡərˈifn vaːl ix hub ɡəvˈɔlt hirn vi di zinɡst. di zinɡst ʃajn.
184_165698_0314|העלא? יחי אדונינו, וואס מאכט דער רבי? אה, וואס טוט זיך? איך האב דא א וועלוול שמעלצער.|hˈɛla ? jxi ˈadinini, vus maxt dɛr rˈɛbə ? a, vus tit zix ? ix hub du a vɛlvl ʃmˈɛlʦər.
184_165698_0316|יא, וועלכע נאמבער איז דאס? דו רופסט פון אן אנדערע נאמבער.|ju, vˈɛlxə nˈambər iz dus ? di rifst fin un ˈandərə nˈambər.
184_165698_0318|איך בין אין קעמפ.|ix bin in kɛmf.
184_165698_0320|און מ'האפט אז מ'וועט שוין די אנדערע וואך מאכן א חשבון, און מ'גייט שוין אויפבויען, און מ'האפט אויף פסח וועט שוין זיין א נייע בית המדרש.|in mhaft az mvɛt ʃɔjn də ˈandərə vɔx maxn a xˈɛʃbɔjn, in mɡajt ʃɔjn ˈoʊfboʊən, in mhaft oʊf pˈajsəx vɛt ʃɔjn zaːn a nˈaːjə bajs hamˈidruʃ.
184_165698_0321|וואו דאווענט מען דערווייל?|vi davˈɛnt mɛn dərvˈaːl ?
184_165698_0322|ס'איז געווען אין א שול, סאטמאר האט ארומגע'שול'ט דארטן צוויי יאר, סאו. ס'איז פארשארט פאר איינעם פערסטער, און איינעם בערגער.|siz ɡəvˈejn in a ʃil, sˈatmar hut arˈimɡəʃilt dɔrtn ʦvaj jur, sɔ. siz farʃˈart far ˈajnəm fˈɛrstər, in ˈajnəm bˈɛrɡər.
184_165698_0323|ס'קאסט געלט, פופצן הונדערט א חודש, און מ'דאווענט דארטן, און ס'איז ממש נאנט דא צו מיין הויז דא.|skɔst ɡɛlt, fifʦn hˈindərt a xˈɔjdəʃ, in mdavˈɛnt dɔrtn, in siz mˈamiʃ nant du ʦi maːn hoʊz du.
184_165698_0324|וואס קומט אין די נייע בנין?|vus kimt in də nˈaːjə bˈiniən ?
184_165698_0325|א הויז, איין הויז צו פארקויפן, ווייל ס'זאל נישט אריינקומען צו א בנין, בקיצור.|a hoʊz, ajn hoʊz ʦi farkˈɔjfn, vaːl szul niʃt arˈaːnkimən ʦi a bˈiniən, bˈɛkiʦər.
184_165698_0328|יא, אבער ער וואלט געגאנגען צו דארטן מיט די בעסערע, די עלטערע מענטשן.|ju, ˈɔbər ɛr vɔlt ɡəɡˈanɡən ʦi dɔrtn mit də bˈɛsərə, də ˈɛltərə mɛnʧn.
184_165698_0329|הלוואי קומט ער צוריק, דארף מען האבן אין מיין געגנט.|hlvaː kimt ɛr ʦirˈik, daf mɛn hubn in maːn ɡɛɡnt.
184_165698_0330|איך בין געגאנגען, דער רבי האט געזאגט, אין די געגנט וואו דער רבי וואוינט איז שוין דא ווארימקייט. איך בין געגאנגען פארשפרייטן ווארימקייט אין נאך פלעצער.|ix bin ɡəɡˈanɡən, dɛr rˈɛbə hut ɡəzˈuɡt, in də ɡɛɡnt vi dɛr rˈɛbə vɔjnt iz ʃɔjn du vˈarimkaːt. ix bin ɡəɡˈanɡən farʃprˈajtn vˈarimkaːt in nux plˈɛʦər.
184_165698_0331|ניין, דארט קומט מיר אז עפעס דארפסטו קומען אין מיין געגנט.|najn, dɔrt kimt mir az ˈɛpəs dˈarfsti kˈimən in maːn ɡɛɡnt.
184_165698_0332|אמת. שבת, שבת וועלן מיר רעדן.|ˈɛməs. ʃˈabəs, ʃˈabəs vɛln mir rɛdn.
184_165698_0333|אמת, אמת.|ˈɛməs, ˈɛməs.
184_165698_0334|מ'איז געווען יעקב שלמה גראס. האלב באן איז ער מיר געגאנגען אין די געגנט.|miz ɡəvˈejn jˈankəv ʃlˈɔjmə ɡras. halb ban iz ɛr mir ɡəɡˈanɡən in də ɡɛɡnt.
184_165698_0335|יא, מ'רעדט פון יעקב שלמה. יעקב שלמה'ס טאטע איז געווען טאקע ביי אים אין קעמפ אין קרית יואל די וואך.|ju, mrɛdt fin jˈankəv ʃlˈɔjmə. jˈankəv ʃlˈɔjmɔjhs tˈatə iz ɡəvˈejn tˈakə baː ejm in kɛmf in kˈirjas jˈɔjəl də vɔx.
184_165698_0337|יא, יא. מ'האט גערעדט פאר די קינדער חיזוק. אבער יא, יעקב שלמה האט געמאכט א תיבה.|ju, ju. mhut ɡərˈɛt far də kˈindər xˈizək. ˈɔbər ju, jˈankəv ʃlˈɔjmə hut ɡəmˈaxt a tˈajvə.
184_165698_0339|גארבעדזש האבן אונז אויך געהאט.|ɡˈarbəʤ hubn inz ɔjx ɡəhˈat.
184_165698_0340|אויב יעקב שלמה קומט צוריק אין די געגנט, האט ער א פראבלעם, זיין שווער עפנט זיך א בית המדרש, ער וויל אויך א בית המדרש.|ɔjb jˈankəv ʃlˈɔjmə kimt ʦirˈik in də ɡɛɡnt, hut ɛr a prɔblˈejm, zaːn ʃvir ɛfnt zix a bajs hamˈidruʃ, ɛr vil ɔjx a bajs hamˈidruʃ.
184_165698_0341|אבער יעקב שלמה איז געקומען וואוינען ביי אונז. יא, דאס זאג איך. און ער האט דא, ער האט א פראבלעם צו דאווענען אין באניע צו זיין שווער, אזוי איז ער פטור.|ˈɔbər jˈankəv ʃlˈɔjmə iz ɡəkˈimən vˈɔjnən baː inz. ju, dus zuɡ ix. in ɛr hut du, ɛr hut a prɔblˈejm ʦi dˈavənən in banˈiə ʦi zaːn ʃvir, azˈɔj iz ɛr pˈutər.
184_165698_0342|שוין, איך בין זיכער ער וואלט געדאוונט אין באניע סייווי. יא, יא.|ʃɔjn, ix bin zˈixər ɛr vɔlt ɡədˈavnt in banˈiə sˈajvi. ju, ju.
184_165698_0343|ער קען איינטיילן. באמת איז צו א רבי'ן דארף מען קומען פון די ווייטן אויך.|ɛr kɛn ˈajntajln. bəˈɛməs iz ʦi a rbin daf mɛn kˈimən fin də vajtn ɔjx.
184_165698_0344|יצחק שלמה, גרייט דיך נישט ארויס. מ'וועט שוין ווען דער אבן הפינה רבי?|jˈiʦxuk ʃlˈɔjmə, ɡrajt dix niʃt arˈoʊs. mvɛt ʃɔjn vɛn dɛr abn hfˈinə rˈɛbə ?
184_165698_0345|דער רבי וואלט צוגעשטעלט אן אכסניא פאר יצחק שלמה, אויב ער קומט מיט די משפחה. אוודאי, אוודאי, אוודאי. ער האט דאך נעפיאוס דא אנגעגעבן.|dɛr rˈɛbə vɔlt ʦˈiɡəʃtəlt un axsanˈiə far jˈiʦxuk ʃlˈɔjmə, ɔjb ɛr kimt mit də miʃpˈuxə. avˈadə, avˈadə, avˈadə. ɛr hut dɔx nˈɛfiis du ˈunɡəɡejbn.
184_165698_0346|אדער זוסיא, יום טוב, אדער קרבן למלכות ביים רבי'ן. זוסיא איז דער כהן, ווען דארף עס זיין?|ˈɔdər zˈisia, jɔjm tɔjv, ˈɔdər kurbn lmˈalxis bam rbin. zˈisia iz dɛr kˈɔjhajn, vɛn daf ɛs zaːn ?
184_165698_0348|לאמיר גיין צום פינטל. ווען מ'בויעט א שול, געווענליך היינטיגע צייטן פרובירט מען צו עטרעקטן מענטשן מיט נאך געוויסע געדאנקען.|lˈɔmir ɡajn ʦim pintl. vɛn mbˈɔjət a ʃil, ɡəvˈɛnləx hˈajntiɡə ʦaːtn prˈibirt mɛn ʦi ˈɛtrəktn mɛnʧn mit nux ɡəvˈisə ɡədˈankən.
184_165698_0349|וואס איז אין פלאן אין די נייע שול, עפעס א סערוויס וואס די אריבערדיגע שולן האבן נישט?|vus iz in plaːn in də nˈaːjə ʃil, ˈɛpəs a sˈɛrvis vus də ˈaribərdiɡə ʃiln hubn niʃt ?
184_165698_0352|איך געדענק פון אמאל, איך געדענק איינמאל בין איך געווען דארטן, איך געדענק מ'שטעלט צו א פיינע טשאלנט שבת צופרי, אמת? טשאלנט?|ix ɡədˈɛnk fin amˈul, ix ɡədˈɛnk ˈajnmul bin ix ɡəvˈejn dɔrtn, ix ɡədˈɛnk mʃtɛlt ʦi a fˈajnə ʧalnt ʃˈabəs ʦˈifri, ˈɛməs ? ʧalnt ?
184_165698_0353|איך גיי נישט קוקן, איך גיי נישט קוקן, אפיציעל געבן מיר נישט קיין טשאלנט, נאר געוועריגל וואס איז איינער אויף קידוש.|ix ɡaj niʃt kikn, ix ɡaj niʃt kikn, ˈafiʦiəl ɡejbn mir niʃt kan ʧalnt, nɔr ɡəvˈɛriɡl vus iz ˈajnər oʊf kˈidəʃ.
184_165698_0355|איינער זאגט אז ער איז נישט לאקש, ירושלים. איינער זאגט, פרעגט וואס איז מיר קוגל?|ˈajnər zuɡt az ɛr iz niʃt lakʃ, jəruʃulˈajim. ˈajnər zuɡt, frɛɡt vus iz mir kiɡl ?
184_165698_0356|זאג איך ביי מיר קוגל. זאג איך ביי מיר קוגל. ס'איז א גוטע קוגל, נאר.|zuɡ ix baː mir kiɡl. zuɡ ix baː mir kiɡl. siz a ɡˈitə kiɡl, nɔr.
184_165698_0357|אקעי, דער רבי איבערלאזט אין בית המקדש. איך וועל שוין זיין אין די תפלות, און מ'זאל יודן זיין באקוועם.|ˈɔkaj, dɛr rˈɛbə ˈibərlɔzt in bajs hamˈikduʃ. ix vɛl ʃɔjn zaːn in də tfˈilɔjs, in mzul jidn zaːn bakvˈɛm.
184_165698_0358|און ס'איז דא אידן וואס קומען דאווענען פון די ווייט, זיי זענען באקוועם צו דאווענען. מיר דארפן די אידן אויך האבן א שול, שטייט עס.|in siz du jidn vus kˈimən dˈavənən fin də vaːt, zaj zˈɛnən bakvˈɛm ʦi dˈavənən. mir daːfn də jidn ɔjx hubn a ʃil, ʃtajt ɛs.
184_165698_0359|מיר דארפן אלע מיני אידן האבן א שול.|mir daːfn ˈalə mˈini jidn hubn a ʃil.
184_165698_0363|שוין, א ברכת צדיק. וואס נאך און אלעס? וואס רעדסטו פון א גוטן ספאנסער?|ʃɔjn, a bˈirxɔjs ʦˈadik. vus nux in ˈaləs ? vus rˈɛdsti fin a ɡitn sfˈansər ?
184_165698_0365|וואו, אזא זאך, אזא גוטן ספאנסער?|vi, azˈa zax, azˈa ɡitn sfˈansər ?
184_165698_0366|שטעל דיר פאר, די יום טוב'דיגע טעג קומען, אונז ווייסן מיר וואס דאס מיינט, שעות לאנג אין בית המדרש, מ'שטייט, מ'זעצט זיך אוועק, מ'שטעלט זיך אויף נאכאמאל.|ʃtɛl dir far, də jɔjm tˈibdiɡə tejɡ kˈimən, inz vajsn mir vus dus majnt, ʃˈuəs laːnɡ in bajs hamˈidruʃ, mʃtajt, mzɛʦt zix avˈɛk, mʃtɛlt zix oʊf nˈuxamul.
184_165698_0367|ווייסטו, ביי ענק, וויאזוי ווייסט מען ווען מ'שטייט און ווען מ'זיצט?|vˈajsti, baː ɛnk, vizˈɔj vajst mɛn vɛn mʃtajt in vɛn mziʦt ?
184_165698_0368|וויאזוי מ'ווייסט?|vizˈɔj mvajst ?
184_165698_0370|געווענליך איז דא אין די סידור, געווענליך איז דא אין די סידור, און מ'שטעלט זיך אויף און מ'זעצט זיך אוועק.|ɡəvˈɛnləx iz du in də sˈidər, ɡəvˈɛnləx iz du in də sˈidər, in mʃtɛlt zix oʊf in mzɛʦt zix avˈɛk.
184_165698_0371|יעצט, איך בין אין ווייבער שול, איך רעד דאך יעצט פון א גרויסע שול, ווי אין סקווירא למשל, זענען טויזנטער פרויען.|jɛʦt, ix bin in vˈaːbər ʃil, ix rɛd dɔx jɛʦt fin a ɡrˈɔjsə ʃil, vi in skvˈira ləmˈuʃl, zˈɛnən tˈoʊzntər frˈɔjən.
184_165698_0372|איין פרוי וואס שטעלט זיך אויף וואס זאל זיך גיין וואשן די הענט, זי גיט א ריק די בענקל, יעדער הערט די בענקל ריקט זיך, און דער גאנצער עולם שטעלט זיך אויף.|ajn frɔj vus ʃtɛlt zix oʊf vus zul zix ɡajn vaʃn də hɛnt, zi ɡit a rajk də bɛnkl, jˈɛdər hɛrt də bɛnkl rikt zix, in dɛr ɡˈanʦər ˈɔjləm ʃtɛlt zix oʊf.
184_165698_0373|איך האב נישט געוואוסט אזוי איז.|ix hub niʃt ɡəvˈist azˈɔj iz.
184_165698_0374|יא, אזא ווערטל פלעגט זיין אמאל. און די לעצטע זאך וואס מ'דארף איז שוויצנדע, אומבאקוועמע זאקן.|ju, azˈa vɛrtl flɛɡt zaːn amˈul. in də lˈɛʦtə zax vus mdaf iz ʃvˈiʦndə, ˈimbakvəmə zakn.
184_165698_0376|מ'דארף שוין נישט ליידן.|mdaf ʃɔjn niʃt lajdn.
184_165698_0379|ס'העלפט האלטן די פיס פריש און טרוקן אפילו ווען מ'איז לאנג אויף א פלאץ. נישט סתם נאך אפאר זאקן, נאר...|shɛlft haltn də fis friʃ in trikn afˈilə vɛn miz laːnɡ oʊf a plaːʦ. niʃt stam nux apˈur zakn, nɔr
184_165698_0381|לכבוד די ימים טובים, האנדלט אייך איין א פאר און שפירט אליינס דעם חילוק.|lxbid də ˈimim tˈibim, handlt aːx ajn a far in ʃpirt alˈajns dejm xˈilək.
184_165698_0385|זיי האבן דאס אויך. געדענקסט נאך וויאזוי ס'האט געהייסן? ס'איז שוין נישטא. יא. דו וואלסט געקויפט א זאקן מיט א לאך?|zaj hubn dus ɔjx. ɡədˈɛnkst nux vizˈɔj səhˈut ɡəhˈajsn ? siz ʃɔjn niʃtˈu. ju. di valst ɡəkˈɔjft a zakn mit a lax ?
184_165698_0386|איך דארף דאך קענען אריינלייגן די פיס. דו ביסט א קלוגער בחור. ווי אלט דארף מען זיין פאר דעי דזשאוק?|ix daf dɔx kˈɛnən arˈaːnlajɡn də fis. di bist a klˈiɡər bˈuxər. vi alt daf mɛn zaːn far daj ʤik ?
184_165698_0387|דער אמת איז, מ'קען אייביג איבערגיין, אזוי אז ס'שאדט נישט.|dɛr ˈɛməs iz, mˈɛkən ˈajbiɡ ˈibərɡajn, azˈɔj az sʃadt niʃt.
184_165698_0390|וויזשניץ מאכט עפעס א גרויסע נסיעה קיין מירון. ער איז געפארן, איין?|vˈiʒniʦ maxt ˈɛpəs a ɡrˈɔjsə nəsˈiə kan mˈirin. ɛr iz ɡəfˈarn, ajn ?
184_165698_0391|יא. דער רבי האט גערעדט אז מ'זאל נישט מאכן קיין בילדער, און גאנצע אויסשטעלונגען צו אינטערעסאנטע נעמען פון גאסן וכדומה.|ju. dɛr rˈɛbə hut ɡərˈɛt az mzul niʃt maxn kan bˈildər, in ɡˈanʦə ˈoʊsʃtəlinɡən ʦi ˈintərəsantə nˈɛmən fin ɡasn ˈixdimə.
184_165698_0392|איך מיין, דער רבי האט געזאגט אז מ'זאל צודעקן אפילו די פלאץ פון די קאמערע. יא, יא, יא. מ'לייגט א סטיקער אויף דעם.|ix maːn, dɛr rˈɛbə hut ɡəzˈuɡt az mzul ʦˈidəkn afˈilə də plaːʦ fin də kˈamərə. ju, ju, ju. mlajɡt a stˈikər oʊf dejm.
184_165698_0393|ס'איז געווארן היינט אזא זאך, וואס איך האב געהערט פון קארלין-סטאלין זאגט, אז די רבי'ס פארן ארום צו מקומות גרינגער צו מאכן פאר'ן עולם, און דער עולם קומט דארט אריין מיט קוויטלעך.|siz ɡəvˈɔrn haːnt azˈa zax, vus ix hub ɡəhˈirt fin kˈarlin stˈalin zuɡt, az də rbis farn arˈim ʦi mkˈɔjmɔjs ɡrˈinɡər ʦi maxn farn ˈɔjləm, in dɛr ˈɔjləm kimt dɔrt arˈaːn mit kvˈitləx.
184_165698_0394|איך ווייס, אין סאטמאר איז שוין לאנג אזוי, ער פארט ארום צו די געגנטער.|ix vajs, in sˈatmar iz ʃɔjn laːnɡ azˈɔj, ɛr fɔrt arˈim ʦi də ɡəɡntˈɛr.
184_165698_0395|יא, דער ז'ווארסקער רבי האט געשיקט מיט אן אייניקל נעכטן א קוויטל צום כ"ק אדמו"ר מגור שליט"א.|ju, dɛr zvˈarskər rˈɛbə hut ɡəʃˈikt mit un ˈajnikl nɛxtn a kvitl ʦim xuf kif ˈaləf dˈuləd mɛm vuv rajʃ mɡir ʃlˈitə.
184_165698_0396|און אין באיאן בויעט מען שוין די סוכה, מ'לייגט שוין די סכך.|in in bˈaːan bˈɔjət mɛn ʃɔjn də sˈikə, mlajɡt ʃɔjn də sxax.
184_165698_0398|יא, יא, יא, מ'האט פאריגע וואך גערעדט פון די "חטאנו לפניך".|ju, ju, ju, mhut furˈiɡə vɔx ɡərˈɛt fin də xutˈuni lfnix
184_165698_0399|יא, אבער יעצט איז געווען אז אין די שול, צוזאמען מיט'ן בעלזער רב, האט מען געמאכט א מנין.|ju, ˈɔbər jɛʦt iz ɡəvˈejn az in də ʃil, ʦizˈamən mitn bˈɛlzər ruv, hut mɛn ɡəmˈaxt a mˈiniən.
184_165698_0401|ס'איז א מנין, יא, זייער זייער אינטערעסאנט. דער בעלזער רב האט אלעמאל געטון דאס, נישט מורא געהאט צו טון זאכן וואס אנדערע וואלטן נישט געטון.|siz a mˈiniən, ju, zˈajər zˈajər intərəsˈant. dɛr bˈɛlzər ruv hut ˈaləmal ɡətˈin dus, niʃt mˈɔjrə ɡəhˈat ʦi tin zaxn vus ˈandərə vɔltn niʃt ɡətˈin.
184_165698_0402|און איינער זאגט מיר אז ווען דער פריערדיגער בעלזער רב, ר' אהרן בעלזער, האט געוואוינט אין קאטאמאן, האט מען געהערט די ניגון פון די סליחות פון די ספרד'ישע מנין, און ער האט זייער הנאה געהאט.|in ˈajnər zuɡt mir az vɛn dɛr frˈiərdiɡər bˈɛlzər ruv, rajʃ arn bˈɛlzər, hut ɡəvˈɔjnt in kˈataman, hut mɛn ɡəhˈirt də niɡn fin də slˈixis fin də sfrdˈiʃə mˈiniən, in ɛr hut zˈajər hanˈuə ɡəhˈat.
184_165698_0403|און ער האט געזאגט אז די ניגונים זענען זיכער פון די ניגונים וואס מ'האט געזינגען אין בית המקדש, וואס די לויים האבן געזינגען, ווייל זיי זענען געגאנגען אין בבל, און די ניגונים זענען געבליבן וואס זיי האבן באקומען במסורה.|in ɛr hut ɡəzˈuɡt az də niɡˈinim zˈɛnən zˈixər fin də niɡˈinim vus mhut ɡəzˈinɡən in bajs hamˈikduʃ, vus də lˈɔjim hubn ɡəzˈinɡən, vaːl zaj zˈɛnən ɡəɡˈanɡən in bˈuvəl, in də niɡˈinim zˈɛnən ɡəblˈibn vus zaj hubn bakˈimən bimsˈɔjrə.
184_165698_0404|דער אכסטופקער רבי זכר צדיק לברכה האט דאס פארציילט, ס'איז געדרוקט.|dɛr ˈaxstifkər rˈɛbə zˈajxər ʦˈadik livrˈuxə hut dus farʦˈajlt, siz ɡədrˈikt.
184_165698_0405|יעצט מאכט ער אין דעם בית המדרש דארטן, קומט מען פאר מיט בעלי תשובות און מ'זאגט סליחות צוזאמען.|jɛʦt maxt ɛr in dejm bajs hamˈidruʃ dɔrtn, kimt mɛn far mit baˈali ʧˈivɔjs in mzuɡt slˈixis ʦizˈamən.
184_165698_0406|זייער שיין.|zˈajər ʃajn.
184_165698_0409|גדולה הכנסת אורחים, איך זע ווי מ'איז יעצט, יעצט איז ליידער קבלת פני השכינה, יעצט איז קבלה לפני השכינה.|ɡədˈilə haknˈɛsɛs ˈɔjrxim, ix zɛ vi miz jɛʦt, jɛʦt iz lˈajdər kabˈulas pni hʃxˈinə, jɛʦt iz kˈibluh lfni hʃxˈinə.
184_165698_0413|ער האט געהאט איבער דריי הונדערט הייזער אין בארא פארק וואס מ'האט איבערגעבויט ספעציעל פאר הכנסת אורחים דירות. איך האב געשריבן פאר אים נאך צוויי צענדליגער יארן צוריק,|ɛr hut ɡəhˈat ˈibər draj hˈindərt hˈaːzər in barˈa park vus mhut ˈibərɡəboʊt sfˈɛʦiəl far haknˈɛsɛs ˈɔjrxim dirˈuɔjs. ix hub ɡəʃrˈibn far ejm nux ʦvaj ʦəndlˈiɡər jurn ʦirˈik,
184_165698_0414|איך האב געמאכט פאר אים גליונות דעמאלטס. ער פלעגט קלעטערן אין שולן, ס'האט אים אלעס געפאסט, ספעציעל פרשת וירא,|ix hub ɡəmˈaxt far ejm ɡiljˈɔjnɔjs dˈɛmalʦ. ɛr flɛɡt klˈɛtərn in ʃiln, səhˈut ejm ˈaləs ɡəpˈɔst, sfˈɛʦiəl pˈarʃis vaajˈirə,
184_165698_0415|גיי נאך געלט פאר די משולחים, גיי נאך געלט פאר הכנסת אורחים. פורים, איך האב גע'אינטערוויו'ט נעכטן א משולח, ער זאגט, פורים האט ער געשלעפט מיט א דרייצן אויף דער ערד.|ɡaj nux ɡɛlt far də mʃilˈuxim, ɡaj nux ɡɛlt far haknˈɛsɛs ˈɔjrxim. pˈirim, ix hub ɡəˈaːntərvjit nɛxtn a mʃˈilux, ɛr zuɡt, pˈirim hut ɛr ɡəʃlˈɛft mit a drajʦn oʊf dɛr ɛrd.
184_165698_0416|איך האב אמאל געהאט אויף קול מבשר א משולחים פראיעקט, האט ער גערעדט, ער האט מיר געהאלפן מיט אלע קאנטעקטס, יעדע משולח האט ער געקענט.|ix hub amˈul ɡəhˈat oʊf kul məvˈasajr a mʃilˈuxim frˈaːəkt, hut ɛr ɡərˈɛt, ɛr hut mir ɡəhˈalfn mit ˈalə kˈantəkʦ, jˈɛdə mʃˈilux hut ɛr ɡəkˈɛnt.
184_165698_0418|ער פלעגט דא רעדן אויף קול מבשר יעדע פרייטאג פרשת וירא פלעגט ער רעדן אויף קול מבשר און מעורר זיין דעם עולם וועגן מצות הכנסת אורחים.|ɛr flɛɡt du rɛdn oʊf kul məvˈasajr jˈɛdə frˈaːtuɡ pˈarʃis vaajˈirə flɛɡt ɛr rɛdn oʊf kul məvˈasajr in mˈɛirr zaːn dejm ˈɔjləm vejɡn mˈaʦɔjs haknˈɛsɛs ˈɔjrxim.
184_165698_0419|און אפילו נאכדעם וואס ער איז געווארן רבי, אלעס האט אים געפאסט, אבי נאך א משולח, נאך א משולח.|in afˈilə nuxdˈejm vus ɛr iz ɡəvˈɔrn rˈɛbə, ˈaləs hut ejm ɡəpˈɔst, ˈabi nux a mʃˈilux, nux a mʃˈilux.
184_165698_0420|אפשר מיר זענען דא אריינשטיקל אין א שטיקל ווי הרב הצדיק מצאנז בארא פארק, רבי ברוך הלברשטאם, ער רעדט דא אויף קול מבשר, ער פלעגט רעדן פון שטאט צאנז אויך.|ˈɛfʃir mir zˈɛnən du arˈaːnʃtikl in a ʃtikl vi harˈaːv hˈaʦadik mʦanz barˈa park, rˈɛbə bˈurəx hlbrʃtam, ɛr rɛdt du oʊf kul məvˈasajr, ɛr flɛɡt rɛdn fin ʃtut ʦanz ɔjx.
184_165698_0421|לאמיר הערן א מינוט.|lˈɔmir hirn a minˈit.
184_165698_0424|"יא, א גוט יאר, יא. ברוך השם, איך האב דעם כבוד צו רעדן, און אביסל רעדן פאר'ן עולם, מ'זאל פארשטיין וואס דא גייט פאר.|ju, a ɡit jur, ju. bˈurəx haʃˈɛm, ix hub dejm kˈuvəd ʦi rɛdn, in abˈisl rɛdn farn ˈɔjləm, mzul farʃtˈajn vus du ɡajt far.
184_165698_0425|יא, מ'רעדט דאך שוין דא ברוך השם שוין ביי א דריי און צוואנציג יאר וואס מ'האט אנגעהויבן מיט א קליינעם פארמאט, און ס'איז נתרבה געווארן, נתרבה ספסלה,|ju, mrɛdt dɔx ʃɔjn du bˈurəx haʃˈɛm ʃɔjn baː a draj in ʦvˈanʦiɡ jur vus mhut ˈunɡəhɔjbn mit a klˈajnəm farmˈat, in siz nisrˈabə ɡəvˈɔrn, nisrˈabə sfslə,
184_165698_0426|ס'איז געווארן, קיין עין הרע. מ'רעדט שוין היינט דא פון קרוב צו צוויי הונדערט בעטן, מ'רעדט דא בערך קרוב צו פערציג דירות. און אזוי גייט עס ווייטער,|siz ɡəvˈɔrn, kan ˈaːən hrə. mrɛdt ʃɔjn haːnt du fin krib ʦi ʦvaj hˈindərt bejtn, mrɛdt du bəˈejrəx krib ʦi fˈɛrʦiɡ dirˈuɔjs. in azˈɔj ɡajt ɛs vˈaːtər,
184_165698_0427|ברוך השם, מ'זאל עס קענען ווייטער אנגיין אן פראבלעם, ווייל אז מ'האנדלט מיט מענטשן איז דאך זייער שווער מ'זאל נישט אריינפאלן מיט פארשידענע זאכן,|bˈurəx haʃˈɛm, mzul ɛs kˈɛnən vˈaːtər ˈunɡajn un prɔblˈejm, vaːl az mhandlt mit mɛnʧn iz dɔx zˈajər ʃvir mzul niʃt arˈaːnfaln mit farʃˈidənə zaxn,
184_165698_0429|און דאס איז ברוך השם." צו וואס קען מען זאגן, יא,|in dus iz bˈurəx haʃˈɛm ʦi vus kɛn mɛn zuɡn, ju,
184_165698_0431|יעצט איז אזוי, ס'איז מיר איינגעפאלן א געדאנק די לעצטע פאר טעג, איך מיין איך האב עס שוין דא,|jɛʦt iz azˈɔj, siz mir ˈajnɡəfaln a ɡədˈank də lˈɛʦtə far tejɡ, ix maːn ix hub ɛs ʃɔjn du,
184_165698_0432|די ענין פון הכנסת אורחים, וואס איז פשט אז מ'טרעפט נישט אין די תורה די מצוה פון הכנסת אורחים? צדקה למשל,|də ˈinjən fin haknˈɛsɛs ˈɔjrxim, vus iz pʃat az mtrɛft niʃt in də tˈɔjrə də mˈiʦvə fin haknˈɛsɛs ˈɔjrxim ? ʦdˈukə ləmˈuʃl,
184_165698_0434|און ס'איז דא אין שולחן ערוך איז דא א גאנצע הלכות צדקה, ווען, וואס, ווי, וויאזוי מ'דארף צו מקיים זיין די מצוה. הכנסת אורחים האט אויך אסאך, אסאך, אסאך,|in siz du in ʃilxn ˈɛrix iz du a ɡˈanʦə halˈuxɔjs ʦdˈukə, vɛn, vus, vi, vizˈɔj mdaf ʦi mkajm zaːn də mˈiʦvə. haknˈɛsɛs ˈɔjrxim hut ɔjx ˈasax, ˈasax, ˈasax,
184_165698_0436|פארוואס האט דער מחבר, פארוואס האט דער טור, פארוואס האט דער בית יוסף, מ'האט נישט געמאכט קיין שום זאך דערפון? און ווען ס'איז אזא געוואלדיגע חשוב'ע מצוה,|farvˈus hut dɛr mxˈibur, farvˈus hut dɛr tir, farvˈus hut dɛr bajs jˈɔsəf, mhut niʃt ɡəmˈaxt kan ʃim zax dərfˈin ? in vɛn siz azˈa ɡəvˈaldiɡə xaʃˈivə mˈiʦvə,
184_165698_0437|וואס מ'זעט,|vus mzejt,
184_165698_0441|איך האב פונקט געזען פון א ידידי, הרב הגאון רבי אלעזר ניסן רובין,|ix hub pinkt ɡəzˈejn fin a jədˈidi, harˈaːv hɡin rˈɛbə ˈaluzr nisn rˈibin,
184_165698_0444|און ס'איז מרומז אלעס אין די פסוק "כי גר יהיה זרעך בארץ לא להם". איינס איז "כי גר",|in siz mrimz ˈaləs in də pˈusik ki ɡɛr ˈihi zrɛx barʦ lɔj lˈuhəm ajns iz ki ɡɛr
184_165698_0446|די צווייטע איז "יהיה", ער האט יעצט געלט אין באנק, אבער וואס וועט זיין?|də ʦvˈajtə iz ˈihi ɛr hut jɛʦt ɡɛlt in bank, ˈɔbər vus vɛt zaːn ?
184_165698_0448|די דריטע מדרגה איז רייכע, רבי'שע קינדער. די פערטע איז "בארץ", צו אידן פון ארץ ישראל. די אנדערע איז "לא להם", די גבאי צדקה, ס'גייט נישט פאר זיך.|də drˈitə madrˈajɡə iz rˈajxə, rbˈiʃə kˈindər. də fˈɛrtə iz barʦ ʦi jidn fin ˈɛrəʦ jisrˈuəl. də ˈandərə iz lɔj lˈuhəm də ɡˈabə ʦdˈukə, sɡajt niʃt far zix.
184_165698_0450|"ועבדום וענו אתם", ביי אלע קומט עס אן מיט שוועריגקייטן, מיט פייניגן.|ˈiəbdim ˈiəni ˈatɛm baː ˈalə kimt ɛs un mit ʃvˈɛriɡkaːtn, mit fˈajniɡn.
184_165698_0454|איז עס אמאל געהאט אונטערשבירן מיט די איינער געזאגט? אה, יא. יא, יא, ס'איז באקומען פון וויענער רב.|iz ɛs amˈul ɡəhˈat ˈintərʒbirn mit də ˈajnər ɡəzˈuɡt ? a, ju. ju, ju, siz bakˈimən fin vˈiənər ruv.
184_165698_0455|יא, בעל אייזער מיט יהודה.|ju, baːl ˈajzər mit jəhˈidə.
184_165698_0456|אין יאר תשל"ב האט דער וויענער רב געוואלט אפקויפן די הויז פון רבי יצחק צבי פורגעס, וואס האט זיך געגרעניצט מיט בנין המתיבתא.|in jur tuf ʃin lˈaməd bajs hut dɛr vˈiənər ruv ɡəvˈɔlt ˈupkɔjfn də hoʊz fin rˈɛbə jˈiʦxuk ʦvi fˈirɡəs, vus hut zix ɡəɡrˈɛniʦt mit bˈiniən haməsˈiftə.
184_165698_0458|און דער קאפל האט מסכים געווען, די פרוי האט געוואלט האבן א צוזאג אז זי וועט לעבן הונדערט יאר, און דער רבי האט עס צוגעזאגט בעל פה.|in dɛr kafl hut mˈaskəm ɡəvˈejn, də frɔj hut ɡəvˈɔlt hubn a ʦˈizuɡ az zi vɛt lejbn hˈindərt jur, in dɛr rˈɛbə hut ɛs ʦˈiɡəzuɡt baːl pˈɔjə.
184_165698_0459|ווען ס'איז געקומען צו קלאזן אויף די הויז, האט די פרוי געזאגט אז זי וויל די ברכה אפגעשריבן און געחתונה'ט.|vɛn siz ɡəkˈimən ʦi klazn oʊf də hoʊz, hut də frɔj ɡəzˈuɡt az zi vil də brˈuxə ˈupɡəʃribn in ɡəxsˈinht.
184_165698_0460|און דער רב האט טאקע אפגעשריבן בכתב בחתימות יד קדשו, אז אין זכות וואס זיי העלפן ברענגען די הויז פאר די ישיבה, זאלן זיי זוכה זיין צו צען ברכות פאר חז"ל און לעבן מיט בריאות השלימות ביז הונדערט יאר.|in dɛr ruv hut tˈakə ˈupɡəʃribn bˈiksav bxsˈimis id kdʃi, az in zxis vus zaj hɛlfn brˈejnɡən də hoʊz far də jəʃˈivə, zɔln zaj zˈixə zaːn ʦi ʦɛn brˈuxəs far xazˈal in lejbn mit brˈiɔjs haʃlˈimis biz hˈindərt jur.
184_165698_0461|יא, הכתעלה. אין משך איר לעבן האט זי קיינמאל נישט פארציילט וועגן די בריוו, און אייביג געזאגט אז זי האט צען ברכות.|ju, hxsˈɛlə. in mˈɛʃəx ir lejbn hut zi kˈajnmul niʃt farʦˈajlt vejɡn də briv, in ˈajbiɡ ɡəzˈuɡt az zi hut ʦɛn brˈuxəs.
184_165698_0463|יעצט נאך די פטירה, אין די פונקטליכע עלתר פון הונדערט יאר, האבן זיי געברענגט דעם בריוו, און מ'זעט דעם צדיק גוזר הקדוש ברוך הוא מקיים.|jɛʦt nux də ptˈirə, in də fˈinktləxə ɛlsr fin hˈindərt jur, hubn zaj ɡəbrˈɛnɡt dejm briv, in mzejt dejm ʦˈadik ɡizr hakˈudəʃ bˈurəx hˈia mkajm.
184_165698_0464|סאו, דו געסט א קוק, ער האט דאך דעם בריוו, ווי ער שרייבט, און ער געבט דעם א הבטחה.|sɔ, di ɡɛst a kik, ɛr hut dɔx dejm briv, vi ɛr ʃraːbt, in ɛr ɡɛbt dejm a haftˈuxə.
184_165698_0468|איך וואלט אריינגערופן אבא צו הערן וואס ער איז געווען, א קלויזנבורגער, א סאטמארער, ער האט געדאוונט אין קלויזנבורג, ער ליגט אין קרית יואל. זייער אינטערעסאנט.|ix vɔlt arˈaːnɡərifn ˈabə ʦi hirn vus ɛr iz ɡəvˈejn, a klˈɔjznbirɡər, a sˈatmarər, ɛr hut ɡədˈavnt in klˈɔjznbirɡ, ɛr liɡt in kˈirjas jˈɔjəl. zˈajər intərəsˈant.
184_165698_0475|יא, איך שטיי אויף יעדן טאג, ברוך השם.|ju, ix ʃtaj oʊf jejdn tuɡ, bˈurəx haʃˈɛm.
184_165698_0476|יש כח, ס'אויף יעדן טאג.|iʃ kˈɔjəx, soʊf jejdn tuɡ.
184_165698_0477|וועלוול ווייזט מיר א צעטל אז ס'איז געהאנגען אין סאטמארער בית המדרש, דיין טאטע'ס לויה גייט זיין אין קלויזנבורג, און ער ליגט אין קרית יואל.|vɛlvl vajzt mir a ʦɛtl az siz ɡəhˈanɡən in sˈatmarər bajs hamˈidruʃ, daːn tˈatəs lˈɔjə ɡajt zaːn in klˈɔjznbirɡ, in ɛr liɡt in kˈirjas jˈɔjəl.
184_165698_0478|מעיק אפ יור מיינד, וואו באלאנגט דיין טאטע?|majk ɔp jir majnd, vi balˈanɡt daːn tˈatə ?
184_165698_0479|יא. סאו, ווער ס'קען מיין טאטן, מיין טאטע באלאנגט איבעראל, ער איז געגאנגען איבעראל, ער האט זיך געדרייט.|ju. sɔ, vɛr skɛn maːn tatn, maːn tˈatə balˈanɡt ˈibəral, ɛr iz ɡəɡˈanɡən ˈibəral, ɛr hut zix ɡədrˈajt.
184_165698_0480|איך בין נעכטן געווען טאקע אין די מצבה שטעלן האבן מיר געמאכט אין מאנרא, בין איך אריין פונקט אין א בית המדרש א מינוט, סתם נישט א גרויסע שול, סתם א שול.|ix bin nɛxtn ɡəvˈejn tˈakə in də maʦˈajvə ʃtɛln hubn mir ɡəmˈaxt in mˈanra, bin ix arˈaːn pinkt in a bajs hamˈidruʃ a minˈit, stam niʃt a ɡrˈɔjsə ʃil, stam a ʃil.
184_165698_0481|איך זע הענגען דעם מנחם אבלים דארטן פון מיין טאטן, מיט מיין נאמען דארטן, די גאנצע צעטל ליגט דארטן. מיין טאטע, יעדער האט אים געקענט.|ix zɛ hˈɛnɡən dejm mnˈaxajm ˈablim dɔrtn fin maːn tatn, mit maːn nˈumən dɔrtn, də ɡˈanʦə ʦɛtl liɡt dɔrtn. maːn tˈatə, jˈɛdər hut ejm ɡəkˈɛnt.
184_165698_0482|ער איז געווען אין מאנרא די לעצטע פאר יאר זומער אויכעט. און ווער ס'קען דאך מיין טאטן, יעדעם א גוט ווארט, יעדעם.|ɛr iz ɡəvˈejn in mˈanra də lˈɛʦtə far jur zˈimər ˈɔjxət. in vɛr skɛn dɔx maːn tatn, jˈɛdəm a ɡit vɔrt, jˈɛdəm.
184_165698_0483|און ס'איז ביי אונז געווען אלעמאל, מ'האט געוואוסט אז מ'גייט איבעראל, אלעס איז היימישע אידן און פארטיג, חשוב'ע אידן.|in siz baː inz ɡəvˈejn ˈaləmal, mhut ɡəvˈist az mɡajt ˈibəral, ˈaləs iz hˈajmiʃə jidn in fartˈiɡ, xaʃˈivə jidn.
184_165698_0485|ער איז נישט קיין סאטמארער, ער איז געווען א קלויזנבורגער.|ɛr iz niʃt kan sˈatmarər, ɛr iz ɡəvˈejn a klˈɔjznbirɡər.
184_165698_0486|וואס דאוונט ער אין סאטמאר?|vus davnt ɛr in sˈatmar ?
184_165698_0487|ווייל מיין מאמע'ס משפחה איז סאטמאר, און מיין מאמע...|vaːl maːn mˈaməs miʃpˈuxə iz sˈatmar, in maːn mˈamə
184_165698_0488|קענסטו מיר זאגן, דיין טאטע'ס ברודער איז אייזנבאך אין ארץ ישראל?|kˈɛnsti mir zuɡn, daːn tˈatəs brˈidər iz ˈajznbax in ˈɛrəʦ jisrˈuəl ?
184_165698_0489|יא.|ju.
184_165698_0491|יא.|ju.
184_165698_0492|מיין טאטע, מיין זיידע האט זיך געהאט גע'גט, און מיין באבע האט נאכאמאל חתונה געהאט, און געהאט נאך אסאך קינדער, און די אלע קינדער הייסן אייזנבאך.|maːn tˈatə, maːn zˈajdə hut zix ɡəhˈat ɡɛɡt, in maːn babˈə hut nˈuxamul xˈasənə ɡəhˈat, in ɡəhˈat nux ˈasax kˈindər, in də ˈalə kˈindər hajsn ˈajznbax.
184_165698_0493|ס'איז זיין א ברודער נאר פון איין מאמע. איך האב געהאט איין פעטער, ער איז געזעסן שבעה דא מיט מיר פון שווייץ, ער איז געקומען זיצן, ער האט נישט געוואלט איך זאל זיצן אליינס, האט ער געזאגט איך קום מיט דיר זיצן.|siz zaːn a brˈidər nɔr fin ajn mˈamə. ix hub ɡəhˈat ajn fˈɛtər, ɛr iz ɡəzˈɛsn ʒbə du mit mir fin ʃvajʦ, ɛr iz ɡəkˈimən ziʦn, ɛr hut niʃt ɡəvˈɔlt ix zul ziʦn alˈajns, hut ɛr ɡəzˈuɡt ix kim mit dir ziʦn.
184_165698_0494|ער איז געווען דא א גאנצע וואך, ער איז נאך אפשר דא. וואו, וואו.|ɛr iz ɡəvˈejn du a ɡˈanʦə vɔx, ɛr iz nux ˈɛfʃir du. vi, vi.
184_165698_0496|מיין טאטע... אויב איך געדענק א גוט ווארט... מיין טאטע האט אלעמאל געהאט, אויף וואסערע נושא מ'האט גערעדט האט ער געהאט עפעס א גוט ווארט.|maːn tˈatə ɔjb ix ɡədˈɛnk a ɡit vɔrt maːn tˈatə hut ˈaləmal ɡəhˈat, oʊf vˈasərə nˈɔjsə mhut ɡərˈɛt hut ɛr ɡəhˈat ˈɛpəs a ɡit vɔrt.
184_165698_0497|זאג וועלוול, דו ברענג די נושא און איך וועל דיר ברענגען די ווארט.|zuɡ vɛlvl, di brɛnɡ də nˈɔjsə in ix vɛl dir brˈejnɡən də vɔrt.
184_165698_0500|איך האב נישט געהאט קיין אנונג.|ix hub niʃt ɡəhˈat kan ˈanunɡ.
184_165698_0501|זאלן מיר רעדן פון דעם נושא.|zɔln mir rɛdn fin dejm nˈɔjsə.
184_165698_0502|מיין טאטע האט מען דייעגנאזט איבער ניין יאר צוריק, און איך האב גערעדט ביי די לויה, האב איך געזאגט אז שלמה המלך זאגט אין קהלת אז "עת לבכות ועת לשחוק... ועת לשמוח".|maːn tˈatə hut mɛn dˈajəɡnazt ˈibər najn jur ʦirˈik, in ix hub ɡərˈɛt baː də lˈɔjə, hub ix ɡəzˈuɡt az ʃlˈɔjmə hamˈɛlɛx zuɡt in kɔjhˈɛlɛs az ajs lˈivkɔjs ˈiəs ləsxˈɔjk ˈiəs lʃmix
184_165698_0503|האב איך געזאגט, ווי איז שייך די ביידע זאכן זאלן גיין צוזאמען? האב איך געזאגט, דאס איז געווען ביי מיין טאטן.|hub ix ɡəzˈuɡt, vi iz ʃˈaːəx də bˈajdə zaxn zɔln ɡajn ʦizˈamən ? hub ix ɡəzˈuɡt, dus iz ɡəvˈejn baː maːn tatn.
184_165698_0505|און ער איז אנגעגאנגען מיט די שמחה אזוי, און נאר דאס האט אים געהאלטן. דער דאקטאר האט אים דעמאלטס געזאגט, "זעקס חדשים געב איך דיר." דאס איז געווען ניין יאר צוריק.|in ɛr iz ˈunɡəɡanɡən mit də sˈimxə azˈɔj, in nɔr dus hut ejm ɡəhˈaltn. dɛr dˈaktar hut ejm dˈɛmalʦ ɡəzˈuɡt, zɛks xadˈuʃim ɡɛb ix dir dus iz ɡəvˈejn najn jur ʦirˈik.
184_165698_0506|און שוין, מיין טאטע איז אנגעגאנגען, און מענטשן האבן געפרעגט, "דער דאקטאר האט דיר געגעבן זעקס חדשים, ניין? וויאזוי דרייסטו זיך מיך ארום אזוי?"|in ʃɔjn, maːn tˈatə iz ˈunɡəɡanɡən, in mɛnʧn hubn ɡəfrˈɛɡt, dɛr dˈaktar hut dir ɡəɡˈɛbn zɛks xadˈuʃim, najn ? vizˈɔj drˈajsti zix mix arˈim azˈɔj
184_165698_0507|האט ער געזאגט אז ער איז געגאנגען פאר אסאך אפיניענס, יעדער האט אים געגעבן זעקס חדשים, און ער האט צוזאמגערעכנט אלעס, און שוין.|hut ɛr ɡəzˈuɡt az ɛr iz ɡəɡˈanɡən far ˈasax ˈafiniəns, jˈɛdər hut ejm ɡəɡˈɛbn zɛks xadˈuʃim, in ɛr hut ʦˈizamɡərəxnt ˈaləs, in ʃɔjn.
184_165698_0508|אזוי האט ער געלעבט ניין יאר אזוי.|azˈɔj hut ɛr ɡəlˈejbt najn jur azˈɔj.
184_165698_0509|וואו! וואס קענסטו זאגן פאר אידן וואס האבן נאך זייערע עלטערן אבער?|vi ! vus kˈɛnsti zuɡn far jidn vus hubn nux zˈajərə ˈɛltərn ˈɔbər ?
184_165698_0510|וואס אידן? אז מ'דארף אריינכאפן יעדע מינוט און טון וואס מ'קען, פארשטייסט, פאר די עלטערן, און מכבד זיין. איך מיין, וואס איז שייך?|vus jidn ? az mdaf arˈaːnxafn jˈɛdə minˈit in tin vus mˈɛkən, farʃtˈajst, far də ˈɛltərn, in mxˈabajd zaːn. ix maːn, vus iz ʃˈaːəx ?
184_165698_0511|מ'זעט עס נאכדעם ווען מ'גייט אוועק, אז מ'דארף, פארשטייסט, אז מ'דארף מכבד זיין מער, אז מ'קען מכבד זיין מער. סאו וואס מ'קען אריינכאפן דאס אין מכבד זיין.|mzejt ɛs nuxdˈejm vɛn mɡajt avˈɛk, az mdaf, farʃtˈajst, az mdaf mxˈabajd zaːn mɛr, az mˈɛkən mxˈabajd zaːn mɛr. sɔ vus mˈɛkən arˈaːnxafn dus in mxˈabajd zaːn.
184_165698_0512|אמאל מיין טאטע איז געווען, ער האט נישט געהאט קיין גרינג לעבן, פארשטייסט, און אלעמאל א שמייכל געווען, שמייכל צו יעדעם, א גוט ווארט.|amˈul maːn tˈatə iz ɡəvˈejn, ɛr hut niʃt ɡəhˈat kan ɡrinɡ lejbn, farʃtˈajst, in ˈaləmal a ʃmajxl ɡəvˈejn, ʃmajxl ʦi jˈɛdəm, a ɡit vɔrt.
184_165698_0513|יא, און איך וועל דיר זאגן, ווייניג עלטערן זענען אזוי פראוד מיט זייערע קינדער. ער פלעגט זאגן, "איך בין אבא של אבא." אבא של אבא, יא. יא, יא. יא, יא.|ju, in ix vɛl dir zuɡn, vˈajniɡ ˈɛltərn zˈɛnən azˈɔj frid mit zˈajərə kˈindər. ɛr flɛɡt zuɡn, ix bin ˈabə ʃɛl ˈabə ˈabə ʃɛl ˈabə, ju. ju, ju. ju, ju.
184_165698_0514|און שוין, זאל דער אב שבשמים... יא, וואס? המקום ינחם אתכם בתוך שאר אבלי ציון וירושלים. נישט וויסן מער קיין צער, נאר פון שמחות.|in ʃɔjn, zul dɛr ab ʒbʃmim ju, vus ? hmkim jnˈaxajm ˈɛsxəm bsɔjx ʃar ˈabli ʦjin ˈɔjriʃlim. niʃt visn mɛr kan ʦar, nɔr fin smˈuxɔjs.
184_165698_0515|און יא, דער אייבערשטער זאל שטארקן דיין מאמע אויך, דיין מאמע זאל זיין געזונט און שטארק.|in ju, dɛr ˈajbərʃtər zul ʃtarkn daːn mˈamə ɔjx, daːn mˈamə zul zaːn ɡəzˈint in ʃtark.
184_165698_0516|מיין מאמע, יא, דארף אויך א ישועה, זי דארף אויך זיין געזונט, יא. דער אייבערשטער זאל העלפן, זי זאל זיין געזונט און שטארק פאר זיך, און זי זאל קענען איבערקומען דאס.|maːn mˈamə, ju, daf ɔjx a jəʃˈiə, zi daf ɔjx zaːn ɡəzˈint, ju. dɛr ˈajbərʃtər zul hɛlfn, zi zul zaːn ɡəzˈint in ʃtark far zix, in zi zul kˈɛnən ˈibərkimən dus.
184_165698_0517|יא, אמן, אמן.|ju, ˈumajn, ˈumajn.
184_165698_0518|יא, אבער ביי אונז האט מען געזאגט אז א גוטע סימן, איך ווייס נישט, איך האב עס שוין געזאגט דא אויף די ליין, און אויב נישט זאג איך עס יעצט, פאר די אלע אידן וואס זענען אין די יאר, מצנפת. די ווארט מצנפת איז א סימן. יעדן טאג טון פאר'ן טאטן א מקוה, טבילה במקוה פאר'ן טאטנ'ס נאמען.|ju, ˈɔbər baː inz hut mɛn ɡəzˈuɡt az a ɡˈitə sˈimən, ix vajs niʃt, ix hub ɛs ʃɔjn ɡəzˈuɡt du oʊf də lajn, in ɔjb niʃt zuɡ ix ɛs jɛʦt, far də ˈalə jidn vus zˈɛnən in də jur, mˈiʦnəfəs. də vɔrt mˈiʦnəfəs iz a sˈimən. jejdn tuɡ tin farn tatn a mki, tvˈilə bmki farn tatns nˈumən.
184_165698_0520|ס'שטייט דאך אז די ערשטע יאר טאר מען גארנישט בעטן, ווייל דער נפטר דארף זכותים. אבער וואס מ'טוט, טוט מען אים א געוואלדיגע טובה.|sʃtajt dɔx az də ˈɛrʃtə jur tur mɛn ɡˈurniʃt bejtn, vaːl dɛr npˈatər daf zxˈisim. ˈɔbər vus mtit, tit mɛn ejm a ɡəvˈaldiɡə tˈɔjvə.
184_165698_0521|איך בין אריין אין א נייע ליין גראדע יעצט.|ix bin arˈaːn in a nˈaːjə lajn ɡrˈadə jɛʦt.
184_165698_0523|מ'כאפט נישט ווי ווי דאס, מ'דארף יעדער ווייסן. די גאנצע טאג דארף מען אויסשטעלן אז מ'זאל קענען אנקומען צו כאפן שחרית, מנחה, און מעריב, צו קענען דאווענען פאר'ן עמוד.|mxɔft niʃt vi vi dus, mdaf jˈɛdər vajsn. də ɡˈanʦə tuɡ daf mɛn ˈoʊsʃtəln az mzul kˈɛnən ˈunkimən ʦi xapn ʃaxˈaris, mˈinxə, in mˈaːrəv, ʦi kˈɛnən dˈavənən farn ˈuməd.
184_165698_0524|ס'איז נישט קיין גרינגע ארבעט, ס'איז א נייע ליין וואס איך בין אריין.|siz niʃt kan ɡrˈinɡə ˈarbət, siz a nˈaːjə lajn vus ix bin arˈaːn.
184_165698_0525|יא, דו קענסט די מעשה מיט די טאטע וואס האט געלאזט א צוואה אז מ'זאל עס עפענען ערשט נאך די יאר? יא, נו. און סוף יאר, די גאנצע משפחה קומט זיך צוזאם און זיי עפענען אויף די צוואה.|ju, di kɛnst də mˈaːsə mit də tˈatə vus hut ɡəlˈɔzt a ʦavˈuə az mzul ɛs ˈɛfənən ɛrʃt nux də jur ? ju, ni. in sɔf jur, də ɡˈanʦə miʃpˈuxə kimt zix ʦˈizam in zaj ˈɛfənən oʊf də ʦavˈuə.
184_165698_0526|מיין טאטע האט געבעטן אז איך זאל אנהאלטן מיט דעם מנין, דאווענען במנין יעדן טאג. יא.|maːn tˈatə hut ɡəbˈejtn az ix zul ˈunhaltn mit dejm mˈiniən, dˈavənən bmnin jejdn tuɡ. ju.
184_165698_0527|די יארצייט, איך דאווען יעדע תפילה במנין, מאך זיכער צו גיין ווייטער. יא.|də jˈurʦajt, ix dˈavən jˈɛdə tfˈilə bmnin, max zˈixər ʦi ɡajn vˈaːtər. ju.
184_165698_0528|איך האב געדארפט עס טרעפן מיין טאטנ'ס צייט, און די ערדס איבערגעלאזט. יא. למעשה ירושה, יא,|ix hub ɡədˈarft ɛs trɛfn maːn tatns ʦaːt, in də ɛrds ˈibərɡəlɔzt. ju. ləmˈaːsə jərˈiʃə, ju,
184_165698_0529|מ'האט א גורל. מ'דארף מאכן א גורל קודם, מ'דארף דאס אליינס מאכן א גורל ווען מ'גייט עס צו ציילן.|mhut a ɡɔjrl. mdaf maxn a ɡɔjrl kˈɔjdəm, mdaf dus alˈajns maxn a ɡɔjrl vɛn mɡajt ɛs ʦi ʦajln.
184_165698_0530|סאו וויאזוי הייסט עס? מיין טאטע האט קיינמאל נישט פארלאנגט גארנישט, ער האט געבעטן גארנישט, ער האט נישט געווען, אלעס איז געווען גוט, פיין, קום, גיי, ווייסטו?|sɔ vizˈɔj hajst ɛs ? maːn tˈatə hut kˈajnmul niʃt farlˈanɡt ɡˈurniʃt, ɛr hut ɡəbˈejtn ɡˈurniʃt, ɛr hut niʃt ɡəvˈejn, ˈaləs iz ɡəvˈejn ɡit, faːn, kim, ɡaj, vˈajsti ?
184_165698_0531|גארנישט פארלאנגט. ס'האט זיך קיינמאל נישט אפגערעדט. סאו דאס איז געווען, יא.|ɡˈurniʃt farlˈanɡt. səhˈut zix kˈajnmul niʃt ˈupɡərədt. sɔ dus iz ɡəvˈejn, ju.
184_165698_0532|מ'רעדט פון קלויזענבורג סתם, איך האב געטראפן די וואך אין בארא פארק סענטער, א ישיש ר' ישראל יעקב יאקאבאוויטש.|mrɛdt fin klˈɔjzənbirɡ stam, ix hub ɡətrˈafn də vɔx in barˈa park sˈɛntər, a jˈuʃəʃ rajʃ jisrˈuəl jˈankəv jˈakabaviʧ.
184_165698_0533|וואס ער איז געווען אויפ'ן דאך פון די אמבולאנס פון רבי סאטמאר, וואס איז ארויס פון קלויזנבורג. יא,|vus ɛr iz ɡəvˈejn afn dɔx fin də ˈambilans fin rˈɛbə sˈatmar, vus iz arˈoʊs fin klˈɔjznbirɡ. ju,
184_165698_0534|דער איד איז געווען אויפ'ן דאך, דער איד איז נאך דא, קיין עין הרע, לנסח לכם. ער איז געווען א קינד, יא.|dɛr jid iz ɡəvˈejn afn dɔx, dɛr jid iz nux du, kan ˈaːən hrə, lnsx lˈuxəm. ɛr iz ɡəvˈejn a kind, ju.
184_165698_0535|רבי אבא, דער אייבערשטער זאל אייך טרעסטן. אמן, און זיין טאטע דארף אויך א רפואה עפעס.|rˈɛbə ˈabə, dɛr ˈajbərʃtər zul aːx trɛstn. ˈumajn, in zaːn tˈatə daf ɔjx a rəfˈiə ˈɛpəs.
184_165698_0537|יא. מרדכי בן חנף עגל, פיין, יא, זיין געזונט און שטארק. בשורות טובות. יא, הער נאר א גוטע בשורות, שכוח.|ju. mˈurtxə bɛn xˈunajf ajɡl, faːn, ju, zaːn ɡəzˈint in ʃtark. bsˈɔjrɔjs tˈɔjvɔjs. ju, hɛr nɔr a ɡˈitə bsˈɔjrɔjs, ʃkvax.
184_165698_0538|אז מ'איז אין מאנטיסעלא, האבן מיר נאך א ספאנסער די וואך.|az miz in mˈantisəla, hubn mir nux a sfˈansər də vɔx.
184_165698_0539|פארסט קיין מאנטיסעלא אמאל, הער גוט וואס איז נאך אוועילעבל פאר סוכות. איך האב געמאכט לעצטנס שבת באווארפן.|farst kan mˈantisəla amˈul, hɛr ɡit vus iz nux ˈavajləbl far sˈikəs. ix hub ɡəmˈaxt lɛʦtns ʃˈabəs bavˈarfn.
184_165698_0540|ווי זאגט זייענס? איך ווייס אז ס'איז גוט ווייל איך בין א קאסטומער.|vi zuɡt zˈajəns ? ix vajs az siz ɡit vaːl ix bin a kˈastimər.
184_165698_0541|איך האב געמאכט שבת באווארפן פארן זומער אין דעם פלאץ, א פאלאץ אין מאנטיסעלא, לעיק דזשוי עסטעיט.|ix hub ɡəmˈaxt ʃˈabəs bavˈarfn farn zˈimər in dejm plaːʦ, a fˈalaʦ in mˈantisəla, lajk ʤɔj ˈɛstajt.
184_165698_0544|מ'קען שלאפן דא בערך פלאץ פאר פינף און זיבציג מענטשן, לאמיר זאגן, דא עטליכע שטאק. גרויסע גראונדס, א היעטעד פרייוועט פול,|mˈɛkən ʃlufn du bəˈejrəx plaːʦ far finf in zˈibʦiɡ mɛnʧn, lˈɔmir zuɡn, du ˈɛtləxə ʃtak. ɡrˈɔjsə ɡrinds, a hˈiətəd frˈajvət fil,
184_165698_0546|די גאנצע זאך איז מוקף חומה, און ס'איז נאך אוועילעבל פאר סוכות. איך ווייס ווייל איך בין א קאסטומער. ס'איז לעבן א מקוה, איך וואלט געוואלט זאגן ס'איז לעבן א שול,|də ɡˈanʦə zax iz mikf xˈɔjmə, in siz nux ˈavajləbl far sˈikəs. ix vajs vaːl ix bin a kˈastimər. siz lejbn a mki, ix vɔlt ɡəvˈɔlt zuɡn siz lejbn a ʃil,
184_165698_0553|לא עלינו ולא עליכם, פאר טעראפי, פאר קימאו, האט ער זיך קיינמאל נישט אויסגעטון די הוט און רעקל.|lɔj ulˈajni ˈila ˈɛlixm, far tˈɛrafi, far kˈimi, hut ɛr zix kˈajnmul niʃt ˈoʊzɡətin də hit in rɛkl.
184_165698_0555|הערות איז דא אין שטעטל?|hɛˈurɔjs iz du in ʃtɛtl ?
184_165698_0559|לאמיר זען צו דו וועסט צוטרעפן מיט די גראמען צו וועלכע סארט מענטש מ'רעדט.|lˈɔmir zejn ʦi di vɛst ʦˈitrəfn mit də ɡrˈamən ʦi vˈɛlxə sɔrt mɛnʧ mrɛdt.
184_165698_0560|איינער וואס דו קענסט זייער גוט.|ˈajnər vus di kɛnst zˈajər ɡit.
184_165698_0561|א הערצליכע מזל טוב וואונטשט מען דא פאר די גאנצע קהלה, נולד בן זכר, איך האב נישט קיין אנונג ביי וועם,|a hˈɛrʦləxə mazl tɔjv vinʧt mɛn du far də ɡˈanʦə khlə, nˈɔjləd bɛn zˈajxər, ix hub niʃt kan ˈanunɡ baː vɛm,
184_165698_0563|ווער? ר' סענדער שניצלער. סענדער, סענדער, סענדער.|vɛr ? rajʃ sˈɛndər ʃnˈiʦlər. sˈɛndər, sˈɛndər, sˈɛndər.
184_165698_0564|שוי, טאקע א שמחה. וואו, וואו, וואו, ר' סענדער איז די גאנצע אנדרייער אין ווינער קעמפ,|ʃɔj, tˈakə a sˈimxə. vi, vi, vi, rajʃ sˈɛndər iz də ɡˈanʦə ˈandrajər in vˈinər kɛmf,
184_165698_0565|יארן לאנג וואס ער מאכט דארט אלעס. ווייסט וויפיל יאר איך קען שוין סענדער? יארן, יארן.|jurn laːnɡ vus ɛr maxt dɔrt ˈaləs. vajst vˈifil jur ix kɛn ʃɔjn sˈɛndər ? jurn, jurn.
184_165698_0566|דו ווייסט פון די צוויי סענדערס? די סענדער מיט די געלע ציצית, די סענדער מיט די קליינע ציצית. גוט, גוט, גוט. דער אייבערשטער זאל העלפן, יא,|di vajst fin də ʦvaj sˈɛndərs ? də sˈɛndər mit də ɡəlˈə ʦˈiʦis, də sˈɛndər mit də klˈajnə ʦˈiʦis. ɡit, ɡit, ɡit. dɛr ˈajbərʃtər zul hɛlfn, ju,
184_165698_0567|אסאך אידיש נחת פון דעם קינד און אלע אנדערע קינדער. מ'פרייט זיך מיט.|ˈasax jˈidiʃ nˈaxəs fin dejm kind in ˈalə ˈandərə kˈindər. mfrajt zix mit.
184_165698_0568|ביי די וועי, מ'רעדט פון ימים נוראים, ס'איז געווען אן אינטערעסאנטע קאנפערענץ פון בעלי תפילה אין קרית יואל, קאמפאס, ר' שמואל שטערן האט עס ארגאניזירט. האסט א מינוט,|baː də vaj, mrɛdt fin ˈimim nˈiraːm, siz ɡəvˈejn un ˈintərəsantə kanfərˈɛnʦ fin baˈali tfˈilə in kˈirjas jˈɔjəl, kˈamfas, rajʃ ʃmˈiəl ʃtɛrn hut ɛs ˈarɡanizirt. hust a minˈit,
184_165698_0571|ר' מאיר ברוך זאגט דארט עפעס א טייטש אז מ'דארף קענען טייטשן לבדיה. מיינען די קינדער נישט... זייער, זייער אינטערעסאנט. עכט, עכט,|rajʃ mˈajər bˈurəx zuɡt dɔrt ˈɛpəs a tajʧ az mdaf kˈɛnən tajʧn lbdi. mˈajnən də kˈindər niʃt zˈajər, zˈajər intərəsˈant. ɛxt, ɛxt,
184_165698_0572|עכט באלערנד געווען פאר מיר על כל פנים. יא, א זיסע מעשה פון ונתנה תוקף. זייער שיין. איך געב דיר דעם אדרעס, פאקל בטל.|ɛxt balˈɛrnd ɡəvˈejn far mir al kɔl pˈunəm. ju, a zˈisə mˈaːsə fin vnsˈanə tˈɔjkəf. zˈajər ʃajn. ix ɡɛb dir dejm ˈadrəs, fakl butl.
184_165698_0573|און אינטערעסאנט די הכל בכל, איך באקום אסאך מאל, נעכטן צוויי אזייגער ביינאכט האב איך געקומען א מעסעדזש פון איינעם, א הערה, ער פרעגט, איך האב נישט קיין אנונג וואס ער רעדט, ס'איז אן אינטערוויו פון צען יאר צוריק,|in intərəsˈant də hakl bxul, ix bakˈim ˈasax mul, nɛxtn ʦvaj ˈazajɡər bˈajnaxt hub ix ɡəkˈimən a mˈɛsəʤ fin ˈajnəm, a həˈurə, ɛr frɛɡt, ix hub niʃt kan ˈanunɡ vus ɛr rɛdt, siz un ˈintərvji fin ʦɛn jur ʦirˈik,
184_165698_0575|ווער איז בעל תפילה דארטן וואו דו דאוונסט? הרב החסיד ר' שלמה ווייס. ווער איז דאס?|vɛr iz baːl tfˈilə dɔrtn vi di davnst ? harˈaːv haxˈusid rajʃ ʃlˈɔjmə vajs. vɛr iz dus ?
184_165698_0576|א איד וואס מאכט נאך גענוי דעם רמ"ז ברכה פון סאטמאר, און מ'שטראמט אים צו קומען הערן. דאס איז דער וועג וויאזוי ער דאוונט,|a jid vus maxt nux ɡənˈɔj dejm rajʃ mɛm zˈajən brˈuxə fin sˈatmar, in mʃtramt ejm ʦi kˈimən hirn. dus iz dɛr vejɡ vizˈɔj ɛr davnt,
184_165698_0577|אדער ער מאכט עס נאך לכתחילה? דאס איז דער וועג וויאזוי ער דאוונט. ער דאוונט מוסף שחרית. ער זאגט צוויי מאל יבוא. יבוא,|ˈɔdər ɛr maxt ɛs nux ləxatxˈilə ? dus iz dɛr vejɡ vizˈɔj ɛr davnt. ɛr davnt mˈisəf ʃaxˈaris. ɛr zuɡt ʦvaj mul ˈibia. ˈibia,
184_165698_0578|וואס דער רבי האט געזאגט בנפשו, יבוא יבוא לחמי. אוי יוי יוי יוי, אוי יוי יוי, ער דאוונט מוסף,|vus dɛr rˈɛbə hut ɡəzˈuɡt bnfʃi, ˈibia ˈibia lˈaxmi. ɔj jɔj jɔj jɔj, ɔj jɔj jɔj, ɛr davnt mˈisəf,
184_165698_0584|ר' יואל אשר האט אנגעהויבן ונתנה תוקף, אוי יוי יוי יוי, און דער ראש הקהל איז צוגעקומען צו אים די ערשטע טאג ראש השנה נאכן דאווענען, אז די געזינגעכץ,|rajʃ jˈɔjəl ˈuʃər hut ˈunɡəhɔjbn vnsˈanə tˈɔjkəf, ɔj jɔj jɔj jɔj, in dɛr rɔjʃ hakˈuhul iz ʦˈiɡəkimən ʦi ejm də ˈɛrʃtə tuɡ rɔjʃ haʃˈunə nuxn dˈavənən, az də ɡəzˈinɡəxʦ,
184_165698_0585|די אוי יוי יוי יוי, דאס האט ער נישט ליב, ס'איז איבריג.|də ɔj jɔj jɔj jɔj, dus hut ɛr niʃt lib, siz ˈibriɡ.
184_165698_0586|די צווייטע טאג איז ער צוגעגאנגען צום עמוד, און ער האט אנגעהויבן ונתנה תוקף, און ער האט נישט געמאכט די געזינגעכץ.|də ʦvˈajtə tuɡ iz ɛr ʦˈiɡəɡanɡən ʦim ˈuməd, in ɛr hut ˈunɡəhɔjbn vnsˈanə tˈɔjkəf, in ɛr hut niʃt ɡəmˈaxt də ɡəzˈinɡəxʦ.
184_165698_0587|דער עולם האט זיך געוואלט ווייזן אז מ'נעמט אן פאר אים און נישט פאר'ן ראש הקהל, האבן זיי זיך געהאלטן אין איין אריינזינגען אוי יוי יוי יוי, אוי יוי יוי.|dɛr ˈɔjləm hut zix ɡəvˈɔlt vajzn az mnɛmt un far ejm in niʃt farn rɔjʃ hakˈuhul, hubn zaj zix ɡəhˈaltn in ajn arˈaːnzinɡən ɔj jɔj jɔj jɔj, ɔj jɔj jɔj.
184_165698_0588|און ווען מ'האט געמאכט שפעטער ומלאכים יחפזון, און די לאס אנדזשעלעס אידן אוי יוי יוי יוי, אוי יוי יוי,|in vɛn mhut ɡəmˈaxt ʃpˈejtər ˈimlaxim jajxufˈajzin, in də las ˈanʤələs jidn ɔj jɔj jɔj jɔj, ɔj jɔj jɔj,
184_165698_0589|זיי האבן נישט געכאפט אז דא קומט אוי יוי, ומלאכים יחפזון, אוי יוי יוי יוי, אוי יוי יוי. יא.|zaj hubn niʃt ɡəxˈapt az du kimt ɔj jɔj, ˈimlaxim jajxufˈajzin, ɔj jɔj jɔj jɔj, ɔj jɔj jɔj. ju.
184_165698_0590|האב איך מיך דערמאנט.|hub ix mix dərmˈant.
184_165698_0591|יא, אפאר קליינליכע הערות.|ju, apˈur klˈajnləxə hɛˈurɔjs.
184_165698_0594|און איינער האט געזאגט אז ס'איז דא א ספעציעלע תפילת הדרך פאר א פליגער, אבער ער ווייסט נישט ווער ס'האט עס געמאכט.|in ˈajnər hut ɡəzˈuɡt az siz du a spˈɛʦiələ tfˈilas hadˈɛrəx far a flˈiɡər, ˈɔbər ɛr vajst niʃt vɛr səhˈut ɛs ɡəmˈaxt.
184_165698_0595|אז מ'האט געבעטן פאר די דרייווערס פון די לופט שיפלען.|az mhut ɡəbˈejtn far də drˈajvərs fin də lift ʃˈiflən.
184_165698_0596|ס'קומט אריין אן עמערדזשענסי מעלדונג פון קוואקער שליט"א, וזה לשונו הקדוש:|skimt arˈaːn un ˈɛmərʤənsi mˈɛldinɡ fin kvˈakər ʃlˈitə, ˈizə lʃˈini hakˈudəʃ :
184_165698_0597|איך בין מפייס דעם עולם ברבים פאר'ן קענסלען היינט קבלת קהל. מיין ברודער מאכט חתונה, און א משפחה שמחה קומט פאר געלט.|ix bin mfajs dejm ˈɔjləm bərˈabim farn kˈɛnslən haːnt kabˈulas kˈuul. maːn brˈidər maxt xˈasənə, in a miʃpˈuxə sˈimxə kimt far ɡɛlt.
184_165698_0598|מ'האט נישט געוואוסט ביז היינט?|mhut niʃt ɡəvˈist biz haːnt ?
184_165698_0599|זעט זיך אויס מ'האט געמיינט אז יש לו ממונו חביב מגופו. ניין, מ'האט געהערט אז די חתונה קומט.|zejt zix oʊs mhut ɡəmˈajnt az iʃ li mmˈini xˈuviv mɡˈifi. najn, mhut ɡəhˈirt az də xˈasənə kimt.
184_165698_0600|זעט זיך אויס, בעלי בתים, ס'איז געווען עליונים מבקשים ותחתונים.|zejt zix oʊs, baˈali bˈutim, siz ɡəvˈejn ˈɛljinim mbkʃim vsaxsˈɔjnim.
184_165698_0601|וואס נאך? דו האסט געהאט געזאגט אז ס'איז דא רבנים וואס זאגן אז מ'דארף קויפן אזא קאר ווי א טעסלא? וועגן ביטול תורה, יא.|vus nux ? di hust ɡəhˈat ɡəzˈuɡt az siz du rˈabunim vus zuɡn az mdaf kɔjfn azˈa kar vi a tˈɛsla ? vejɡn bitl tˈɔjrə, ju.
184_165698_0602|איך האב געהערט אז ס'איז דא אסאך רבנים, ספעציעל אין גור, וואס האבן אסר'ן א טעסלא, ווייל מ'קען עס נישט פילטערן די אינטערנעט. יא, יא, יא, גערעכט, גערעכט.|ix hub ɡəhˈirt az siz du ˈasax rˈabunim, sfˈɛʦiəl in ɡir, vus hubn asrn a tˈɛsla, vaːl mˈɛkən ɛs niʃt fˈiltərn də ˈintərnət. ju, ju, ju, ɡərˈɛxt, ɡərˈɛxt.
184_165698_0603|יא. נאכדעם האט ער... ס'איז אן אינטערעסאנטע זאך, ער האט חתונה געמאכט די וואך, דער ר' אייזיק לעפקאוויטש.|ju. nuxdˈejm hut ɛr siz un ˈintərəsantə zax, ɛr hut xˈasənə ɡəmˈaxt də vɔx, dɛr rajʃ ˈajzik lˈɛfkaviʧ.
184_165698_0605|ווייסטו וועלכע זיידע איז אפילו געשטאנען דערויף? ווער? תרח. טאקע? יא, ס'איז געשטאנען אלע זיידעס ביז ארויף.|vˈajsti vˈɛlxə zˈajdə iz afˈilə ɡəʃtˈanən dˈɛroʊf ? vɛr ? tˈɛrax. tˈakə ? ju, siz ɡəʃtˈanən ˈalə zˈajdəs biz arˈoʊf.
184_165698_0606|ער קען אויך צו די שמחה.|ɛr kɛn ɔjx ʦi də sˈimxə.
184_165698_0608|קענסט אים אריינקאלן ביי די וועי, אז דו ווילסט.|kɛnst ejm arˈaːnkaln baː də vaj, az di vilst.
184_165698_0609|אקעי, איך מיין אז מיר האבן עס שוין געקאווערט. אין איראן, טראמפ האט געלייגט שטארקע פרעשור אויף זייער עקאנאמיע.|ˈɔkaj, ix maːn az mir hubn ɛs ʃɔjn ɡəkˈavərt. in irˈan, trɔmp hut ɡəlˈajɡt ʃtˈarkə frəʃˈir oʊf zˈajər ˈɛkanamiə.
184_165698_0610|אן אייז קרים קאסט דארטן דריי הונדערט טויזנט טומאנס. מער ווי א טונא סענדוויטש.|un ajz krim kɔst dɔrtn draj hˈindərt toʊznt tˈimans. mɛr vi a tˈina sˈɛndviʧ.
184_165698_0611|איך ווייס נישט וויפיל איז א טומאן, א טונעם. טומאן אדער טונעם? ניין. זייער געלט רופט זיך טומאן.|ix vajs niʃt vˈifil iz a tˈiman, a tˈinəm. tˈiman ˈɔdər tˈinəm ? najn. zˈajər ɡɛlt rift zix tˈiman.
184_165698_0612|פאר איין אמעריקאנער דאלער באקומסטו צוויי הונדערט און צוויי טויזנט טומאן. ביז יעצט האט געקאסט אן אייז קרים וואן טווענטי פאר.|far ajn amərˈikanər dˈɔlər bakˈimsti ʦvaj hˈindərt in ʦvaj toʊznt tˈiman. biz jɛʦt hut ɡəkˈɔst un ajz krim van tvˈɛnti far.
184_165698_0613|יעצט קאסט עס א דאלער ניין און פערציג. איך מיין די אמעריקאנער עקאנאמיע איז שוין ערגער. וואו באקומסטו דא אייז קרים פאר וואן פארי ניין?|jɛʦt kɔst ɛs a dˈɔlər najn in fˈɛrʦiɡ. ix maːn də amərˈikanər ˈɛkanamiə iz ʃɔjn ˈɛrɡər. vi bakˈimsti du ajz krim far van farˈi najn ?
184_165698_0614|וואו, מיט ספרינקלס? איך ווייס נישט, נישט געפערליך.|vi, mit sfrinkls ? ix vajs niʃt, niʃt ɡəfˈɛrləx.
184_165698_0615|אויך איז דער סינוואר, ימח שמו וזכרו, האט זיך פאראייניגט מיט זיין גבאי.|ɔjx iz dɛr sˈinvar, jˈimax ʃmi ˈizxri, hut zix farˈajniɡt mit zaːn ɡˈabə.
184_165698_0617|וואס נאך? לאמיר הערן פון רב.|vus nux ? lˈɔmir hirn fin ruv.
184_165698_0618|אין סקווירא איז ארויסגעקומען די ספר תורה, די "קדשנו" ספר תורה וואס מ'האט געמאכט.|in skvˈira iz arˈoʊzɡəkimən də sˈajfər tˈɔjrə, də kdʃni sˈajfər tˈɔjrə vus mhut ɡəmˈaxt.
184_165698_0619|ס'איז ארויסגעקומען א קליינע, אזא פלאש, איך ווייס נישט וואס, א קליינע ספר תורה פאר קינדער. יא, ס'איז דא א קיוט איידיע.|siz arˈoʊzɡəkimən a klˈajnə, azˈa flaʃ, ix vajs niʃt vus, a klˈajnə sˈajfər tˈɔjrə far kˈindər. ju, siz du a kjit ˈajdiə.
184_165698_0620|די סיאל סיסטעם פון די באס גייט אראפ פון די טיקעט ביכלעך, וואס גייט ווערן יעצט א טרענזיט קארטל, אזוי ווי ס'איז דא אין ארץ ישראל.|də sˈial sˈistəm fin də bas ɡajt arˈup fin də tˈikət bˈixləx, vus ɡajt virn jɛʦt a trˈɛnzit kartl, azˈɔj vi siz du in ˈɛrəʦ jisrˈuəl.
184_165698_0622|וואס ביי א חתונה האט דער באקאנטער ר' מאטי שטיינמעץ האט געזינגען ביי עפעס אן אינטערעסאנטע חתונה? איך האב נישט געהערט דערפון רעדן אסאך די וואך. דער אומר הדם.|vus baː a xˈasənə hut dɛr bakˈantər rajʃ mˈati ʃtˈajnməʦ hut ɡəzˈinɡən baː ˈɛpəs un ˈintərəsantə xˈasənə ? ix hub niʃt ɡəhˈirt dərfˈin rɛdn ˈasax də vɔx. dɛr imr hˈadum.
184_165698_0624|די יונגער פון ארץ ישראל, ער האט געמאכט ניגונים בדולים קענען, אייניגן איז...|də jˈinɡər fin ˈɛrəʦ jisrˈuəl, ɛr hut ɡəmˈaxt niɡˈinim bdˈilim kˈɛnən, ˈajniɡn iz
184_165698_0627|מ'ענדיגט אלע קללות פון די תוכחה, מ'געדענקט אבער, מלמד שאינך כפוי טובה, מ'געדענקט די גוטע זאכן וואס איז איבער די יאר אויכעט.|mˈɛndiɡt ˈalə klˈulɔjs fin də tɔjxˈuxə, mɡədˈɛnkt ˈɔbər, mlˈamajd ʃaːnx xfɔj tˈɔjvə, mɡədˈɛnkt də ɡˈitə zaxn vus iz ˈibər də jur ˈɔjxət.
184_165698_0628|און די שמעלצער ענדיגט מיט א מורא'דיגע ווארט וואס האט מיר געזאגט מענדי ראזענבערג, א טאטע פון א יונגל עלי דא אין קעמפ. האט ער מיר געזאגט,|in də ʃmˈɛlʦər ˈɛndiɡt mit a mˈiradiɡə vɔrt vus hut mir ɡəzˈuɡt mˈɛndi rˈazənbərɡ, a tˈatə fin a jinɡl ˈɛli du in kɛmf. hut ɛr mir ɡəzˈuɡt,
184_165698_0629|ס'שטייט אין די חז"ל אז פאר מ'ווערט געבוירן לערנט א מלאך אויס די גאנצע תורה, און נאכדעם געבט א קלאפ אויף די ליפן,|sʃtajt in də xazˈal az far mvirt ɡəbˈɔjrn lirnt a mˈaləx oʊs də ɡˈanʦə tˈɔjrə, in nuxdˈejm ɡɛbt a klaf oʊf də lipn,
184_165698_0630|די שטיקל וואס מ'זעט ביי די ליפן אריינגעקווייטשט, דאס איז פון די קלאפ, און וואס געשעט דעמאלטס? מ'פארגעסט אלעס. וואס איז די פוינט? פארוואס ברענגט אונז חז"ל די שטיקל?|də ʃtikl vus mzejt baː də lipn arˈaːnɡəkvajʧt, dus iz fin də klaf, in vus ɡəʃˈɛt dˈɛmalʦ ? mfarɡˈɛst ˈaləs. vus iz də fɔjnt ? farvˈus brɛnɡt inz xazˈal də ʃtikl ?
184_165698_0631|וואס האלטסטו יעצט פון וויסן אז דו האסט אמאל געקענט די תורה און דו קענסט נישט? האט ער מיר געזאגט א מערדיגע ווארט, זאגט זיך שלמה:|vus hˈalʦti jɛʦt fin visn az di hust amˈul ɡəkˈɛnt də tˈɔjrə in di kɛnst niʃt ? hut ɛr mir ɡəzˈuɡt a mˈɛrdiɡə vɔrt, zuɡt zix ʃlˈɔjmə :
184_165698_0632|חז"ל ווילן אונז לערנען. א איד קען לערנען, ער קען זיין א תלמיד חכם, נאכדעם קומט איינער און געט אים אזא פאטש, און יענער נעמט אוועק פון אים די גאנצע כוחות,|xazˈal viln inz lˈirnən. a jid kɛn lˈirnən, ɛr kɛn zaːn a tˈalmid xˈuxəm, nuxdˈejm kimt ˈajnər in ɡɛt ejm azˈa paʧ, in jˈɛnər nɛmt avˈɛk fin ejm də ɡˈanʦə kˈɔjxəs,
184_165698_0633|ער פארגעסט זיין לערנען, ער פארלירט אלעס וואס איין פאטש קען טון.|ɛr farɡˈɛst zaːn lˈirnən, ɛr farlˈirt ˈaləs vus ajn paʧ kɛn tin.
184_165698_0634|ס'איז דא א באקאנטע ווארט פון רבי'ן זכרונו לברכה פון סאטמאר, איינע פון די זאכן איז דאך געווען ורואים מסוף העולם ועד סופו. וואס איז געשען מיט דעם?|siz du a bakˈantə vɔrt fin rbin zxrˈini livrˈuxə fin sˈatmar, ˈajnə fin də zaxn iz dɔx ɡəvˈejn ˈiriaːm msif hˈɛilm ˈiəd sˈifi. vus iz ɡəʃˈɛn mit dejm ?
184_165698_0635|ער האט געזאגט לגבי פאלשע חכם'ס אין דאס. אז אויב איינער קען נישט קיין לערנען, איז גארנישט ווערד אז ער קען זען פון איין וועלט די עק וועלט פון צווייטן.|ɛr hut ɡəzˈuɡt ləɡabˈaj fˈalʃə xms in dus. az ɔjb ˈajnər kɛn niʃt kan lˈirnən, iz ɡˈurniʃt vɛrd az ɛr kɛn zejn fin ajn vɛlt də ɛk vɛlt fin ʦvajtn.
184_165698_0636|וואו. און פארדעם זאלסטו מיר האבן א גוט שבת. א גוט שבת.|vi. in fardˈejm zˈalsti mir hubn a ɡit ʃˈabəs. a ɡit ʃˈabəs.
162_164350_0001|מ'האלט שוין אן, מ'רייט שוין ביז ראש חודש אלול שוין, רבונו של עולם, אויפ'ן וועלט. ס'כאפט אזא שאקל, א פחד.|mhalt ʃɔjn un, mrajt ʃɔjn biz rɔjʃ xˈɔjdəʃ ˈɛləl ʃɔjn, rbˈini ʃɛl ˈɔjləm, afn vɛlt. sxɔft azˈa ʃakl, a pˈaxad.
162_164350_0002|מ'וועט זיך אביסל אריינלאזן דא אין דעם פרשה.|mvɛt zix abˈisl arˈaːnlazn du in dejm pˈarʃə.
162_164350_0003|איז דא א ספר, איך האב געזען, ארויסגעקומען בית פרץ, די באבוב האבן עס ארויסגעגעבן לכבוד עפעס א שמחה,|iz du a sˈajfər, ix hub ɡəzˈejn, arˈoʊzɡəkimən bajs pˈɛrəʦ, də babˈib hubn ɛs arˈoʊzɡəɡejbn lxbid ˈɛpəs a sˈimxə,
162_164350_0004|פון איינע פון די מקובלים פון בראדער קלויז, ר' פרץ פון בראד, זייער שיינע זאכן דארט.|fin ˈajnə fin də mkˈiblim fin brˈadər klɔjz, rajʃ pˈɛrəʦ fin brad, zˈajər ʃˈajnə zaxn dɔrt.
162_164350_0005|ברענגט ער אזוי, ברענגט ער א ווארט פון דער הייליגער ר' שמשון אוסטראפולער, דער גרויסער צדיק, אז ער זאגט, אין גיהנום איז דא, לא עלינו,|brɛnɡt ɛr azˈɔj, brɛnɡt ɛr a vɔrt fin dɛr hˈajliɡər rajʃ ʃimʃn ˈistrafilər, dɛr ɡrˈɔjsər ʦˈadik, az ɛr zuɡt, in ɡˈinim iz du, lɔj ulˈajni,
162_164350_0007|ער זאגט, אבער ווען א צדיק דארף אדורך גיין די גיהנום, אסאך מאל דער באשעפער שיקט אדורך א צדיק, אמאל האט ער געהאט עפעס א הרהור, אדער איך ווייס וואס,|ɛr zuɡt, ˈɔbər vɛn a ʦˈadik daf adˈirx ɡajn də ɡˈinim, ˈasax mul dɛr baʃˈɛfər ʃikt adˈirx a ʦˈadik, amˈul hut ɛr ɡəhˈat ˈɛpəs a hrhir, ˈɔdər ix vajs vus,
162_164350_0008|אדער אסאך מאל דארף א צדיק אויסליידיגן די גיהנום, ארויסנעמען נשמות פון דארט, ער דארף מעלה זיין די נשמות פון דארט,|ˈɔdər ˈasax mul daf a ʦˈadik ˈoʊslajdiɡn də ɡˈinim, arˈoʊsnəmən nʃˈumɔjs fin dɔrt, ɛr daf mˈaːlə zaːn də nʃˈumɔjs fin dɔrt,
162_164350_0009|האבן די מלאכי חבלה נישט קיין שליטה אויף אים, זיי קענען אים גארנישט טון. גייט דורך די גיהנום. ס'איז באקאנט אויף אסאך צדיקים וואס זענען דורכגעגאנגען,|hubn də malˈuxi xˈiblə niʃt kan ʃlˈitə oʊf ejm, zaj kˈɛnən ejm ɡˈurniʃt tin. ɡajt dˈɔrəx də ɡˈinim. siz bakˈant oʊf ˈasax ʦdˈikim vus zˈɛnən dˈirxɡəɡanɡən,
162_164350_0010|וואס מ'פארציילט אז זיי האבן אויסגעליידיגט די גיהנום פון נשמות וואס האבן געדארפט האבן תיקונים.|vus mfarʦˈajlt az zaj hubn ˈoʊzɡəlajdiɡt də ɡˈinim fin nʃˈumɔjs vus hubn ɡədˈarft hubn tjkˈunim.
162_164350_0011|אבער ס'איז דא ר"ע, דער הונדערט און זיבעציגסטער חדר, וואס דאס איז איינע פון די חדרים דארט,|ˈɔbər siz du rajʃ ˈajən, dɛr hˈindərt in zˈibəʦiɡstər xˈɛdər, vus dus iz ˈajnə fin də xadˈurim dɔrt,
162_164350_0012|דאס איז זייער א געפערליכע חדר דארט, וואס דארט אפילו דארף דער צדיק וואס דארף דארט דורכגיין,|dus iz zˈajər a ɡəfˈɛrləxə xˈɛdər dɔrt, vus dɔrt afˈilə daf dɛr ʦˈadik vus daf dɔrt dˈirxɡajn,
162_164350_0013|דארט דארף ער שוין אביסל יא ציטערן פון די מלאכי חבלה, און דער אייבערשטער געבט אים מיט א מלאך, וואס דער מלאך הייסט ישועה,|dɔrt daf ɛr ʃɔjn abˈisl ju ʦˈitərn fin də malˈuxi xˈiblə, in dɛr ˈajbərʃtər ɡɛbt ejm mit a mˈaləx, vus dɛr mˈaləx hajst jəʃˈiə,
162_164350_0015|א הייליגער צדיק. און דורך דעם וואס דער מלאך גייט פאראויס פאר דעם צדיק, דארף ער נישט מורא האבן פון די מלאכי חבלה פון די חברה'לע דארטן, ס'איז א מחיה. און ער איז מרמז דארט,|a hˈajliɡər ʦˈadik. in dˈɔrəx dejm vus dɛr mˈaləx ɡajt farˈoʊs far dejm ʦˈadik, daf ɛr niʃt mˈɔjrə hubn fin də malˈuxi xˈiblə fin də xbrhlə dɔrtn, siz a məxˈajɛ. in ɛr iz mrˈamajz dɔrt,
162_164350_0016|שטייט דארט אין פסוק, גם כי אלך בגיא צלמות. אז ווען איך גיי דארט אין די טונקעלע צימערן, בגיא צלמות דארט אין גיהנם, "לא אירא רע",|ʃtajt dɔrt in pˈusik, ɡam ki alx bɡˈia ʦlmis. az vɛn ix ɡaj dɔrt in də tˈinkələ ʦˈimərn, bɡˈia ʦlmis dɔrt in ɡinm, lɔj ˈira rɛ
162_164350_0017|דארף איך נישט מורא האבן, "לא אירא", דארף איך נישט מורא האבן "רע", פון די ר"ע חדר דארט, פון די חדרים פון גיהנם, די ר"ע וואס איז אביסל שרעקעדיג. ווייסטו פארוואס? ווייל "כי אתה עמדי",|daf ix niʃt mˈɔjrə hubn, lɔj ˈira daf ix niʃt mˈɔjrə hubn rɛ fin də rajʃ ˈajən xˈɛdər dɔrt, fin də xadˈurim fin ɡinm, də rajʃ ˈajən vus iz abˈisl ʃrˈɛkədiɡ. vˈajsti farvˈus ? vaːl ki ˈatu ˈɛmdi
162_164350_0018|מ'האט דאך געשמועסט די שם א' ת"ה גייט דאך מיט דארט מיט דעם מלאך, "כי אתה עמדי".|mhut dɔx ɡəʃmˈiəst də ʃɛm a tuf haj ɡajt dɔx mit dɔrt mit dejm mˈaləx, ki ˈatu ˈɛmdi
162_164350_0019|און ער זאגט "שבטך ומשענתך המה ינחמוני", איז די ראשי תיבות יהושע, יהושע. יא, צוריקצואוועגס, דער מלאך וואס הייסט יהושע,|in ɛr zuɡt ʒbtx ˈimʃənsx hˈajmə ˈinxmini iz də rˈuʃi tˈajvɔjs jəhˈɔjʃiə, jəhˈɔjʃiə. ju, ʦirˈikʦiavəɡs, dɛr mˈaləx vus hajst jəhˈɔjʃiə,
162_164350_0020|פלא'דיג. און ער טייטשט דארט באריכות אז וואס משה רבינו האט געגעבן א נאמען פאר יהושע ביי די מרגלים, האט ער צוגעלייגט, פארוואס האט ער נישט מתפלל געווען פאר די אנדערע מרגלים? זאגט ער,|flˈadiɡ. in ɛr tajʧt dɔrt baarˈixus az vus mˈɔjʃə rbˈini hut ɡəɡˈɛbn a nˈumən far jəhˈɔjʃiə baː də mrɡlim, hut ɛr ʦˈiɡəlajɡt, farvˈus hut ɛr niʃt mispˈalajl ɡəvˈejn far də ˈandərə mrɡlim ? zuɡt ɛr,
162_164350_0021|ווייל יהושע האט ער נישט געמיינט דוקא יהושע בן נון, ער האט געמיינט דער מלאך יהושע, ווייל די מרגלים זענען דאך געגאנגען אויסשפיאנירן די גן עדן און די גיהנם דארט. ער שמועסט אויס באריכות, קבלה ענינים,|vaːl jəhˈɔjʃiə hut ɛr niʃt ɡəmˈajnt dˈika jəhˈɔjʃiə bɛn nin, ɛr hut ɡəmˈajnt dɛr mˈaləx jəhˈɔjʃiə, vaːl də mrɡlim zˈɛnən dɔx ɡəɡˈanɡən ˈoʊsʃpianirn də ɡan ɛdn in də ɡinm dɔrt. ɛr ʃmˈiəst oʊs baarˈixus, kˈibluh ˈɛninim,
162_164350_0022|האט ער געוואלט אז ס'זאל זיי נישט מזיק זיין, האט ער מיטגעשיקט דעם מלאך יהושע. אזוי טייטשט ער דארט.|hut ɛr ɡəvˈɔlt az szul zaj niʃt mˈazək zaːn, hut ɛr mˈitɡəʃikt dejm mˈaləx jəhˈɔjʃiə. azˈɔj tajʧt ɛr dɔrt.
162_164350_0023|בקיצור, על כל פנים, זאגט ער דארט, שטייט אין מדרש די וואך אז א דיין פירט ארויס די בית פרץ,|bˈɛkiʦər, al kɔl pˈunəm, zuɡt ɛr dɔrt, ʃtajt in mˈɛdrəʃ də vɔx az a daːn firt arˈoʊs də bajs pˈɛrəʦ,
162_164350_0025|איז אזוי ווי כאילו די גיהנם איז אונטער דיר, און דו מאכסט א קליינע מיסטעיק, בופ, חלילה פאלט מען אריין. אזוי דארף מען צוגיין צו א דין תורה מיט א פחד,|iz azˈɔj vi kəjˈilə də ɡinm iz ˈintər dir, in di maxst a klˈajnə mˈistajk, bif, xalˈilə falt mɛn arˈaːn. azˈɔj daf mɛn ʦˈiɡajn ʦi a din tˈɔjrə mit a pˈaxad,
162_164350_0026|ער זאל וויסן אז מ'פסק'נט פאר'ן הייליגן באשעפער. דאס איז נישט קיין ווערטער, מ'זאל נישט פסק'ענען פאלש, מ'זאל נישט נוטה זיין צו איינעם, ווייסטו, צו ראובן, צו שמעון.|ɛr zul visn az mpasknt farn hˈajliɡn baʃˈɛfər. dus iz niʃt kan vˈɛrtər, mzul niʃt pˈaskənən falʃ, mzul niʃt nˈɔjtə zaːn ʦi ˈajnəm, vˈajsti, ʦi rivn, ʦi ʃˈimən.
162_164350_0028|דאס איז דער מנין אויף די אכט הונדערט און פופציג חדרים פון גיהנם. די דיינים דארפן וויסן, "שפטים ושטרים", די דיינים, "תתן לך", זאלסטו וויסן אז ס'איז דא תתן פאר דיר דארט,|dus iz dɛr mˈiniən oʊf də axt hˈindərt in fˈifʦiɡ xadˈurim fin ɡinm. də dˈajnim daːfn visn, ʃptim ˈiʃtrim də dˈajnim, tˈitajn ləxˈu zˈalsti visn az siz du tˈitajn far dir dɔrt,
162_164350_0029|אכט הונדערט און פופציג צימערן צוגעגרייט פאר דיר. און אויב דו וועסט זיך נישט אויספירן ווי ס'דארף צו זיין, נו נו. יא,|axt hˈindərt in fˈifʦiɡ ʦˈimərn ʦˈiɡəɡrajt far dir. in ɔjb di vɛst zix niʃt ˈoʊsfirn vi sdaf ʦi zaːn, ni ni. ju,
162_164350_0031|די וואך איז דאך אויך דא די מצוה פאר א מלך, אז דער מלך זאל זיך שרייבן א ספר תורה,|də vɔx iz dɔx ɔjx du də mˈiʦvə far a mˈajləx, az dɛr mˈajləx zul zix ʃraːbn a sˈajfər tˈɔjrə,
162_164350_0034|שטעלט ער זיך אויף אזעלכע צוויי דקדוקים, והיתה עמו איז א לשון, די תורה ווערט אנגערופן א לשון נקבה, והיתה איז א לשון נקבה.|ʃtɛlt ɛr zix oʊf azˈɛlxə ʦvaj dkdˈikim, vəhˈujəsu ˈɛmi iz a luʃn, də tˈɔjrə virt ˈunɡərifn a luʃn nəkˈajvə, vəhˈujəsu iz a luʃn nəkˈajvə.
162_164350_0035|פארוואס שטייט וקרא בו? פארוואס שטייט נישט וקרא בה? זאל ליינען אין איר כל ימי חייו.|farvˈus ʃtajt ˈikra bi ? farvˈus ʃtajt niʃt ˈikra bu ? zul lˈajnən in ir kɔl jˈɛmaj xˈajujv.
162_164350_0036|און אויך, וואס הייסט כל ימי חייו? א מענטש קען ליינען כל ימי חייו א גאנצע צייט, א גאנץ לעבן?|in ɔjx, vus hajst kɔl jˈɛmaj xˈajujv ? a mɛnʧ kɛn lˈajnən kɔl jˈɛmaj xˈajujv a ɡˈanʦə ʦaːt, a ɡanʦ lejbn ?
162_164350_0037|א מענטש טוט דאך יא, יעדער ווייסט דאך, א מענטש איז דאך עוסק אין נאך זאכן. הגמרא במסכת שבת זאגט דארט אז יצחק אבינו האט זיך אויסגעטענה'ט כביכול מיט'ן אייבערשטן ווען משיח וועט קומען. יצחק האט געטענה'ט,|a mɛnʧ tit dɔx ju, jˈɛdər vajst dɔx, a mɛnʧ iz dɔx isk in nux zaxn. hɡmra bmsxs ʃˈabəs zuɡt dɔrt az jˈiʦxuk ˈabini hut zix ˈoʊzɡətənht kavˈiuxl mitn ˈajbərʃtn vɛn mˈuʃiəx vɛt kˈimən. jˈiʦxuk hut ɡətˈɛnht,
162_164350_0038|ווי לאנג לעבט שוין א מענטש? א מענטש לעבט זיבעציג יאר, האלב פון דעם שלאפט ער,|vi laːnɡ lejbt ʃɔjn a mɛnʧ ? a mɛnʧ lejbt zˈibəʦiɡ jur, halb fin dejm ʃluft ɛr,
162_164350_0039|און אביסל דארף ער אויף זיינע עסן, אויף זיינע צרכים ארויסצוגיין, עוסק זיין במשא ומתן. סאו יעדער מענטש האט זיך זיינע צרכים. וואס הייסט וקרא בו כל ימי חייו,|in abˈisl daf ɛr oʊf zˈaːnə ɛsn, oʊf zˈaːnə ʦrxim arˈoʊsʦiɡajn, isk zaːn bmʃa imˈatun. sɔ jˈɛdər mɛnʧ hut zix zˈaːnə ʦrxim. vus hajst ˈikra bi kɔl jˈɛmaj xˈajujv,
162_164350_0040|א גאנץ לעבן? ס'איז דאך משמע א גאנצן טאג, איך קען דאך נישט זיין.|a ɡanʦ lejbn ? siz dɔx mˈaʃmə a ɡanʦn tuɡ, ix kɛn dɔx niʃt zaːn.
162_164350_0041|זאגט ער, ברענגט ער דארט פון א פריערדיגע, אז ס'שטייט, מ'זעט דריי מאל וואס ס'שטייט די ווארט 'אז'. יא?|zuɡt ɛr, brɛnɡt ɛr dɔrt fin a frˈiərdiɡə, az sʃtajt, mzejt draj mul vus sʃtajt də vɔrt az ju ?
162_164350_0043|'אז' שטייט ביי די תורה, שטייט 'ואז תשכיל', 'והגית בו יומם ולילה' שטייט אין ספר יהושע. אוי אוי אוי אוי, ואז תשכיל, ר' משה גאלדמאן זינגט דארט.|az ʃtajt baː də tˈɔjrə, ʃtajt ˈiaz sʃxil vəhuɡˈisu bi jimm ˈililə ʃtajt in sˈajfər jəhˈɔjʃiə. ɔj ɔj ɔj ɔj, ˈiaz sʃxil, rajʃ mˈɔjʃə ɡˈaldman zinɡt dɔrt.
162_164350_0044|און מ'האט דא דעם פסוק 'ואז תצליח', וואס האט מיט הצלחה. און מ'האט דא דעם פסוק 'ישנתי אז ינוח לי'.|in mhut du dejm pˈusik ˈiaz sʦlix vus hut mit hˈaʦluxə. in mhut du dejm pˈusik ˈiʃnsi az junˈixa li
162_164350_0045|און מ'ווייסט, דער רמב"ם שרייבט אז אן אדם בינוני, א מיטלמעסיגער מענטש דארף שלאפן אכט שעה א טאג.|in mvajst, dɛr rˈambam ʃraːbt az un udm bˈinini, a mˈitlməsiɡər mɛnʧ daf ʃlufn axt ʃu a tuɡ.
162_164350_0046|'אז' איז בגימטריא אכט. בקיצור נמרץ, איך שרייב שוין דארט אז אדם בינוני איז גענוג זעקס, אבער דער רמב"ם שרייבט אזוי,|az iz bəɡimatrˈiə axt. bˈɛkiʦər nˈimruʦ, ix ʃrajb ʃɔjn dɔrt az udm bˈinini iz ɡənˈiɡ zɛks, ˈɔbər dɛr rˈambam ʃraːbt azˈɔj,
162_164350_0047|'אז' איז בגימטריא אכט, 'ישנתי אז', אז ווען איך שלאף אכט שעה, 'ינוח לי',|az iz bəɡimatrˈiə axt, ˈiʃnsi az az vɛn ix ʃluf axt ʃu, junˈixa li
162_164350_0049|זאגט ער דארט, אז מ'זעט "אז" איז בגימטריא אכט, א' ז'. און ס'שטייט דריי מאל "אז":|zuɡt ɛr dɔrt, az mzejt az iz bəɡimatrˈiə axt, a zˈaːən in sʃtajt draj mul az
162_164350_0050|איינמאל "אז תשכיל" גייט ארויף אויף די תורה, יא, די תורה, ס'שטייט דאך דארט ביי די תורה "ואז תשכיל",|ˈajnmul az sʃxil ɡajt arˈoʊf oʊf də tˈɔjrə, ju, də tˈɔjrə, sʃtajt dɔx dɔrt baː də tˈɔjrə ˈiaz sʃxil
162_164350_0051|און איינמאל שטייט "אז תצליח", דו וועסט מצליח זיין אין דיינע געשעפטן,|in ˈajnmul ʃtajt az sʦlix di vɛst maʦlˈixa zaːn in dˈaːnə ɡəʃˈɛftn,
162_164350_0052|און איינמאל שטייט ביי די שלאפן "אז ישנתי אז", דאס איז אכט שעה שלאפן.|in ˈajnmul ʃtajt baː də ʃlufn az ˈiʃnsi az dus iz axt ʃu ʃlufn.
162_164350_0054|אכט שעה לערנען, אכט שעה עוסק זיין אין מילי דעלמא, וואס מיינט די פרנסה, עסן, און אנדערע זאכן, און אכט שעה שלאפן.|axt ʃu lˈirnən, axt ʃu isk zaːn in mˈili dˈɛlma, vus majnt də pˈarnusə, ɛsn, in ˈandərə zaxn, in axt ʃu ʃlufn.
162_164350_0055|און א מענטש טוט אזוי, וועט ער טאקע זען הצלחה אין דעם גאנצן פעקל.|in a mɛnʧ tit azˈɔj, vɛt ɛr tˈakə zejn hˈaʦluxə in dejm ɡanʦn pɛkl.
162_164350_0056|איך געדענק, איך מיין מיין טאטע זאל זיין געזונט האט פארציילט אז דער סאטמארער רב זכרונו לברכה נאך די מלחמה האט געוואלט עפענען א כולל, און ס'איז נאך געווען דארט א נייע זאך, דער מושג פון א כולל, נישט יעדער האט געהאלטן פון א כולל, ווידער.|ix ɡədˈɛnk, ix maːn maːn tˈatə zul zaːn ɡəzˈint hut farʦˈajlt az dɛr sˈatmarər ruv zxrˈini livrˈuxə nux də milxˈumə hut ɡəvˈɔlt ˈɛfənən a kˈɔjləl, in siz nux ɡəvˈejn dɔrt a nˈaːjə zax, dɛr miʒɡ fin a kˈɔjləl, niʃt jˈɛdər hut ɡəhˈaltn fin a kˈɔjləl, vˈidər.
162_164350_0057|און דער סאטמארער רב האט געפרעגט דעמאלטס וויפיל מ'וויל מאכן, וויפיל שעה זאל מען לערנען אין כולל? האט מען געזאגט, מ'זאל אויפשטעלן א כולל וואס זאל לערנען אכט שעה א טאג אין כולל.|in dɛr sˈatmarər ruv hut ɡəfrˈɛɡt dˈɛmalʦ vˈifil mvil maxn, vˈifil ʃu zul mɛn lˈirnən in kˈɔjləl ? hut mɛn ɡəzˈuɡt, mzul ˈɔjfʃtəln a kˈɔjləl vus zul lˈirnən axt ʃu a tuɡ in kˈɔjləl.
162_164350_0061|יעקב פנים ברענגט דארט דער בית פרץ א שיינע מליצה, "לולי תורתך שעשועי אז אבדתי בעניי".|jˈankəv pˈunəm brɛnɡt dɔrt dɛr bajs pˈɛrəʦ a ʃˈajnə məlˈiʦə, lˈili tɔjrusˈɛxu ʃˈɛʃiaj az avˈadti bənˈaː
162_164350_0062|זאגט ער, דער עני, ער האט דאך נישט צו מאכן קיין געשעפטן, ער איז דאך אן ארימאן, ס'גייט אים נישט די ארבעט, יא, וואס זאל ער טון די איבריגע אכט שעה?|zuɡt ɛr, dɛr ˈani, ɛr hut dɔx niʃt ʦi maxn kan ɡəʃˈɛftn, ɛr iz dɔx un ˈariman, sɡajt ejm niʃt də ˈarbət, ju, vus zul ɛr tin də ˈibriɡə axt ʃu ?
162_164350_0063|אכט שעה לערנט ער, אכט שעה שלאפט ער, און אכט שעה האט ער געמאכט צו מאכן געשעפטן, אבער ער האט דאך נישט קיין געשעפטן. וואס זאל ער טון?|axt ʃu lirnt ɛr, axt ʃu ʃluft ɛr, in axt ʃu hut ɛr ɡəmˈaxt ʦi maxn ɡəʃˈɛftn, ˈɔbər ɛr hut dɔx niʃt kan ɡəʃˈɛftn. vus zul ɛr tin ?
162_164350_0064|די איבריגע אכט שעה וואס ער האט נישט צו מאכן געשעפטן, זאל ער כאטשיג לערנען, ווייל "בטלה מביאה לידי שיעמום", ליידיג גיין איז דאס ארגסטע פון אלעם, ער קען נישט גיין ליידיג.|də ˈibriɡə axt ʃu vus ɛr hut niʃt ʦi maxn ɡəʃˈɛftn, zul ɛr xˈaʧiɡ lˈirnən, vaːl bˈutəlu mbˈia lˈidi ʃˈiəmim lˈajdiɡ ɡajn iz dus ˈarɡstə fin ˈaləm, ɛr kɛn niʃt ɡajn lˈajdiɡ.
162_164350_0065|סא, אז ער האט נישט וואס צו טון מיט די אכט שעה, זאל ער זיצן און לערנען. זאגט דוד המלך, "לולי תורתך שעשועי אז אבדתי בעניי" - ווען נישט דיין תורה, וואלט איך פארלוירן געגאנגען בעניי.|sa, az ɛr hut niʃt vus ʦi tin mit də axt ʃu, zul ɛr ziʦn in lˈirnən. zuɡt dˈuvid hamˈɛlɛx, lˈili tɔjrusˈɛxu ʃˈɛʃiaj az avˈadti bənˈaː vɛn niʃt daːn tˈɔjrə, vɔlt ix farlˈɔjrn ɡəɡˈanɡən bənˈaː.
162_164350_0066|פארוואס?|farvˈus ?
162_164350_0067|ווייל אלס ארעמאן וואלט איך געגאנגען פארלוירן, ווייל איך וואלט קיין ביזנעס נישט געקענט מאכן, און לכאורה שוין תורה וואלט איך געגאנגען ליידיג, און בטלים מביאין לידי רשעים, ס'וואלט געווען פת קצוה.|vaːl ˈalis ˈarəman vɔlt ix ɡəɡˈanɡən farlˈɔjrn, vaːl ix vɔlt kan bˈiznəs niʃt ɡəkˈɛnt maxn, in lixˈɔjrə ʃɔjn tˈɔjrə vɔlt ix ɡəɡˈanɡən lˈajdiɡ, in btlim mbˈiaːn lˈidi rʃajm, svɔlt ɡəvˈejn pas kʦi.
162_164350_0068|זייער זיס.|zˈajər zis.
162_164350_0069|און ער טייטשט אויך זייער שיין, ס'קומט יעצט אריין אין ראש חודש, מ'זאגט דארט ביי יעלה ויבוא, "זכרנו ה' אלקינו בו לטובה ופקדנו בו לברכה והושיענו בו לחיים".|in ɛr tajʧt ɔjx zˈajər ʃajn, skimt jɛʦt arˈaːn in rɔjʃ xˈɔjdəʃ, mzuɡt dɔrt baː jˈaːlə ˈɔjbia, zxrni haj ˈalkini bi lətˈɔjvə ˈifkdni bi livrˈuxə ˈihiʃiəni bi ləxˈajim
162_164350_0070|דריי מאל "בו". "בו" איז בגימטריא אכט.|draj mul bi bi iz bəɡimatrˈiə axt.
162_164350_0071|זאגט ער, ברענגט ער פון ספר טהרת הקודש אז מ'זאל מכוון זיין די דריי "בו"'ס, און ס'איז א סגולה אויף זכרון.|zuɡt ɛr, brɛnɡt ɛr fin sˈajfər tuhˈuras hkidʃ az mzul məxˈavvajn zaːn də draj bi sˈaməx, in siz a zɡˈilə oʊf zˈikurn.
162_164350_0072|ווען מ'האט אין זינען די דריי "בו"'ס, וואס זאל מען אין זינען האבן?|vɛn mhut in zˈinən də draj bi sˈaməx, vus zul mɛn in zˈinən hubn ?
162_164350_0073|"זכרנו ה' אלקינו בו לטובה" - די ערשטע "בו" ווייזט אויף תורה, ווייל "אין טוב אלא תורה".|zxrni haj ˈalkini bi lətˈɔjvə də ˈɛrʃtə bi vajzt oʊf tˈɔjrə, vaːl in tɔjv ˈala tˈɔjrə
162_164350_0074|"ופקדנו בו לברכה" - רעדט מען פון פרנסה, פון געשעפטן, דער אייבערשטער שיקט אריין א ברכה אין די געשעפטן.|ˈifkdni bi livrˈuxə rɛdt mɛn fin pˈarnusə, fin ɡəʃˈɛftn, dɛr ˈajbərʃtər ʃikt arˈaːn a brˈuxə in də ɡəʃˈɛftn.
162_164350_0075|"והושיענו בו לחיים" גייט ארויף אויף די אכט שעה שלאף, ווייל שלאפן ברענגט צוריק א חיות פאר דעם מענטש, "והושיענו בו לחיים".|ˈihiʃiəni bi ləxˈajim ɡajt arˈoʊf oʊf də axt ʃu ʃluf, vaːl ʃlufn brɛnɡt ʦirˈik a xˈajɔjs far dejm mɛnʧ, ˈihiʃiəni bi ləxˈajim
162_164350_0076|איז דער לעצטער "בו" אויף שלאפן.|iz dɛr lˈɛʦtər bi oʊf ʃlufn.
162_164350_0077|אזוי ברענגט ער די אלע דריי, "בו" איז אכט, צוטיילט אויף די דריי חלקים אין די טאג: שלאפן, עסן, און תורה. שטימט דאך לויט דעם זייער גוט.|azˈɔj brɛnɡt ɛr də ˈalə draj, bi iz axt, ʦˈitajlt oʊf də draj xalˈukim in də tuɡ : ʃlufn, ɛsn, in tˈɔjrə. ʃtimt dɔx loʊt dejm zˈajər ɡit.
162_164350_0078|האב איך געפרעגט, פארוואס שטייט "בו כל ימי חייו"? וואס איז "כל ימי חייו"? די גאנצע לעבן. און "בו"? "בה" וואלט געדארפט שטיין. "בו" איז בגימטריא אכט.|hub ix ɡəfrˈɛɡt, farvˈus ʃtajt bi kɔl jˈɛmaj xˈajujv vus iz kɔl jˈɛmaj xˈajujv də ɡˈanʦə lejbn. in bi bu vɔlt ɡədˈarft ʃtajn. bi iz bəɡimatrˈiə axt.
162_164350_0079|ער זאל ליינען אין דעם די אכט שעה, דער מלך וועט לערנען אכט שעה, די איבריגע אכט שעה וועט ער אויסנוצן ווי ס'דארף צו זיין, שלאפן, און עוסק זיין מיט זיינע צרכים, דעמאלטס וועט זיין "אז תצליח את דרכיך", וועט זיין זייער הערליך.|ɛr zul lˈajnən in dejm də axt ʃu, dɛr mˈajləx vɛt lˈirnən axt ʃu, də ˈibriɡə axt ʃu vɛt ɛr ˈoʊsniʦn vi sdaf ʦi zaːn, ʃlufn, in isk zaːn mit zˈaːnə ʦrxim, dˈɛmalʦ vɛt zaːn az sʦlix ɛs drxix vɛt zaːn zˈajər hˈɛrləx.
162_164350_0080|"וקרא בו" - ער זאל ליינען אכט שעה אין דעם "כל ימי חייו", וועט ער זיין גערעכנט ווי ס'איז כאילו כל ימי חייו, ווייל ער נוצט אויס די צייט.|ˈikra bi ɛr zul lˈajnən axt ʃu in dejm kɔl jˈɛmaj xˈajujv vɛt ɛr zaːn ɡərˈɛxnt vi siz kəjˈilə kɔl jˈɛmaj xˈajujv, vaːl ɛr niʦt oʊs də ʦaːt.
162_164350_0081|זייער הפלא'דיג און זייער זיס און שיין.|zˈajər hflˈadiɡ in zˈajər zis in ʃajn.
162_164350_0082|יא.|ju.
162_164350_0084|האט ער געזאגט, א חתן איז דומה למלך, יא? א חתן האט דאך גלייך צו א מלך, איז אים אויך נוגע די דריי מצוות.|hut ɛr ɡəzˈuɡt, a xusn iz dˈimə ləmˈɛlɛx, ju ? a xusn hut dɔx ɡlaːx ʦi a mˈajləx, iz ejm ɔjx nˈiɡə də draj mˈiʦvɔjs.
162_164350_0085|אינטערעסאנט, זאגט ער, "לא ירבה לו נשים".|intərəsˈant, zuɡt ɛr, lɔj ˈirbə li nˈuʃim
162_164350_0086|יא, ער האט געזאגט אז ער האט עס מקובל פון זיין טאטע, איך געדענק נישט פון וועם, אז ווען מ'טראגט אים אן דריי שידוכים, פאסיגע נארמאלע שידוכים, מער פון דעם דארף מען זיך נישט קלויבן.|ju, ɛr hut ɡəzˈuɡt az ɛr hut ɛs mˈɛkibl fin zaːn tˈatə, ix ɡədˈɛnk niʃt fin vɛm, az vɛn mtruɡt ejm un draj ʃidˈixim, fˈasiɡə nˈarmalə ʃidˈixim, mɛr fin dejm daf mɛn zix niʃt klɔjbn.
162_164350_0087|מ'קלויבט זיך, "ניין, איך האב נאך נישט גענוג קיין אויסוואלן, איך האב נאך נישט גענוג אנגעטראגן."|mklɔjbt zix, najn, ix hub nux niʃt ɡənˈiɡ kan ˈoʊsvaln, ix hub nux niʃt ɡənˈiɡ ˈanɡətruɡn
162_164350_0088|אויב מ'האט דיר אנגעטראגן דריי פאסיגע שידוכים, נעם איינס פון דעם, דארפסטו נישט מער זוכן. "לא ירבה לו נשים", זאגט ער, אויף דעם גייט עס ארויף.|ɔjb mhut dir ˈanɡətruɡn draj fˈasiɡə ʃidˈixim, nɛm ajns fin dejm, dˈarfsti niʃt mɛr zixn. lɔj ˈirbə li nˈuʃim zuɡt ɛr, oʊf dejm ɡajt ɛs arˈoʊf.
162_164350_0089|די צווייטע זאך, "לא ירבה לו סוסים", דאס גייט ארויף אויף שדכנים.|də ʦvˈajtə zax, lɔj ˈirbə li sˈisim dus ɡajt arˈoʊf oʊf ʒdxnim.
162_164350_0090|ער זאגט נישט פארוואס, און איך בעט אז קיין שדכנים זאלן נישט ווערן פארשעמט דא פון דעם "סוסים", אבער אזוי זאגט ער, מ'זאל נישט אריינמישן צו סאך שדכנים, די זעלבע בחינה ווי פריער, גראבל נישט צו סאך.|ɛr zuɡt niʃt farvˈus, in ix bɛt az kan ʒdxnim zɔln niʃt virn farʃˈɛmt du fin dejm sˈisim ˈɔbər azˈɔj zuɡt ɛr, mzul niʃt arˈaːnmiʃn ʦi sax ʒdxnim, də zˈɛlbə bxˈinə vi frˈiər, ɡrabl niʃt ʦi sax.
162_164350_0091|און נאכדעם, "וכסף וזהב לא ירבה לו מאד". דאס מיינט, ברענגט ער, אז מ'זאל זיך נישט קריגן אויף די נדן.|in nuxdˈejm, ixsf izhb lɔj ˈirbə li mad dus majnt, brɛnɡt ɛr, az mzul zix niʃt kriɡn oʊf də ndən.
162_164350_0092|יא, די גמרא זאגט אז איינער האט חתונה מיט א פרוי לשם כסף אדער לשם נוי איז דאך נישט קיין גוטע זאך.|ju, də ɡəmˈurə zuɡt az ˈajnər hut xˈasənə mit a frɔj lˈɛʃəm kˈɛsəf ˈɔdər lˈɛʃəm nɔj iz dɔx niʃt kan ɡˈitə zax.
162_164350_0093|אבער אפילו מ'האט יא צוגעזאגט א נדן, מ'האט צוגעזאגט אז דער מחותן גייט געבן א נדן פאר'ן חתן, אויב ס'מאכט זיך אז ס'איז עפעס דא א מיספארשטענדעניש, שלאג דיך נישט אויף דעם.|ˈɔbər afˈilə mhut ju ʦˈiɡəzuɡt a ndən, mhut ʦˈiɡəzuɡt az dɛr məxˈitn ɡajt ɡejbn a ndən farn xusn, ɔjb smaxt zix az siz ˈɛpəs du a mˈisfarʃtəndəniʃ, ʃlaɡ dix niʃt oʊf dejm.
162_164350_0096|אזוי פירט אויס דער רמ"א, א מענטש וואס קריגט זיך נישט אויף דעם, אפילו מ'האט אים צוגעזאגט, דעמאלטס וועט ער מצליח זיין און וועט האבן א גליקליך לעבן. אזוי שרייבט דער רמ"א.|azˈɔj firt oʊs dɛr rajʃ mɛm ˈaləf, a mɛnʧ vus kriɡt zix niʃt oʊf dejm, afˈilə mhut ejm ʦˈiɡəzuɡt, dˈɛmalʦ vɛt ɛr maʦlˈixa zaːn in vɛt hubn a ɡlˈikləx lejbn. azˈɔj ʃraːbt dɛr rajʃ mɛm ˈaləf.
162_164350_0097|און ער זאגט, ער ברענגט, דער רבי אלחנן ברענגט דארט א מעשה אז דער הייליגער סטראפקאווער רב זכר צדיק לברכה איז אמאל געווען ביי א חופה.|in ɛr zuɡt, ɛr brɛnɡt, dɛr rˈɛbə əlxˈunun brɛnɡt dɔrt a mˈaːsə az dɛr hˈajliɡər strˈafkavər ruv zˈajxər ʦˈadik livrˈuxə iz amˈul ɡəvˈejn baː a xˈɔjfɛ.
162_164350_0098|און ס'איז געווען אזא מעשה, דער מחותן האט זיך אונטערגענומען א פעסטן נדן, אזא ברייטן רבי'שן נדן, און עפעס אזוי א פאר טעג פאר די חתונה, איך ווייס נישט, ער איז געגאנגען באנקראט צי וואס, ער קען נישט געבן די נדן.|in siz ɡəvˈejn azˈa mˈaːsə, dɛr məxˈitn hut zix ˈintərɡənimən a fɛstn ndən, azˈa brajtn rbiʃn ndən, in ˈɛpəs azˈɔj a far tejɡ far də xˈasənə, ix vajs niʃt, ɛr iz ɡəɡˈanɡən bankrˈat ʦi vus, ɛr kɛn niʃt ɡejbn də ndən.
162_164350_0099|יענער האט געוואלט מבטל זיין די שידוך, מ'האט שוין געהאלטן ממש פאר א חופה, און ער האט געוואלט מבטל זיין די שידוך. העלאו? ער געבט נישט די נדן?|jˈɛnər hut ɡəvˈɔlt mvˈatajl zaːn də ʃˈidəx, mhut ʃɔjn ɡəhˈaltn mˈamiʃ far a xˈɔjfɛ, in ɛr hut ɡəvˈɔlt mvˈatajl zaːn də ʃˈidəx. hˈɛli ? ɛr ɡɛbt niʃt də ndən ?
162_164350_0100|און דער סטראפקאווער רב האט אים געזאגט, ער איז געווען א זון פונעם הייליגן שינאווער רב, האט ער אים געזאגט פאר דעם חתן דארט, פאר דעם מחותן,|in dɛr strˈafkavər ruv hut ejm ɡəzˈuɡt, ɛr iz ɡəvˈejn a zin fˈinəm hˈajliɡn ʃˈinavər ruv, hut ɛr ejm ɡəzˈuɡt far dejm xusn dɔrt, far dejm məxˈitn,
162_164350_0101|ווען דו קענסט יעצט באקומען א ברכה פונעם טאטן, פונעם הייליגן שינאווער רב, וואס האט שוין נישט געלעבט, וואלט עס ביי דיר געווען א גרויסע זאך?" זאגט ער, "וואס איז א שאלה? א שאלה?|vɛn di kɛnst jɛʦt bakˈimən a brˈuxə fˈinəm tatn, fˈinəm hˈajliɡn ʃˈinavər ruv, vus hut ʃɔjn niʃt ɡəlˈejbt, vɔlt ɛs baː dir ɡəvˈejn a ɡrˈɔjsə zax zuɡt ɛr, vus iz a ʃˈaːlə ? a ʃˈaːlə ?
162_164350_0102|דער שינאווער רב? ווען איך וואלט געווען ווערד וואלט איך געצאלט אלע געלטער אין די וועלט פאר א ברכה פונעם הייליגן שינאווער רב.|dɛr ʃˈinavər ruv ? vɛn ix vɔlt ɡəvˈejn vɛrd vɔlt ix ɡəʦˈalt ˈalə ɡəltˈɛr in də vɛlt far a brˈuxə fˈinəm hˈajliɡn ʃˈinavər ruv.
162_164350_0103|א ברכה פונעם הייליגן זיידן, דער הייליגער צאנזער רב? יא, וויפיל געלט וואלסטו געצאלט אז דו קענסט יעצט באקומען א ברכה פונעם הייליגן צאנזער רב?" זאגט ער, "וואס איז א שאלה?|a brˈuxə fˈinəm hˈajliɡn zajdn, dɛr hˈajliɡər ʦˈanzər ruv ? ju, vˈifil ɡɛlt vˈalsti ɡəʦˈalt az di kɛnst jɛʦt bakˈimən a brˈuxə fˈinəm hˈajliɡn ʦˈanzər ruv zuɡt ɛr, vus iz a ʃˈaːlə ?
162_164350_0104|וואס אלעס?"|vus ˈaləs
162_164350_0105|זאגט ער, "אויב א ברכה פונעם זיידן איז דיר ווערד, דו האסט א ברכה פון א הייליגן רמ"א, דער רבן של כל ישראל, דער רמ"א, וואס זאגט אז טאמער מ'קריגט זיך נישט אויף א נדן איז 'ואז יצליח', עס וועט האבן א גליקליך לעבן.|zuɡt ɛr, ɔjb a brˈuxə fˈinəm zajdn iz dir vɛrd, di hust a brˈuxə fin a hˈajliɡn rajʃ mɛm ˈaləf, dɛr rˈabun ʃɛl kɔl jisrˈuəl, dɛr rajʃ mɛm ˈaləf, vus zuɡt az tˈamər mkriɡt zix niʃt oʊf a ndən iz ˈiaz jaʦlˈixa ɛs vɛt hubn a ɡlˈikləx lejbn.
162_164350_0106|איז דיר נישט ווערד אזא ברכה? האב שכל, כאפ אריין א ברכה פונעם הייליגן רמ"א. דער רמ"א זאגט אז ס'וועט האבן א גליקליך לעבן."|iz dir niʃt vɛrd azˈa brˈuxə ? hub sajxl, xɔp arˈaːn a brˈuxə fˈinəm hˈajliɡn rajʃ mɛm ˈaləf. dɛr rajʃ mɛm ˈaləf zuɡt az svɛt hubn a ɡlˈikləx lejbn
162_164350_0108|דער בעל הטורים איז אויך מרמז דא אז דער ענין פון מלך, יעדער ווייסט, ס'שטייט אין די פסוקים פון ספר שמואל אז דער ערשטער מלך פון אידן איז געווען שאול, און זיין מלכות האט זיך נישט געצויגן פאר לאנג, און די מלוכה פון דוד, דאס איז נמשך לעולם ועד.|dɛr baːl htˈirim iz ɔjx mrˈamajz du az dɛr ˈinjən fin mˈajləx, jˈɛdər vajst, sʃtajt in də psˈikim fin sˈajfər ʃmˈiəl az dɛr ˈɛrʃtər mˈajləx fin jidn iz ɡəvˈejn ʃˈuəl, in zaːn mˈalxis hut zix niʃt ɡəʦˈɔjɡn far laːnɡ, in də məlˈixə fin dˈuvid, dus iz nˈimʃux ləˈɔjləm ˈiəd.
162_164350_0109|משיח בן דוד קומט דאך ארויס פון מלכות בית דוד.|mˈuʃiəx bɛn dˈuvid kimt dɔx arˈoʊs fin mˈalxis bajs dˈuvid.
162_164350_0110|אפילו ס'איז צוטיילט געווארן די מלוכה פון דוד אויף א שטיק צייט, אבער דערנאך זאגט ער אז ס'איז צוריקגעקומען, "ועבדו את ה' אלהיכם ואת דוד מלכם", יא, אזוי שטייט דאך אין פסוק.|afˈilə siz ʦˈitajlt ɡəvˈɔrn də məlˈixə fin dˈuvid oʊf a ʃtik ʦaːt, ˈɔbər dərnˈux zuɡt ɛr az siz ʦirˈikɡəkimən, ˈiəbdi ɛs haj ˈalhixm vɛs dˈuvid mˈalkum ju, azˈɔj ʃtajt dɔx in pˈusik.
162_164350_0111|און סוף וועט צוריקקומען די מלוכה צו דוד, דאס איז די ריכטיגע מלוכה.|in sɔf vɛt ʦirˈikimən də məlˈixə ʦi dˈuvid, dus iz də rˈixtiɡə məlˈixə.
162_164350_0112|און דער בית פרץ, דער ספר, ברענגט אויך אז "שום תשים עליך מלך אשר יבחר ה' אלהיך בו", אזוי שטייט.|in dɛr bajs pˈɛrəʦ, dɛr sˈajfər, brɛnɡt ɔjx az ʃim tˈusim ˈɛlix mˈajləx ˈuʃər jˈivxar haj ˈalhix bi azˈɔj ʃtajt.
162_164350_0113|דו וועסט לייגן אויף דיר א קעניג וואס דער אייבערשטער וועט אויסוועלן.|di vɛst lajɡn oʊf dir a kˈɛniɡ vus dɛr ˈajbərʃtər vɛt ˈoʊsvəln.
162_164350_0116|יא, ס'איז דא וואס שרייבן אפילו נישט ארויס יהודה מיט א ה', ס'איז דא וואס שרייבן אלס די י-ה-ו-ה.|ju, siz du vus ʃraːbn afˈilə niʃt arˈoʊs jəhˈidə mit a haj siz du vus ʃraːbn ˈalis də jid haj i haj.
162_164350_0118|דאס איז יהודה, דוד וואס קומט דאך פון שבט יהודה.|dus iz jəhˈidə, dˈuvid vus kimt dɔx fin ʃˈajvət jəhˈidə.
162_164350_0122|דער רש"י, יא, איך האב שוין נאכגעזאגט אזויפיל מאל, דער הייליגער סקווערער רבי זכרונו לברכה האט געזאגט אז דער רש"י איז א גאנצע מוסר ספר, און ער זאגט נאך צו א גוטן שכר אויכעט, "ואז תהיה עמו לחלקו" - ס'וועט זיין גוט.|dɛr rˈaʃi, ju, ix hub ʃɔjn nˈuxɡəzuɡt ˈazɔjfil mul, dɛr hˈajliɡər skvˈɛrər rˈɛbə zxrˈini livrˈuxə hut ɡəzˈuɡt az dɛr rˈaʃi iz a ɡˈanʦə misr sˈajfər, in ɛr zuɡt nux ʦi a ɡitn sxar ˈɔjxət, ˈiaz tˈihjɛ ˈɛmi lxˈɛlkɔj svɛt zaːn ɡit.
162_164350_0123|און איך האב נעכטן געהערט ווי איינער האט נאכגעזאגט אז - איך מיין ער האט עס נאכגעזאגט - אז דער מהר"י יחזקאל פון דעעש, פרשת שופטים האט ער געעפנט דעם ספר, דעם חומש, און ער האט נאכגעזאגט דעם רש"י.|in ix hub nɛxtn ɡəhˈirt vi ˈajnər hut nˈuxɡəzuɡt az ix maːn ɛr hut ɛs nˈuxɡəzuɡt az dɛr mɛm haj rajʃ jid jxˈɛzkajl fin dˈɛəʃ, pˈarʃis ʃˈuftim hut ɛr ɡəˈɛfnt dejm sˈajfər, dejm xˈiməʃ, in ɛr hut nˈuxɡəzuɡt dejm rˈaʃi.
162_164350_0124|פשוט דעם רש"י, גארנישט, ער האט נישט גארנישט געזאגט.|pˈuʃit dejm rˈaʃi, ɡˈurniʃt, ɛr hut niʃt ɡˈurniʃt ɡəzˈuɡt.
162_164350_0126|איך האב פארגעלערנט רש"י, פשוט טייטש פון ברעכנער חומש. ער האט געזאגט, רש"י האט שוין אלעס געזאגט, איך האב נישט וואס צוצולייגן. דאס איז דאך א מורא'דיגע רש"י.|ix hub farɡəlˈirnt rˈaʃi, pˈuʃit tajʧ fin brˈɛxnər xˈiməʃ. ɛr hut ɡəzˈuɡt, rˈaʃi hut ʃɔjn ˈaləs ɡəzˈuɡt, ix hub niʃt vus ʦˈiʦilajɡn. dus iz dɔx a mˈiradiɡə rˈaʃi.
162_164350_0127|יא.|ju.
162_164350_0128|און ס'איז דא א ניגון פון - די וואך איז די יארצייט יעצט פונעם הייליגן סקולענער רבי, דער נועם אליעזר - וואס ער האט געמאכט א ניגון אויף "בכל דרכיך דעהו והוא יישר ארחתיך".|in siz du a niɡn fin də vɔx iz də jˈurʦajt jɛʦt fˈinəm hˈajliɡn skˈilənər rˈɛbə, dɛr nˈiəm əlˈiəzər vus ɛr hut ɡəmˈaxt a niɡn oʊf bxul drxix dˈɛhi ˈihia jˈaʃər ˈarxsix
162_164350_0129|זייער א שיינע, זיסע, א הערליכע ניגון פון די שיינע ניגונים.|zˈajər a ʃˈajnə, zˈisə, a hˈɛrləxə niɡn fin də ʃˈajnə niɡˈinim.
162_164350_0130|און ס'איז געווען א איד אין בני ברק, ער האט געהייסן ר' הערשל זאמער, ער איז געווען א געהויבענער איד, און ער האט חתונה געהאט מיט איינע פון די אויפגעצויגענע קינדער וואס דער נועם אליעזר האט געהאט דארט אפאר זין און טעכטער וואס ער האט אויפגעצויגן ממש ווי אייגענע קינדער, און ער איז געווען אזוי ווי א שטיף-איידעם ביים נועם אליעזר.|in siz ɡəvˈejn a jid in bnaj bˈuruk, ɛr hut ɡəhˈajsn rajʃ hɛrʃl zˈamər, ɛr iz ɡəvˈejn a ɡəhˈɔjbənər jid, in ɛr hut xˈasənə ɡəhˈat mit ˈajnə fin də ˈɔjfɡəʦɔjɡənə kˈindər vus dɛr nˈiəm əlˈiəzər hut ɡəhˈat dɔrt apˈur zin in tˈɛxtər vus ɛr hut ˈɔjfɡəʦɔjɡn mˈamiʃ vi ˈajɡənə kˈindər, in ɛr iz ɡəvˈejn azˈɔj vi a ʃtif ˈajdəm bam nˈiəm əlˈiəzər.
162_164350_0131|און ער פלעגט צולייגן דעם ניגון "בכל דרכיך דעהו", האט ער עס ארויפגעלייגט אויף די ווערטער "תמים תהיה עם ה' אלקיך" מיט די רש"י.|in ɛr flɛɡt ʦˈilajɡn dejm niɡn bxul drxix dˈɛhi hut ɛr ɛs arˈoʊfɡəlajɡt oʊf də vˈɛrtər tˈumim tˈihjɛ ejm haj ˈalkix mit də rˈaʃi.
162_164350_0132|יא? ס'האט מיר געזאגט א איד א פשט,|ju ? səhˈut mir ɡəzˈuɡt a jid a pʃat,
162_164350_0133|אז ווי קומט אריין דעם "בכל דרכיך דעהו" מיט "תמים תהיה עם ה' אלקיך"? ס'איז באמת איין זאך, ס'איז נישט אזוי אפגעפרעגט.|az vi kimt arˈaːn dejm bxul drxix dˈɛhi mit tˈumim tˈihjɛ ejm haj ˈalkix siz bəˈɛməs ajn zax, siz niʃt azˈɔj ˈɔpɡəfrəɡt.
162_164350_0134|ער האט מיר נאכגעזאגט אז דער וויזשניצער רבי פון בית שמש האט געזאגט אזוי: ס'שטייט "בכל דרכיך דעהו והוא יישר ארחתיך",|ɛr hut mir nˈuxɡəzuɡt az dɛr vˈiʒniʦər rˈɛbə fin bajs ʃˈamuʃ hut ɡəzˈuɡt azˈɔj : sʃtajt bxul drxix dˈɛhi ˈihia jˈaʃər ˈarxsix
162_164350_0135|און דא איז דער באקאנטער שלחן ערוך, אז א מענטש זאל יעדע תנועה וואס ער טוט, עסן, טרינקען, אפילו גשמיות, זאל ער טראכטן אז ער טוט עס פאר'ן הייליגן באשעפער.|in du iz dɛr bakˈantər ʃlxajn ˈɛrix, az a mɛnʧ zul jˈɛdə tnˈiə vus ɛr tit, ɛsn, trˈinkən, afˈilə ɡaʃmˈijus, zul ɛr traxtn az ɛr tit ɛs farn hˈajliɡn baʃˈɛfər.
162_164350_0136|דעמאלטס וועט ער זיין געלויבט, יא? ער זאל וויסן אז ער דינט דעם באשעפער, "בכל דרכיך דעהו".|dˈɛmalʦ vɛt ɛr zaːn ɡəlˈɔjbt, ju ? ɛr zul visn az ɛr dint dejm baʃˈɛfər, bxul drxix dˈɛhi
162_164350_0137|און איך מיין, איך האב עס שוין נאכגעזאגט, אז איך האב דאך נישט געהאט די זכיה, אבער איך האב געהערט פון מיין טאטן זאל זיין געזונט און שטארק,|in ix maːn, ix hub ɛs ʃɔjn nˈuxɡəzuɡt, az ix hub dɔx niʃt ɡəhˈat də zxi, ˈɔbər ix hub ɡəhˈirt fin maːn tatn zul zaːn ɡəzˈint in ʃtark,
162_164350_0138|וואס האט זיך אזוי זוכה געווען משמש צו זיין אזוי א דריי מאל ביים הייליגן סקולענער רבי'ן, רבי אליעזר. אז אויב מ'האט געוואלט אביסל אפטייטשן דעם סקולענער רבי'ן,|vus hut zix azˈɔj zˈixə ɡəvˈejn mʃˈamajʃ ʦi zaːn azˈɔj a draj mul bam hˈajliɡn skˈilənər rbin, rˈɛbə əlˈiəzər. az ɔjb mhut ɡəvˈɔlt abˈisl ˈaftajʧn dejm skˈilənər rbin,
162_164350_0139|האט מען געקענט זאגן דעם "בכל דרכיך דעהו". יעדע ריר וואס ער האט זיך געגעבן איז געווען מיט א לשם יחוד. מ'האט געזען, יעדע ריר איז געווען פאר'ן באשעפער.|hut mɛn ɡəkˈɛnt zuɡn dejm bxul drxix dˈɛhi jˈɛdə rir vus ɛr hut zix ɡəɡˈɛbn iz ɡəvˈejn mit a lˈɛʃəm jˈixid. mhut ɡəzˈejn, jˈɛdə rir iz ɡəvˈejn farn baʃˈɛfər.
162_164350_0140|ער האט אויסגעטרעטן שמונה עשרה, מיין טאטע פארציילט וויאזוי ער האט אויסגעטרעטן, ווי ער וואקט אוועק, ווייסט ווי איינער געזעגנט זיך פון א קעניג? מ'האט עס געזען לעבעדיג.|ɛr hut ˈoʊzɡətrətn ʃmˈɔjnə ˈɛʃrə, maːn tˈatə farʦˈajlt vizˈɔj ɛr hut ˈoʊzɡətrətn, vi ɛr vakt avˈɛk, vajst vi ˈajnər ɡəzˈɛɡnt zix fin a kˈɛniɡ ? mhut ɛs ɡəzˈejn lˈɛbədiɡ.
162_164350_0141|מ'האט געזען דעם "בכל דרכיך דעהו".|mhut ɡəzˈejn dejm bxul drxix dˈɛhi
162_164350_0142|און דאס איז א שטיקל סעט מיט די רש"י, "כל מה שיבא עליך קבל בתמימות". וואס ס'געשעט מיט דיר, זיי מקבל. ס'איז איין נקודה. ס'איז דא איין נקודה אז ווען דו טוסט עפעס,|in dus iz a ʃtikl sɛt mit də rˈaʃi, kɔl mɛ ʃˈiba ˈɛlix kˈabajl bismˈimɔjs vus sɡəʃˈɛt mit dir, zaj mkˈabajl. siz ajn nəkˈidə. siz du ajn nəkˈidə az vɛn di tist ˈɛpəs,
162_164350_0143|זאלסטו עס טון פאר'ן אייבערשטן. נאכדעם איז דא נאך א נקודה: ווען דער אייבערשטער טוט דיר עפעס, נעם עס אן. ווען דער אייבערשטער טוט דיר עפעס, נעם עס אן בתמימות, ווייל דער אייבערשטער ווייסט וואס איז די בעסטע פאר דיר,|zˈalsti ɛs tin farn ˈajbərʃtn. nuxdˈejm iz du nux a nəkˈidə : vɛn dɛr ˈajbərʃtər tit dir ˈɛpəs, nɛm ɛs un. vɛn dɛr ˈajbərʃtər tit dir ˈɛpəs, nɛm ɛs un bismˈimɔjs, vaːl dɛr ˈajbərʃtər vajst vus iz də bˈɛstə far dir,
162_164350_0144|יא? א מענטש וויל אלץ וויסן, ער וויל אלץ זאל אים זיין גוט. דו ווילסט אז ס'זאל דיר זיין גוט? דעמאלטס זאלסטו ווילן וואס דער אייבערשטער וויל,|ju ? a mɛnʧ vil alʦ visn, ɛr vil alʦ zul ejm zaːn ɡit. di vilst az szul dir zaːn ɡit ? dˈɛmalʦ zˈalsti viln vus dɛr ˈajbərʃtər vil,
162_164350_0145|ווייל דער אייבערשטער ווייסט דאך וואס איז די בעסטע פאר דיר, יא? און נעם עס אן וואס ער טוט דיר, דעמאלטס וועט דיר זיין גוט און וואויל.|vaːl dɛr ˈajbərʃtər vajst dɔx vus iz də bˈɛstə far dir, ju ? in nɛm ɛs un vus ɛr tit dir, dˈɛmalʦ vɛt dir zaːn ɡit in vɔjl.
162_164350_0147|אן קיין כולל און אן קיין מעלות קודש.|un kan kˈɔjləl in un kan mˈɛlis kˈɔjdəʃ.
162_164350_0149|און דארט ביסטו משלים דיין הארץ. מ'האט עס געזען ביים נועם אליעזר, ער פלעגט דאווענען מיט אזא השתפכות הנפש. ס'האט גענומען זיין קריאת שמע, אפגערעדט, ווער ס'געדענקט, האט אמאל געזען זיין דאווענען,|in dɔrt bˈisti mʃlim daːn harʦ. mhut ɛs ɡəzˈejn bam nˈiəm əlˈiəzər, ɛr flɛɡt dˈavənən mit azˈa hiʃtˈapxis hanˈɛfəʃ. səhˈut ɡənˈimən zaːn krˈias ʃmə, ˈupɡərədt, vɛr sɡədˈɛnkt, hut amˈul ɡəzˈejn zaːn dˈavənən,
162_164350_0150|ס'האט אויסגעזען ווי גליטערט זיין דאווענען פון א חתן ביום הכיפורים, יא. און נאכדעם האט ער געענדיגט, האט ער זיך גענומען זאגן תהלים מיט אזא מין השתפכות הנפש,|səhˈut ˈoʊzɡəzejn vi ɡlˈitərt zaːn dˈavənən fin a xusn bjim hxˈifirim, ju. in nuxdˈejm hut ɛr ɡəˈɛndiɡt, hut ɛr zix ɡənˈimən zuɡn təhˈilim mit azˈa min hiʃtˈapxis hanˈɛfəʃ,
162_164350_0151|מיט אזא מין, ס'איז געווען א מראה, איך האב עס נישט געזען, אבער איך האב עס אביסל געהערט. ער פלעגט זאגן יעדן טאג די צוויי קאפיטלעך וואס איז געווען חוק ולא יעבור, יא,|mit azˈa min, siz ɡəvˈejn a mˈarə, ix hub ɛs niʃt ɡəzˈejn, ˈɔbər ix hub ɛs abˈisl ɡəhˈirt. ɛr flɛɡt zuɡn jejdn tuɡ də ʦvaj kˈafitləx vus iz ɡəvˈejn xuk ˈila jəbˈir, ju,
162_164350_0152|חוץ די קאפיטל וואס ער פלעגט אלעמאל זאגן, די "תפלה לדוד" וואס מ'זאגט נאך "חבלי ציון". אפילו א טאג וואס מ'האט נישט געזאגט קיין תחנון, אויב מ'האט נישט געזאגט קיין תחנון ביים דאווענען, האט ער געזאגט,|xiʦ də kˈapitl vus ɛr flɛɡt ˈaləmal zuɡn, də tfˈilə ldid vus mzuɡt nux xˈɛvlaj ʦjin afˈilə a tuɡ vus mhut niʃt ɡəzˈuɡt kan tˈaxnən, ɔjb mhut niʃt ɡəzˈuɡt kan tˈaxnən bam dˈavənən, hut ɛr ɡəzˈuɡt,
162_164350_0153|פלעגט ער נאכן דאווענען זאגן די קאפיטל "תפלה לדוד". ס'שטייט דער זוהר הקדוש ברענגט א מורא'דיגע זאך אויף די קאפיטל, יא. אסאך מאל פלעגט ער זיך אפרעדן, מ'לאזט אויס תחנון, יא,|flɛɡt ɛr nuxn dˈavənən zuɡn də kˈapitl tfˈilə ldid sʃtajt dɛr zˈɔjər hakˈudəʃ brɛnɡt a mˈiradiɡə zax oʊf də kˈapitl, ju. ˈasax mul flɛɡt ɛr zix ˈuprədn, mlɔzt oʊs tˈaxnən, ju,
162_164350_0154|ס'איז דא עפעס א מנהג, פיין. פארוואס זאל מען ארויסלאזן די קאפיטל "תפלה לדוד"? וואס איז די קאפיטל? עפעס א גזירה אויף א גזירה, מ'זאגט נישט קיין תחנון,|siz du ˈɛpəs a mˈinhəɡ, faːn. farvˈus zul mɛn arˈoʊsluzn də kˈapitl tfˈilə ldid vus iz də kˈapitl ? ˈɛpəs a ɡzˈajrə oʊf a ɡzˈajrə, mzuɡt niʃt kan tˈaxnən,
162_164350_0155|דארף מען אויך נישט זאגן די קאפיטל תהלים.|daf mɛn ɔjx niʃt zuɡn də kˈapitl təhˈilim.
162_164350_0156|און נאכדעם פלעגט ער זאגן קאפיטל כ"ה, און ס'שטייט דאך אז ווער ס'זאגט קאפיטל כ"ה יעדן טאג, אינו רואה פני גיהנום.|in nuxdˈejm flɛɡt ɛr zuɡn kˈapitl xuf haj, in sʃtajt dɔx az vɛr szuɡt kˈapitl xuf haj jejdn tuɡ, ˈini rˈia pni ɡˈinim.
162_164350_0157|און די משמשים דערציילן, די וואס האבן זוכה געווען צו באדינען,|in də mʃmʃim dərʦˈajln, də vus hubn zˈixə ɡəvˈejn ʦi badˈinən,
162_164350_0158|ס'האט זיך געמאכט אז דער רבי האט געליינט קריאת שמע ביינאכט. איך האב עס געהערט פון מיין טאטן, די קריאת שמע ביינאכט האט געקענט נעמען צוויי שעה, בלי גוזמא.|səhˈut zix ɡəmˈaxt az dɛr rˈɛbə hut ɡəlˈajnt krˈias ʃmə bˈajnaxt. ix hub ɛs ɡəhˈirt fin maːn tatn, də krˈias ʃmə bˈajnaxt hut ɡəkˈɛnt nˈɛmən ʦvaj ʃu, bli ɡˈizmə.
162_164350_0159|אונז קענען מיר זיך נישט פארשטעלן וואס דאס מיינט, א קריאת שמע וואס ער האט געליינט. און ער איז שוין געגאנגען לייגן שלאפן,|inz kˈɛnən mir zix niʃt farʃtˈɛln vus dus majnt, a krˈias ʃmə vus ɛr hut ɡəlˈajnt. in ɛr iz ʃɔjn ɡəɡˈanɡən lajɡn ʃlufn,
162_164350_0160|און ער איז שוין געלעגן אין בעט, האט ער געבעטן דעם משמש זאל ער צוריק אנטון דעם רעקל, און ער זאל מיטקומען זאגן תהלים מיט אים. וואס איז? דער רבי האט דאך שוין געליינט קריאת שמע,|in ɛr iz ʃɔjn ɡəlˈɛɡn in bɛt, hut ɛr ɡəbˈejtn dejm mʃˈamajʃ zul ɛr ʦirˈik ˈuntin dejm rɛkl, in ɛr zul mˈitkimən zuɡn təhˈilim mit ejm. vus iz ? dɛr rˈɛbə hut dɔx ʃɔjn ɡəlˈajnt krˈias ʃmə,
162_164350_0161|וואס איז יעצט געשען? זאגט ער, "ניין, געב א קוק," זאגט ער, "דער איד," ער האט געוויזן דארט אויפ'ן טיש, "דער איד וואס האט זיך דא מסכים געווען ביי מיר,"|vus iz jɛʦt ɡəʃˈɛn ? zuɡt ɛr, najn, ɡɛb a kik zuɡt ɛr, dɛr jid ɛr hut ɡəvˈizn dɔrt afn tiʃ, dɛr jid vus hut zix du mˈaskəm ɡəvˈejn baː mir
162_164350_0162|ער האט געוויזן אויף א קוויטל, "ווי קען איך מיך לייגן שלאפן אונטער די דאכענע?" האט ער געזאגט, "דער איד האט דאך דא אזא צרה," האט ער געזאגט, "קום זאגן תהלים מיט מיר."|ɛr hut ɡəvˈizn oʊf a kvitl, vi kɛn ix mix lajɡn ʃlufn ˈintər də dˈaxənə hut ɛr ɡəzˈuɡt, dɛr jid hut dɔx du azˈa ʦˈurə hut ɛr ɡəzˈuɡt, kim zuɡn təhˈilim mit mir
162_164350_0163|ער האט זיך אויפגעשטעלט און געזאגט נאך אפאר קאפיטלעך תהלים. נישט משיג צו זיין, יא.|ɛr hut zix ˈɔjfɡəʃtəlt in ɡəzˈuɡt nux apˈur kˈafitləx təhˈilim. niʃt mʃiɡ ʦi zaːn, ju.
162_164350_0164|אה, איך האב אנגעהויבן צו זאגן אז ר' שלמה יצחק ווייס האט פארציילט אז הושענא רבה פלעגט מען זאגן תהלים אין בית המדרש, דער עולם האט געזאגט תהלים דארט, ווי לאנג ס'האט גענומען? אויף וויפיל, צוויי שעה, אביסל מער.|a, ix hub ˈunɡəhɔjbn ʦi zuɡn az rajʃ ʃlˈɔjmə jˈiʦxuk vajs hut farʦˈajlt az hˈiʃəna rˈabu flɛɡt mɛn zuɡn təhˈilim in bajs hamˈidruʃ, dɛr ˈɔjləm hut ɡəzˈuɡt təhˈilim dɔrt, vi laːnɡ səhˈut ɡənˈimən ? oʊf vˈifil, ʦvaj ʃu, abˈisl mɛr.
162_164350_0165|דער נועם אליעזר האט נישט גענומען קיין צוויי שעה, ס'האט גענומען שעות. דער גאנצער עולם האט שוין געענדיגט, און איז שוין אהיימגעגאנגען, און ער איז געבליבן און זיך אויסגעגאסן דאס הארץ מיט זיין תהלים אפאר שעה.|dɛr nˈiəm əlˈiəzər hut niʃt ɡənˈimən kan ʦvaj ʃu, səhˈut ɡənˈimən ʃˈuəs. dɛr ɡˈanʦər ˈɔjləm hut ʃɔjn ɡəˈɛndiɡt, in iz ʃɔjn ahˈajmɡəɡanɡən, in ɛr iz ɡəblˈibn in zix ˈoʊzɡəɡasn dus harʦ mit zaːn təhˈilim apˈur ʃu.
162_164350_0166|ער האט געזונגען די ניגונים דארט אינמיטן תהלים, ביז'ן דאווענען. ביז'ן דאווענען האט אנגעהויבן די עבודה פון דאווענען, ער האט גארנישט געשלאפן. אויסגעזאגט תהלים און תהלים דארט די גאנצע שעהנא רבא.|ɛr hut ɡəzˈinɡən də niɡˈinim dɔrt ˈinmitn təhˈilim, bizn dˈavənən. bizn dˈavənən hut ˈunɡəhɔjbn də avˈɔjdə fin dˈavənən, ɛr hut ɡˈurniʃt ɡəʃlˈufn. ˈoʊzɡəzuɡt təhˈilim in təhˈilim dɔrt də ɡˈanʦə ʃˈɛna rba.
162_164350_0167|יא.|ju.
162_164350_0168|יא, ר' בנימין הייטלער איז געווען איינער פון די משמשים דארט, האט ער דערציילט אז אמאל ווען ער איז געווען אין מאנסי, איז ער איינגעשטאנען ביי ר' אברהם שלום מענדלאוויטש, יא,|ju, rajʃ bənˈiumən hˈajtlər iz ɡəvˈejn ˈajnər fin də mʃmʃim dɔrt, hut ɛr dərʦˈajlt az amˈul vɛn ɛr iz ɡəvˈejn in mˈɔnsi, iz ɛr ˈajnɡəʃtanən baː rajʃ ˈavrum ʃˈuləm mˈɛndlaviʧ, ju,
162_164350_0169|דער חשוב'ער רב דא אין מאנסי, זאל ער זיין געזונט. איז מוצאי שבת זענען זיינע לונגען צוזאמגעפאלן, ער האט ממש געהאט וואסער אין די לונגען,|dɛr xˈuʃivər ruv du in mˈɔnsi, zul ɛr zaːn ɡəzˈint. iz mˈuʦə ʃˈabəs zˈɛnən zˈaːnə lˈinɡən ʦˈizamɡəfaln, ɛr hut mˈamiʃ ɡəhˈat vˈasər in də lˈinɡən,
162_164350_0170|מען האט אים אריינגעפירט אין שפיטאל אויפ'ן וועג אין אמבולאנס. מען האט געמיינט אז דאס איז עס, מען האט געמיינט יציאת נשמה, אז ס'האט געהאנגען אויף א האר. בכלל, יעדער ווייסט אז זיין הארץ איז געהאנגען אויף איין אדער,|mɛn hut ejm arˈaːnɡəfirt in ʃpˈitul afn vejɡ in ˈambilans. mɛn hut ɡəmˈajnt az dus iz ɛs, mɛn hut ɡəmˈajnt jʦˈias nəʃˈumə, az səhˈut ɡəhˈanɡən oʊf a har. bəxlˈaːl, jˈɛdər vajst az zaːn harʦ iz ɡəhˈanɡən oʊf ajn ˈɔdər,
162_164350_0171|ער האט געלעבט די לעצטע פאר יאר ממש מיט נסים. און מען האט אים אריינגעפירט אין שפיטאל, און ווען ער איז אנגעקומען אין שפיטאל, דער דאקטאר האט געזען אז ס'איז ממש סכנת נפשות,|ɛr hut ɡəlˈejbt də lˈɛʦtə far jur mˈamiʃ mit nsim. in mɛn hut ejm arˈaːnɡəfirt in ʃpˈitul, in vɛn ɛr iz ˈunɡəkimən in ʃpˈitul, dɛr dˈaktar hut ɡəzˈejn az siz mˈamiʃ sakˈunas nfˈuʃɔjs,
162_164350_0172|און מען האט געדארפט מאכן אזא לאך אין בעק פון זיין... דאס אז מ'זאל קענען ארויסנעמען די וואסער פון די לונגען. ס'איז געווען ממש סכנות, מ'האט אים געראטעוועט די לעצטע רגע, ער האט געדארפט ארויפגיין אויף א רעספירעיטאר. ער האט געהאט א שווערע וואך,|in mɛn hut ɡədˈarft maxn azˈa lax in bɛk fin zaːn dus az mzul kˈɛnən arˈoʊsnəmən də vˈasər fin də lˈinɡən. siz ɡəvˈejn mˈamiʃ sakˈunɔjs, mhut ejm ɡərˈatəvət də lˈɛʦtə rˈɛɡə, ɛr hut ɡədˈarft arˈoʊfɡajn oʊf a rˈɛsfirajtar. ɛr hut ɡəhˈat a ʃvˈɛrə vɔx,
162_164350_0173|נאך א וואך צייט האט מען אים אראפגענומען פון די רעספירעיטאר. אזוי ווי די ערשטע רגע ער איז אראפ פון די רעספירעיטאר, האט ער געבעטן דעם משמש זאל אים ברענגען א טעיפ רעקארדער.|nux a vɔx ʦaːt hut mɛn ejm arˈupɡənimən fin də rˈɛsfirajtar. azˈɔj vi də ˈɛrʃtə rˈɛɡə ɛr iz arˈup fin də rˈɛsfirajtar, hut ɛr ɡəbˈejtn dejm mʃˈamajʃ zul ejm brˈejnɡən a tajf rˈɛkardər.
162_164350_0174|וואס איז? ער וויל אריינזינגען א ניגון וואס איז אים איינגעפאלן אויפ'ן וועג אין שפיטאל, אין די אמבולאנס. יעצט הערטס? ער איז נישט געווען ביי זיך,|vus iz ? ɛr vil arˈaːnzinɡən a niɡn vus iz ejm ˈajnɡəfaln afn vejɡ in ʃpˈitul, in də ˈambilans. jɛʦt hɛrʦ ? ɛr iz niʃt ɡəvˈejn baː zix,
162_164350_0175|ס'האט אויסגעזען ווי ס'גייט זיין יציאת נשמה, ער איז געווען ביזי זינגען א ניגון וואס איז אים דעמאלטס איינגעפאלן אויפ'ן וועג אריין אין שפיטאל. איך דארף עס מסביר זיין פאר א איד? דער איד האט השגות,|səhˈut ˈoʊzɡəzejn vi sɡajt zaːn jʦˈias nəʃˈumə, ɛr iz ɡəvˈejn bˈizi zˈinɡən a niɡn vus iz ejm dˈɛmalʦ ˈajnɡəfaln afn vejɡ arˈaːn in ʃpˈitul. ix daf ɛs mazbˈir zaːn far a jid ? dɛr jid hut hasˈuɡɔjs,
162_164350_0177|יא, זאל דער אייבערשטער העלפן אז די אלע זכותים, ס'איז דאך דא גרויסע יארצייטן, יא, ג' אלול, די יארצייט פון ר' ישעי'לע טשעכאווער,|ju, zul dɛr ˈajbərʃtər hɛlfn az də ˈalə zxˈisim, siz dɔx du ɡrˈɔjsə jˈurʦajtn, ju, ɡiml ˈɛləl, də jˈurʦajt fin rajʃ ˈiʃajlə ʧˈɛxavər,
162_164350_0178|די יארצייט פון דמשק אליעזר פון וויז'ניץ, ר' אליעזר פון וויז'ניץ. און פון ה' אלול, די יארצייט,|də jˈurʦajt fin damˈɛsək əlˈiəzər fin vˈizniʦ, rajʃ əlˈiəzər fin vˈizniʦ. in fin haj ˈɛləl, də jˈurʦajt,
162_164350_0179|מ'האט געשמועסט פון ר' ישעי' יאנקעלע פון סקולען זכר צדיק לברכה, די יארצייט פון ר' דוד לעלובער. און ו' אלול, די יארצייט פון די הייליגע תוספות יום טוב,|mhut ɡəʃmˈiəst fin rajʃ ˈiʃaj jˈankələ fin skˈilən zˈajxər ʦˈadik livrˈuxə, də jˈurʦajt fin rajʃ dˈuvid lˈɛlibər. in i ˈɛləl, də jˈurʦajt fin də hˈajliɡə tɔjsˈufɔjs jɔjm tɔjv,
162_164350_0180|די הייליגע ייטב לב, און די אלע צדיקים וואס די יארצייט זאלן מיר זוכה זיין. אה, איך מוז פארציילן אן אינטערעסאנטע זאך, אז דער נועם אליעזר איז אמאל אריינגעקומען עפעס א רומענישער בחור,|də hˈajliɡə jitb lajv, in də ˈalə ʦdˈikim vus də jˈurʦajt zɔln mir zˈixə zaːn. a, ix miz farʦˈajln un ˈintərəsantə zax, az dɛr nˈiəm əlˈiəzər iz amˈul arˈaːnɡəkimən ˈɛpəs a rˈiməniʃər bˈuxər,
162_164350_0181|ער האט געוואוסט צו סאך, ס'איז נישט געווען קיין גרויסע תנא קמא, ער האט געדארפט א שידוך. און ער האט געבעטן א שידוך פון דעם רבי'ן, ער זאל אים אנהייבן א שידוך.|ɛr hut ɡəvˈist ʦi sax, siz niʃt ɡəvˈejn kan ɡrˈɔjsə tˈunu kma, ɛr hut ɡədˈarft a ʃˈidəx. in ɛr hut ɡəbˈejtn a ʃˈidəx fin dejm rbin, ɛr zul ejm ˈunhajbn a ʃˈidəx.
162_164350_0182|האט דער רבי אים געזאגט אז ס'איז דא א סגולה, איך מיין ס'שטייט פון די של"ה הקדוש,|hut dɛr rˈɛbə ejm ɡəzˈuɡt az siz du a zɡˈilə, ix maːn sʃtajt fin də ʃlu hakˈudəʃ,
162_164350_0183|אז מ'זאל זאגן פאר מ'טרעט אויס שמונה עשרה די פסוק פון יהיו לרצון, זאל מען זאגן דארט קאפיטל קכ"א, "שיר למעלות אשא עיני אל ההרים מאין יבא עזרי".|az mzul zuɡn far mtrɛt oʊs ʃmˈɔjnə ˈɛʃrə də pˈusik fin ˈihji lˈɛruʦn, zul mɛn zuɡn dɔrt kˈapitl kif xuf ˈaləf, ʃir ləmˈɛlis ˈaʃa ˈajni al hhrim min ˈiba ˈɛzri
162_164350_0184|האט ער געזאגט מ'זאל זאגן דעם קאפיטל. האט דער בחור געפרעגט, "רבי, ס'איז נישט צו א לאנגע קאפיטל?" ער האט דאך נישט געוואוסט וועלכע קאפיטל ס'איז.|hut ɛr ɡəzˈuɡt mzul zuɡn dejm kˈapitl. hut dɛr bˈuxər ɡəfrˈɛɡt, rˈɛbə, siz niʃt ʦi a lˈanɡə kˈapitl ɛr hut dɔx niʃt ɡəvˈist vˈɛlxə kˈapitl siz.
162_164350_0185|האט אים דער סקולענער רבי זיך צעשמייכלט און געזאגט, "דוד המלך האט אלעס געזען, אלעס געזען מיט רוח הקודש.|hut ejm dɛr skˈilənər rˈɛbə zix ʦəʃmˈajxlt in ɡəzˈuɡt, dˈuvid hamˈɛlɛx hut ˈaləs ɡəzˈejn, ˈaləs ɡəzˈejn mit rˈiəx hkidʃ.
162_164350_0186|ער האט געזען אז דו גייסט דארפן א שידוך, האט ער זיך שוין געזארגט פאר דעם, אז ער האט ספעציעל געמאכט א קורצע קאפיטל, ס'זאל נישט נעמען צו לאנג, א קליינטשיגע."|ɛr hut ɡəzˈejn az di ɡajst daːfn a ʃˈidəx, hut ɛr zix ʃɔjn ɡəzˈarɡt far dejm, az ɛr hut sfˈɛʦiəl ɡəmˈaxt a kˈirʦə kˈapitl, szul niʃt nˈɛmən ʦi laːnɡ, a klˈajnʧiɡə
162_164350_0187|האט ער אים געזאגט בדרך צחות אזא ווערטל, און געזונט געהאט יעדען יאר.|hut ɛr ejm ɡəzˈuɡt bˈɛdərəx ʦˈuxɔjs azˈa vɛrtl, in ɡəzˈint ɡəhˈat jˈɛdən jur.
162_164350_0188|סאו, מ'וועט ארויפלייגן לכבוד דעם סקולענער יארצייט אין אלול, וואס איך האב געהערט כמה פעמים פון מיין טאטע זאל זיין געזונט, אז דער סקולענער רבי פלעגט זינגען דעם ניגון אין חודש אלול, דער נועם אליעזר.|sɔ, mvɛt arˈoʊflajɡn lxbid dejm skˈilənər jˈurʦajt in ˈɛləl, vus ix hub ɡəhˈirt kˈamə pəˈumim fin maːn tˈatə zul zaːn ɡəzˈint, az dɛr skˈilənər rˈɛbə flɛɡt zˈinɡən dejm niɡn in xˈɔjdəʃ ˈɛləl, dɛr nˈiəm əlˈiəzər.
162_164350_0189|ס'איז דא א באקאנטע ניגון, ס'איז נישט קיין סקולענער ניגון, ס'איז פון רבי יחיאל קרילעוויצער, וואס איז געווען דער רבי, איינער פון די רבי'ס פון זיין טאטע, רבי ישראל אברהם, דער ערשטער סקולענער רבי.|siz du a bakˈantə niɡn, siz niʃt kan skˈilənər niɡn, siz fin rˈɛbə jxˈiajl krˈiləviʦər, vus iz ɡəvˈejn dɛr rˈɛbə, ˈajnər fin də rbis fin zaːn tˈatə, rˈɛbə jisrˈuəl ˈavrum, dɛr ˈɛrʃtər skˈilənər rˈɛbə.
162_164350_0190|און ער האט געמאכט א ניגון, "תפן עלינו ברחמים", וואס דער סקולענער רבי פלעגט זיך אסאך קאכן חודש אלול מיט דעם.|in ɛr hut ɡəmˈaxt a niɡn, tˈajfən ulˈajni braxˈamim vus dɛr skˈilənər rˈɛbə flɛɡt zix ˈasax kaxn xˈɔjdəʃ ˈɛləl mit dejm.
162_164350_0191|אוי, ס'האט ממש הימלישע תנועות.|ɔj, səhˈut mˈamiʃ hˈimliʃə tniˈɛɔjs.
162_164350_0193|און אויף א סקולענער פארברענג פון ימים נוראים זינגען זיי עס אזוי שיין אראפ, אזוי ווארעם, ס'איז דאך אזא מורא'דיגע ניגון.|in oʊf a skˈilənər farbrˈɛnɡ fin ˈimim nˈiraːm zˈinɡən zaj ɛs azˈɔj ʃajn arˈup, azˈɔj vˈarəm, siz dɔx azˈa mˈiradiɡə niɡn.
162_164350_0194|סאו לכבוד דעם סקולענער יארצייט, און ס'שטימט נאך מיט חודש אלול אויכעט, מורא'דיגע דערהויבענע ניגון פון א צדיק.|sɔ lxbid dejm skˈilənər jˈurʦajt, in sʃtimt nux mit xˈɔjdəʃ ˈɛləl ˈɔjxət, mˈiradiɡə dˈɛrhɔjbənə niɡn fin a ʦˈadik.
162_165015_0002|אויב איך מאך נישט קיין טעות, קען זיין איך מאך יא א טעות, איז כי תצא די סדרה וואס האט די מערסטע מצוות אין לא תעשה'ס און עשה'ס, אדער איינס פארדעם, איינע פון די גרעסטע וואס האט אזויפיל ארומגענומען מיט מצוות.|ɔjb ix max niʃt kan tˈuəs, kɛn zaːn ix max ju a tˈuəs, iz ki tˈajʦaj də sˈidrə vus hut də mˈɛrstə mˈiʦvɔjs in lɔj taˈasɛhs in ɛʃhs, ˈɔdər ajns fardˈejm, ˈajnə fin də ɡrˈɛstə vus hut ˈazɔjfil arˈimɡənimən mit mˈiʦvɔjs.
162_165015_0003|מ'גרייט זיך דא אין דעם חודש אלול יעצט, מ'זוכט דאך זכותים.|mɡrajt zix du in dejm xˈɔjdəʃ ˈɛləl jɛʦt, mzixt dɔx zxˈisim.
162_165015_0005|יא, דאס הייבט מען אן ביי יעדע טרוים צו ליינען דעם טרוים אין דעם פסוק אין משלי. זאגט ער, אלול איז דאך דער מזל פון בתולה, א מיידל, אן אשה.|ju, dus hajbt mɛn un baː jˈɛdə trɔjm ʦi lˈajnən dejm trɔjm in dejm pˈusik in mˈiʃlə. zuɡt ɛr, ˈɛləl iz dɔx dɛr mazl fin bsˈilə, a majdl, un ˈaʃə.
162_165015_0008|ס'קומט ארויס רצון מה', ווייל די טעג ווערן דאך אנגערופן ימי רחמים ורצון, געבענטשטע טעג.|skimt arˈoʊs ruʦn mɛ vaːl də tejɡ virn dɔx ˈunɡərifn jˈɛmaj raxˈamim ˈirʦin, ɡəbˈɛnʧtə tejɡ.
162_165015_0009|אזא גוטע זאך, מצא אשה מצא טוב ויפק רצון מה', ס'קומט אזא ימי רחמים ורצון פונעם הייליגן באשעפער, ער ווערט נאנט צו אונז, אני לדודי ודודי לי.|azˈa ɡˈitə zax, mʦa ˈaʃə mʦa tɔjv ɔjfk ruʦn mɛ skimt azˈa jˈɛmaj raxˈamim ˈirʦin fˈinəm hˈajliɡn baʃˈɛfər, ɛr virt nant ʦi inz, ˈani ldˈidi ˈididi li.
162_165015_0010|דער מנחת אלעזר ברענגט דארטן אין ספר שערי יששכר, ער ברענגט דארט א מורא'דיגע זאך, די גמרא זאגט אז ביי א חתן כלה נותנין לבתולה י"ב חודש.|dɛr mˈinxas ˈaluzr brɛnɡt dɔrtn in sˈajfər ʃˈɛri jˈisusxər, ɛr brɛnɡt dɔrt a mˈiradiɡə zax, də ɡəmˈurə zuɡt az baː a xusn kˈalə nˈɔjsənajən ləbsˈilə jid bajs xˈɔjdəʃ.
162_165015_0011|מ'געבט פאר א מיידל צוועלף חדשים זיך צו גרייטן צו די חתונה. אזוי פלעגט זיין פארצייטנס, ס'איז געווען צוועלף חדשים, מ'האט געווארט א יאר פון ווען מ'איז געווארן א חתן כלה ביז מ'האט חתונה געהאט.|mɡɛbt far a majdl ʦvɛlf xadˈuʃim zix ʦi ɡrajtn ʦi də xˈasənə. azˈɔj flɛɡt zaːn farʦˈajtns, siz ɡəvˈejn ʦvɛlf xadˈuʃim, mhut ɡəvˈɔrt a jur fin vɛn miz ɡəvˈɔrn a xusn kˈalə biz mhut xˈasənə ɡəhˈat.
162_165015_0012|אזוי זאגט די גמרא. זאגט ער די זעלבע זאך, בתולה איז דאך דער מזל פון אלול. נותנין לבתולה, מ'געבט פאר דעם חודש בתולה, דעם חודש אלול, י"ב חודש.|azˈɔj zuɡt də ɡəmˈurə. zuɡt ɛr də zˈɛlbə zax, bsˈilə iz dɔx dɛr mazl fin ˈɛləl. nˈɔjsənajən ləbsˈilə, mɡɛbt far dejm xˈɔjdəʃ bsˈilə, dejm xˈɔjdəʃ ˈɛləl, jid bajs xˈɔjdəʃ.
162_165015_0013|מ'געבט אין דעם חודש די כח פון אלע צוועלף חדשים פון די יאר. מורא'דיגע ווערטער.|mɡɛbt in dejm xˈɔjdəʃ də kˈɔjəx fin ˈalə ʦvɛlf xadˈuʃim fin də jur. mˈiradiɡə vˈɛrtər.
162_165015_0014|חודש אלול האט אין זיך די, אזוי ווי די סענס פון אלע חדשים.|xˈɔjdəʃ ˈɛləl hut in zix də, azˈɔj vi də sɛns fin ˈalə xadˈuʃim.
162_165015_0015|ס'ליגט אין דעם די כח פון פסח, פון שבועות, פון סוכות, פון ראש השנה, יום כיפור, חנוכה, פורים, אלע זמן רצון וואס מ'קען פועל'ן און מ'קען זיך אויסבעטן א גאנץ יאר, זאמלט זיך צוזאמען אין דעם חודש אלול.|sliɡt in dejm də kˈɔjəx fin pˈajsəx, fin ʃvˈiəs, fin sˈikəs, fin rɔjʃ haʃˈunə, jɔjm xifˈir, xˈanikə, pˈirim, ˈalə zman ruʦn vus mˈɛkən fˈiəln in mˈɛkən zix ˈoʊzbejtn a ɡanʦ jur, zamlt zix ʦizˈamən in dejm xˈɔjdəʃ ˈɛləl.
162_165015_0016|נותן לו בתולה. י' ווייסט אז כאטש מ'געבט אין דעם חודש אלול די גאנצע יאר, אלע ימי רחמים ורצון פונעם יאר. מורא'דיגע ווערטער.|nˈɔjsajn li bsˈilə. jid vajst az xɔʧ mɡɛbt in dejm xˈɔjdəʃ ˈɛləl də ɡˈanʦə jur, ˈalə jˈɛmaj raxˈamim ˈirʦin fˈinəm jur. mˈiradiɡə vˈɛrtər.
162_165015_0018|די תורה האט גערעדט נאר קעגן די יצר הרע, אז אויב וועט ער נישט מתיר זיין די אשת יפת תואר בהיתר, וועט ער חלילה גיין באיסור. יא, דו גייסט ארויס אין מלחמה,|də tˈɔjrə hut ɡərˈɛt nɔr kejɡn də iʦr hrə, az ɔjb vɛt ɛr niʃt mˈatir zaːn də ˈajʃəs jˈɛfəs tvar bˈɛhətər, vɛt ɛr xalˈilə ɡajn bˈɛjisər. ju, di ɡajst arˈoʊs in milxˈumə,
162_165015_0019|דו טרעפסט דארט א פרוי וואס דו ווילסט חתונה האבן, א גוי'טע, געבט דיר די תורה א היתר וואס דו זאלסט טון צו קענען חתונה האבן מיט איר, ווייל אויב ער גייט דיר עס נישט מתיר זיין,|di trɛfst dɔrt a frɔj vus di vilst xˈasənə hubn, a ɡˈɔjtə, ɡɛbt dir də tˈɔjrə a hajˈusajr vus di zulst tin ʦi kˈɛnən xˈasənə hubn mit ir, vaːl ɔjb ɛr ɡajt dir ɛs niʃt mˈatir zaːn,
162_165015_0020|זאגט רש"י, וועסטו מוזן, וועט ער נאך חתונה האבן באיסור. לא דברה תורה אלא כנגד יצר הרע.|zuɡt rˈaʃi, vˈɛsti mizn, vɛt ɛr nux xˈasənə hubn bˈɛjisər. lɔj dəbˈurə tˈɔjrə ˈala knˈɛɡəd iʦr hrə.
162_165015_0021|און זייער אסאך פרעגן די קשיא, דער הייליגער רבי יהודה אסאד זצ"ל פרעגט,|in zˈajər ˈasax frɛɡn də kˈaʃə, dɛr hˈajliɡər rˈɛbə jəhˈidə ˈasad zaʦˈal frɛɡt,
162_165015_0022|וואס הייסט לא דברה תורה כנגד יצר הרע? ס'איז עפעס א תירוץ יעצט?|vus hajst lɔj dəbˈurə tˈɔjrə knˈɛɡəd iʦr hrə ? siz ˈɛpəs a tˈɛrəʦ jɛʦt ?
162_165015_0023|יעדער מענטש גייט יעצט קענען טון אלע עבירות אין די תורה,|jˈɛdər mɛnʧ ɡajt jɛʦt kˈɛnən tin ˈalə avˈajrɔjs in də tˈɔjrə,
162_165015_0024|ווייל אויב דו וועסט מיר נישט לאזן טון בהיתר וועל איך עס טון באיסור? איך פארשטיי נישט,|vaːl ɔjb di vɛst mir niʃt luzn tin bˈɛhətər vɛl ix ɛs tin bˈɛjisər ? ix farʃtˈaj niʃt,
162_165015_0025|די תורה האט דאך גע'אסר'ט זאכן. וואס זאגסטו מיר אז איך מוז דיר געבן יעצט א היתר, ווייל אויב איך געב דיר נישט די היתר וועט ער עס טון באיסור?|də tˈɔjrə hut dɔx ɡəˈasrt zaxn. vus zˈaɡsti mir az ix miz dir ɡejbn jɛʦt a hajˈusajr, vaːl ɔjb ix ɡɛb dir niʃt də hajˈusajr vɛt ɛr ɛs tin bˈɛjisər ?
162_165015_0026|יא.|ju.
162_165015_0027|זאגט ער אז די ענין פון יפת תואר שטייט שוין אין אור החיים הקדוש, אין הייליגן אור החיים,|zuɡt ɛr az də ˈinjən fin jˈɛfəs tvar ʃtajt ʃɔjn in ɔjr haxˈajim hakˈudəʃ, in hˈajliɡn ɔjr haxˈajim,
162_165015_0028|ער ברענגט פון די חכמי אמת, ברענגט דער רבי יהודה אסאד,|ɛr brɛnɡt fin də xˈaxmaj ˈɛməs, brɛnɡt dɛr rˈɛbə jəhˈidə ˈasad,
162_165015_0029|דער אור החיים הקדוש איז זייער קלאר מבאר אז דאס זענען הויכע נשמות, וואס די נשמות זענען געלעגן אין די קליפות וואס מ'דארף ארויסנעמען פון דארט,|dɛr ɔjr haxˈajim hakˈudəʃ iz zˈajər klur mbar az dus zˈɛnən hˈɔjxə nʃˈumɔjs, vus də nʃˈumɔjs zˈɛnən ɡəlˈɛɡn in də klˈipɔjs vus mdaf arˈoʊsnəmən fin dɔrt,
162_165015_0030|מ'דארף ארויסנעמען די ניצוצות פון די נישט גוטע פלעצער. האט דער אייבערשטער צוגעפירט אז ס'זאל גיין אויף דעם אופן,|mdaf arˈoʊsnəmən də niʦˈɔjʦɔjs fin də niʃt ɡˈitə plˈɛʦər. hut dɛr ˈajbərʃtər ʦˈiɡəfirt az szul ɡajn oʊf dejm ɔjfn,
162_165015_0031|אז דו זאלסט טרעפן דארט א פרוי וואס דו זאלסט חתונה האבן מיט איר און ארויסנעמען די ניצוצות הקדושה פון די קליפות.|az di zulst trɛfn dɔrt a frɔj vus di zulst xˈasənə hubn mit ir in arˈoʊsnəmən də niʦˈɔjʦɔjs hkdˈiʃə fin də klˈipɔjs.
162_165015_0032|אבער צו טון אזא זאך דארף מען זיין א בעל מדרגה. מ'קען נישט זיין סתם א שובבי"ם און זאגן, אה, איך גיי חתונה האבן מיט א גוי'טע ווייל איך דארף ארויסנעמען די ניצוצות הקדושה פון די קליפה.|ˈɔbər ʦi tin azˈa zax daf mɛn zaːn a baːl madrˈajɡə. mˈɛkən niʃt zaːn stam a ʃin vuv bajs bajs jid mɛm in zuɡn, a, ix ɡaj xˈasənə hubn mit a ɡˈɔjtə vaːl ix daf arˈoʊsnəmən də niʦˈɔjʦɔjs hkdˈiʃə fin də klˈipə.
162_165015_0033|דאס האט דאך סתם נאריש גערעדט, מ'דארף זיין א בעל מדרגה.|dus hut dɔx stam nˈariʃ ɡərˈɛt, mdaf zaːn a baːl madrˈajɡə.
162_165015_0034|יא, דוד המלך און שלמה המלך האבן חתונה געהאט מיט א יפת תואר, זיי האבן געוואוסט וויאזוי מען טוט די זאך. ס'איז אן ענין פון בירור הניצוצות,|ju, dˈuvid hamˈɛlɛx in ʃlˈɔjmə hamˈɛlɛx hubn xˈasənə ɡəhˈat mit a jˈɛfəs tvar, zaj hubn ɡəvˈist vizˈɔj mɛn tit də zax. siz un ˈinjən fin birˈir haniʦˈɔjʦɔjs,
162_165015_0035|יא, און ס'איז מקרב די גאולה, אבער ס'איז נישט קיין פשוט'ע זאך. איז די תורה וויל דיר זאגן, זאלסט נעמען די יפת תואר פאר די ריכטיגע כוונה.|ju, in siz mikˈɛrəv də ɡˈulə, ˈɔbər siz niʃt kan pˈiʃətə zax. iz də tˈɔjrə vil dir zuɡn, zulst nˈɛmən də jˈɛfəs tvar far də rˈixtiɡə kavˈunə.
162_165015_0036|אז דו ביסט א געהויבענער איד, קען מען עס טון מיט די ריכטיגע כוונה. און רש"י וויל ארויסברענגען דא די ווערטער, לא דברה תורה, דער אייבערשטער האט גערעדט די גאנצע מצוה פון יפת תואר,|az di bist a ɡəhˈɔjbənər jid, kɛn mɛn ɛs tin mit də rˈixtiɡə kavˈunə. in rˈaʃi vil arˈoʊzbrejnɡən du də vˈɛrtər, lɔj dəbˈurə tˈɔjrə, dɛr ˈajbərʃtər hut ɡərˈɛt də ɡˈanʦə mˈiʦvə fin jˈɛfəs tvar,
162_165015_0037|אלא כנגד יצר הרע, נאר וועגן די יצר הרע, ארויסצונעמען די קליפות פון די יצר הרע, ארויסצונעמען די נשמות, מיין איך צו זאגן, פון די יצר הרע,|ˈala knˈɛɡəd iʦr hrə, nɔr vejɡn də iʦr hrə, arˈoʊsʦinəmən də klˈipɔjs fin də iʦr hrə, arˈoʊsʦinəmən də nʃˈumɔjs, maːn ix ʦi zuɡn, fin də iʦr hrə,
162_165015_0038|פון די קליפות, פון יענע חברה. וועגן דעם האט דער אייבערשטער געגעבן די מצוה. דאס האט מען גערעדט. ווייל אויב דו וועסט אים נישט געבן די זאך בהיתר,|fin də klˈipɔjs, fin jˈɛnə xˈɛvrə. vejɡn dejm hut dɛr ˈajbərʃtər ɡəɡˈɛbn də mˈiʦvə. dus hut mɛn ɡərˈɛt. vaːl ɔjb di vɛst ejm niʃt ɡejbn də zax bˈɛhətər,
162_165015_0039|סתם וועט ער נישט חתונה האבן אויפ'ן וועג וואס מ'האט יעצט געשמועסט. די ווארט איז, שאם לא יתנה באיסור,|stam vɛt ɛr niʃt xˈasənə hubn afn vejɡ vus mhut jɛʦt ɡəʃmˈiəst. də vɔrt iz, ʃam lɔj ˈisnə bˈɛjisər,
162_165015_0040|אויב אז דו גייסט נישט חתונה האבן אויף דעם וועג ארויסצונעמען די ניצוצות אויף א הייליגן אופן, יתנה באיסור,|ɔjb az di ɡajst niʃt xˈasənə hubn oʊf dejm vejɡ arˈoʊsʦinəmən də niʦˈɔjʦɔjs oʊf a hˈajliɡn ɔjfn, ˈisnə bˈɛjisər,
162_165015_0041|וועט ער חתונה האבן אויף אן אנדערע וועג. און דאס איז ליידער זייער א נישט גוטע זאך, דאס איז סתם א וחשקת בו, סתם א גלוסטעניש. סאו דאס איז די ווארט וואס רש"י וויל ארויסברענגען.|vɛt ɛr xˈasənə hubn oʊf un ˈandərə vejɡ. in dus iz lˈajdər zˈajər a niʃt ɡˈitə zax, dus iz stam a vəxuʃˈaktu bi, stam a ɡlˈistəniʃ. sɔ dus iz də vɔrt vus rˈaʃi vil arˈoʊzbrejnɡən.
162_165015_0042|אז דער אייבערשטער האט גערעדט נאר כנגד יצר הרע, קעגן די יצר הרע, ארויסצונעמען די יצר הרע די שלעכטע זאך פון די קליפות. אויף אזא מין אופן מעגסטו,|az dɛr ˈajbərʃtər hut ɡərˈɛt nɔr knˈɛɡəd iʦr hrə, kejɡn də iʦr hrə, arˈoʊsʦinəmən də iʦr hrə də ʃlˈɛxtə zax fin də klˈipɔjs. oʊf azˈa min ɔjfn mˈɛɡsti,
162_165015_0043|ווייל אויב דו וועסט נישט חתונה האבן אויף דיין אופן, וועסטו חתונה האבן באיסור, וועסטו חתונה האבן מיט א נישט גוטע זאך. אפילו דו גייסט זאגן אז מ'מעג, אבער דאס איז אן עקלעדיגע זאך אזוי חתונה צו האבן.|vaːl ɔjb di vɛst niʃt xˈasənə hubn oʊf daːn ɔjfn, vˈɛsti xˈasənə hubn bˈɛjisər, vˈɛsti xˈasənə hubn mit a niʃt ɡˈitə zax. afˈilə di ɡajst zuɡn az mmejɡ, ˈɔbər dus iz un ˈɛklədiɡə zax azˈɔj xˈasənə ʦi hubn.
162_165015_0044|די גאנצע זאך איז דאך נאר כנגד יצר הרע, ארויסצונעמען די גוטע חלקים פון דארט. מ'הערט אזעלכע ווערטער, האט שוין די רש"י,|də ɡˈanʦə zax iz dɔx nɔr knˈɛɡəd iʦr hrə, arˈoʊsʦinəmən də ɡˈitə xalˈukim fin dɔrt. mhɛrt azˈɛlxə vˈɛrtər, hut ʃɔjn də rˈaʃi,
162_165015_0045|ס'איז אן אנדערע פשט.|siz un ˈandərə pʃat.
162_165015_0052|וואס איז וויכטיג צו שרייבן דא די גאנצע חשבון?|vus iz vˈixtiɡ ʦi ʃraːbn du də ɡˈanʦə xˈɛʃbɔjn ?
162_165015_0054|און ער פארציילט, ווי קומט דא אריין, ער דארף דא פארציילן די גאנצע מעשה, און דער אייבערשטער האט נישט געוואלט אז ער זאל שעלטן, און ער האט איבערגעדרייט די גאנצע זאך. וואס?|in ɛr farʦˈajlt, vi kimt du arˈaːn, ɛr daf du farʦˈajln də ɡˈanʦə mˈaːsə, in dɛr ˈajbərʃtər hut niʃt ɡəvˈɔlt az ɛr zul ʃɛltn, in ɛr hut ˈibərɡədrajt də ɡˈanʦə zax. vus ?
162_165015_0056|איז, אסאך ברענגען אז דו זאלסט נישט מיינען, אפילו ס'האט נישט געהאלפן זיינע קללות, בלעם האט דאך געשאלטן, ס'האט נישט געהאלפן אויף טויטע באנקעס, יא?|iz, ˈasax brˈejnɡən az di zulst niʃt mˈajnən, afˈilə səhˈut niʃt ɡəhˈalfn zˈaːnə klˈulɔjs, bˈiləm hut dɔx ɡəʃˈaltn, səhˈut niʃt ɡəhˈalfn oʊf tˈɔjtə bankˈɛs, ju ?
162_165015_0057|אבער למעשה האבן זיי ארויסגעוויזן זייער רשעות, ממילא זאלסטו נישט חתונה האבן מיט זיי, יא? דאס איז אן אמת'ע פשט.|ˈɔbər ləmˈaːsə hubn zaj arˈoʊzɡəvizn zˈajər rʃˈɛis, mˈɛmajlə zˈalsti niʃt xˈasənə hubn mit zaj, ju ? dus iz un ˈɛməsə pʃat.
162_165015_0058|אבער האט מיר א איד געזאגט נאך א פשט, ס'לאזט זיך זייער גוט זאגן, אזא זיסע פשט.|ˈɔbər hut mir a jid ɡəzˈuɡt nux a pʃat, slɔzt zix zˈajər ɡit zuɡn, azˈa zˈisə pʃat.
162_165015_0059|ס'איז דא, איך האב שוין נאכגעזאגט דעם געדאנק, מיין טאטע זאל זיין געזונט פלעגט עס אסאך נאכזאגן, איך געדענק אז דער ערבי נחל ברענגט עס, און דער מיטעלער בעלזער רב, איך מיין אז דער ראשית חכמה ברענגט אויך די זאך.|siz du, ix hub ʃɔjn nˈuxɡəzuɡt dejm ɡədˈank, maːn tˈatə zul zaːn ɡəzˈint flɛɡt ɛs ˈasax nˈaxzaɡn, ix ɡədˈɛnk az dɛr ˈɛrbi nˈaxal brɛnɡt ɛs, in dɛr mˈitələr bˈɛlzər ruv, ix maːn az dɛr rˈajʃis xˈuxmə brɛnɡt ɔjx də zax.
162_165015_0060|אסאך די נקודה אז דער אייבערשטער, כביכול, איז כועס יעדן טאג.|ˈasax də nəkˈidə az dɛr ˈajbərʃtər, kavˈiuxl, iz xˈiəs jejdn tuɡ.
162_165015_0061|דער אייבערשטער ווערט אין כעס יעדן טאג פאר א רגע.|dɛr ˈajbərʃtər virt in kas jejdn tuɡ far a rˈɛɡə.
162_165015_0064|אבער פארוואס רעגט זיך טאקע דער אייבערשטער יא אויף? דער אייבערשטער איז דאך נישט קיין מענטש וואס האט מידות, דו קענסט אים אויפרעגן, ער ווערט רואיג, ער ווערט אין כעס.|ˈɔbər farvˈus rɛɡt zix tˈakə dɛr ˈajbərʃtər ju oʊf ? dɛr ˈajbərʃtər iz dɔx niʃt kan mɛnʧ vus hut mˈidɔjs, di kɛnst ejm ˈɔjfrəɡn, ɛr virt rˈuaːɡ, ɛr virt in kas.
162_165015_0065|דער אייבערשטער פירט אים, ס'איז דאך אביסל א העכערע פשט. נאר זאגן די ספרים א מורא'דיגע זאך טאקע, אז דער אייבערשטער רעגט זיך אויף,|dɛr ˈajbərʃtər firt ejm, siz dɔx abˈisl a hˈɛxərə pʃat. nɔr zuɡn də sfˈurim a mˈiradiɡə zax tˈakə, az dɛr ˈajbərʃtər rɛɡt zix oʊf,
162_165015_0066|שטייט דאך לעולם ירגיז אדם יצר טוב על יצר הרע. מ'זאל אויפרעגן, א מענטש זאל אויפרעגן דעם יצר טוב אויף דעם יצר הרע. דאס מיינט, מ'זאל זאגן פאר דעם יצר טוב,|ʃtajt dɔx ləˈɔjləm ˈirɡiz udm iʦr tɔjv al iʦr hrə. mzul ˈɔjfrəɡn, a mɛnʧ zul ˈɔjfrəɡn dejm iʦr tɔjv oʊf dejm iʦr hrə. dus majnt, mzul zuɡn far dejm iʦr tɔjv,
162_165015_0067|ווען דער יצר הרע קומט צו רעדן עבירות, זאגט ער, איך פייף דיך אן, שריי אויף אים, יא? ער זאל האבן א פלאם צו גיין קעגן דעם יצר הרע. דער יצר הרע איז דאך א מלאך,|vɛn dɛr iʦr hrə kimt ʦi rɛdn avˈajrɔjs, zuɡt ɛr, ix fajf dix un, ʃraj oʊf ejm, ju ? ɛr zul hubn a flam ʦi ɡajn kejɡn dejm iʦr hrə. dɛr iʦr hrə iz dɔx a mˈaləx,
162_165015_0068|וויאזוי קען א מענטש דאס טון? נאר וויבאלד דער אייבערשטער, קל זועם בכל יום, דער אייבערשטער געבט אריין א כח אין יוד, די פייער,|vizˈɔj kɛn a mɛnʧ dus tin ? nɔr vˈibald dɛr ˈajbərʃtər, kal zˈiəm bxul jɔjm, dɛr ˈajbərʃtər ɡɛbt arˈaːn a kˈɔjəx in jid, də fˈajər,
162_165015_0069|די ברען וואס מ'זאל קענען אויפרעגן דעם יצר טוב אויף זיין יצר הרע, דורך די כח וואס דער אייבערשטער רעגט זיך,|də brɛn vus mzul kˈɛnən ˈɔjfrəɡn dejm iʦr tɔjv oʊf zaːn iʦr hrə, dˈɔrəx də kˈɔjəx vus dɛr ˈajbərʃtər rɛɡt zix,
162_165015_0070|געבט עס אריין אין דער יוד א כח אז ער זאל קענען בייקומען דעם יצר הרע.|ɡɛbt ɛs arˈaːn in dɛr jid a kˈɔjəx az ɛr zul kˈɛnən bˈajkimən dejm iʦr hrə.
162_165015_0071|און דער בלעם, ער איז געווען אזא מין רשע מרושה, ער האט אויסגענוצט זיין גאנצע חכמה אויף רשעות. ער איז געווען א חכם, יא, מ'האט נישט געווען קיין נעל,|in dɛr bˈiləm, ɛr iz ɡəvˈejn azˈa min rˈuʃə mrˈiʃə, ɛr hut ˈoʊzɡəniʦt zaːn ɡˈanʦə xˈuxmə oʊf rʃˈɛis. ɛr iz ɡəvˈejn a xˈuxəm, ju, mhut niʃt ɡəvˈejn kan nɛl,
162_165015_0072|און די חכמה האט ער אריינגעלייגט אין רשעות. און איך דערמאן זיך דא, איך האב עס נישט געהערט דא אריין,|in də xˈuxmə hut ɛr arˈaːnɡəlajɡt in rʃˈɛis. in ix dərmˈan zix du, ix hub ɛs niʃt ɡəhˈirt du arˈaːn,
162_165015_0073|איך וויל עס נישט פארגעסן. איינער האט מיר נאכגעזאגט פונקט די וואך אז ביי די יארצייט פון דער ראחמיסטריווקער רבי זכר צדיק לברכה,|ix vil ɛs niʃt faːrɡˈɛsn. ˈajnər hut mir nˈuxɡəzuɡt pinkt də vɔx az baː də jˈurʦajt fin dɛr rˈaxmistrivkər rˈɛbə zˈajxər ʦˈadik livrˈuxə,
162_165015_0074|זיין גבאי ר' יענקל מאיר, א גבאי זיינער וואס האט באדינט די לעצטע יארן זייער שטארק, האט ער אביסל געגעבן אזא הגדרה,|zaːn ɡˈabə rajʃ jɛnkl mˈajər, a ɡˈabə zˈajnər vus hut badˈint də lˈɛʦtə jurn zˈajər ʃtark, hut ɛr abˈisl ɡəɡˈɛbn azˈa hɡdrə,
162_165015_0075|מגדיר געווען אויף דעם ראחמיסטריווקא רבי זכרונו לברכה, א זייער שיינע הגדרה. ער האט פארציילט אז ס'איז געווען, מ'האט שוין גערעדט דא פון רבי משה בטלען, רבי משה גבאי איז געווען א גבאי ביים סקווערער רבי'ן זכר צדיק לברכה,|mɡdir ɡəvˈejn oʊf dejm rxmistərˈivvku rˈɛbə zxrˈini livrˈuxə, a zˈajər ʃˈajnə hɡdrə. ɛr hut farʦˈajlt az siz ɡəvˈejn, mhut ʃɔjn ɡərˈɛt du fin rˈɛbə mˈɔjʃə btlɛn, rˈɛbə mˈɔjʃə ɡˈabə iz ɡəvˈejn a ɡˈabə bam skvˈɛrər rbin zˈajxər ʦˈadik livrˈuxə,
162_165015_0076|ער איז געווען א געהויבענער חסיד, און ער האט געוואוינט אין ארץ ישראל א שטיק צייט.|ɛr iz ɡəvˈejn a ɡəhˈɔjbənər xˈusid, in ɛr hut ɡəvˈɔjnt in ˈɛrəʦ jisrˈuəl a ʃtik ʦaːt.
162_165015_0077|און ווען דער סקווערער רבי איז געגאנגען חתונה מאכן, ער האט חתונה געמאכט דעם סקווערער רבי זאל זיין געזונט, דעם היינטיגן סקווערער רבי האט חתונה געהאט אין ארץ ישראל,|in vɛn dɛr skvˈɛrər rˈɛbə iz ɡəɡˈanɡən xˈasənə maxn, ɛr hut xˈasənə ɡəmˈaxt dejm skvˈɛrər rˈɛbə zul zaːn ɡəzˈint, dejm hˈajntiɡn skvˈɛrər rˈɛbə hut xˈasənə ɡəhˈat in ˈɛrəʦ jisrˈuəl,
162_165015_0078|דער איידעם איז דער ישועות משה אין וויזשניץ, און דער סקווערער רבי זכרונו לברכה האט געפארן דעמאלטס חתונה מאכן אין ארץ ישראל.|dɛr ˈajdəm iz dɛr jʃiˈɛɔjs mˈɔjʃə in vˈiʒniʦ, in dɛr skvˈɛrər rˈɛbə zxrˈini livrˈuxə hut ɡəfˈarn dˈɛmalʦ xˈasənə maxn in ˈɛrəʦ jisrˈuəl.
162_165015_0079|און דער ראחמיסטריווקא רבי מיט ר' משה בטלער און ר' משה גבאי זענען געפארן פאראויס פאר די חתונה. ער איז געגאנגען דארט מסדר זיין, דער ראחמיסטריווקא רבי איז געווען אן איידעם ביים סקווערער רבי'ן,|in dɛr rxmistərˈivvku rˈɛbə mit rajʃ mˈɔjʃə btlɛr in rajʃ mˈɔjʃə ɡˈabə zˈɛnən ɡəfˈarn farˈoʊs far də xˈasənə. ɛr iz ɡəɡˈanɡən dɔrt msˈadajr zaːn, dɛr rxmistərˈivvku rˈɛbə iz ɡəvˈejn un ˈajdəm bam skvˈɛrər rbin,
162_165015_0080|ער איז געגאנגען אביסל מסדר זיין פאר די שמחה.|ɛr iz ɡəɡˈanɡən abˈisl msˈadajr zaːn far də sˈimxə.
162_165015_0081|און דער רבי משה באטלן האט געזאגט אויפ'ן וועג אז דו זעסט די רגע וואס דיין שווער, דער סקווירא רבי זכרונו לברכה, איז אנגעקומען קיין ארץ ישראל, גייט דער בית ישראל אויפ'ן רגע קומען צולויפן צו אים, ער וועט באלד אריבערקומען.|in dɛr rˈɛbə mˈɔjʃə batln hut ɡəzˈuɡt afn vejɡ az di zɛst də rˈɛɡə vus daːn ʃvir, dɛr skvˈira rˈɛbə zxrˈini livrˈuxə, iz ˈunɡəkimən kan ˈɛrəʦ jisrˈuəl, ɡajt dɛr bajs jisrˈuəl afn rˈɛɡə kˈimən ʦˈilɔjfn ʦi ejm, ɛr vɛt bald arˈibərkimən.
162_165015_0082|האט ער אים געפרעגט פון וואו ווייסטו אז דער בית ישראל וועט גלייך קומען?|hut ɛr ejm ɡəfrˈɛɡt fin vi vˈajsti az dɛr bajs jisrˈuəl vɛt ɡlaːx kˈimən ?
162_165015_0085|דער בית ישראל האט עס געהערט, ער האט מורא'דיגע הנאה געהאט פון דעם הגדרה וואס דער רבי משה באטלן האט אים געזאגט, האט ער אים געזאגט ער וועט זען אז ער וויל זען אזא מענטש, ער וועט זען אז ער איז אריבערגעקומען קיין ארץ ישראל, דער סקווירא רבי, וועט ער גלייך דער בית ישראל קומען קיין חיפה.|dɛr bajs jisrˈuəl hut ɛs ɡəhˈirt, ɛr hut mˈiradiɡə hanˈuə ɡəhˈat fin dejm hɡdrə vus dɛr rˈɛbə mˈɔjʃə batln hut ejm ɡəzˈuɡt, hut ɛr ejm ɡəzˈuɡt ɛr vɛt zejn az ɛr vil zejn azˈa mɛnʧ, ɛr vɛt zejn az ɛr iz arˈibərɡəkimən kan ˈɛrəʦ jisrˈuəl, dɛr skvˈira rˈɛbə, vɛt ɛr ɡlaːx dɛr bajs jisrˈuəl kˈimən kan xˈajfə.
162_165015_0087|ער איז געווען גאר א קלוגער מענטש, ווער ס'האט אים געקענט, א קלוגער מענטש געווען, און די גאנצע חכמה האט ער אריינגעלייגט נישט וויי צו טון א איד, בין אדם לחבירו, אכטונג צו געבן אויף יענעם'ס כבוד, ער האט געקענט דעם רחמסטריווקא רבי, א שטארקע הגדרה, יא?|ɛr iz ɡəvˈejn ɡur a klˈiɡər mɛnʧ, vɛr səhˈut ejm ɡəkˈɛnt, a klˈiɡər mɛnʧ ɡəvˈejn, in də ɡˈanʦə xˈuxmə hut ɛr arˈaːnɡəlajɡt niʃt vaj ʦi tin a jid, bin udm laxavˈajrɔj, ˈaxtinɡ ʦi ɡejbn oʊf jˈɛnəms kˈuvəd, ɛr hut ɡəkˈɛnt dejm rxmstrˈivka rˈɛbə, a ʃtˈarkə hɡdrə, ju ?
162_165015_0088|איז ווי זענען מיר אריינגעגאנגען?|iz vi zˈɛnən mir arˈaːnɡəɡanɡən ?
162_165015_0089|אה, סאו דער להבדיל, אלף אלפי הבדלות, אז דער בלעם הרשע איז געווען אזא מין חכם, און ער האט אריינגעלייגט זיין גאנצע חכמה אין טומאה און אין רשעות, יא?|a, sɔ dɛr lˈɛhavdl, alf ˈalfi havdˈulɔjs, az dɛr bˈiləm harˈuʃə iz ɡəvˈejn azˈa min xˈuxəm, in ɛr hut arˈaːnɡəlajɡt zaːn ɡˈanʦə xˈuxmə in tˈimə in in rʃˈɛis, ju ?
162_165015_0090|האט ער געמאכט אזא חשבון, אויב דער אייבערשטער גייט כועס זיין אין יענע רגע, גייט ער זאגן כלם, און יודן וועלן גיין פייפן חלילה וחס, יא?|hut ɛr ɡəmˈaxt azˈa xˈɛʃbɔjn, ɔjb dɛr ˈajbərʃtər ɡajt xˈiəs zaːn in jˈɛnə rˈɛɡə, ɡajt ɛr zuɡn xlm, in jidn vɛln ɡajn fajfn xalˈilə vxus, ju ?
162_165015_0091|אויב ער גייט נישט, ער האט דאך געוואוסט ווען ס'איז, ס'שטייט דאך אז בלעם איז געווען יודע דעת עליון, ער האט דאך געוואוסט ווען די רגע איז, אבער ער האט געוואוסט ממונה אויף זיך,|ɔjb ɛr ɡajt niʃt, ɛr hut dɔx ɡəvˈist vɛn siz, sʃtajt dɔx az bˈiləm iz ɡəvˈejn jədˈajə dˈaas ˈɛliən, ɛr hut dɔx ɡəvˈist vɛn də rˈɛɡə iz, ˈɔbər ɛr hut ɡəvˈist məmˈinə oʊf zix,
162_165015_0092|אויב דער באשעפער גייט נישט כועס זיין, וועלן די אידן נישט האבן די מין פלאם זיך צו קענען שטעלן קעגן די יצר הרע,|ɔjb dɛr baʃˈɛfər ɡajt niʃt xˈiəs zaːn, vɛln də jidn niʃt hubn də min flam zix ʦi kˈɛnən ʃtɛln kejɡn də iʦr hrə,
162_165015_0093|ווייל די גאנצע פלאם האבן זיי נאר ווייל דער אייבערשטער איז כועס. וועט ער זיי קענען מאכן זינדיגן, מ'זאל גיין חתונה האבן דארט מיט די בנות מדין ימח שמם.|vaːl də ɡˈanʦə flam hubn zaj nɔr vaːl dɛr ˈajbərʃtər iz xˈiəs. vɛt ɛr zaj kˈɛnən maxn zˈindiɡn, mzul ɡajn xˈasənə hubn dɔrt mit də bnɔjs mˈudaːən jˈimax ʃmum.
162_165015_0094|דאס איז געווען די חכמה פון בלעם. סאו לויט דעם קומט אויס מורא'דיג גוט. דער פסוק וויל ארויסברענגען, געבטס א קוק, דער בלעם, בלעם האט געוואלט שעלטן,|dus iz ɡəvˈejn də xˈuxmə fin bˈiləm. sɔ loʊt dejm kimt oʊs mˈiradiɡ ɡit. dɛr pˈusik vil arˈoʊzbrejnɡən, ɡɛbʦ a kik, dɛr bˈiləm, bˈiləm hut ɡəvˈɔlt ʃɛltn,
162_165015_0095|יא? דער אייבערשטער האט נישט געוואלט בלעם זאל שעלטן.|ju ? dɛr ˈajbərʃtər hut niʃt ɡəvˈɔlt bˈiləm zul ʃɛltn.
162_165015_0096|וואס האט דער אייבערשטער געטון? דער אייבערשטער האט בכלל נישט כועס געווען דעמאלטס. ס'איז נאר געווען טעג פון אהבה, ס'איז געווען בלויז אהבה, "ויעפוך ה' את הקללה לברכה כי אהבך ה' אלקיך", דער אייבערשטער האט דיך ליב געהאט. און טאקע דורך דעם האט בלעמען געמאכט זינדיגן,|vus hut dɛr ˈajbərʃtər ɡətˈin ? dɛr ˈajbərʃtər hut bəxlˈaːl niʃt xˈiəs ɡəvˈejn dˈɛmalʦ. siz nɔr ɡəvˈejn tejɡ fin ˈabə, siz ɡəvˈejn blɔjz ˈabə, ˈɔjəfix haj ɛs haklˈulu livrˈuxə ki abx haj ˈalkix dɛr ˈajbərʃtər hut dix lib ɡəhˈat. in tˈakə dˈɔrəx dejm hut blˈɛmən ɡəmˈaxt zˈindiɡn,
162_165015_0097|ווייל ס'איז געווען טעג פון אהבה, דער אייבערשטער האט נישט כועס געווען, וועגן דעם זאלט עטס נישט דרש'ענען שלמה וטובתם כל הימים.|vaːl siz ɡəvˈejn tejɡ fin ˈabə, dɛr ˈajbərʃtər hut niʃt xˈiəs ɡəvˈejn, vejɡn dejm zalt ɛʦ niʃt drʃˈɛnən ʃlˈɔjmə vtɔjvˈusum kɔl hˈimim.
162_165015_0098|ווייל ס'איז געווען, דאס ברענגט די גמרא ארויס, דער אייבערשטער האט איבערגעדרייט די ברכה רצון קללה, און ער האט ענק ליב געהאט,|vaːl siz ɡəvˈejn, dus brɛnɡt də ɡəmˈurə arˈoʊs, dɛr ˈajbərʃtər hut ˈibərɡədrajt də brˈuxə ruʦn klˈulə, in ɛr hut ɛnk lib ɡəhˈat,
162_165015_0099|ממילא האט בלעם ענק געקענט מאכן זינדיגן, ווייל ער האט נישט געהאט די כח פון די ריגע וואס דער אייבערשטער ווערט אין כעס יעדן טאג.|mˈɛmajlə hut bˈiləm ɛnk ɡəkˈɛnt maxn zˈindiɡn, vaːl ɛr hut niʃt ɡəhˈat də kˈɔjəx fin də rˈiɡə vus dɛr ˈajbərʃtər virt in kas jejdn tuɡ.
162_165015_0100|וועגן דעם שטייט ווייטער פון זיי, דאס איז געווען בלעם'ס חכמה.|vejɡn dejm ʃtajt vˈaːtər fin zaj, dus iz ɡəvˈejn blɛms xˈuxmə.
162_165015_0101|דאס ברענגט דער פסוק דא ארויס זייער שיין. יא, שוין,|dus brɛnɡt dɛr pˈusik du arˈoʊs zˈajər ʃajn. ju, ʃɔjn,
162_165015_0102|האבן מיר דא געזאגט א גאנצע לאנגע דרשות אויפ'ן פסוק טאקע ולא אבוא ה' אלקיך לשמוע אל בלעם. זאגט רבי ניסן מינדעס, איך מיין איך האב שוין געווען,|hubn mir du ɡəzˈuɡt a ɡˈanʦə lˈanɡə drˈuʃɔjs afn pˈusik tˈakə ˈila ˈubia haj ˈalkix lʃmˈiə al bˈiləm. zuɡt rˈɛbə nisn mˈindəs, ix maːn ix hub ʃɔjn ɡəvˈejn,
162_165015_0103|ער איז געווען א חבר מיט דעם ווילנער גאון, ער האט א ספר נפלאות חדשות פרפראות לחכמה, א שיינע ספר. זאגט ער, בלעם האט געוואלט שעלטן די אידן פיר מאל. פיר מאל?|ɛr iz ɡəvˈejn a xˈavər mit dejm vˈilnər ɡˈuən, ɛr hut a sˈajfər niflˈuɔjs xadˈuʃɔjs parpərˈuɔjs laxˈuxmə, a ʃˈajnə sˈajfər. zuɡt ɛr, bˈiləm hut ɡəvˈɔlt ʃɛltn də jidn fir mul. fir mul ?
162_165015_0104|איז זיי נישט געגאנגען. מ'האט איבערגעגרייט די קלאליצע ברכה. וועלכע פיר מאל? די ערשטע מאל שטייט איך וועל גיין,|iz zaj niʃt ɡəɡˈanɡən. mhut ˈibərɡəɡrajt də klˈaliʦə brˈuxə. vˈɛlxə fir mul ? də ˈɛrʃtə mul ʃtajt ix vɛl ɡajn,
162_165015_0105|אולי יקר ה' לקראתי, אפשר וועט זיך דער אייבערשטער טרעפן קעגן מיר. למעשה האט ער אים זיך געהאלפן אויף טויטע באנקעס.|ˈili ikr haj likrˈusi, ˈɛfʃir vɛt zix dɛr ˈajbərʃtər trɛfn kejɡn mir. ləmˈaːsə hut ɛr ejm zix ɡəhˈalfn oʊf tˈɔjtə bankˈɛs.
162_165015_0106|נעקסטע מאל שטייט אז דער אייבערשטער האט געזאגט פאר בלעם, קום אהין צו שדה צופים, א פעלד וואו מ'קען קוקן אויף די אידן, צו זען אביסל פון די אידן, נישט די גאנצע,|nˈɛkstə mul ʃtajt az dɛr ˈajbərʃtər hut ɡəzˈuɡt far bˈiləm, kim ahˈin ʦi sˈudɛ ʦˈifim, a fɛld vi mˈɛkən kikn oʊf də jidn, ʦi zejn abˈisl fin də jidn, niʃt də ɡˈanʦə,
162_165015_0107|יא? און בלעם האט געוואוסט אז די קללה קען נישט חל זיין אויף אלע אידן צוזאמען, האט ער געוואלט נאר אויף אביסל.|ju ? in bˈiləm hut ɡəvˈist az də klˈulə kɛn niʃt xul zaːn oʊf ˈalə jidn ʦizˈamən, hut ɛr ɡəvˈɔlt nɔr oʊf abˈisl.
162_165015_0108|און ס'האט אים אויך געהאלפן אויף טויטע באנקעס. און נאכדעם שטייט ער האט אים גענומען צו א פלאץ "אל המדבר פניו", אזוי שטייט דארט.|in səhˈut ejm ɔjx ɡəhˈalfn oʊf tˈɔjtə bankˈɛs. in nuxdˈejm ʃtajt ɛr hut ejm ɡənˈimən ʦi a plaːʦ al hamˈidbur fnji azˈɔj ʃtajt dɔrt.
162_165015_0109|דער תרגום זאגט דארט אז ער האט געקוקט דארט, ווי האט ער געקוקט?|dɛr tˈarɡim zuɡt dɔrt az ɛr hut ɡəkˈikt dɔrt, vi hut ɛr ɡəkˈikt ?
162_165015_0110|"וישת אל המדבר פניו", ער האט געקוקט ווי מ'האט געמאכט ווייטער די ע"ג ל"ע, און דארט האט ער געקוקט, און ס'האט אים אויך נישט געהאלפן.|oʊʃs al hamˈidbur fnji ɛr hut ɡəkˈikt vi mhut ɡəmˈaxt vˈaːtər də ˈajən ɡiml lˈaməd ˈajən, in dɔrt hut ɛr ɡəkˈikt, in səhˈut ejm ɔjx niʃt ɡəhˈalfn.
162_165015_0111|און ער איז געבליבן מיט די צונג ארויסגעשטעקט. און די נעקסטע מאל איז ער געבליבן מיט די צונג אריינגעשטעקט. די פערטע מאל האט ער אים זיך אויפגערעגט, ער האט געזאגט גיי אהיים.|in ɛr iz ɡəblˈibn mit də ʦinɡ arˈoʊzɡəʃtəkt. in də nˈɛkstə mul iz ɛr ɡəblˈibn mit də ʦinɡ arˈaːnɡəʃtəkt. də fˈɛrtə mul hut ɛr ejm zix ˈɔjfɡərəɡt, ɛr hut ɡəzˈuɡt ɡaj ahˈajm.
162_165015_0112|און בלעם האט געזאגט, איך וועל דיר נאך געבן איין זאך, "לך איעצך", איך וועל דיר געבן אן עצה, "אשר יעשה העם הזה לעמך באחרית הימים".|in bˈiləm hut ɡəzˈuɡt, ix vɛl dir nux ɡejbn ajn zax, ləxˈu jɛʦx ix vɛl dir ɡejbn un ˈajʦə, ˈuʃər jˈɛʃə hɛm hˈazə lɛmx baxˈaris hˈimim
162_165015_0114|סאו דו קוקסט אין פסוק "ולא אבה ה' אלקיך לשמע אל בלעם". "לשמע", דער אייבערשטער האט נישט געוואלט צוצוהערן צו בלעם.|sɔ di kikst in pˈusik ˈila ˈabə haj ˈalkix lʃmə al bˈiləm lʃmə dɛr ˈajbərʃtər hut niʃt ɡəvˈɔlt ʦˈiʦihərn ʦi bˈiləm.
162_165015_0117|די אלע פיר מאל האט דער אייבערשטער נישט געוואלט "לשמע אל בלעם".|də ˈalə fir mul hut dɛr ˈajbərʃtər niʃt ɡəvˈɔlt lʃmə al bˈiləm
162_165015_0118|און ער זאגט א שיינע רמז, "ולא אבה", דער אייבערשטער האט נישט געוואלט, יא, אז ס'זאל געשען, ווייל דער אייבערשטער האט נישט געוואלט קוקן.|in ɛr zuɡt a ʃˈajnə rˈɛməz, ˈila ˈabə dɛr ˈajbərʃtər hut niʃt ɡəvˈɔlt, ju, az szul ɡəʃˈɛn, vaːl dɛr ˈajbərʃtər hut niʃt ɡəvˈɔlt kikn.
162_165015_0119|ס'שטייט "לא הביט און ביעקב", דער אייבערשטער קוקט נישט קיין עבירות ביי די אידן. "לא אבה" איז ראשי תיבות "לא הביט און ביעקב".|sʃtajt lɔj hbit in bˈiəkb dɛr ˈajbərʃtər kikt niʃt kan avˈajrɔjs baː də jidn. lɔj ˈabə iz rˈuʃi tˈajvɔjs lɔj hbit in bˈiəkb
162_165015_0120|מ'נוצט ביידע אל"ף'ס אויף איינס, ס'איז דא אן עקסטערע אל"ף, אבער "לא הביט און ביעקב" איז "לא אבה".|mniʦt bˈajdə ˈaləf lˈaməd paj sˈaməx oʊf ajns, siz du un ˈɛkstərə ˈaləf, ˈɔbər lɔj hbit in bˈiəkb iz lɔj ˈabə
162_165015_0121|הערליכע רמז, יא. דער אייבערשטער קוקט נישט ביעקב, "לא ראה עמל בישראל", יא.|hˈɛrləxə rˈɛməz, ju. dɛr ˈajbərʃtər kikt niʃt bˈiəkb, lɔj rˈɛaj ɛml bˈiʃral ju.
162_165015_0122|און אויך וועל איך ענדיגן דא מיט א שיינעם רמז פונעם שאפראנער רב זכר צדיק וקדוש לברכה.|in ɔjx vɛl ix ˈɛndiɡn du mit a ʃˈajnəm rˈɛməz fˈinəm ʃafrˈanər ruv zˈajxər ʦˈadik ˈikdiʃ livrˈuxə.
162_165015_0123|ער שרייבט דארט, א איד, די וואך שטייט דאך וועגן מכות, א טעם וועגן "ארבעים יכנו".|ɛr ʃraːbt dɔrt, a jid, də vɔx ʃtajt dɔx vejɡn mˈakɔjs, a tam vejɡn arbˈujim ˈixni
162_165015_0124|ער גייט דארט אריין מיט א טעם על פי קבלה, ער איז דאך געווען א גרויסער בעל מקובל וואס האט געקענט קבלה, יא, אבער ער איז מאריך.|ɛr ɡajt dɔrt arˈaːn mit a tam al pi kˈibluh, ɛr iz dɔx ɡəvˈejn a ɡrˈɔjsər baːl mˈɛkibl vus hut ɡəkˈɛnt kˈibluh, ju, ˈɔbər ɛr iz mˈaːrəx.
162_165015_0125|אבער ארויסצונעמען א ווארט, ס'שטייט דארט אז ביי די ענין פון מכות, "ונקלה אחיך לעיניך".|ˈɔbər arˈoʊsʦinəmən a vɔrt, sʃtajt dɔrt az baː də ˈinjən fin mˈakɔjs, ˈinklə uxˈixu lˈajnix
162_165015_0126|איז א לשון מ'זאל געבן דארט "אחיך". "אחיך" איז בגימטריא ל"ט, ניין און דרייסיג. יא?|iz a luʃn mzul ɡejbn dɔrt uxˈixu uxˈixu iz bəɡimatrˈiə lˈaməd tɛs, najn in drˈajsiɡ. ju ?
162_165015_0127|א איד וואס איז עובר עבירה, לא עלינו ולא עליכם, איז ער דאך מוצא מכלל אחיך. איך בין שוין נישט דיין ברודער, יא? איך טו דאך נישט וואס דער אייבערשטער הייסט.|a jid vus iz ibr ˈavajrə, lɔj ulˈajni ˈila ˈɛlixm, iz ɛr dɔx mˈiʦa mˈiklul uxˈixu. ix bin ʃɔjn niʃt daːn brˈidər, ju ? ix ti dɔx niʃt vus dɛr ˈajbərʃtər hajst.
162_165015_0128|ווען מ'געבט אים מלקות, ברענגט מען אים צוריק אריין אין דעם כלל "אחיך".|vɛn mɡɛbt ejm mˈalkis, brɛnɡt mɛn ejm ʦirˈik arˈaːn in dejm klal uxˈixu
162_165015_0129|אזוי ווי די גמרא זאגט, "ונקלה אחיך לעיניך", "כיון שלקה הרי הוא כאחיך", ווערט ער צוריק דיין ברודער.|azˈɔj vi də ɡəmˈurə zuɡt, ˈinklə uxˈixu lˈajnix xjin ʃlkə hri hˈia xˈaxix virt ɛr ʦirˈik daːn brˈidər.
162_165015_0130|איי, ער איז דאך געווען פארדעם א רשע, ער איז דאך געווען פארדעם א רשע, האט מען אים געגעבן ניין און דרייסיג פראסקעס, ווערט ער יעצט צוריק "אחיך"? וואס איז פשט?|aj, ɛr iz dɔx ɡəvˈejn fardˈejm a rˈuʃə, ɛr iz dɔx ɡəvˈejn fardˈejm a rˈuʃə, hut mɛn ejm ɡəɡˈɛbn najn in drˈajsiɡ frˈaskəs, virt ɛr jɛʦt ʦirˈik uxˈixu vus iz pʃat ?
162_165015_0131|איז דער שאפראנער רב מסביר זייער שיין, אביסל טיפער.|iz dɛr ʃafrˈanər ruv mazbˈir zˈajər ʃajn, abˈisl tˈifər.
162_165015_0133|מ'צווינגט אים. א גט מוז מען דאך געבן מיט א רצון. וואס הייסט אז דו צווינגסט אים?|mʦvinɡt ejm. a ɡajt miz mɛn dɔx ɡejbn mit a ruʦn. vus hajst az di ʦvinɡst ejm ?
162_165015_0134|וויל ער דאך נישט. אדער דו צווינגסט אים צו טון א מצוה.|vil ɛr dɔx niʃt. ˈɔdər di ʦvinɡst ejm ʦi tin a mˈiʦvə.
162_165015_0135|ס'דארף דאך זיין מיט רצון. ס'איז דא מצוות וואס מוזן זיין מיט א רצון, און אז דו צווינגסט אים, אוודאי האט ער נישט קיין ברירה ווייל דו געסט אים פראסקעס. סאו וואס הייסט "כופין אותו עד שיאמר רוצה אני"?|sdaf dɔx zaːn mit ruʦn. siz du mˈiʦvɔjs vus mizn zaːn mit a ruʦn, in az di ʦvinɡst ejm, avˈadə hut ɛr niʃt kan brˈajrə vaːl di ɡɛst ejm frˈaskəs. sɔ vus hajst xˈifin ˈɔjsɔj ɛd ʃˈiamr rˈiʦə ˈani
162_165015_0136|ווייל ער זאגט "רוצה אני", ער וויל דען? יא?|vaːl ɛr zuɡt rˈiʦə ˈani ɛr vil dɛn ? ju ?
162_165015_0137|זאגט ער, דער רמב"ם איז עס מסביר, אבער לאמיר זאגן, ווען דו ווילסט... ס'איז דא א מענטש וואס איז אן אונס, יא?|zuɡt ɛr, dɛr rˈambam iz ɛs mazbˈir, ˈɔbər lˈɔmir zuɡn, vɛn di vilst siz du a mɛnʧ vus iz un ˈɔjnəs, ju ?
162_165015_0138|דו ווילסט טון עפעס, דו ווילסט ארויסגיין פון דיין הויז, און ס'איז דא עפעס א גוי, דזשאני פיקלסאוער, וואס כאפט דיך אן און ער לאזט נישט. ער לאזט נישט, ער כאפט דיך אן, ער לאזט דיך נישט גיין.|di vilst tin ˈɛpəs, di vilst arˈoʊzɡajn fin daːn hoʊz, in siz du ˈɛpəs a ɡɔj, ʤˈani fˈiklsiər, vus xɔft dix un in ɛr lɔzt niʃt. ɛr lɔzt niʃt, ɛr xɔft dix un, ɛr lɔzt dix niʃt ɡajn.
162_165015_0139|דו דארפסט יעצט גיין צו א חתונה, און דו ווילסט גיין צו א חתונה, און דער גוי כאפט דיך אן, ער בינדט דיך צו, ער לאזט נישט.|di darfst jɛʦt ɡajn ʦi a xˈasənə, in di vilst ɡajn ʦi a xˈasənə, in dɛr ɡɔj xɔft dix un, ɛr bindt dix ʦi, ɛr lɔzt niʃt.
162_165015_0140|קומט אן א צווייטער און ער מאקלט אן דעם דזשאני, דעם גוי, און ער לאזט דיך אפ, און אזוי קענסטו גיין צום חתונה, יא?|kimt un a ʦvˈajtər in ɛr maklt un dejm ʤˈani, dejm ɡɔj, in ɛr lɔzt dix ɔp, in azˈɔj kˈɛnsti ɡajn ʦim xˈasənə, ju ?
162_165015_0141|זאגט ער, די זעלבע זאך, ווען א מענטש, יעדער מענטש האט א יצר טוב וואס וויל טון די רצון השם.|zuɡt ɛr, də zˈɛlbə zax, vɛn a mɛnʧ, jˈɛdər mɛnʧ hut a iʦr tɔjv vus vil tin də ruʦn haʃˈɛm.
162_165015_0142|דער יצר הרע כאפט אים נאר אן, ער בינדט אים צו, ער לאזט אים נישט. קומט מען מיט די מלקות, מ'שמייסט אים אן ניין און דרייסיג. מ'שמייסט נישט אן דעם מענטש, מ'שמייסט אן דעם יצר הרע.|dɛr iʦr hrə xɔft ejm nɔr un, ɛr bindt ejm ʦi, ɛr lɔzt ejm niʃt. kimt mɛn mit də mˈalkis, mʃmajst ejm un najn in drˈajsiɡ. mʃmajst niʃt un dejm mɛnʧ, mʃmajst un dejm iʦr hrə.
162_165015_0143|און אזוי ווי מ'שלאגט אוועק דעם יצר הרע, קומט ארויס די עכטע "רוצה אני". א איד וויל עכט, א איד וויל עכט טון די רצון השם. דאס איז דער אמת.|in azˈɔj vi mʃlaɡt avˈɛk dejm iʦr hrə, kimt arˈoʊs də ˈɛxtə rˈiʦə ˈani a jid vil ɛxt, a jid vil ɛxt tin də ruʦn haʃˈɛm. dus iz dɛr ˈɛməs.
162_165015_0144|ווען ער זאגט "רוצה אני" איז עס דער אמת, ווייל מ'האט אנגעפראסקעט דעם "דזשאני" וואס לאזט אים עס נישט טון. "כיון שלקה, הרי הוא כאחיך".|vɛn ɛr zuɡt rˈiʦə ˈani iz ɛs dɛr ˈɛməs, vaːl mhut ˈanɡəfraskət dejm ʤˈani vus lɔzt ejm ɛs niʃt tin. xjin ʃlkə, hri hˈia xˈaxix
162_165015_0145|קומט אויס אזוי, די רגע וואס ער באקומט מלקות ווערט ער עכט ווי א ברודער, ווייל דעמאלטס קומט ארויס די עכטע "רוצה אני", ווייל דאס וויל ער, ער וויל דאך טון די רצון השם.|kimt oʊs azˈɔj, də rˈɛɡə vus ɛr bakˈimt mˈalkis virt ɛr ɛxt vi a brˈidər, vaːl dˈɛmalʦ kimt arˈoʊs də ˈɛxtə rˈiʦə ˈani vaːl dus vil ɛr, ɛr vil dɔx tin də ruʦn haʃˈɛm.
162_165015_0147|און די יארצייט די וואך איז די יארצייט, מ'דארף אים דערמאנען, פון רבי יונתן שטייף, זכותו יגן עלינו.|in də jˈurʦajt də vɔx iz də jˈurʦajt, mdaf ejm dərmˈanən, fin rˈɛbə jɔjnˈusun ʃtajf, zxˈisɔj iɡn ulˈajni.
162_165015_0148|מיין טאטע זאל זיין געזונט האט נאך זוכה געווען צו זען, אסאך מאל משמש צו זיין.|maːn tˈatə zul zaːn ɡəzˈint hut nux zˈixə ɡəvˈejn ʦi zejn, ˈasax mul mʃˈamajʃ ʦi zaːn.
162_165015_0149|איך האב פונקט די וואך געהערט אפאר שיינע זאכן פון מיין טאטע זאל זיין געזונט, וואס ער האט נאך זוכה געווען ביי... מ'קען אים רופן רבי ר' יונתן, יא? ער איז געווען א גאון עולם, ממש א גאון עולם בכל מכמני התורה, ממש ווי מ'האט אים נאר געפרעגט אין נגלה.|ix hub pinkt də vɔx ɡəhˈirt apˈur ʃˈajnə zaxn fin maːn tˈatə zul zaːn ɡəzˈint, vus ɛr hut nux zˈixə ɡəvˈejn baː mˈɛkən ejm rifn rˈɛbə rajʃ jɔjnˈusun, ju ? ɛr iz ɡəvˈejn a ɡˈuən ˈɔjləm, mˈamiʃ a ɡˈuən ˈɔjləm bxul mxmni hatˈɔjrə, mˈamiʃ vi mhut ejm nɔr ɡəfrˈɛɡt in nˈiɡlə.
162_165015_0150|ער איז געווען אין נסתר אויך גאר גרויס, ער האט געקענט די קליינע אותיות. ער איז געווען זייער נאנט מיט'ן מנחת אלעזר. דער מנחת אלעזר איז געווען א גרויסער אין קבלה, מורא'דיג גרויס, יא?|ɛr iz ɡəvˈejn in nˈistur ɔjx ɡur ɡrɔjs, ɛr hut ɡəkˈɛnt də klˈajnə ɔjsˈijɔjs. ɛr iz ɡəvˈejn zˈajər nant mitn mˈinxas ˈaluzr. dɛr mˈinxas ˈaluzr iz ɡəvˈejn a ɡrˈɔjsər in kˈibluh, mˈiradiɡ ɡrɔjs, ju ?
162_165015_0151|רבי יונתן האט געהאט א ירושה, דער סידור האר"י, וואס ער האט געברענגט פון פעסט, וואס ער האט עס נאך געברענגט קיין אמעריקע, ער האט עס אריבערגעברענגט.|rˈɛbə jɔjnˈusun hut ɡəhˈat a jərˈiʃə, dɛr sˈidər haj ˈaləf rajʃ jid, vus ɛr hut ɡəbrˈɛnɡt fin fɛst, vus ɛr hut ɛs nux ɡəbrˈɛnɡt kan amˈɛrikə, ɛr hut ɛs arˈibərɡəbrənɡt.
162_165015_0152|ס'איז דא א גאנצע מעשה מיט דעם סידור, ער האט עס געטראגן דורך בערגן-בעלזן, און ביז מ'האט געכאפט קלעפ פאר דעם, למעשה האט זיך עס ארויסגעדרייט.|siz du a ɡˈanʦə mˈaːsə mit dejm sˈidər, ɛr hut ɛs ɡətrˈuɡn dˈɔrəx bɛrɡn bɛlzn, in biz mhut ɡəxˈapt klɛf far dejm, ləmˈaːsə hut zix ɛs arˈoʊzɡədrajt.
162_165015_0154|דער שליח איז אריבערגעקומען בעטן אז דער בעלזער רב וויל בארגן זיין סידור. האט רבי יונתן געזאגט, "מצוה בו יותר מבשלוחו", ער וויל אליינס אריבערטראגן דעם סידור צום בעלזער רב. מורא'דיג.|dɛr ʃulˈixa iz arˈibərɡəkimən bejtn az dɛr bˈɛlzər ruv vil barɡn zaːn sˈidər. hut rˈɛbə jɔjnˈusun ɡəzˈuɡt, mˈiʦvə bi jˈɔjsajr mibiʃlˈixɔj ɛr vil alˈajns ˈaribərtraɡn dejm sˈidər ʦim bˈɛlzər ruv. mˈiradiɡ.
162_165015_0155|און איך האב אנגעהויבן זאגן, ער איז געווען א בקי אין קבלה.|in ix hub ˈunɡəhɔjbn zuɡn, ɛr iz ɡəvˈejn a bˈukə in kˈibluh.
162_165015_0156|איך האב געזען דערציילן אז דער אמרי חיים איז געווען תשי"ד, ער איז געווען דא אין אמעריקע, רבי יונתן שטייף איז אריבערגעקומען צום טיש.|ix hub ɡəzˈejn dərʦˈajln az dɛr ˈamri xˈajim iz ɡəvˈejn tuf ʃin jid dˈuləd, ɛr iz ɡəvˈejn du in amˈɛrikə, rˈɛbə jɔjnˈusun ʃtajf iz arˈibərɡəkimən ʦim tiʃ.
162_165015_0157|און דער אמרי חיים אינמיטן טיש האט נאכגעזאגט עפעס א זוהר. ער האט געזאגט אז ער געדענקט נישט אויפ'ן מינוט וואו דער זוהר שטייט.|in dɛr ˈamri xˈajim ˈinmitn tiʃ hut nˈuxɡəzuɡt ˈɛpəs a zˈɔjər. ɛr hut ɡəzˈuɡt az ɛr ɡədˈɛnkt niʃt afn minˈit vi dɛr zˈɔjər ʃtajt.
162_165015_0158|נאכ'ן תורה איז רבי יונתן צוגעגאנגען און ער זאגט אז ער מיינט אז דער זוהר איז דארט אויף יענעם פלאץ. שוין, דער אמרי חיים זאגט אים אזוי, "זענט עוסק אין די זאכן? זענט עוסק אין זוהר?"|nuxn tˈɔjrə iz rˈɛbə jɔjnˈusun ʦˈiɡəɡanɡən in ɛr zuɡt az ɛr majnt az dɛr zˈɔjər iz dɔrt oʊf jˈɛnəm plaːʦ. ʃɔjn, dɛr ˈamri xˈajim zuɡt ejm azˈɔj, zɛnt isk in də zaxn ? zɛnt isk in zˈɔjər
162_165015_0159|האט רבי יונתן געזאגט, "איך לערן חק, אין חק איז דא זוהר." אזוי האט ער זיך ארויסגעדרייט.|hut rˈɛbə jɔjnˈusun ɡəzˈuɡt, ix lɛrn xɔjk, in xɔjk iz du zˈɔjər azˈɔj hut ɛr zix arˈoʊzɡədrajt.
162_165015_0160|למעשה איז אויסגעקומען נאך עטליכע מאל וואס דער רבי יונתן האט געזאגט וואו דער זוהר איז. און דער אמרי חיים האט געזען, זאגט ער, אזוי, ער האט געגעבן אזא שמייכל, זאגט ער,|ləmˈaːsə iz ˈoʊzɡəkimən nux ˈɛtləxə mul vus dɛr rˈɛbə jɔjnˈusun hut ɡəzˈuɡt vi dɛr zˈɔjər iz. in dɛr ˈamri xˈajim hut ɡəzˈejn, zuɡt ɛr, azˈɔj, ɛr hut ɡəɡˈɛbn azˈa ʃmajxl, zuɡt ɛr,
162_165015_0161|"ס'זעט אויס אז זי לערנט זייער אסאך חק." יא? דער אמרי חיים האט זייער גוט פארשטאנען אז ס'קומט נישט פון חק, דער איד איז דבוק אין דעם זוהר,|szejt oʊs az zi lirnt zˈajər ˈasax xɔjk ju ? dɛr ˈamri xˈajim hut zˈajər ɡit farʃtˈanən az skimt niʃt fin xɔjk, dɛr jid iz dbik in dejm zˈɔjər,
162_165015_0162|ער קען די קליינע אותיות.|ɛr kɛn də klˈajnə ɔjsˈijɔjs.
162_165015_0163|און איך האב געהערט אויך פון מיין טאטן זאל זיין געזונט, ר' יונתן האט געהאט א שוועסטער, זי האט נישט איבערגעלאזט קיין קינדער, זי האט געהייסן יהודית. איך האב גראדע א שוועסטער וואס מיין טאטע האט געגעבן א נאמען נאך איר.|in ix hub ɡəhˈirt ɔjx fin maːn tatn zul zaːn ɡəzˈint, rajʃ jɔjnˈusun hut ɡəhˈat a ʃvˈɛstər, zi hut niʃt ˈibərɡəlɔzt kan kˈindər, zi hut ɡəhˈajsn jəhˈudis. ix hub ɡrˈadə a ʃvˈɛstər vus maːn tˈatə hut ɡəɡˈɛbn a nˈumən nux ir.
162_165015_0164|מ'האט איר גערופן טאנטע יהודית, האט מען איר גערופן. די אלע אידן וואס האבן איר געקענט אין די ווינער קהילה, איך ווייס נישט, איך האב אים געגעבן נעמען נאך איר. זי איז געווען ממש א צדקת, יא?|mhut ir ɡərˈifn tˈantə jəhˈudis, hut mɛn ir ɡərˈifn. də ˈalə jidn vus hubn ir ɡəkˈɛnt in də vˈinər kəhˈilə, ix vajs niʃt, ix hub ejm ɡəɡˈɛbn nˈɛmən nux ir. zi iz ɡəvˈejn mˈamiʃ a ʦˈɛdajkəs, ju ?
162_165015_0165|דער ר' מיכל בער ווייסמאנדל, דער הייליגער ר' מיכל בער, האט אמאל געזאגט אז ווען איך וויל מיר פארשטעלן וויאזוי אדם און חוה האבן אויסגעזען פאר'ן חטא,|dɛr rajʃ mixl bɛr vˈajsmandl, dɛr hˈajliɡər rajʃ mixl bɛr, hut amˈul ɡəzˈuɡt az vɛn ix vil mir farʃtˈɛln vizˈɔj udm in xˈavu hubn ˈoʊzɡəzejn farn xɛt,
162_165015_0166|איז ווען איך קוק אן דער ר' יונתן מיט זיין שוועסטער, טאנטע יהודית, די פרוי יהודית, ווען זיי זענען צוזאמען,|iz vɛn ix kik un dɛr rajʃ jɔjnˈusun mit zaːn ʃvˈɛstər, tˈantə jəhˈudis, də frɔj jəhˈudis, vɛn zaj zˈɛnən ʦizˈamən,
162_165015_0167|דער ר' יונתן מיט יהודית, קען איך מיר אביסל פארשטעלן, יא, וויאזוי אדם און חוה האבן אויסגעזען פאר די חטא. צו הערסט אזעלכע ווערטער?|dɛr rajʃ jɔjnˈusun mit jəhˈudis, kɛn ix mir abˈisl farʃtˈɛln, ju, vizˈɔj udm in xˈavu hubn ˈoʊzɡəzejn far də xɛt. ʦi hɛrst azˈɛlxə vˈɛrtər ?
162_165015_0168|ס'איז נישט משיג צו זיין די מין שייכות, אזא מין אויסדרוק. אזוי האט ר' מיכל בער געזאגט, האב איך געהערט מיין טאטע האט געזאגט, ר' מיכל בער האט געזאגט.|siz niʃt mʃiɡ ʦi zaːn də min ʃˈajjxus, azˈa min ˈoʊzdrik. azˈɔj hut rajʃ mixl bɛr ɡəzˈuɡt, hub ix ɡəhˈirt maːn tˈatə hut ɡəzˈuɡt, rajʃ mixl bɛr hut ɡəzˈuɡt.
162_165015_0169|און מיין טאטע געדענקט, ר' יונתן פלעגט יעדן טאג נאכ'ן דאווענען גיין אין גראסערי קויפן א פעקל ברויט מיט מילך פאר זיין שוועסטער. זיין שוועסטער איז געווען עלטער ווי אים,|in maːn tˈatə ɡədˈɛnkt, rajʃ jɔjnˈusun flɛɡt jejdn tuɡ nuxn dˈavənən ɡajn in ɡrˈasəri kɔjfn a pɛkl brɔjt mit milx far zaːn ʃvˈɛstər. zaːn ʃvˈɛstər iz ɡəvˈejn ˈɛltər vi ejm,
162_165015_0170|און ער פלעגט גיין אין גראסערי, און ער איז געגאנגען ווי א ווינער רב, אבער ער האט נישט געלאזט קיינער זאל אים מאכן פלאץ אריינלאזן אין די רייע צו באצאלן. ער איז געשטאנען,|in ɛr flɛɡt ɡajn in ɡrˈasəri, in ɛr iz ɡəɡˈanɡən vi a vˈinər ruv, ˈɔbər ɛr hut niʃt ɡəlˈɔzt kˈajnər zul ejm maxn plaːʦ arˈaːnlazn in də rˈajə ʦi baʦˈuln. ɛr iz ɡəʃtˈanən,
162_165015_0171|יעצט טוט ער פאר זיין שוועסטער, ער קויפט ברויט מיט מילך, ער איז ארויפגעגאנגען, האבן זיי געזאגט גוט מארגן. און געברענגט ברויט און מילך, מ'האט זיך באגריסט און מ'איז געגאנגען ווייטער.|jɛʦt tit ɛr far zaːn ʃvˈɛstər, ɛr kɔjft brɔjt mit milx, ɛr iz arˈoʊfɡəɡanɡən, hubn zaj ɡəzˈuɡt ɡit mɔrɡn. in ɡəbrˈɛnɡt brɔjt in milx, mhut zix baɡrˈist in miz ɡəɡˈanɡən vˈaːtər.
162_165015_0174|אז איך וואלט אזוי געוואלט רעדן מיט מיין ברודער ר' יונתן. זי האט אים מורא'דיג געשעצט, ר' יונתן,|az ix vɔlt azˈɔj ɡəvˈɔlt rɛdn mit maːn brˈidər rajʃ jɔjnˈusun. zi hut ejm mˈiradiɡ ɡəʃˈɛʦt, rajʃ jɔjnˈusun,
162_165015_0175|יא? מיין טאטע זאגט מיר אז ווען רבי יונתן האט פארגעלערנט די שיעור,|ju ? maːn tˈatə zuɡt mir az vɛn rˈɛbə jɔjnˈusun hut farɡəlˈirnt də ʃˈiər,
162_165015_0176|פלעגט זיין שוועסטער שטיין דארט און צוהערן. ער האט פארגעלערנט א שיעור, א מנחת חינוך, א לומד'ישע שיעור, טיפע זאכן, און זי איז געשטאנען און צוגעהערט יעדע ווארט, זי האט פארשטאנען,|flɛɡt zaːn ʃvˈɛstər ʃtajn dɔrt in ʦˈihirn. ɛr hut farɡəlˈirnt a ʃˈiər, a mˈinxas xˈinəx, a lˈimdiʃə ʃˈiər, tˈifə zaxn, in zi iz ɡəʃtˈanən in ʦˈiɡəhirt jˈɛdə vɔrt, zi hut farʃtˈanən,
162_165015_0177|זי איז געווען א מלומדת. סאו האט זי געזאגט פאר מיין באבע, "איך וואלט אזוי גערן געקענט באשטיין צו רעדן מיט אים, נאר איך שוין זיין צייט." דו הערסט?|zi iz ɡəvˈejn a məlˈimədəs. sɔ hut zi ɡəzˈuɡt far maːn babˈə, ix vɔlt azˈɔj ɡɛrn ɡəkˈɛnt baʃtˈajn ʦi rɛdn mit ejm, nɔr ix ʃɔjn zaːn ʦaːt di hɛrst ?
162_165015_0178|"איך שוין זיין צייט!" זי האט געשוינט רבי יונתן זיין צייט! זאגט ער,|ix ʃɔjn zaːn ʦaːt zi hut ɡəʃˈɔjnt rˈɛbə jɔjnˈusun zaːn ʦaːt ! zuɡt ɛr,
162_165015_0180|אז מ'זאל זוכה זיין אויסצומעקן דעם עמלק, יא? עמלק, איך מיין ר' שלמה יאנקל געלבמאן פלעגט זאגן, עמלק איז דאך עפל, מעל, לאקשן, און קארטאפל.|az mzul zˈixə zaːn ˈoʊsʦiməkn dejm amˈulək, ju ? amˈulək, ix maːn rajʃ ʃlˈɔjmə jankl ɡəlbmˈan flɛɡt zuɡn, amˈulək iz dɔx ɛpl, mɛl, lakʃn, in kˈartafl.
162_165015_0181|אז מ'עסט אויף די אלע פיר קוגלעך, איז מאכט מען מחיית עמלק, יא?|az mɛst oʊf də ˈalə fir kˈiɡləx, iz maxt mɛn məxajˈajjas amˈulək, ju ?
162_165015_0182|אבער ווי האט יענער געזאגט, וואס קומט א קוגל?|ˈɔbər vi hut jˈɛnər ɡəzˈuɡt, vus kimt a kiɡl ?
162_165015_0183|די גאנצע עמלק איז נאר קוגלעך. וואס איז די גרויסע פראבלעם מיט דעם? מ'דארף אים אויסרייסן דעם עמלק? ס'איז דאך קוגלעך! על כרחך, ער האט געגעבן קאלטע קוגל, כאפסט?|də ɡˈanʦə amˈulək iz nɔr kˈiɡləx. vus iz də ɡrˈɔjsə prɔblˈejm mit dejm ? mdaf ejm ˈoʊsrajsn dejm amˈulək ? siz dɔx kˈiɡləx ! al kurxˈaxu, ɛr hut ɡəɡˈɛbn kˈaltə kiɡl, xafst ?
162_165015_0185|און אויך, איך האב דא אראפגעשריבן נאך אן אינטערעסאנטע מעשה וואס איך האב געזען פון רבי יונתן.|in ɔjx, ix hub du arˈupɡəʃribn nux un ˈintərəsantə mˈaːsə vus ix hub ɡəzˈejn fin rˈɛbə jɔjnˈusun.
162_165015_0187|ס'איז געווען א תלמיד וואס האט אראפגעשריבן זיינע חידושים, ער איז געווען א מרביץ תורה דארט אין נייטרא, און פאר ער איז געווארן רב אין וויען.|siz ɡəvˈejn a tˈalmid vus hut arˈupɡəʃribn zˈaːnə xidˈiʃim, ɛr iz ɡəvˈejn a mrbiʦ tˈɔjrə dɔrt in nˈajtra, in far ɛr iz ɡəvˈɔrn ruv in vˈiən.
162_165015_0188|און צווישן מנחה און מעריב, חוץ די שיעורים וואס ער האט פארגעלערנט, פלעגט ער זאגן חידושים וואס איז נתחדש געווארן יענעם טאג. צווישן מנחה און מעריב, איבער א שעה.|in ʦviʃn mˈinxə in mˈaːrəv, xiʦ də ʃˈiəirim vus ɛr hut farɡəlˈirnt, flɛɡt ɛr zuɡn xidˈiʃim vus iz nisxˈadaʃ ɡəvˈɔrn jˈɛnəm tuɡ. ʦviʃn mˈinxə in mˈaːrəv, ˈibər a ʃu.
162_165015_0189|ער האט געוואלט מרחיב זיין די ידיעות פון די תלמידים, זיי געבן שיינע ידיעות.|ɛr hut ɡəvˈɔlt mˈarxiv zaːn də jdiˈɛɔjs fin də talmˈidim, zaj ɡejbn ʃˈajnə jdiˈɛɔjs.
162_165015_0190|און איינער פלעגט אפשרייבן די חידושים, און ער שרייבט אז ס'האט זיך געקענט מאכן מער ווי איינמאל וואס ר' יונתן האט געזאגט די שפיץ חידוש.|in ˈajnər flɛɡt ˈupʃraːbn də xidˈiʃim, in ɛr ʃraːbt az səhˈut zix ɡəkˈɛnt maxn mɛr vi ˈajnmul vus rajʃ jɔjnˈusun hut ɡəzˈuɡt də ʃpiʦ xˈidiʃ.
162_165015_0191|ווען ער איז אנגעקומען צום שפיץ חידוש, האט ער זיך געשטעלט אין די זייט. און ער האט שטילערהייט געזאגט, אשמנו בגדנו, חטאתי עויתי פשעתי, רבונו של עולם, איך וועל עס בלי נדר מער נישט טון.|vɛn ɛr iz ˈunɡəkimən ʦim ʃpiʦ xˈidiʃ, hut ɛr zix ɡəʃtˈɛlt in də zaːt. in ɛr hut ʃtˈilərhaːt ɡəzˈuɡt, ˈaʃmni bɡdni, xutˈusi uvˈisi puʃˈati, rbˈini ʃɛl ˈɔjləm, ix vɛl ɛs bli nˈajdər mɛr niʃt tin.
162_165015_0192|ער האט ציטערדיג מורא געהאט אז ער האט הנאה געהאט פון דברי תורה, כאילו ער האט געמיינט זיין כבוד.|ɛr hut ʦˈitərdiɡ mˈɔjrə ɡəhˈat az ɛr hut hanˈuə ɡəhˈat fin dbri tˈɔjrə, kəjˈilə ɛr hut ɡəmˈajnt zaːn kˈuvəd.
162_165015_0193|ער איז זיך משתמש בכתרו של תורה, אז ער זאגט א שיינע חידוש, אז מ'האט הנאה פון זיין חידוש, מ'זאל זיך נישט גרויס האלטן. ער האט געציטערט פון אזא מחשבה.|ɛr iz zix miʃtˈamajʃ bxsri ʃɛl tˈɔjrə, az ɛr zuɡt a ʃˈajnə xˈidiʃ, az mhut hanˈuə fin zaːn xˈidiʃ, mzul zix niʃt ɡrɔjs haltn. ɛr hut ɡəʦˈitərt fin azˈa maxaʃˈuvə.
162_165015_0194|ער האט זיך אויפגעשטעלט אין דער זייט און געזאגט, חטאתי עויתי פשעתי, ער גייט עס מער נישט טון, כאילו הנאה האבן פון די תורה, ער איז זיך משתמש זיין אין תורה.|ɛr hut zix ˈɔjfɡəʃtəlt in dɛr zaːt in ɡəzˈuɡt, xutˈusi uvˈisi puʃˈati, ɛr ɡajt ɛs mɛr niʃt tin, kəjˈilə hanˈuə hubn fin də tˈɔjrə, ɛr iz zix miʃtˈamajʃ zaːn in tˈɔjrə.
162_165015_0196|איז בקיצור, וועלן מיר ענק איבערלאזן דא, איך האב געזאגט, איך האב אנגעהויבן מיט דעם זאך אז כי תצא איז פון די סדרות וואס האבן די מערסטע מצוות.|iz bˈɛkiʦər, vɛln mir ɛnk ˈibərluzn du, ix hub ɡəzˈuɡt, ix hub ˈunɡəhɔjbn mit dejm zax az ki tˈajʦaj iz fin də sədˈurɔjs vus hubn də mˈɛrstə mˈiʦvɔjs.
162_165015_0197|איך ווייס נישט פארוואס איך האב מיר דערמאנט, "ברוך אלוקינו שבראנו לכבודו", דער אייבערשטער האט אונז אויסדערוועלט מיט אזויפיל מצוות, "והבדילנו מן התועים". וואס זענען מיר אונז בעסער ווי דער גוי?|ix vajs niʃt farvˈus ix hub mir dərmˈant, bˈurəx ˈalikini ʒbrˈani lxbˈidi dɛr ˈajbərʃtər hut inz ˈoʊzdərvəlt mit ˈazɔjfil mˈiʦvɔjs, ˈibdilni min hsˈiajm vus zˈɛnən mir inz bˈɛsər vi dɛr ɡɔj ?
162_165015_0198|דער אייבערשטער האט אונז געגעבן א תורה, "והבדילנו מן התועים ונתן לנו תורת אמת". אונז זענען מיר דאך אזוי גוט.|dɛr ˈajbərʃtər hut inz ɡəɡˈɛbn a tˈɔjrə, ˈibdilni min hsˈiajm vnˈusan lni tˈɔjras ˈɛməs inz zˈɛnən mir dɔx azˈɔj ɡit.
162_165015_0199|און ס'איז מיר איינגעפאלן דער ניגון, אן אלטער ניגון וואס מ'זינגט אין סקווירא.|in siz mir ˈajnɡəfaln dɛr niɡn, un ˈaltər niɡn vus mzinɡt in skvˈira.
162_165015_0200|דער ניגון איז געמאכט געווארן תשנ"ה דורך דעם באקאנטן ליפא שמעלצער, ווען ער איז נאך געווען א בחור.|dɛr niɡn iz ɡəmˈaxt ɡəvˈɔrn tuf ʃin nin haj dˈɔrəx dejm bakˈantn lˈifa ʃmˈɛlʦər, vɛn ɛr iz nux ɡəvˈejn a bˈuxər.
162_165015_0201|ער האט געמאכט אסאך ניגונים פאר סקווירא, שיינע, ווארימע, שיינע ניגונים וואס מ'זינגט אין סקווירא נאך היינט.|ɛr hut ɡəmˈaxt ˈasax niɡˈinim far skvˈira, ʃˈajnə, vˈarimə, ʃˈajnə niɡˈinim vus mzinɡt in skvˈira nux haːnt.
162_165015_0202|און דער ניגון איז געווען דער ערשטער ניגון וואס ליפא שמעלצער האט געמאכט. קען זיין ער האט געמאכט נאך עפעס א ניגון פארדעם, אבער דער ערשטער ניגון וואס ער האט געהעריג געמאכט און געשיקט דעמאלטס.|in dɛr niɡn iz ɡəvˈejn dɛr ˈɛrʃtər niɡn vus lˈifa ʃmˈɛlʦər hut ɡəmˈaxt. kɛn zaːn ɛr hut ɡəmˈaxt nux ˈɛpəs a niɡn fardˈejm, ˈɔbər dɛr ˈɛrʃtər niɡn vus ɛr hut ɡəhˈɛriɡ ɡəmˈaxt in ɡəʃˈikt dˈɛmalʦ.
162_165015_0203|ער האט געלערנט דעמאלטס אין מקור חיים ישיבה אין ארץ ישראל, און דער סקווערער רבי זאל זיין געזונט האט בר מצוה געמאכט זיין עלטסטע אייניקל, און ער האט געשיקט דעם ניגון פון ארץ ישראל.|ɛr hut ɡəlˈirnt dˈɛmalʦ in mˈukər xˈajim jəʃˈivə in ˈɛrəʦ jisrˈuəl, in dɛr skvˈɛrər rˈɛbə zul zaːn ɡəzˈint hut bar mˈiʦvə ɡəmˈaxt zaːn ˈɛlʦtə ˈajnikl, in ɛr hut ɡəʃˈikt dejm niɡn fin ˈɛrəʦ jisrˈuəl.
162_165015_0204|ער איז געווען א בחור תשנ"ה, מ'רעדט דא פון דרייסיג, איין און דרייסיג יאר צוריק.|ɛr iz ɡəvˈejn a bˈuxər tuf ʃin nin haj, mrɛdt du fin drˈajsiɡ, ajn in drˈajsiɡ jur ʦirˈik.
162_165015_0206|און ס'איז דא אויף א סידי וואס איז ארויסגעקומען, "א הודנו" פון סקווירא, א שיינע ניגון, א שיינע סידי.|in siz du oʊf a sˈidi vus iz arˈoʊzɡəkimən, a hˈidni fin skvˈira, a ʃˈajnə niɡn, a ʃˈajnə sˈidi.
162_165015_0208|ס'ווערט אראפגעזונגען מיט'ן סקווערן חן, מיט'ן סקווערן חן. און ס'איז זייער א געשמאקע ניגון, א לעבעדיגע ניגון. איך האלט דער עולם וועט הנאה האבן.|svirt arˈupɡəzinɡən mitn skvɛrn xajn, mitn skvɛrn xajn. in siz zˈajər a ɡəʃmˈakə niɡn, a lˈɛbədiɡə niɡn. ix halt dɛr ˈɔjləm vɛt hanˈuə hubn.
162_165015_0210|לאמיר אלע האבן א לעכטיגן, פרייליכן, זיסן שבת קודש.|lˈɔmir ˈalə hubn a lˈɛxtiɡn, frˈajləxn, zisn ʃˈabəs kˈɔjdəʃ.
162_165699_0001|מ'האלט דאך שוין סוף יאר, און מיר בעטן דאך "תכלה שנה וקללותיה", און מ'קען אלעס פאררעכטן נאך אין דעם קורצן אלול.|mhalt dɔx ʃɔjn sɔf jur, in mir bejtn dɔx tˈixlə ʃˈunə vəkillɔjsˈɛjhu in mˈɛkən ˈaləs farrˈɛxtn nux in dejm kirʦn ˈɛləl.
162_165699_0002|קען מען יעצט פאררעכטן, אפילו ס'איז שוין שפעט ערב שבת פרשת כי תבוא.|kɛn mɛn jɛʦt farrˈɛxtn, afˈilə siz ʃɔjn ʃpɛt ɛrb ʃˈabəs pˈarʃis ki tuvˈɔja.
162_165699_0003|און מ'האט דאך שוין גערעדט אז ס'איז א מורא'דיגע צייט יעצט פון די גאולה סוף יאר.|in mhut dɔx ʃɔjn ɡərˈɛt az siz a mˈiradiɡə ʦaːt jɛʦt fin də ɡˈulə sɔf jur.
162_165699_0005|האט דער הייליגער רבי אהרן טשערנאבלער געזאגט, "וואס עפעס? האסטו שוין אויפגעגעבן אויף די יאר? וואס עפעס האסטו שוין אויפגעגעבן?|hut dɛr hˈajliɡər rˈɛbə arn ʧˈɛrnablər ɡəzˈuɡt, vus ˈɛpəs ? hˈusti ʃɔjn ˈoʊfɡəɡejbn oʊf də jur ? vus ˈɛpəs hˈusti ʃɔjn ˈoʊfɡəɡejbn ?
162_165699_0007|די וועלט זאגט א ווערטל, איך מיין איך האב שוין אויך געזאגט, אז חודש אלול איז טאקע מסוגל אויף די גאולה. פארוואס? ווייל רוב מענטשן האבן שוין אויפגעגעבן אלול.|də vɛlt zuɡt a vɛrtl, ix maːn ix hub ʃɔjn ɔjx ɡəzˈuɡt, az xˈɔjdəʃ ˈɛləl iz tˈakə mˈɛsiɡl oʊf də ɡˈulə. farvˈus ? vaːl rɔv mɛnʧn hubn ʃɔjn ˈoʊfɡəɡejbn ˈɛləl.
162_165699_0008|יעצט קומט שוין די נייע יאר, מ'רעדט פון תשפ"ז, יעדער איז ביזי מיט ראשי תיבות אין "תהא שנת" די גאולה וואו ס'גייט זיין, וואו ס'איז מרומז די גאולה, יא, "פדות" איז אויף שני, "וזאת מות" איז אויף לוי, מ'זוכט אלע מיני ראשי תיבות'ן דא.|jɛʦt kimt ʃɔjn də nˈaːjə jur, mrɛdt fin tuf ʃin paj zˈajən, jˈɛdər iz bˈizi mit rˈuʃi tˈajvɔjs in təhˈaj ʃnas də ɡˈulə vi sɡajt zaːn, vi siz mrimz də ɡˈulə, ju, pdis iz oʊf ʃnaj, vzɔjs mˈuvɛs iz oʊf lɔj, mzixt ˈalə mˈini rˈuʃi tˈajvɔjsn du.
162_165699_0009|און ס'שטייט דאך "אין בן דוד בא אלא בהיסח הדעת", משיח וועט נאר קומען ווען מ'וועט פארגעסן, מ'וועט נישט טראכטן.|in sʃtajt dɔx in bɛn dˈuvid bɔj ˈala bəhˈɛjsajx hadˈaas mˈuʃiəx vɛt nɔr kˈimən vɛn mvɛt faːrɡˈɛsn, mvɛt niʃt traxtn.
162_165699_0010|אין א שיינעם העלן טאג, דאס וועט פלוצלונג וועט מען הערן א געוואלד אז דער עולם איז שוין געקומען.|in a ʃˈajnəm hɛln tuɡ, dus vɛt plˈiʦlinɡ vɛt mɛn hirn a ɡəvˈald az dɛr ˈɔjləm iz ʃɔjn ɡəkˈimən.
162_165699_0011|איז יעצט איז דא די גרעסטע היסח הדעת, ווייל יעדער טראכט שוין וואס וועט זיין תשפ"ז. תשפ"ז קומט א גוט יאר. וואס האסטו אויפגעגעבן אויף תשפ"ו? ער קומט שוין!|iz jɛʦt iz du də ɡrˈɛstə hajsx hadˈaas, vaːl jˈɛdər traxt ʃɔjn vus vɛt zaːn tuf ʃin paj zˈajən. tuf ʃin paj zˈajən kimt a ɡit jur. vus hˈusti ˈoʊfɡəɡejbn oʊf tuf ʃin paj vuv ? ɛr kimt ʃɔjn !
162_165699_0013|סאו לאמיר זיך אביסל אריינרוקן דא אין דעם פרשת כי תבוא, איז דאך דא א געוואלד צו רעדן, ביכורים, פון הודאה צום אייבערשטן.|sɔ lˈɔmir zix abˈisl arˈaːnrikn du in dejm pˈarʃis ki tuvˈɔja, iz dɔx du a ɡəvˈald ʦi rɛdn, bikˈirim, fin hɔjdˈuə ʦim ˈajbərʃtn.
162_165699_0014|דער באקאנטער אור החיים הקדוש, יא, פון וואס מ'מאכט "בכל הטוב" – טובת תורה, ווען די אידן וואלטן געוואוסט ווי זיס די תורה איז, וואלטן זיי פשוט משוגע געווארן.|dɛr bakˈantər ɔjr haxˈajim hakˈudəʃ, ju, fin vus mmaxt bxul htib tˈɔjvas tˈɔjrə, vɛn də jidn vɔltn ɡəvˈist vi zis də tˈɔjrə iz, vɔltn zaj pˈuʃit mʃˈiɡə ɡəvˈɔrn.
162_165699_0015|אזוי זאגט דער אור החיים הקדוש, פשוט משוגע פון זיסקייט. און מ'רעדט פון די תוכחה, און דער אייבערשטער האט שוין איבערגעדרייט.|azˈɔj zuɡt dɛr ɔjr haxˈajim hakˈudəʃ, pˈuʃit mʃˈiɡə fin zˈiskaːt. in mrɛdt fin də tɔjxˈuxə, in dɛr ˈajbərʃtər hut ʃɔjn ˈibərɡədrajt.
162_165699_0016|יא, דער זוהר הקדוש זאגט דאך אז מ'דרייט אלעס איבער, אז מ'הערט יא צו וואס דער אייבערשטער זאגט, איז אלעס מרומז אזעלכע הויכע זאכן אין די תוכחה, מ'האט עס ניטאמאל געוואלט ארויסשרייבן אזעלכע הויכע זאכן.|ju, dɛr zˈɔjər hakˈudəʃ zuɡt dɔx az mdrajt ˈaləs ˈibər, az mhɛrt ju ʦi vus dɛr ˈajbərʃtər zuɡt, iz ˈaləs mrimz azˈɛlxə hˈɔjxə zaxn in də tɔjxˈuxə, mhut ɛs nˈitamal ɡəvˈɔlt arˈoʊsʃraːbn azˈɛlxə hˈɔjxə zaxn.
162_165699_0017|איך האב געהערט אז דער הייליגער תפארת שלמה זאגט ער, אז היינט האט מען דאך נישט קיין בית המקדש, און מ'קען דאך נישט מקריב זיין קרבנות, סאו וואס טוט מען?|ix hub ɡəhˈirt az dɛr hˈajliɡər tifˈɛrɛs ʃlˈɔjmə zuɡt ɛr, az haːnt hut mɛn dɔx niʃt kan bajs hamˈikduʃ, in mˈɛkən dɔx niʃt mkrib zaːn kˈurbnɔjs, sɔ vus tit mɛn ?
162_165699_0018|איז דאך דא א בחינה פון "ונשלמה פרים שפתינו", אז ווען מ'רעדט, "כל העוסק בתורת עולה כאילו הקריב עולה", ער איז עוסק אין א... ער זאגט די פסוקים פון די עולה, ס'איז כאילו ער האט מקריב געווען די עולה.|iz dɔx du a bxˈinə fin ˈinʃlmə frim sfusˈajni az vɛn mrɛdt, kɔl hˈɛisk bsˈɔjras ˈilə kəjˈilə hkrib ˈilə ɛr iz isk in a ɛr zuɡt də psˈikim fin də ˈilə, siz kəjˈilə ɛr hut mkrib ɡəvˈejn də ˈilə.
162_165699_0019|איז ווען איינער זאגט די ווערטער פון די תוכחה, מ'איז מעביר סדרה, מ'לערנט עס דורך, איז כאילו מ'איז שוין אפגעקומען דעם... כאילו מ'האט שוין באקומען אלע צרות חלילה, און פון היינט און ווייטער קומט נאר גוטס.|iz vɛn ˈajnər zuɡt də vˈɛrtər fin də tɔjxˈuxə, miz məbˈir sˈidrə, mlirnt ɛs dˈɔrəx, iz kəjˈilə miz ʃɔjn ˈupɡəkimən dejm kəjˈilə mhut ʃɔjn bakˈimən ˈalə ʦˈurɔjs xalˈilə, in fin haːnt in vˈaːtər kimt nɔr ɡiʦ.
162_165699_0020|יא, ס'קומט גוטע זאכן.|ju, skimt ɡˈitə zaxn.
162_165699_0022|און די אידן האבן זיך זייער דערשראקן, זיי זענען געווען פארלוירן, וואס גייט מען דא טון?|in də jidn hubn zix zˈajər dərʃrˈakn, zaj zˈɛnən ɡəvˈejn farlˈɔjrn, vus ɡajt mɛn du tin ?
162_165699_0023|דער אלטער שופט האט מען זיך געקענט אביסל אונטערשמירן מיט שוחד, מ'האט אים געקענט אביסל אונטערקויפן, אבער דא איז דא א נייער מענטש, מ'קען אים נישט אונטערקויפן, וואס וועט זיין.|dɛr ˈaltər ʃˈɔjfət hut mɛn zix ɡəkˈɛnt abˈisl ˈintərʃmirn mit ʃˈɔjxəd, mhut ejm ɡəkˈɛnt abˈisl ˈintərkɔjfn, ˈɔbər du iz du a nˈajər mɛnʧ, mˈɛkən ejm niʃt ˈintərkɔjfn, vus vɛt zaːn.
162_165699_0024|איז האט דער סאטמארער רב געזאגט, וואס הייסט מ'קען אים נישט אונטערשמירן? מ'האט מורא, מ'ציטערט.|iz hut dɛr sˈatmarər ruv ɡəzˈuɡt, vus hajst mˈɛkən ejm niʃt ˈintərʃmirn ? mhut mˈɔjrə, mʦˈitərt.
162_165699_0025|ס'איז דא, לאמיר זען, דער שופט האט אויף הענט? האט ער געזאגט, אוודאי האט ער הענט. ער האט אויף הענט, קען מען אים אונטערשמירן. וואס איז די שאלה? ס'שטייט דאך "הידים ידי עשו".|siz du, lˈɔmir zejn, dɛr ʃˈɔjfət hut oʊf hɛnt ? hut ɛr ɡəzˈuɡt, avˈadə hut ɛr hɛnt. ɛr hut oʊf hɛnt, kɛn mɛn ejm ˈintərʃmirn. vus iz də ʃˈaːlə ? sʃtajt dɔx hˈidim ˈidi ˈajsəv
162_165699_0026|וואס מיינט "הידים ידי עשו"? פארוואס האט עשו הענט? ער האט נישט קיין טעם אויף די הענט אז מ'זאל אים קענען אונטערשמירן.|vus majnt hˈidim ˈidi ˈajsəv farvˈus hut ˈajsəv hɛnt ? ɛr hut niʃt kan tam oʊf də hɛnt az mzul ejm kˈɛnən ˈintərʃmirn.
162_165699_0027|"והקדוש ברוך הוא מצילנו מידם", זאגט ער, סאטמאר רב האט געזאגט, "שבכל דור ודור עומדים עלינו לכלותינו, והקדוש ברוך הוא מצילנו מידם", זאגט מען דארטן די הגדה, יא? דער אייבערשטער ראטעוועט אונז.|ˈikdiʃ bˈurəx hˈia mʦˈilni midm zuɡt ɛr, sˈatmar ruv hut ɡəzˈuɡt, ʃˈɛbxul dur idˈir ˈimdim ulˈajni lxalɔjsˈajni, ˈikdiʃ bˈurəx hˈia mʦˈilni midm zuɡt mɛn dɔrtn də hˈaɡudə, ju ? dɛr ˈajbərʃtər rˈatəvət inz.
162_165699_0028|יעדער דור שטייען אויף רשעים וואס ווילן אונז חלילה פארלענדן, חלילה, און דער אייבערשטער ראטעוועט אונז. "והקדוש ברוך הוא מצילנו" וויאזוי?|jˈɛdər dur ʃtˈajən oʊf rʃajm vus viln inz xalˈilə farlˈɛndn, xalˈilə, in dɛr ˈajbərʃtər rˈatəvət inz. ˈikdiʃ bˈurəx hˈia mʦˈilni vizˈɔj ?
162_165699_0029|"מידם", פון זייערע הענט, ווייל זיי האבן הענט, און מ'קען זיי אריינרוקן דארט אפאר דאלער. א פאר שיינע דאלארן קען מען זיי אונטערשמירן. פאר דעם איז א גוי געמאכט געווארן.|midm fin zˈajərə hɛnt, vaːl zaj hubn hɛnt, in mˈɛkən zaj arˈaːnrikn dɔrt apˈur dˈɔlər. a far ʃˈajnə dˈalarn kɛn mɛn zaj ˈintərʃmirn. far dejm iz a ɡɔj ɡəmˈaxt ɡəvˈɔrn.
162_165699_0030|דאס איז באקאנט אז דער הייליגער ר' ישעי'לע קערעסטירער פלעגט זאגן אז א גוי דארף נעמען. א גוי מוז נעמען. אויב נעמט ער געלט, איז גוט.|dus iz bakˈant az dɛr hˈajliɡər rajʃ ˈiʃajlə kərəstˈirər flɛɡt zuɡn az a ɡɔj daf nˈɛmən. a ɡɔj miz nˈɛmən. ɔjb nɛmt ɛr ɡɛlt, iz ɡit.
162_165699_0031|און אז ער נעמט נישט געלט, דארף ער ארייננעמען א מיאוס'ע משונה. א גוי מוז נעמען, אזוי פלעגט ער זאגן בקיצור.|in az ɛr nɛmt niʃt ɡɛlt, daf ɛr arˈaːnnəmən a mˈiiəs ɛ məʃˈinə. a ɡɔj miz nˈɛmən, azˈɔj flɛɡt ɛr zuɡn bˈɛkiʦər.
162_165699_0032|טייטשט דארט ר' אנשעלע מיללער, זאגט ער אזא זיסע ווארט, איך מיין ער זאגט עס פון זיך אליין.|tajʧt dɔrt rajʃ ˈanʃələ mˈillər, zuɡt ɛr azˈa zˈisə vɔrt, ix maːn ɛr zuɡt ɛs fin zix alˈajn.
162_165699_0033|געווענליך ווען ס'שטייט אין די תורה "אשר לא ישא פנים", קומט מיט דעם דער פסוק "ולא יקח שוחד". יא, אזוי ווי ס'שטייט אין פסוק,|ɡəvˈɛnləx vɛn sʃtajt in də tˈɔjrə ˈuʃər lɔj ˈiʃa pˈunəm kimt mit dejm dɛr pˈusik ˈila jˈikax ʃˈɔjxəd ju, azˈɔj vi sʃtajt in pˈusik,
162_165699_0034|"לא תשא פנים ולא תקח שוחד". דער איינער איז מסביר פנים, ס'מיינט ער קוקט אוועק און ער נעמט שוחד, ס'גייט צוזאמען, מ'נעמט שוחד,|lɔj tˈisu pˈunəm ˈila tˈikax ʃˈɔjxəd dɛr ˈajnər iz mazbˈir pˈunəm, smajnt ɛr kikt avˈɛk in ɛr nɛmt ʃˈɔjxəd, sɡajt ʦizˈamən, mnɛmt ʃˈɔjxəd,
162_165699_0035|קוקט מען אוועק. אבער דא שטייט אין די תורה אן אנדערע,|kikt mɛn avˈɛk. ˈɔbər du ʃtajt in də tˈɔjrə un ˈandərə,
162_165699_0036|אויך דער ענין פון ישא פנים. אבער וואס איז דא?|ɔjx dɛr ˈinjən fin ˈiʃa pˈunəm. ˈɔbər vus iz du ?
162_165699_0037|"גוי עז פנים אשר לא ישא פנים לזקן ונער לא יחון". ס'שטייט דא "אשר לא ישא פנים", אבער ס'שטייט נישט "ולא יקח שוחד". יא?|ɡɔj ɛz pˈunəm ˈuʃər lɔj ˈiʃa pˈunəm lzˈukajn ˈinər lɔj jəxˈavn sʃtajt du ˈuʃər lɔj ˈiʃa pˈunəm ˈɔbər sʃtajt niʃt ˈila jˈikax ʃˈɔjxəd ju ?
162_165699_0038|ס'שטייט דאך "אשר לא ישא פנים", שוחד שטייט נישט, ער גייט נישט נעמען. ממילא, זאגט ער, דאס איז מרמז דא אין די תוכחה, דאס איז די גרעסטע ברכה. "אשר לא ישא פנים",|sʃtajt dɔx ˈuʃər lɔj ˈiʃa pˈunəm ʃˈɔjxəd ʃtajt niʃt, ɛr ɡajt niʃt nˈɛmən. mˈɛmajlə, zuɡt ɛr, dus iz mrˈamajz du in də tɔjxˈuxə, dus iz də ɡrˈɛstə brˈuxə. ˈuʃər lɔj ˈiʃa pˈunəm
162_165699_0039|אבער ס'שטייט נישט "אשר לא יקח שוחד". ער וועט זיין א שטרענגע שופט. אבער ס'שטייט נישט "לא יקח שוחד", ער נעמט יא שוחד. דא ליגט די גרעסטע ברכה.|ˈɔbər sʃtajt niʃt ˈuʃər lɔj jˈikax ʃˈɔjxəd ɛr vɛt zaːn a ʃtrˈɛnɡə ʃˈɔjfət. ˈɔbər sʃtajt niʃt lɔj jˈikax ʃˈɔjxəd ɛr nɛmt ju ʃˈɔjxəd. du liɡt də ɡrˈɛstə brˈuxə.
162_165699_0040|ס'איז אנגעקומען צו א גוי וואס זאגט יא, ער איז שוחד. טאקע דער וועט זיין שטרענגער, אבער מיט אפאר דאלער וועט מען קענען אונטערשמירן, ער האט אלעס פארן געשמירט. אין דעם תוכחה ליגט א ברכה.|siz ˈunɡəkimən ʦi a ɡɔj vus zuɡt ju, ɛr iz ʃˈɔjxəd. tˈakə dɛr vɛt zaːn ʃtrˈɛnɡər, ˈɔbər mit apˈur dˈɔlər vɛt mɛn kˈɛnən ˈintərʃmirn, ɛr hut ˈaləs farn ɡəʃmˈirt. in dejm tɔjxˈuxə liɡt a brˈuxə.
162_165699_0041|ס'שטייט נישט די ווארט, ס'שטייט א נשיאת הפנים, אבער נישט א לקיחת השוחד. פיין, וועט ער נעמען שוחד דער גוי.|sʃtajt niʃt də vɔrt, sʃtajt a nʃˈias hfnim, ˈɔbər niʃt a lkixs haʃˈɔjxad. faːn, vɛt ɛr nˈɛmən ʃˈɔjxəd dɛr ɡɔj.
162_165699_0042|און ס'איז אויך דא, ס'שטייט דאך דער פסוק דארט,|in siz ɔjx du, sʃtajt dɔx dɛr pˈusik dɔrt,
162_165699_0043|"כאשר ידאה הנשר... גוי אשר לא תשמע לשונו". ס'איז געווען אין איינע פון די צייטן,|xaʃr ˈida hnʃr ɡɔj ˈuʃər lɔj tˈiʃma lʃˈini siz ɡəvˈejn in ˈajnə fin də ʦaːtn,
162_165699_0044|א גזירה אין רוסלאנד איז געווען א שטיק צייט, אז מ'האט געטראפן א ייד מיט פאות אין די גאס, האט ער באקומען א שטראף, האט ער אים איינגעזעצט, האט ער נישט געווען גארנישט קיין פאות. ס'איז געווען באקאנט, איך מיין,|a ɡzˈajrə in rˈusland iz ɡəvˈejn a ʃtik ʦaːt, az mhut ɡətrˈafn a jid mit pˈajɔjs in də ɡaːs, hut ɛr bakˈimən a ʃtruf, hut ɛr ejm ˈajnɡəzəʦt, hut ɛr niʃt ɡəvˈejn ɡˈurniʃt kan pˈajɔjs. siz ɡəvˈejn bakˈant, ix maːn,
162_165699_0045|אזוי דאכט זיך, קען זיין איך אבער איך מיין אין גער איז מען געגאנגען די פאות אונטער'ן קאפל. איך מיין, איך טראכט אז ס'קומט פון יענע גזירה, האט זיך עס אנגעהויבן.|azˈɔj daxt zix, kɛn zaːn ix ˈɔbər ix maːn in ɡɛr iz mɛn ɡəɡˈanɡən də pˈajɔjs ˈintərn kafl. ix maːn, ix traxt az skimt fin jˈɛnə ɡzˈajrə, hut zix ɛs ˈunɡəhɔjbn.
162_165699_0046|בקיצור, מ'האט נישט געקענט גיין מיט די פאות אין די גאס, מ'האט נישט געלאזט, ס'איז נישט געווען אזוי ווי היינט, א מלכות של חסד.|bˈɛkiʦər, mhut niʃt ɡəkˈɛnt ɡajn mit də pˈajɔjs in də ɡaːs, mhut niʃt ɡəlˈɔzt, siz niʃt ɡəvˈejn azˈɔj vi haːnt, a mˈalxis ʃɛl xˈɛsəd.
162_165699_0047|על כל פנים, איינמאל עפעס א חסיד איז ער ארויסגעלאפן צו סליחות, אזוי ביינאכט, ער האט געכאפט א מקוה, ער איז געגאנגען אזוי מיט א נאסע פאות, מיט א גרויסע שיעור, און ער איז געלאפן אין גאס.|al kɔl pˈunəm, ˈajnmul ˈɛpəs a xˈusid iz ɛr arˈoʊzɡəlafn ʦi slˈixis, azˈɔj bˈajnaxt, ɛr hut ɡəxˈapt a mki, ɛr iz ɡəɡˈanɡən azˈɔj mit a nˈasə pˈajɔjs, mit a ɡrˈɔjsə ʃˈiər, in ɛr iz ɡəlˈafn in ɡaːs.
162_165699_0049|בקיצור, דער חסיד שרייט, "וואס ווילסטו פון מיר? דו האסט דאך פאות!"|bˈɛkiʦər, dɛr xˈusid ʃrajt, vus vˈilsti fin mir ? di hust dɔx pˈajɔjs
162_165699_0050|בקיצור, ס'איז געווארן דארט א גאנצע קאמאושן, ווי מ'זאגט, מענטשן זענען געקומען וואס מ'האט אים איינגעזעצט אויף פאות.|bˈɛkiʦər, siz ɡəvˈɔrn dɔrt a ɡˈanʦə kˈamiʃn, vi mzuɡt, mɛnʧn zˈɛnən ɡəkˈimən vus mhut ejm ˈajnɡəzəʦt oʊf pˈajɔjs.
162_165699_0051|איינער האט נישט געמאכט קיין מעשה, ס'וואקט צו, ער האט גענומען א פעקל רובל און געגעבן א רוק אריין פאר דעם זשאנדאר. און דער זשאנדאר איז געווארן, אה, ער האט זיך דערמאנט אז ער קען ארויסגיין, מ'האט אים באפרייט.|ˈajnər hut niʃt ɡəmˈaxt kan mˈaːsə, svakt ʦi, ɛr hut ɡənˈimən a pɛkl ribl in ɡəɡˈɛbn a rik arˈaːn far dejm ʒˈandar. in dɛr ʒˈandar iz ɡəvˈɔrn, a, ɛr hut zix dərmˈant az ɛr kɛn arˈoʊzɡajn, mhut ejm bafrˈajt.
162_165699_0052|"כסף יענה את הכל", מ'האט אים אריינגערוקט אפאר שוחטים, יא, ער איז געווארן א שוחט פון גסות, פון בהמות, און ער האט ארויסגעלאזט דעם יוד.|kˈɛsəf jˈɛnə ɛs hakl mhut ejm arˈaːnɡərikt apˈur ʃɔjxˈatim, ju, ɛr iz ɡəvˈɔrn a ʃˈɔjxət fin ɡsis, fin bəhˈajmɔjs, in ɛr hut arˈoʊzɡəlɔzt dejm jid.
162_165699_0053|בקיצור, דער חסיד האט געזען וואס טוט זיך, האט ער געזאגט, "איך האב נישט פארשטאנען דעם פסוק.|bˈɛkiʦər, dɛr xˈusid hut ɡəzˈejn vus tit zix, hut ɛr ɡəzˈuɡt, ix hub niʃt farʃtˈanən dejm pˈusik.
162_165699_0054|שטייט דאך דארט דא אז 'אשר לא תשמע לשונו', דער גוי, מ'וועט טרעפן א גוי וואס וועט נישט קענען זיין שפראך, יא, וואס וועט נישט פארשטיין זיין שפראך.|ʃtajt dɔx dɔrt du az ˈuʃər lɔj tˈiʃma lʃˈini dɛr ɡɔj, mvɛt trɛfn a ɡɔj vus vɛt niʃt kˈɛnən zaːn ʃprax, ju, vus vɛt niʃt farʃtˈajn zaːn ʃprax.
162_165699_0055|וויאזוי וועט מען זיך אויסלערנען מיט... אה, וואס איז פשט פון דעם?" יעצט פארשטייט ער די עומק דערפון.|vizˈɔj vɛt mɛn zix ˈoʊslirnən mit a, vus iz pʃat fin dejm jɛʦt farʃtˈajt ɛr də imk dərfˈin.
162_165699_0056|דער גוי שרייט "פאות", ער מיינט אבער געלט, ער מיינט נישט די פאות. איך האב נישט פארשטאנען וואס ער וויל. ברוך השם, דער אייבערשטער האט אהערגעשיקט דעם איד וואס האט פארשטאנען וואס ער וויל. איך האב פשוט נישט פארשטאנען וואס ער מיינט.|dɛr ɡɔj ʃrajt pˈajɔjs ɛr majnt ˈɔbər ɡɛlt, ɛr majnt niʃt də pˈajɔjs. ix hub niʃt farʃtˈanən vus ɛr vil. bˈurəx haʃˈɛm, dɛr ˈajbərʃtər hut ahˈɛrɡəʃikt dejm jid vus hut farʃtˈanən vus ɛr vil. ix hub pˈuʃit niʃt farʃtˈanən vus ɛr majnt.
162_165699_0057|ער שרייט "פאות", אבער פאות? ס'גייט אים אן פאות? ווען ער שרייט "פאות", מיינט ער געלט. די ווארט איז, אז איך גיי נישט פארשטיין די שפראך. און ס'וועט קומען א איד וואס וועט יא פארשטיין.|ɛr ʃrajt pˈajɔjs ˈɔbər pˈajɔjs ? sɡajt ejm un pˈajɔjs ? vɛn ɛr ʃrajt pˈajɔjs majnt ɛr ɡɛlt. də vɔrt iz, az ix ɡaj niʃt farʃtˈajn də ʃprax. in svɛt kˈimən a jid vus vɛt ju farʃtˈajn.
162_165699_0058|דאס מיינט "אשר לא תשמע לשונו", ער וועט נישט פארשטיין די שפראך, ס'וועט זיין א פראבלעם, ער וועט נישט וויסן. ווייסט לכאורה, מ'קוקט אריין אין פסוק, וועט מען נישט פארשטיין די שפראך פון די גוי.|dus majnt ˈuʃər lɔj tˈiʃma lʃˈini ɛr vɛt niʃt farʃtˈajn də ʃprax, svɛt zaːn a prɔblˈejm, ɛr vɛt niʃt visn. vajst lixˈɔjrə, mkikt arˈaːn in pˈusik, vɛt mɛn niʃt farʃtˈajn də ʃprax fin də ɡɔj.
162_165699_0059|נו, וועל איך נישט פארשטיין, וואס איז די פראבלעם? אויב מ'פארשטייט נישט די שפראך, איז צרות, ווייל ער שרייט "פאות", און קיינער ווייסט נישט וואס ער וויל.|ni, vɛl ix niʃt farʃtˈajn, vus iz də prɔblˈejm ? ɔjb mfarʃtˈajt niʃt də ʃprax, iz ʦˈurɔjs, vaːl ɛr ʃrajt pˈajɔjs in kˈajnər vajst niʃt vus ɛr vil.
162_165699_0060|ברוך השם, דא איז געווען איינער וואס האט פארשטאנען, ווען ער האט געשריגן "פאות" האט ער געוואוסט אז ער מיינט געלט.|bˈurəx haʃˈɛm, du iz ɡəvˈejn ˈajnər vus hut farʃtˈanən, vɛn ɛr hut ɡəʃrˈiɡn pˈajɔjs hut ɛr ɡəvˈist az ɛr majnt ɡɛlt.
162_165699_0061|איך ווייס נישט דא אויך אזא ענליכע מעשה, אז דער אמרי חיים האט אמאל... ער האט אמאל שפאצירט אויפן גאס,|ix vajs niʃt du ɔjx azˈa ˈɛnləxə mˈaːsə, az dɛr ˈamri xˈajim hut amˈul ɛr hut amˈul ʃpˈaʦirt afn ɡaːs,
162_165699_0062|ס'איז נאך געווען דעמאלטס די געלט האט געהייסן פונט. און זיין גבאי, ווער איז געווען דעמאלטס דער גבאי? ר' ברוך, ר' ברוך, עפעס א ר' ברוך,|siz nux ɡəvˈejn dˈɛmalʦ də ɡɛlt hut ɡəhˈajsn fint. in zaːn ɡˈabə, vɛr iz ɡəvˈejn dˈɛmalʦ dɛr ɡˈabə ? rajʃ bˈurəx, rajʃ bˈurəx, ˈɛpəs a rajʃ bˈurəx,
162_165699_0063|איך וויל מיר נישט דערמאנען. ער איז געגאנגען אין בית המדרש, און דער מאור חיים האט געהערט ווי עפעס א פרוי שטייט, זי האט ראטעוועט, מיין קינד גייט חלש'ן, מיין קינד דערשטיקט זיך. זי האט געזאגט,|ix vil mir niʃt dərmˈanən. ɛr iz ɡəɡˈanɡən in bajs hamˈidruʃ, in dɛr mˈuər xˈajim hut ɡəhˈirt vi ˈɛpəs a frɔj ʃtajt, zi hut rˈatəvət, maːn kind ɡajt xlʃn, maːn kind dərʃtˈikt zix. zi hut ɡəzˈuɡt,
162_165699_0064|די קינד דערשטיקט זיך. און דער גבאי האט געוואלט לויפן ראטעווען, זאגט דער מאור חיים, קום אהער, ער האט ארויסגענומען אפאר פונט פון טאש, און געזאגט פאר דעם גבאי,|də kind dərʃtˈikt zix. in dɛr ɡˈabə hut ɡəvˈɔlt lɔjfn rˈatəvən, zuɡt dɛr mˈuər xˈajim, kim ahˈɛr, ɛr hut arˈoʊzɡənimən apˈur fint fin taʃ, in ɡəzˈuɡt far dejm ɡˈabə,
162_165699_0065|גיי גיב עס פאר די פרוי דארט. געבן פאר די פרוי, און די פרוי האט זיך בארואיגט. און דער גבאי פרעגט, רבי, וואס איז דיר איינגעפאלן צו געבן געלט?|ɡaj ɡib ɛs far də frɔj dɔrt. ɡejbn far də frɔj, in də frɔj hut zix barˈuaːɡt. in dɛr ɡˈabə frɛɡt, rˈɛbə, vus iz dir ˈajnɡəfaln ʦi ɡejbn ɡɛlt ?
162_165699_0066|איך זע אז די געלט האט איר בארואיגט, זי האט אבער געשטיגן אז דער קינד שטיקט זיך. זאגט ער, דו האסט געהערט ווי זי שרייט, די קינד שטיקט זיך, איך האב געהערט געלט.|ix zɛ az də ɡɛlt hut ir barˈuaːɡt, zi hut ˈɔbər ɡəʃtˈiɡn az dɛr kind ʃtikt zix. zuɡt ɛr, di hust ɡəhˈirt vi zi ʃrajt, də kind ʃtikt zix, ix hub ɡəhˈirt ɡɛlt.
162_165699_0067|איך האב געהערט ווי זי שרייט געלט. אסאך מאל דארף מען פארשטיין וואס מ'שרייט. יא, יא,|ix hub ɡəhˈirt vi zi ʃrajt ɡɛlt. ˈasax mul daf mɛn farʃtˈajn vus mʃrajt. ju, ju,
162_165699_0068|זייער שיין, זייער גוט.|zˈajər ʃajn, zˈajər ɡit.
162_165699_0069|איז נאך א ווארט וואס איך האב געזען פונעם הייליגן סאטמאר רב זכרונו לברכה. ער שרייבט דארט א מעשה, א איד איז געקומען צום,|iz nux a vɔrt vus ix hub ɡəzˈejn fˈinəm hˈajliɡn sˈatmar ruv zxrˈini livrˈuxə. ɛr ʃraːbt dɔrt a mˈaːsə, a jid iz ɡəkˈimən ʦim,
162_165699_0070|נאך אין שטאט סאטמאר זיך צו באקלאגן פאר'ן סאטמארער רבי'ן זכר צדיק לברכה, אז ס'איז דא א איד וואס מאכט אים אביסל משוגע.|nux in ʃtut sˈatmar zix ʦi baklˈaɡn farn sˈatmarər rbin zˈajxər ʦˈadik livrˈuxə, az siz du a jid vus maxt ejm abˈisl mʃˈiɡə.
162_165699_0071|עפעס דרייט זיך ביי אים אינדערהיים און פירט זיך אויף צו אים ממש ווי א צודרייטער. ער גייט אים אויף די נערוון, ער האט נישט קיין מנוחה, טאג און נאכט.|ˈɛpəs drajt zix baː ejm ˈindərhajm in firt zix oʊf ʦi ejm mˈamiʃ vi a ʦˈidrajtər. ɛr ɡajt ejm oʊf də nɛrvn, ɛr hut niʃt kan mnˈixə, tuɡ in naxt.
162_165699_0072|ס'קומען אויס בעטן אן עצה פונעם סאטמארער רבי'ן. דער סאטמארער רבי האט געזאגט, ער זאל זיך אויך משוגע מאכן. מאך דיך משוגע, ווי מ'זאגט, ער גייט צוריק צודרייט צו אים, וועט ער אוועקגיין.|skˈimən oʊs bejtn un ˈajʦə fˈinəm sˈatmarər rbin. dɛr sˈatmarər rˈɛbə hut ɡəzˈuɡt, ɛr zul zix ɔjx mʃˈiɡə maxn. max dix mʃˈiɡə, vi mzuɡt, ɛr ɡajt ʦirˈik ʦˈidrajt ʦi ejm, vɛt ɛr avˈɛkɡajn.
162_165699_0073|יא? ער פירט זיך אויף, און די מקוש תתפלל, ווי מ'זאגט, ער פירט זיך אויף צו א משוגענער צו דיר, פיר דיך אויף צוריק צו א צודרייטער.|ju ? ɛr firt zix oʊf, in də mkiʃ sfll, vi mzuɡt, ɛr firt zix oʊf ʦi a məʃˈiɡənər ʦi dir, fir dix oʊf ʦirˈik ʦi a ʦˈidrajtər.
162_165699_0074|האט ער דעמאלטס געזאגט בדרך צחות, ער האט דאך אלץ געזאגט מיט אזא ווערטל, האט ער געזאגט, ס'איז דא א פלא'דיגע שטיקל, סוף פון די שמעתי ממורי'ס,|hut ɛr dˈɛmalʦ ɡəzˈuɡt bˈɛdərəx ʦˈuxɔjs, ɛr hut dɔx alʦ ɡəzˈuɡt mit azˈa vɛrtl, hut ɛr ɡəzˈuɡt, siz du a flˈadiɡə ʃtikl, sɔf fin də ʃumˈati mmˈiris,
162_165699_0076|איז דא אסאך שטיקלעך שמעתי ממורי'ס וואס ער האט געהערט פונעם הייליגן בעל שם טוב.|iz du ˈasax ʃtˈikləx ʃumˈati mmˈiris vus ɛr hut ɡəhˈirt fˈinəm hˈajliɡn baːl ʃɛm tɔjv.
162_165699_0077|זייער אסאך שטיקלעך פארשטייט מען נישט וואס דאס מיינט, דערהויבענע שטיקלעך. ס'איז אסאך געשריבן געווארן אויף די "שמעתי ממורי'ס".|zˈajər ˈasax ʃtˈikləx farʃtˈajt mɛn niʃt vus dus majnt, dˈɛrhɔjbənə ʃtˈikləx. siz ˈasax ɡəʃrˈibn ɡəvˈɔrn oʊf də ʃumˈati mmˈiris
162_165699_0078|איך האב אמאל געהערט פון מיין טאטן זאל זיין געזונט, אז דער הייליגער רבי פנחס'ל קאריצער האט געזאגט, וואס טוט מען אין היכל משיח?|ix hub amˈul ɡəhˈirt fin maːn tatn zul zaːn ɡəzˈint, az dɛr hˈajliɡər rˈɛbə pˈinxusəl kˈariʦər hut ɡəzˈuɡt, vus tit mɛn in hajxl mˈuʃiəx ?
162_165699_0079|ס'איז דאך דא א היכל פון משיח, וואס טוט מען דארט? האט ער געזאגט, אין היכל המשיח לערנט מען די "שמעתי ממורי'ס".|siz dɔx du a hajxl fin mˈuʃiəx, vus tit mɛn dɔrt ? hut ɛr ɡəzˈuɡt, in hajxl hamuʃˈixa lirnt mɛn də ʃumˈati mmˈiris
162_165699_0080|אזוי האט ער געזאגט, א מורא'דיגע זאך. מ'לערנט פשט אין "שמעתי ממורי" פונעם תולדות, אבער דאס טוט מען אין היכל משיח.|azˈɔj hut ɛr ɡəzˈuɡt, a mˈiradiɡə zax. mlirnt pʃat in ʃumˈati mmˈiri fˈinəm tˈɔjldɔjs, ˈɔbər dus tit mɛn in hajxl mˈuʃiəx.
162_165699_0084|ער שטעלט צוזאם די צוויי פסוקים. האט דער צאנזער רב געזאגט, אזעלכע צדיקים, תלמידי בעל שם, האבן פרובירט צו זאגן פשט אין דעם.|ɛr ʃtɛlt ʦˈizam də ʦvaj psˈikim. hut dɛr ʦˈanzər ruv ɡəzˈuɡt, azˈɛlxə ʦdˈikim, talmˈidaj baːl ʃɛm, hubn prˈibirt ʦi zuɡn pʃat in dejm.
162_165699_0085|האט דער צאנזער רב געזאגט, לויט דעם קען מען זאגן, "יַכְּכָה ה' בְּשִׁגָּעוֹן" - אז דער אייבערשטער וועט דיר חס ושלום ברענגען אויף דיר עפעס א צודרייטער, און דו ווערסט געשלאגן ווערן מיט דעם, ווייסטו וואס די עצה איז?|hut dɛr ʦˈanzər ruv ɡəzˈuɡt, loʊt dejm kɛn mɛn zuɡn, jid kɔj kɔj haj haj ba ʃ ɡiml i nin az dɛr ˈajbərʃtər vɛt dir xas ˈiʃlim brˈejnɡən oʊf dir ˈɛpəs a ʦˈidrajtər, in di vɛrst ɡəʃlˈuɡn virn mit dejm, vˈajsti vus də ˈajʦə iz ?
162_165699_0088|דיין נבילה וועט זיין צו עסן פאר אלע פייגל פון הימל, און אויפעסן דיין נבילה. און אזוי האט ער אים געזאגט דעם פסוק, ער האט אים אזוי כאילו געוואונטשן פאר'ן תקיעת שופר בלאזן.|daːn nbˈilə vɛt zaːn ʦi ɛsn far ˈalə fajɡl fin himl, in ˈoʊfəsn daːn nbˈilə. in azˈɔj hut ɛr ejm ɡəzˈuɡt dejm pˈusik, ɛr hut ejm azˈɔj kəjˈilə ɡəvˈinʧn farn tkˈias ʃˈɔjfər bluzn.
162_165699_0090|בענטשט מיר דער רבי מיט אזא ברכה, מיט עפעס אזא תוכחה, עפעס אזא קללה? ס'כאפט א שטיקל פחד.|bɛnʧt mir dɛr rˈɛbə mit azˈa brˈuxə, mit ˈɛpəs azˈa tɔjxˈuxə, ˈɛpəs azˈa klˈulə ? sxɔft a ʃtikl pˈaxad.
162_165699_0091|האט דער רבי ר' מאיר'ל געזען ווי דער איד דערשרעקט זיך, זאגט ער, וואס פארשטייסטו נישט?|hut dɛr rˈɛbə rajʃ maːrl ɡəzˈejn vi dɛr jid dərʃrˈɛkt zix, zuɡt ɛr, vus farʃtˈajsti niʃt ?
162_165699_0093|ס'געבט ארויס אזא זיסע שטימע, א זיסן קול.|sɡɛbt arˈoʊs azˈa zˈisə ʃtˈimə, a zisn kul.
162_165699_0095|ווילן מקטרג זיין און ווילן זאגן אז די תקיעה זאל נישט ארבעטן,|viln məkˈatrəɡ zaːn in viln zuɡn az də tkˈiə zul niʃt ˈarbətn,
162_165699_0096|זאל דיין זיסע שטימע דאס מאכן פארלענדן פאר די אלע מלאכים דארטן, די מקטרגים. דער אייבערשטער זאל טאקע העלפן אז מ'זאל האבן לויטערע ברכות.|zul daːn zˈisə ʃtˈimə dus maxn farlˈɛndn far də ˈalə mlˈaxim dɔrtn, də mkˈatrɡim. dɛr ˈajbərʃtər zul tˈakə hɛlfn az mzul hubn lˈɔjtərə brˈuxəs.
162_165699_0097|און אזוי ווי ס'איז שפעט וועלן מיר עס דא ענדיגן און דערמאנען די יארצייטן פון רבי יעקב קאפל חסיד, איז פרייטאג די יארצייט.|in azˈɔj vi siz ʃpɛt vɛln mir ɛs du ˈɛndiɡn in dərmˈanən də jˈurʦajtn fin rˈɛbə jˈankəv kafl xˈusid, iz frˈaːtuɡ də jˈurʦajt.
162_165699_0098|ער איז געווען דער באקאנטער בעל תפילה טאקע ביים הייליגן בעל שם טוב הקדוש.|ɛr iz ɡəvˈejn dɛr bakˈantər baːl tfˈilə tˈakə bam hˈajliɡn baːl ʃɛm tɔjv hakˈudəʃ.
162_165699_0099|פון אים, דער באקאנטער וויזשניצער ניגון קומט מיט יסודות, זאגט מען, פון רבי יעקב קאפל.|fin ejm, dɛr bakˈantər vˈiʒniʦər niɡn kimt mit jsˈɔjdɔjs, zuɡt mɛn, fin rˈɛbə jˈankəv kafl.
162_165699_0100|און י"ח אלול, די יארצייט פון דער הייליגער מהר"ל מפראג, האבן מיר שוין גערעדט, און אז רבי יוסף'לע פון אוסטילא, א זון פון רבי מרדכי'לע מנעשכיז, אויך א גרויסער צדיק.|in jid xɛs ˈɛləl, də jˈurʦajt fin dɛr hˈajliɡər mahˈaral mfraɡ, hubn mir ʃɔjn ɡərˈɛt, in az rˈɛbə jˈisflə fin ˈistila, a zin fin rˈɛbə mrdxˈilə mnˈɛʃxiz, ɔjx a ɡrˈɔjsər ʦˈadik.
162_165699_0102|און מ'האט שוין אסאך ארומגערעדט אויף דעם ענין, סאו וועל איך ארויפלייגן א ניגון דא.|in mhut ʃɔjn ˈasax arˈimɡərədt oʊf dejm ˈinjən, sɔ vɛl ix arˈoʊflajɡn a niɡn du.
162_165699_0103|מ'דארף דאך לויבן דעם אייבערשטן בשמחה, און מ'רעדט דאך די וואך "שלא יכפוך טובה", אזוי הייבט זיך אן די פרשה, אז ס'זאל נישט זיין קיין "יכפוך טובה", זאלסט דאנקען דעם אייבערשטן, "ונאמר לפניו שיר חדש".|mdaf dɔx lɔjbn dejm ˈajbərʃtn bsˈimxə, in mrɛdt dɔx də vɔx ʃˈɛlɔj ˈixfix tˈɔjvə azˈɔj hajbt zix un də pˈarʃə, az szul niʃt zaːn kan ˈixfix tˈɔjvə zulst dˈankən dejm ˈajbərʃtn, ˈinamr lfnji ʃir xˈuduʃ
162_165699_0104|איך געדענק נישט זיכער צו איך האב שוין אמאל ארויפגעלייגט דעם ניגון, קען זיין אז יא, באט איך וועל עס נאכאמאל ארויפלייגן, ווייל איך מיין איך האב עס נאכנישט ארויפגעלייגט.|ix ɡədˈɛnk niʃt zˈixər ʦi ix hub ʃɔjn amˈul arˈoʊfɡəlajɡt dejm niɡn, kɛn zaːn az ju, bat ix vɛl ɛs nˈuxamul arˈoʊflajɡn, vaːl ix maːn ix hub ɛs nˈuxniʃt arˈoʊfɡəlajɡt.
162_165699_0109|האטס מיר אלע א לעכטיגן הייליגן שבת קודש.|haʦ mir ˈalə a lˈɛxtiɡn hˈajliɡn ʃˈabəs kˈɔjdəʃ.
162_165699_0119|יעלז שדי וכל אשר בו, אז ירננו כל עצי יער.|jɛlz ʃˈadaː ixl ˈuʃər bi, az ˈirnni kɔl ˈɛʦi jɛr.
162_165699_0124|כי כל אלהי העמים אלילים, וה' שמים עשה.|ki kɔl ˈalhi hˈɛmim ˈalilim, i ʃmim ˈɛsə.
162_165699_0130|שירו לאלוקים זמרו שמו, סולו לרוכב בערבות,|ʃˈiri lˈalikim zmri ʃmi, sˈili lrixb buarˈuvɔjs,
162_165699_0133|שירו לאלוקים זמרו שמו, סולו לרוכב בערבות,|ʃˈiri lˈalikim zmri ʃmi, sˈili lrixb buarˈuvɔjs,
162_165699_0137|ביה שמו,|bi ʃmi,
162_166297_0001|די אונטערשטע וואך פאר ראש השנה, נעקסטע וואך האפט מען נאך צו קענען מאכן א שבת בעקל פאר ראש השנה,|də ˈintərʃtə vɔx far rɔjʃ haʃˈunə, nˈɛkstə vɔx haft mɛn nux ʦi kˈɛnən maxn a ʃˈabəs bɛkl far rɔjʃ haʃˈunə,
162_166297_0002|אבער די שבת פאר ראש השנה, אלע סליחות, ס'קומט דאך שוין, מ'גייט דאך זאגן סליחות,|ˈɔbər də ʃˈabəs far rɔjʃ haʃˈunə, ˈalə slˈixis, skimt dɔx ʃɔjn, mɡajt dɔx zuɡn slˈixis,
162_166297_0003|ס'כאפט אזא שטיקל שאקל ווי מ'האלט מיר דא אויפ'ן וועלט. מ'גייט אריין צו א נייע יאר, תשפ"ז,|sxɔft azˈa ʃtikl ʃakl vi mhalt mir du afn vɛlt. mɡajt arˈaːn ʦi a nˈaːjə jur, tuf ʃin paj zˈajən,
162_166297_0004|און יא, די וואך קען מען מתקן זיין פון דעם גאנצן יאר, זאגן דאך צדיקים, דעם אונטערשטן שבת קען מען מתקן זיין אלע שבתים. בקיצור,|in ju, də vɔx kɛn mɛn msˈikun zaːn fin dejm ɡanʦn jur, zuɡn dɔx ʦdˈikim, dejm ˈintərʃtn ʃˈabəs kɛn mɛn msˈikun zaːn ˈalə ʃabˈusim. bˈɛkiʦər,
162_166297_0005|מ'רעדט דא פון גרויסע טעג, ס'דרייט זיך א וועלט.|mrɛdt du fin ɡrˈɔjsə tejɡ, sdrajt zix a vɛlt.
162_166297_0006|און מיר זעען אביסל אויפ'ן פרשה נצבים וילך, די איך האב געזען אין דער ראחמיסטריווקער רבי זכר צדיק לברכה אין אמרות טהורות, ס'איז א שיין זאך,|in mir zˈɛən abˈisl afn pˈarʃə niʦˈuvim vaˈajiləx, də ix hub ɡəzˈejn in dɛr rˈaxmistrivkər rˈɛbə zˈajxər ʦˈadik livrˈuxə in ˈamris təhˈɔjrɔjs, siz a ʃajn zax,
162_166297_0007|ער ברענגט בשם דער הייליגער טריסקער מגיד ברענגט אזוי שיין. ס'איז דא א מדרש, א באקאנטע מדרש,|ɛr brɛnɡt bʃajm dɛr hˈajliɡər trˈiskər mˈaɡəd brɛnɡt azˈɔj ʃajn. siz du a mˈɛdrəʃ, a bakˈantə mˈɛdrəʃ,
162_166297_0009|אויף וועם גייט ארויף דער "פנה אל תפלת הערער"? דער אייבערשטער קערט צו די תפלה פון דער ערער. ווער איז דער ערער? ס'איז א שלעכטע לשון.|oʊf vɛm ɡajt arˈoʊf dɛr pˈunə al tfˈilas hˈɛrər dɛr ˈajbərʃtər kɛrt ʦi də tfˈilə fin dɛr ˈɛrər. vɛr iz dɛr ˈɛrər ? siz a ʃlˈɛxtə luʃn.
162_166297_0010|ערער ווערט געדארשנט אז ס'איז צוויי מאל רע. ערער איז צוויי מאל שלעכט, ס'איז רע.|ˈɛrər virt ɡədˈarʃnt az siz ʦvaj mul rɛ. ˈɛrər iz ʦvaj mul ʃlɛxt, siz rɛ.
162_166297_0011|דער אייבערשטער קערט זיך צו אזעלכע מענטשן וואס ווערן אנגערופן מתים במעשיהם, זיי זענען טויטע מענטשן חלילה, זיי האבן גארנישט פון זיך,|dɛr ˈajbərʃtər kɛrt zix ʦi azˈɛlxə mɛnʧn vus virn ˈunɡərifn mˈajsim bmˈɛʃim, zaj zˈɛnən tˈɔjtə mɛnʧn xalˈilə, zaj hubn ɡˈurniʃt fin zix,
162_166297_0012|זיי זענען ממש ליידיג און פוסט, און אפילו מיט דעם אלעם, זיי שטעלן זיך דאווענען פאר'ן הייליגן באשעפער ראש השנה יום כיפור. דער אייבערשטער באשאפט זיי עפעס א נייע מין,|zaj zˈɛnən mˈamiʃ lˈajdiɡ in fist, in afˈilə mit dejm ˈaləm, zaj ʃtɛln zix dˈavənən farn hˈajliɡn baʃˈɛfər rɔjʃ haʃˈunə jɔjm xifˈir. dɛr ˈajbərʃtər baʃˈaft zaj ˈɛpəs a nˈaːjə min,
162_166297_0014|זיי זענען אזעלכע מענטשן וואס זענען ממש ליידיג, זיי האבן גארנישט, זיי זענען טויט. אבער אזוי ווי זיי שטעלן זיך דא אוועק ראש השנה יום כיפור, דער אייבערשטער זאגט, איך באשאף א נייע זאך,|zaj zˈɛnən azˈɛlxə mɛnʧn vus zˈɛnən mˈamiʃ lˈajdiɡ, zaj hubn ɡˈurniʃt, zaj zˈɛnən tɔjt. ˈɔbər azˈɔj vi zaj ʃtɛln zix du avˈɛk rɔjʃ haʃˈunə jɔjm xifˈir, dɛr ˈajbərʃtər zuɡt, ix baʃˈaf a nˈaːjə zax,
162_166297_0015|און דער אייבערשטער, ווי מ'זאגט, ער פארשעמט נישט זייערע תפלות און ער שרייבט זיך אפ א גוט יאר.|in dɛr ˈajbərʃtər, vi mzuɡt, ɛr farʃˈɛmt niʃt zˈajərə tfˈilɔjs in ɛr ʃraːbt zix ɔp a ɡit jur.
162_166297_0016|וויאזוי ארבעט עס? וויאזוי ארבעט אזא זאך?|vizˈɔj ˈarbət ɛs ? vizˈɔj ˈarbət azˈa zax ?
162_166297_0018|די גמרא דרשנ'ט אז ער האט געגעסן די אינעווייניג, די קערלעך, די שאלעכץ האט ער אוועקגעווארפן. ווייל די גמרא פרעגט דארט, רבי מאיר האט דאך געלערנט תורה פון אחר.|də ɡəmˈurə dˈarʃant az ɛr hut ɡəɡˈɛsn də ˈinəvajniɡ, də kˈɛrləx, də ʃˈaləxʦ hut ɛr avˈɛkɡəvarfn. vaːl də ɡəmˈurə frɛɡt dɔrt, rˈɛbə mˈajər hut dɔx ɡəlˈirnt tˈɔjrə fin ˈaxər.
162_166297_0019|יא, וויאזוי האט ער געקענט לערנען תורה פון אחר? ס'האט דאך נישט געטויגט מיט דעם אחר. זאגט די גמרא, רבי מאיר האט געטראפן א מילגרוים, ער האט גענומען די קערלעך, און די קליפה, די שאלעכץ האט ער נישט געגעסן, די קליפה.|ju, vizˈɔj hut ɛr ɡəkˈɛnt lˈirnən tˈɔjrə fin ˈaxər ? səhˈut dɔx niʃt ɡətˈɔjɡt mit dejm ˈaxər. zuɡt də ɡəmˈurə, rˈɛbə mˈajər hut ɡətrˈafn a mˈilɡrɔjm, ɛr hut ɡənˈimən də kˈɛrləx, in də klˈipə, də ʃˈaləxʦ hut ɛr niʃt ɡəɡˈɛsn, də klˈipə.
162_166297_0020|ער האט געוואוסט וואס אויסצוקלויבן, די גוטסקייט. אבער רבי מאיר האט עס געקענט טון, אונז ווייסן מיר נישט וויאזוי מען טוט עס.|ɛr hut ɡəvˈist vus ˈoʊsʦiklɔjbn, də ɡˈiʦkaːt. ˈɔbər rˈɛbə mˈajər hut ɛs ɡəkˈɛnt tin, inz vajsn mir niʃt vizˈɔj mɛn tit ɛs.
162_166297_0021|רבי מאיר האט געקענט ארויסקלויבן די גוטע חלק פון אחר.|rˈɛbə mˈajər hut ɡəkˈɛnt arˈoʊsklɔjbn də ɡˈitə xˈajlək fin ˈaxər.
162_166297_0022|זאגט ער, ס'איז דא אויך נאך א גמרא, רבי מאיר האט געזאגט פאר די שומר התפיסה דארט, און ער האט אים געזאגט אז די באקאנטע גמרא, ווען ס'וועט זיין א צרה, זאל ער זאגן "אלקא דמאיר ענני".|zuɡt ɛr, siz du ɔjx nux a ɡəmˈurə, rˈɛbə mˈajər hut ɡəzˈuɡt far də ʃˈɔjmər hatfˈisə dɔrt, in ɛr hut ejm ɡəzˈuɡt az də bakˈantə ɡəmˈurə, vɛn svɛt zaːn a ʦˈurə, zul ɛr zuɡn ˈalka dmaːr ˈɛnni
162_166297_0023|יא, יעדער ווייסט דאך וואס איז אלקא דמאיר ענני, איך בין פאר קיינעם נישט מחדש דא. און דער מהרש"א זאגט דארט, וואס מיינט אלקא דמאיר ענני?|ju, jˈɛdər vajst dɔx vus iz ˈalka dmaːr ˈɛnni, ix bin far kˈajnəm niʃt mxˈadajʃ du. in dɛr mahˈarʃə zuɡt dɔrt, vus majnt ˈalka dmaːr ˈɛnni ?
162_166297_0024|זייער סאך מענטשן ווייסן נישט וואס איז דער פשט, און ס'איז א מהרש"א וואס זאגט דארט וואס איז דער פשט, אזוי זאגט דער מהרש"א.|zˈajər sax mɛnʧn vajsn niʃt vus iz dɛr pʃat, in siz a mahˈarʃə vus zuɡt dɔrt vus iz dɛr pʃat, azˈɔj zuɡt dɛr mahˈarʃə.
162_166297_0026|אלקא, דער אייבערשטער, דער מאיר וואס ער באלייכט די וועלט, ענני, ער וועט אים העלפן.|ˈalka, dɛr ˈajbərʃtər, dɛr mˈajər vus ɛr balˈajxt də vɛlt, ˈɛnni, ɛr vɛt ejm hɛlfn.
162_166297_0027|קומט אויס אז מאיר, דער ווארט מאיר גייט ארויף אויפ'ן הייליגן באשעפער, יא, אלקא דמאיר, המאיר לארץ ולדרים.|kimt oʊs az mˈajər, dɛr vɔrt mˈajər ɡajt arˈoʊf afn hˈajliɡn baʃˈɛfər, ju, ˈalka dmaːr, hmaːr lurʦ ˈildrim.
162_166297_0029|די גמרא זאגט, אפילו פושעי ישראל, די שלעכטע פון די אידן חלילה, די נישט גוטע, מלאים מצוות כרימון, זענען אנגעפאקט מיט מצוות אזוי ווי א מילגרוים.|də ɡəmˈurə zuɡt, afˈilə fˈiʃaj jisrˈuəl, də ʃlˈɛxtə fin də jidn xalˈilə, də niʃt ɡˈitə, mlaːm mˈiʦvɔjs xrˈimin, zˈɛnən ˈanɡəfakt mit mˈiʦvɔjs azˈɔj vi a mˈilɡrɔjm.
162_166297_0031|זאגט דער הייליגער טריסקער מגיד, בראש השנה שטייט "כל באי עולם יעברו לפניו כבני מרון". זיי גייען אריבער כבני מרון.|zuɡt dɛr hˈajliɡər trˈiskər mˈaɡəd, bˈɛruʃ haʃˈunə ʃtajt kɔl baː ˈɔjləm jˈɛbri lfnji xbni mrin zaj ɡˈajən arˈibər xbni mrin.
162_166297_0032|זאגט ער, מרון איז די אותיות רמון. דער אייבערשטער, וויאזוי קענען אלע מענטשן אריבערגיין פאר'ן אייבערשטן ראש השנה?|zuɡt ɛr, mrin iz də ɔjsˈijɔjs rmin. dɛr ˈajbərʃtər, vizˈɔj kˈɛnən ˈalə mɛnʧn arˈibərɡajn farn ˈajbərʃtn rɔjʃ haʃˈunə ?
162_166297_0033|ס'איז דא מענטשן וואס מאכן בובות, וואס מאכן נארישקייטן. איז נאר וואס דען? כבני רמון.|siz du mɛnʧn vus maxn bˈibis, vus maxn nˈariʃkaːtn. iz nɔr vus dɛn ? xbni rmin.
162_166297_0034|דער אייבערשטער קוקט זיי אן אזוי ווי א רמון, ער נעמט ארויס די גוטע חלק. יעדער איד האט א פינטעלע איד וואס איז דעלישעס, וואס איז גוט, אזוי קען ער האבן א קיום.|dɛr ˈajbərʃtər kikt zaj un azˈɔj vi a rmin, ɛr nɛmt arˈoʊs də ɡˈitə xˈajlək. jˈɛdər jid hut a fˈintələ jid vus iz dˈɛliʃəs, vus iz ɡit, azˈɔj kɛn ɛr hubn a kˈiəm.
162_166297_0035|און דער הייליגער טריסקער מגיד זאגט, דאס הייסט "אתם נצבים היום כלכם". "אתם נצבים", זאגט דער זוהר הקדוש, "היום" – שטייט דאך "אתם נצבים היום" גייט ארויף אויף ראש השנה.|in dɛr hˈajliɡər trˈiskər mˈaɡəd zuɡt, dus hajst ˈatɛm niʦˈuvim hˈaːəm xlxm ˈatɛm niʦˈuvim zuɡt dɛr zˈɔjər hakˈudəʃ, hˈaːəm ʃtajt dɔx ˈatɛm niʦˈuvim hˈaːəm ɡajt arˈoʊf oʊf rɔjʃ haʃˈunə.
162_166297_0036|דער "היום" איז א ראש השנה, "היום הרת עולם". יא?|dɛr hˈaːəm iz a rɔjʃ haʃˈunə, hˈaːəm hˈaras ˈɔjləm ju ?
162_166297_0037|דער אייבערשטער, "נצבים" איז ראשי תיבות, זאגט ער, "נצבים צדיקים בני ישראל רמון".|dɛr ˈajbərʃtər, niʦˈuvim iz rˈuʃi tˈajvɔjs, zuɡt ɛr, niʦˈuvim ʦdˈikim bnaj jisrˈuəl rmin
162_166297_0038|"נצבים צדיקים בני ישראל רמון", אזוי זאגט ער ראשי תיבות פון "נצבים".|niʦˈuvim ʦdˈikim bnaj jisrˈuəl rmin azˈɔj zuɡt ɛr rˈuʃi tˈajvɔjs fin niʦˈuvim
162_166297_0039|די אידישע קינדער שטעלן זיך אוועק פאר'ן אייבערשטן אזוי ווי צדיקים, אזוי ווי א רמון, ווי א מילגרוים, ממילא קען מען זיי האבן א זיס געבענטשט יאר, "היום", דעם ראש השנה.|də jˈidiʃə kˈindər ʃtɛln zix avˈɛk farn ˈajbərʃtn azˈɔj vi ʦdˈikim, azˈɔj vi a rmin, vi a mˈilɡrɔjm, mˈɛmajlə kɛn mɛn zaj hubn a zis ɡəbˈɛnʧt jur, hˈaːəm dejm rɔjʃ haʃˈunə.
162_166297_0040|און דער טריסקער מגיד פירט אויס מורא'דיגע ווערטער. די אלע זאכן זענען זייער גוט אויף התחזקות, מליצה יושרה, יא?|in dɛr trˈiskər mˈaɡəd firt oʊs mˈiradiɡə vˈɛrtər. də ˈalə zaxn zˈɛnən zˈajər ɡit oʊf hsxzkis, məlˈiʦə jˈiʃrə, ju ?
162_166297_0041|מ'איז זיך מחזק, מ'האלט ביי אזא צובראכענע צייט, אבער דו זאלסט וויסן אז דער אייבערשטער נעמט אן דיינע תפילות. אבער דאס איז זייער גוט ווען דו האסט שוין נישט קיין ברירה.|miz zix mxˈazajk, mhalt baː azˈa ʦˈibraxənə ʦaːt, ˈɔbər di zulst visn az dɛr ˈajbərʃtər nɛmt un dˈaːnə tfˈilɔjs. ˈɔbər dus iz zˈajər ɡit vɛn di hust ʃɔjn niʃt kan brˈajrə.
162_166297_0042|דו קענסט זיך אבער נישט יעצט פארלאזן אויף דעם. מ'גייט יעצט זאגן סליחות, אלע סליחות, און טראכטן, "ניין, ס'קומט גוטע צייטן, כבולעו כך פולטו, דער אייבערשטער וועט נעמען דאס פינטעלע איד, יעדער איז גוט."|di kɛnst zix ˈɔbər niʃt jɛʦt farlˈuzn oʊf dejm. mɡajt jɛʦt zuɡn slˈixis, ˈalə slˈixis, in traxtn, najn, skimt ɡˈitə ʦaːtn, xbˈiləi kux fˈilti, dɛr ˈajbərʃtər vɛt nˈɛmən dus fˈintələ jid, jˈɛdər iz ɡit
162_166297_0043|ער שטעלט זיך אוועק מיט א גיטאר און הייבט אן צו טשילן. ניין, ניין, ניין. יעדער מענטש דארף זיך געבן א נעם אין די האנט אריין, יא?|ɛr ʃtɛlt zix avˈɛk mit a ɡˈitar in hajbt un ʦi ʧiln. najn, najn, najn. jˈɛdər mɛnʧ daf zix ɡejbn a nɛm in də hant arˈaːn, ju ?
162_166297_0044|ער זאגט דארט, "לך ה' הצדקה" – דער רבונו של עולם, דו געסט אונז טאקע צדקה, ווי מ'זאגט, פאר פרי, בחנם, דו טוסט א געוואלדיגע חסד, אבער "ולנו בשת הפנים" – אונז דארף מען זיך אבער שעמען.|ɛr zuɡt dɔrt, ləxˈu haj haʦdˈukə dɛr rbˈini ʃɛl ˈɔjləm, di ɡɛst inz tˈakə ʦdˈukə, vi mzuɡt, far pˈajrə, bxˈinum, di tist a ɡəvˈaldiɡə xˈɛsəd, ˈɔbər ˈilni bʃs hfnim inz daf mɛn zix ˈɔbər ʃˈɛmən.
162_166297_0045|ער זאגט, "שעמען!" סאו מ'קען עס נוצן נאר בדוחק ווען מ'האט שוין נישט קיין ברירה.|ɛr zuɡt, ʃˈɛmən sɔ mˈɛkən ɛs niʦn nɔr bədˈɔjxək vɛn mhut ʃɔjn niʃt kan brˈajrə.
162_166297_0046|אבער יעצט, ווען ס'איז נאך אין צייט פארדעם, קען מען, דארף מען זיך א שאקל טון, יא?|ˈɔbər jɛʦt, vɛn siz nux in ʦaːt fardˈejm, kɛn mɛn, daf mɛn zix a ʃakl tin, ju ?
162_166297_0047|דער ספר הקדוש, דער טריסקער מגיד, איך מיין איך האב עס שוין פארציילט דא, אז ס'איז געווען דארט מוצאי שבת, דער ערשטער טאג סליחות.|dɛr sˈajfər hakˈudəʃ, dɛr trˈiskər mˈaɡəd, ix maːn ix hub ɛs ʃɔjn farʦˈajlt du, az siz ɡəvˈejn dɔrt mˈuʦə ʃˈabəs, dɛr ˈɛrʃtər tuɡ slˈixis.
162_166297_0048|מ'גייט יעצט זאגן סליחות דעם ערשטן טאג. און ס'איז שווער איבערצוזאגן, אבער מ'זאגט עס איבער, ס'זאל זיין א מליצה יושרה, אז דער טריסקער מגיד האט עס געקענט זאגן.|mɡajt jɛʦt zuɡn slˈixis dejm ɛrʃtn tuɡ. in siz ʃvir ˈibərʦizaɡn, ˈɔbər mzuɡt ɛs ˈibər, szul zaːn a məlˈiʦə jˈiʃrə, az dɛr trˈiskər mˈaɡəd hut ɛs ɡəkˈɛnt zuɡn.
162_166297_0049|אונז קענען מיר נישט זאגן אזעלכי ווערטער, איך האב אזא שטיקל שאקל. איז ער איז געווען אין צימער, און דער עולם האט געווארט אז ער זאל אריינקומען צום סליחות, דער טריסקער מגיד.|inz kˈɛnən mir niʃt zuɡn ˈazəlxi vˈɛrtər, ix hub azˈa ʃtikl ʃakl. iz ɛr iz ɡəvˈejn in ʦˈimər, in dɛr ˈɔjləm hut ɡəvˈɔrt az ɛr zul arˈaːnkimən ʦim slˈixis, dɛr trˈiskər mˈaɡəd.
162_166297_0050|און ער איז נישט אריינגעקומען, ס'איז געווארן שפעט, ער איז שפעט.|in ɛr iz niʃt arˈaːnɡəkimən, siz ɡəvˈɔrn ʃpɛt, ɛr iz ʃpɛt.
162_166297_0051|איז געווען דארט אן אייניקל, און מ'האט אריינגעשיקט א קליין קינד, אן אייניקל, זאגן פאר'ן זיידן, "דער זיידע, ס'איז שפעט, דער עולם ווארט."|iz ɡəvˈejn dɔrt un ˈajnikl, in mhut arˈaːnɡəʃikt a klajn kind, un ˈajnikl, zuɡn farn zajdn, dɛr zˈajdə, siz ʃpɛt, dɛr ˈɔjləm vɔrt
162_166297_0052|האט ער געפרעגט דעם קליינעם אייניקל, "דו ביסט שוין גרייט צו זאגן סליחות?" דער קינדער, יא. זאגט דער זיידע, דער טריסקער מגיד, "איך בין נישט גרייט. איך קען גיין זאגן סליחות? ווי קען איך גיין זאגן סליחות?"|hut ɛr ɡəfrˈɛɡt dejm klˈajnəm ˈajnikl, di bist ʃɔjn ɡrajt ʦi zuɡn slˈixis dɛr kˈindər, ju. zuɡt dɛr zˈajdə, dɛr trˈiskər mˈaɡəd, ix bin niʃt ɡrajt. ix kɛn ɡajn zuɡn slˈixis ? vi kɛn ix ɡajn zuɡn slˈixis
162_166297_0053|זאגט ער, "מ'גייט דיר זאגן יעצט 'לך ה' הצדקה', דו ביסט דער גערעכטער באשעפער. איך קען דיר זאגן 'לך ה' הצדקה'?|zuɡt ɛr, mɡajt dir zuɡn jɛʦt ləxˈu haj haʦdˈukə di bist dɛr ɡərˈɛxtər baʃˈɛfər. ix kɛn dir zuɡn ləxˈu haj haʦdˈukə
162_166297_0054|רבונו של עולם, דו ביסט גערעכט?"|rbˈini ʃɛl ˈɔjləm, di bist ɡərˈɛxt
162_166297_0056|ס'איז א פחד, א פחד צו זאגן אזעלכע ווערטער. אבער דער טריסקער מגיד האט אויסגעפירט, "ולנו בושת הפנים, דאס קען איך זיכער זאגן. דאס איז זיכער אמת, יא?|siz a pˈaxad, a pˈaxad ʦi zuɡn azˈɛlxə vˈɛrtər. ˈɔbər dɛr trˈiskər mˈaɡəd hut ˈoʊzɡəfirt, ˈilni bˈɔjʃəs hfnim, dus kɛn ix zˈixər zuɡn. dus iz zˈixər ˈɛməs, ju ?
162_166297_0057|ס'איז געווען א יאר וואס מ'האט אסאך מיטגעמאכט, אבער אונז מעגן מיר זיך שעמען פאר'ן הייליגן באשעפער, יא? באשעפער, דו ביסט גערעכט וואס דו האסט אונז אלעס געטון?" אזוי האט דער טריסקער מגיד געזאגט, "אונז קענען מיר דאס נישט זאגן.|siz ɡəvˈejn a jur vus mhut ˈasax mˈitɡəmaxt, ˈɔbər inz mɛɡn mir zix ʃˈɛmən farn hˈajliɡn baʃˈɛfər, ju ? baʃˈɛfər, di bist ɡərˈɛxt vus di hust inz ˈaləs ɡətˈin azˈɔj hut dɛr trˈiskər mˈaɡəd ɡəzˈuɡt, inz kˈɛnən mir dus niʃt zuɡn.
162_166297_0058|אבער אונז, 'ולנו בושת הפנים', אונז מעגן מיר זיך שעמען פאר אים. דאס איז זיכער אמת," האט ער געזאגט, "און אזוי לאמיר אריינגיין זאגן סליחות." פחד'יגע ווערטער.|ˈɔbər inz, ˈilni bˈɔjʃəs hfnim inz mɛɡn mir zix ʃˈɛmən far ejm. dus iz zˈixər ˈɛməs hut ɛr ɡəzˈuɡt, in azˈɔj lˈɔmir arˈaːnɡajn zuɡn slˈixis fxdˈiɡə vˈɛrtər.
162_166297_0059|און אזוי האבן זיך צדיקים אויסגע'טענה'ט מיט'ן הייליגן באשעפער, ס'זאל טאקע קומען א יאר מיט גוטע זאכן. איך האב געזאגט, ווער האט מיר פארציילט? איינער האט מיר איבערפארציילט, איך מיין אז איינער האט עס געזאגט אויף... ווער האט עס געזאגט?|in azˈɔj hubn zix ʦdˈikim ˈoʊzɡətənht mitn hˈajliɡn baʃˈɛfər, szul tˈakə kˈimən a jur mit ɡˈitə zaxn. ix hub ɡəzˈuɡt, vɛr hut mir farʦˈajlt ? ˈajnər hut mir ˈibərfarʦajlt, ix maːn az ˈajnər hut ɛs ɡəzˈuɡt oʊf vɛr hut ɛs ɡəzˈuɡt ?
162_166297_0060|איך קען מיך נישט דערמאנען. אז מ'האט געוויזן א לוח אמאל פאר ר' שלמה זלמן אויערבאך, דער גאון, און ער געבט גלייך א מיש אויף צום סוף יאר.|ix kɛn mix niʃt dərmˈanən. az mhut ɡəvˈizn a lˈixa amˈul far rajʃ ʃlˈɔjmə zˈalmən ˈɔjərbax, dɛr ɡˈuən, in ɛr ɡɛbt ɡlaːx a miʃ oʊf ʦim sɔf jur.
162_166297_0061|מ'האט געהאלטן דארט פאר ראש השנה, לאמיר זאגן, יענע יאר תשנ"א, איך ווייס, תשנ"א, איינע פון די יארן, און ער קוקט צום סוף, און ער זעט ווי ס'שטייט דארט טאקע פרשת נצבים וילך פאר ראש השנה, "תכלה שנה וקללותיה, תחל שנה וברכותיה." זאגט ער, "וואס פאר א לוח איז דאס? ער שרייבט שוין יעצט אז אין א יאר ארום שרייבט ער 'תכלה שנה וקללותיה', אז ס'זאל זיך ענדיגן די יאר מיט אלע די קללות?|mhut ɡəhˈaltn dɔrt far rɔjʃ haʃˈunə, lˈɔmir zuɡn, jˈɛnə jur tuf ʃin nin ˈaləf, ix vajs, tuf ʃin nin ˈaləf, ˈajnə fin də jurn, in ɛr kikt ʦim sɔf, in ɛr zejt vi sʃtajt dɔrt tˈakə pˈarʃis niʦˈuvim vaˈajiləx far rɔjʃ haʃˈunə, tˈixlə ʃˈunə vəkillɔjsˈɛjhu, tˈuxajl ʃˈunə uvirxɔjsˈɛjhu zuɡt ɛr, vus far a lˈixa iz dus ? ɛr ʃraːbt ʃɔjn jɛʦt az in a jur arˈim ʃraːbt ɛr tˈixlə ʃˈunə vəkillɔjsˈɛjhu az szul zix ˈɛndiɡn də jur mit ˈalə də klˈulɔjs ?
162_166297_0064|מ'דארף גלייבן אז ס'גייט זיין גוט.|mdaf ɡlaːbn az sɡajt zaːn ɡit.
162_166297_0065|איך האב געהערט א ווארט פון מיין פעטער זאל זיין געזונט, דער גרויסער ראב"ד אין מאנטריאל, דער סקווערער דיין, ר' יוחנן וואזנער זאל זיין געזונט, מיין פעטער, מיין מאמע'ס ברודער.|ix hub ɡəhˈirt a vɔrt fin maːn fˈɛtər zul zaːn ɡəzˈint, dɛr ɡrˈɔjsər rajʃ ˈaləf bajs dˈuləd in mˈantrial, dɛr skvˈɛrər daːn, rajʃ jɔjxˈunun vˈaznər zul zaːn ɡəzˈint, maːn fˈɛtər, maːn mˈaməs brˈidər.
162_166297_0066|ער האט ארויסגעגעבן א ספר פון מיין זיידע, ר' מאיר יהודה, זיין טאטע, האט ער צוגעלייגט דארט אפאר אייגענע טייטשן.|ɛr hut arˈoʊzɡəɡejbn a sˈajfər fin maːn zˈajdə, rajʃ mˈajər jəhˈidə, zaːn tˈatə, hut ɛr ʦˈiɡəlajɡt dɔrt apˈur ˈajɡənə tajʧn.
162_166297_0071|זאגט ער, פרשת עקב איז אויסגעשטעלט, מ'ליינט עס אלול, זומער, ס'קומט דעמאלטס אויס די צייט פון חמשה עשר באב, און מ'הייבט זיך אן צו גרייטן צו די הייליגע טעג, מ'הייבט שוין אן "כתיבה וחתימה טובה" דארט.|zuɡt ɛr, pˈarʃis ˈajkəv iz ˈoʊzɡəʃtəlt, mlajnt ɛs ˈɛləl, zˈimər, skimt dˈɛmalʦ oʊs də ʦaːt fin xamˈiʃə ɛʃr bab, in mhajbt zix un ʦi ɡrajtn ʦi də hˈajliɡə tejɡ, mhajbt ʃɔjn un ksˈivə vaxasˈimə tˈɔjvə dɔrt.
162_166297_0072|יא, חמשה עשר באב איז די גימטריא "כתיבה וחתימה טובה", שטייט פון אסאך, פון מונקאטשער רב, פון פריערדיגע.|ju, xamˈiʃə ɛʃr bab iz də ɡimatrˈiə ksˈivə vaxasˈimə tˈɔjvə ʃtajt fin ˈasax, fin mˈinkaʧər ruv, fin frˈiərdiɡə.
162_166297_0075|דער אייבערשטער זאגט, דו דארפסט דיר געבן א שאקל, דו הייב אן זיך צו רייניגן דיין הארץ.|dɛr ˈajbərʃtər zuɡt, di darfst dir ɡejbn a ʃakl, di hajb un zix ʦi rˈajniɡn daːn harʦ.
162_166297_0076|אבער טאמער איינער האט עס נישט געטון, ער האלט שוין יעצט פרשת נצבים. פרשת נצבים איז שוין ראש השנה, סוף אלול, מ'זאגט שוין סליחות.|ˈɔbər tˈamər ˈajnər hut ɛs niʃt ɡətˈin, ɛr halt ʃɔjn jɛʦt pˈarʃis niʦˈuvim. pˈarʃis niʦˈuvim iz ʃɔjn rɔjʃ haʃˈunə, sɔf ˈɛləl, mzuɡt ʃɔjn slˈixis.
162_166297_0078|יא? אבער דאס דארף מען זאגן, מ'לייגט עס אוועק נאר אויף א רעזערוו אין דער זייט. יעצט קען מען נאך אלץ זיך|ju ? ˈɔbər dus daf mɛn zuɡn, mlajɡt ɛs avˈɛk nɔr oʊf a rˈɛzərv in dɛr zaːt. jɛʦt kɛn mɛn nux alʦ zix
162_166297_0079|דער הייליגער בעל שם טוב הקדוש, איך מיין מיין טאטע זאל זיין געזונט און שטארק, האב איך אמאל געהערט אז דער בעל שם טוב הקדוש האט געזאגט, ס'גייט ארויס א בת קול יעדן טאג פון בארג סיני, "בת קול יוצאת".|dɛr hˈajliɡər baːl ʃɛm tɔjv hakˈudəʃ, ix maːn maːn tˈatə zul zaːn ɡəzˈint in ʃtark, hub ix amˈul ɡəhˈirt az dɛr baːl ʃɛm tɔjv hakˈudəʃ hut ɡəzˈuɡt, sɡajt arˈoʊs a bas kul jejdn tuɡ fin barɡ sˈinaː, bas kul jˈɔjʦajs
162_166297_0080|ווער הערט די בת קול? ווער הערט די בת קול פון התעוררות פון תשובה, אז מ'זאל תשובה טון?|vɛr hɛrt də bas kul ? vɛr hɛrt də bas kul fin hisəˈɔjrris fin ʧˈivə, az mzul ʧˈivə tin ?
162_166297_0081|זאגט ער, יעדער מענטש וואס אינמיטן טאג כאפט אים אמאל א קיצל פון התעוררות תשובה, דאס איז דער בת קול וואס קומט ארויס, דאס איז עס.|zuɡt ɛr, jˈɛdər mɛnʧ vus ˈinmitn tuɡ xɔft ejm amˈul a kiʦl fin hisəˈɔjrris ʧˈivə, dus iz dɛr bas kul vus kimt arˈoʊs, dus iz ɛs.
162_166297_0082|עני מאל אינמיטן טאג כאפט ער אריין א קליינע טראכט, "לאמיר זיך נעמען אין די האנט אריין, פארוואס פיר איך מיך אזוי אויף?" - דאס איז דער בת קול וואס קומט ארויס.|ˈani mul ˈinmitn tuɡ xɔft ɛr arˈaːn a klˈajnə traxt, lˈɔmir zix nˈɛmən in də hant arˈaːn, farvˈus fir ix mix azˈɔj oʊf dus iz dɛr bas kul vus kimt arˈoʊs.
162_166297_0083|דער הייליגער תולדות האט אמאל געזאגט פאר זיין תלמיד, ער איז געווען אויך זיין איידעם שפעטער, איך מיין פאר ער איז געווארן אן איידעם, רבי אברהם דוב פון חמעלניק, "מיר האט דער בעל שם טוב הקדוש גע'מל'עט בסליחות.|dɛr hˈajliɡər tˈɔjldɔjs hut amˈul ɡəzˈuɡt far zaːn tˈalmid, ɛr iz ɡəvˈejn ɔjx zaːn ˈajdəm ʃpˈejtər, ix maːn far ɛr iz ɡəvˈɔrn un ˈajdəm, rˈɛbə ˈavrum dib fin xmˈɛlnik, mir hut dɛr baːl ʃɛm tɔjv hakˈudəʃ ɡəmlˈɛt bəslˈixis.
162_166297_0085|דער בעל שם טוב האט אים דעמאלטס גע'מל'עט דאס הארץ.|dɛr baːl ʃɛm tɔjv hut ejm dˈɛmalʦ ɡəmlˈɛt dus harʦ.
162_166297_0087|אזוי ווערט ער געברענגט דארט, אן אינטערעסאנטע זאך.|azˈɔj virt ɛr ɡəbrˈɛnɡt dɔrt, un ˈintərəsantə zax.
162_166297_0088|בקיצור, מ'שטייט דא אין גרויסע, גרויסע טעג.|bˈɛkiʦər, mʃtajt du in ɡrˈɔjsə, ɡrˈɔjsə tejɡ.
162_166297_0089|ס'איז דא א ספר "שפתי צדיק", ער איז געווען אן אייניקל פון די חידושי הרי"ם, און ער זאגט אז די טעג הייסט ימי הרחמים.|siz du a sˈajfər sfˈusaj ʦˈadik ɛr iz ɡəvˈejn un ˈajnikl fin də xidˈiʃaj haj rajʃ jid mɛm, in ɛr zuɡt az də tejɡ hajst jˈɛmaj huraxˈamim.
162_166297_0090|יא, מ'רופט עס ימי הרחמים ורצון. אונז זענען מיר צוגעוואוינט אז ימי הרחמים מיינט טעג פאר רחמנות, דער אייבערשטער האט רחמנות אויף אונז.|ju, mrift ɛs jˈɛmaj huraxˈamim ˈirʦin. inz zˈɛnən mir ʦˈiɡəvɔjnt az jˈɛmaj huraxˈamim majnt tejɡ far rˈaxmunəs, dɛr ˈajbərʃtər hut rˈaxmunəs oʊf inz.
162_166297_0091|זאגט ער, ימי הרחמים הייסט וועגן צוויי סיבות: איינס, אז דער אייבערשטער האט רחמנות אויף אונז, און צווייטנס, טעג וואס אונז דארפן רחמנות האבן אויף זיך אליין.|zuɡt ɛr, jˈɛmaj huraxˈamim hajst vejɡn ʦvaj sˈibɔjs : ajns, az dɛr ˈajbərʃtər hut rˈaxmunəs oʊf inz, in ʦvajtns, tejɡ vus inz daːfn rˈaxmunəs hubn oʊf zix alˈajn.
162_166297_0092|אויף זיך אליין דארף מען רחמנות האבן, נישט נאר דער אייבערשטער האט רחמנות אויף אונז. אונז דארפן אויך האבן רחמנות אויף זיך. ס'איז א מורא'דיגע ווערטער, יא.|oʊf zix alˈajn daf mɛn rˈaxmunəs hubn, niʃt nɔr dɛr ˈajbərʃtər hut rˈaxmunəs oʊf inz. inz daːfn ɔjx hubn rˈaxmunəs oʊf zix. siz a mˈiradiɡə vˈɛrtər, ju.
162_166297_0093|און ס'איז דא, איך וועל דיר זאגן א שיינע גימטריא וואס איך האב געהערט פון מיין טאטע זאל זיין געזונט.|in siz du, ix vɛl dir zuɡn a ʃˈajnə ɡimatrˈiə vus ix hub ɡəhˈirt fin maːn tˈatə zul zaːn ɡəzˈint.
162_166297_0095|און ער האט געהערט אז ס'איז דא א איד וואס מ'וויל איינשפארן אין תפיסה, און מ'האט געדארפט טראגן געלט פאר דעם פריץ, ער האט נישט געהאט צו באצאלן די ארענדע. ווי האט ער געשאפט געלט? ס'איז אנגעקומען א קרעטשמע,|in ɛr hut ɡəhˈirt az siz du a jid vus mvil ˈajnʃparn in tfˈisə, in mhut ɡədˈarft truɡn ɡɛlt far dejm priʦ, ɛr hut niʃt ɡəhˈat ʦi baʦˈuln də ˈarəndə. vi hut ɛr ɡəʃˈaft ɡɛlt ? siz ˈunɡəkimən a krˈɛʧmə,
162_166297_0096|מ'האט געטראפן צוויי גוים ליידיגייערס, זיי האבן געשפילט קארטן און געטון אלע נארישקייטן.|mhut ɡətrˈafn ʦvaj ɡɔjm lˈajdiɡajərs, zaj hubn ɡəʃpˈilt kurtn in ɡətˈin ˈalə nˈariʃkaːtn.
162_166297_0097|האט ער געזאגט אז ער גייט פאר פדיון שבויים. זיי זענען געווען צוויי לצים, טשעווערגויס, זיי האבן געמאכט אז זיי גייען נעמען דעם איד אויף א רייד.|hut ɛr ɡəzˈuɡt az ɛr ɡajt far pˈidiən ʒbˈɔjim. zaj zˈɛnən ɡəvˈejn ʦvaj lʦim, ʧˈɛvərɡɔjs, zaj hubn ɡəmˈaxt az zaj ɡˈajən nˈɛmən dejm jid oʊf a rajd.
162_166297_0098|מ'האט אים געזאגט, "טרינקסט אויס דעם גלעזל, באקומסטו אפאר דאלער." שוין, פאר פדיון שבויים האט ער געגעבן א טרינק אויס דעם גאנצן גלעזל זעקס-און-ניינציגער. און צו וואס?|mhut ejm ɡəzˈuɡt, trinkst oʊs dejm ɡlɛzl, bakˈimsti apˈur dˈɔlər ʃɔjn, far pˈidiən ʒbˈɔjim hut ɛr ɡəɡˈɛbn a trink oʊs dejm ɡanʦn ɡlɛzl zɛks in nˈajnʦiɡər. in ʦi vus ?
162_166297_0099|דו ווילסט נאך געלט? טרינק נאך א גלעזל. מ'האט אים אנגע'שכור'ט דארט מיט א באטל צוויי. אקעי, יעצט האסטו געלט.|di vilst nux ɡɛlt ? trink nux a ɡlɛzl. mhut ejm ˈanɡəʃxirt dɔrt mit a batl ʦvaj. ˈɔkaj, jɛʦt hˈusti ɡɛlt.
162_166297_0100|און מיט די געלט איז ער געלאפן צום פריץ אויסלייזן דעם אידן זאלן אים נישט איינזעצן.|in mit də ɡɛlt iz ɛr ɡəlˈafn ʦim priʦ ˈoʊslajzn dejm jidn zɔln ejm niʃt ˈajnzəʦn.
162_166297_0102|אנגעקומען אזוי צו כל נדרי, ער האט געגעבן א פאל אראפ, און ער איז איינגעשלאפן טיף אין שלאף. שוין, דער עולם איז אריינגעקומען צו כל נדרי, האט ער אים נישט געקענט דערוועקן.|ˈunɡəkimən azˈɔj ʦi kɔl ndri, ɛr hut ɡəɡˈɛbn a fal arˈup, in ɛr iz ˈaːnɡəʃlufn tif in ʃluf. ʃɔjn, dɛr ˈɔjləm iz arˈaːnɡəkimən ʦi kɔl ndri, hut ɛr ejm niʃt ɡəkˈɛnt dərvˈɛkn.
162_166297_0103|דער בחור איז געווען דארט ממש ווי א בארבענע, ער האט געהאלטן נאך אפאר באטלעך. און מ'האט שוין געהאלטן דארט ביי אנעים זמירות, ביי די יחוד,|dɛr bˈuxər iz ɡəvˈejn dɔrt mˈamiʃ vi a barbˈɛnə, ɛr hut ɡəhˈaltn nux apˈur batlˈɛx. in mhut ʃɔjn ɡəhˈaltn dɔrt baː ˈanajm zmˈirɔjs, baː də jˈixid,
162_166297_0104|ביי די שיר היחוד, און ער האט זיך געגעבן א כאפ אויף. ער איז געווען גוט אנגעטרונקען, און ער איז נאך געווען אונטער די איינפלוס,|baː də ʃir hˈixid, in ɛr hut zix ɡəɡˈɛbn a xɔp oʊf. ɛr iz ɡəvˈejn ɡit ˈanɡətrinkən, in ɛr iz nux ɡəvˈejn ˈintər də ˈajnflis,
162_166297_0105|און דער עולם האט גוט אזוי געדאוונט, און ער האט זיך געגעבן א צושריי,|in dɛr ˈɔjləm hut ɡit azˈɔj ɡədˈavnt, in ɛr hut zix ɡəɡˈɛbn a ʦˈiʃraj,
162_166297_0108|און דער צמח, דער בעל התניא, האט געזאגט, "עטס שמייכלטס? ס'איז גארנישט אזוי פשוט."|in dɛr ʦˈɛmax, dɛr baːl hatˈanju, hut ɡəzˈuɡt, ɛʦ ʃmajxlʦ ? siz ɡˈurniʃt azˈɔj pˈuʃit
162_166297_0111|און דער, וואס מיט אזא מצוה וואס ער האט געטון, איז ער שוין אנגעקומען צום תכלית. ער האט נישט געדארפט האבן דעם גאנצן יום כיפור, ער האט נישט געדארפט אלעס.|in dɛr, vus mit azˈa mˈiʦvə vus ɛr hut ɡətˈin, iz ɛr ʃɔjn ˈunɡəkimən ʦim tˈaxləs. ɛr hut niʃt ɡədˈarft hubn dejm ɡanʦn jɔjm xifˈir, ɛr hut niʃt ɡədˈarft ˈaləs.
162_166297_0114|זעט איר?|zejt ir ?
162_166297_0116|דאס איז די גאנצע תכלית, צוקומען אז דער באשעפער איז דער איינציגסטער באשעפער.|dus iz də ɡˈanʦə tˈaxləs, ʦˈikimən az dɛr baʃˈɛfər iz dɛr ˈajnʦiɡstər baʃˈɛfər.
162_166297_0118|דער רבי איציקל באהושער האט אויך געברענגט פון זיין הייליגן זיידן דער רוז'ינער, וואס מ'זאגט ביי סליחות, מ'גייט זאגן ביי סליחות, "עשה למענך אם לא למעננו".|dɛr rˈɛbə ˈiʦikl bahˈiʃər hut ɔjx ɡəbrˈɛnɡt fin zaːn hˈajliɡn zajdn dɛr rˈizinər, vus mzuɡt baː slˈixis, mɡajt zuɡn baː slˈixis, ˈɛsə lmɛnx im lɔj lmˈɛnni
162_166297_0119|פשוט טייטש, "עשה למענך", אויב נישט פאר אונז, כאטשיג טו עס פאר דיינעטוועגן, יא?|pˈuʃit tajʧ, ˈɛsə lmɛnx ɔjb niʃt far inz, xˈaʧiɡ ti ɛs far dˈajnətvəɡn, ju ?
162_166297_0120|האט דער הייליגער רבי געזאגט, "עשה למענך", זאלסט טון פאר דיינעטוועגן, "אם לא", אויב דו ווילסט נישט, "למעננו", טו פאר אונז. זעט ווערטער?|hut dɛr hˈajliɡər rˈɛbə ɡəzˈuɡt, ˈɛsə lmɛnx zulst tin far dˈajnətvəɡn, im lɔj ɔjb di vilst niʃt, lmˈɛnni ti far inz. zejt vˈɛrtər ?
162_166297_0121|וואס טוט נישט א טאטע פאר זיינע קינדער? אויב דו ווילסט עס נישט טון פאר דיר, טו עס פאר מיר, איך בין דאך דיין קינד, באשעפער. יא?|vus tit niʃt a tˈatə far zˈaːnə kˈindər ? ɔjb di vilst ɛs niʃt tin far dir, ti ɛs far mir, ix bin dɔx daːn kind, baʃˈɛfər. ju ?
162_166297_0122|מיר ענדיגן א ווארט דא פון דער הייליגער רבי מענדעלע וויז'ניצער. זאגט ער, שטייט "אתם נצבים היום", גייט ארויף אויף ראש השנה, האבן מיר געשמועסט, יא, "היום".|mir ˈɛndiɡn a vɔrt du fin dɛr hˈajliɡər rˈɛbə mˈɛndələ vˈizniʦər. zuɡt ɛr, ʃtajt ˈatɛm niʦˈuvim hˈaːəm ɡajt arˈoʊf oʊf rɔjʃ haʃˈunə, hubn mir ɡəʃmˈiəst, ju, hˈaːəm
162_166297_0123|כאפט אים אזא שאקל. שטייט משה רבינו האט מורא געהאט פון די מקטרגים, שטייט אין פסוק, "כי יגרתי מפני האף והחמה", איך האב געציטערט פון דעם צארן.|xɔft ejm azˈa ʃakl. ʃtajt mˈɔjʃə rbˈini hut mˈɔjrə ɡəhˈat fin də mkˈatrɡim, ʃtajt in pˈusik, ki ˈiɡrsi mfni huf ˈixmə ix hub ɡəʦˈitərt fin dejm ʦarn.
162_166297_0126|זאגט ער, אבער מ'נעמט דעם שופר אין די האנט, און מ'דערמאנט די עקידת יצחק, מ'שטופט אוועק די מקטרגים.|zuɡt ɛr, ˈɔbər mnɛmt dejm ʃˈɔjfər in də hant, in mdərmˈant də akˈajdas jˈiʦxuk, mʃtift avˈɛk də mkˈatrɡim.
162_166297_0127|זאגט ער, "היום" איז אויך ראשי תיבות "ובבן הנעקד ישבית מדיננו", יא, מיט דעם זכות פון די עקידה וועט מען צושטערן די דינים, אונזערע מקטרגים.|zuɡt ɛr, hˈaːəm iz ɔjx rˈuʃi tˈajvɔjs ibn hnɛkd ˈiʒbis mdˈinni ju, mit dejm zxis fin də ˈɛkidə vɛt mɛn ʦˈiʃtərn də dˈinim, ˈinzərə mkˈatrɡim.
162_166297_0128|און זאגט ער אויך, ראשי תיבות "היום" איז די ראשי תיבות "מקדש ישראל ויום הזכרון", גייט ארויף אויף ראש השנה, דער אייבערשטער בענטשט די אידישע קינדערלעך מ'זאל האבן בני חיי ומזוני.|in zuɡt ɛr ɔjx, rˈuʃi tˈajvɔjs hˈaːəm iz də rˈuʃi tˈajvɔjs məkˈadajʃ jisrˈuəl ˈɔjim hzxrin ɡajt arˈoʊf oʊf rɔjʃ haʃˈunə, dɛr ˈajbərʃtər bɛnʧt də jˈidiʃə kˈindərləx mzul hubn bnaj xˈajaj ˈimzini.
162_166297_0129|"היום" איז די ראשי תיבות אויכעט "וזרעו יהיה מלא הגוים". זייער שיינע ווערטער, יא?|hˈaːəm iz də rˈuʃi tˈajvɔjs ˈɔjxət ˈizrəi ˈihi mˈulə hɡɔjm zˈajər ʃˈajnə vˈɛrtər, ju ?
162_166297_0130|איז די יארצייט, נעמט מען אן, זיכער כ"ג איז די יארצייט פון דעם הייליגן רבי אהרן סטרעליסקער, און די ערשטע טאג סליחות איז די יארצייט פון דעם הייליגן חפץ חיים, וואס מ'האט שוין דערציילט אסאך.|iz də jˈurʦajt, nɛmt mɛn un, zˈixər xuf ɡiml iz də jˈurʦajt fin dejm hˈajliɡn rˈɛbə arn strˈɛliskər, in də ˈɛrʃtə tuɡ slˈixis iz də jˈurʦajt fin dejm hˈajliɡn xˈajfəʦ xˈajim, vus mhut ʃɔjn dərʦˈajlt ˈasax.
162_166297_0131|יא, אבער מ'דארף עס איבערפארציילן, סתם ס'זאל זיין א זכות.|ju, ˈɔbər mdaf ɛs ˈibərfarʦajln, stam szul zaːn a zxis.
162_166297_0133|ער האט געוואלט האבן ביי זיך אייניקלעך פונעם סנגורן של ישראל.|ɛr hut ɡəvˈɔlt hubn baː zix ˈajnikləx fˈinəm snɡirn ʃɛl jisrˈuəl.
162_166297_0134|דער חפץ חיים, וואס איז געווען פון די ליטווישע גזע, האט געוואלט האבן די אייניקלעך פונעם הייליגן בארדיטשובער, ס'זאל זיין א מליץ יושר.|dɛr xˈajfəʦ xˈajim, vus iz ɡəvˈejn fin də lˈitviʃə ɡˈɛzə, hut ɡəvˈɔlt hubn də ˈajnikləx fˈinəm hˈajliɡn bardˈiʧibər, szul zaːn a mˈajləʦ jˈɔjʃər.
162_166297_0135|יא, כ"ה איז די יארצייט פון די הייליגע רבי ר' מיכל'ע זלאטשובער, זכותו יגן עלינו. כ"ז איז דאך די יארצייט פון די הייליגע שר שלום פון בעלזא, רבי נתן אדלער.|ju, xuf haj iz də jˈurʦajt fin də hˈajliɡə rˈɛbə rajʃ mˈixlə zlˈaʧibər, zxˈisɔj iɡn ulˈajni. xuf zˈajən iz dɔx də jˈurʦajt fin də hˈajliɡə sar ʃˈuləm fin bˈɛlza, rˈɛbə nusn ˈadlər.
162_166297_0136|מ'רעדט דאך דא פון מלאכים ושרפים וואס אונז האבן דאך נישט קיין אנונג, זאלן זיי זיין מליצי יושר. זאל דער אייבערשטער העלפן.|mrɛdt dɔx du fin mlˈaxim ˈiʃrfim vus inz hubn dɔx niʃt kan ˈanunɡ, zɔln zaj zaːn mlˈiʦi jˈɔjʃər. zul dɛr ˈajbərʃtər hɛlfn.
162_166297_0138|ער האט געמאכט אזעלכע ווארימע ניגונים. א חזן זאל... ער איז געווען דער מלך החזנים פאר א סיבה, ווייל ער האט געקענט אזוי שיין זינגען און אזעלכע קאמפאזיציעס.|ɛr hut ɡəmˈaxt azˈɛlxə vˈarimə niɡˈinim. a xˈazan zul ɛr iz ɡəvˈejn dɛr mˈajləx haxazˈunim far a sˈibə, vaːl ɛr hut ɡəkˈɛnt azˈɔj ʃajn zˈinɡən in azˈɛlxə kˈamfaziʦiəs.
162_166297_0139|מ'גייט דאך זאגן יעצט מוצאי שבת "רצה את צרתם".|mɡajt dɔx zuɡn jɛʦt mˈuʦə ʃˈabəs rˈuʦə ɛs ʦurˈusum
162_166297_0144|יא, ר' יוסף משה כהנא האט ארויסגעגעבן א סידי אמאל, אן אלבום פון אזעלכע חזנות ניגונים ווי ר' ירמי' זינגט עס, זייער שיין אראפגעזונגען און געשמאק. און דאס וועלן מיר ארויפלייגן.|ju, rajʃ jˈɔsəf mˈɔjʃə xhna hut arˈoʊzɡəɡejbn a sˈidi amˈul, un ˈalbim fin azˈɛlxə xazˈunis niɡˈinim vi rajʃ ˈirmi zinɡt ɛs, zˈajər ʃajn arˈupɡəzinɡən in ɡəʃmˈak. in dus vɛln mir arˈoʊflajɡn.
108_151315_0000|דאס איז פרייטאג צונאכטס,|dus iz frˈaːtuɡ ʦˈinaxʦ,
108_151315_0001|און דער סאטמארער רב'ס יארצייט, זכותו יגן עלינו, קומט די קומענדיגע וואך.|in dɛr sˈatmarər ravs jˈurʦajt, zxˈisɔj iɡn ulˈajni, kimt də kˈiməndiɡə vɔx.
108_151315_0002|על כל פנים, וועל איך דערמאנען אפאר ענינים וואס געדענקט זיך.|al kɔl pˈunəm, vɛl ix dərmˈanən apˈur ˈɛninim vus ɡədˈɛnkt zix.
108_151315_0003|ווען האב איך אים געזען דאס ערשטע מאל?|vɛn hub ix ejm ɡəzˈejn dus ˈɛrʃtə mul ?
108_151315_0004|פשטות דארף מען אננעמען אז דאס איז געווען ווען איך בין נאך געווען אין די בחור'ישע יארן, איך האב געלערנט אין וויליאמסבורג אין תורה ודעת.|pˈaʃtis daf mɛn ˈunnəmən az dus iz ɡəvˈejn vɛn ix bin nux ɡəvˈejn in də baxˈurəjʃɛ jurn, ix hub ɡəlˈirnt in vˈiljamsburɡ in tˈɔjrə vədˈaas.
108_151315_0005|און בימים ההם, איינע פון די בנינים פון תורה ודעת איז געווען אויף בעדפארד עוועניו ביי טעילאר סטריט,|in bˈimim hˈuhajm, ˈajnə fin də bnˈinim fin tˈɔjrə vədˈaas iz ɡəvˈejn oʊf bˈɛdfard ˈɛvənji baː tˈajlar strit,
108_151315_0006|און דאס איז געווען נישט ווייט פון רבינ'ס הויז. ער האט דאך געוואוינט דארטן,|in dus iz ɡəvˈejn niʃt vaːt fin rbins hoʊz. ɛr hut dɔx ɡəvˈɔjnt dɔrtn,
108_151315_0007|און ער פלעגט דאך גיין שפאצירן פון בית המדרש צו זיין הויז, אהין און צוריק יעדן טאג.|in ɛr flɛɡt dɔx ɡajn ʃpˈaʦirn fin bajs hamˈidruʃ ʦi zaːn hoʊz, ahˈin in ʦirˈik jejdn tuɡ.
108_151315_0008|דער רבי האט דאך געדאוונט אסאך מאל שפעט, פארנאכטס, נאכמיטאג, און אונז זענען געווען אינמיטן,|dɛr rˈɛbə hut dɔx ɡədˈavnt ˈasax mul ʃpɛt, farnˈaxʦ, nˈaxmitaɡ, in inz zˈɛnən ɡəvˈejn ˈinmitn,
108_151315_0009|די בחורים זענען אביסל בין הסדרים, זיך געלופטערט, האט מען אים געקענט זען אלעמאל גיין אויף די גאס.|də buxˈirim zˈɛnən abˈisl bin hzdrim, zix ɡəlˈiftərt, hut mɛn ejm ɡəkˈɛnt zejn ˈaləmal ɡajn oʊf də ɡaːs.
108_151315_0010|אין די וואכן איז נישט געווען קיין עולם, אדער על כל פנים א גבאי צוויי, אדער א הויז בחור וכדומה.|in də vɔxn iz niʃt ɡəvˈejn kan ˈɔjləm, ˈɔdər al kɔl pˈunəm a ɡˈabə ʦvaj, ˈɔdər a hoʊz bˈuxər ˈixdimə.
108_151315_0011|פארשטייט זיך אז דאס איז געווען פאר אינטערעסאנט, אפילו נישט נאר מענטשן וואס האבן געלערנט אין סאטמאר, ס'איז געווען סאטמארער חסידים. מ'דארף נישט זאגן, יעדער ווייסט עס,|farʃtˈajt zix az dus iz ɡəvˈejn far intərəsˈant, afˈilə niʃt nɔr mɛnʧn vus hubn ɡəlˈirnt in sˈatmar, siz ɡəvˈejn sˈatmarər xasˈidəm. mdaf niʃt zuɡn, jˈɛdər vajst ɛs,
108_151315_0012|ס'איז געווען זיין גדלות און אזוי ווייטער, דארף מען נישט יעצט אויסמשל'ן, דאס איז דברים ידועים שוין,|siz ɡəvˈejn zaːn ɡdˈɔjlɔjs in azˈɔj vˈaːtər, daf mɛn niʃt jɛʦt oʊsmʃln, dus iz dvˈurim ˈidiajm ʃɔjn,
108_151315_0013|און די שיינע צורה וואס ער האט געהאט, און ס'האט געצויגן אויפמערקזאמקייט פון אן אלגעמיינעם עולם,|in də ʃˈajnə ʦˈirə vus ɛr hut ɡəhˈat, in səhˈut ɡəʦˈɔjɡn ˈɔjfmərkzamkaːt fin un ˈalɡəmajnəm ˈɔjləm,
108_151315_0014|אז מ'האט געזען אזא גאטונג רב, אזא גאטונג רבי, וואס איז געווען א דוגמא,|az mhut ɡəzˈejn azˈa ɡˈatinɡ ruv, azˈa ɡˈatinɡ rˈɛbə, vus iz ɡəvˈejn a dˈiɡmə,
108_151315_0016|וואס אונז האבן זוכה געווען אין אונזער דור צו קענען לערנען.|vus inz hubn zˈixə ɡəvˈejn in ˈinzər dur ʦi kˈɛnən lˈirnən.
108_151315_0017|איך דערמאן זיך אז בשעת איך בין אמאל געווען א חתן, על כל פנים,|ix dərmˈan zix az biʃˈas ix bin amˈul ɡəvˈejn a xusn, al kɔl pˈunəm,
108_151315_0018|בין איך געווען פרייטאג צונאכטס אלס בחור ביים טיש, און דער רבי פלעגט זיך טיילן שיריים כנהוג.|bin ix ɡəvˈejn frˈaːtuɡ ʦˈinaxʦ ˈalis bˈuxər bam tiʃ, in dɛr rˈɛbə flɛɡt zix tajln ʃirˈajim xnhiɡ.
108_151315_0021|דאס איז געווען מיט אזא מין פריינטליכן, לעכטיגן פנים איז עס געגאנגען. ס'איז געווען אינטערעסאנט.|dus iz ɡəvˈejn mit azˈa min frˈajntləxn, lˈɛxtiɡn pˈunəm iz ɛs ɡəɡˈanɡən. siz ɡəvˈejn intərəsˈant.
108_151315_0023|איז על כל פנים האט ער געגעבן דעם שיריים.|iz al kɔl pˈunəm hut ɛr ɡəɡˈɛbn dejm ʃirˈajim.
108_151315_0025|און איך ווייס, איך געדענק נישט פונקטליך, שפעטער האט מען איינגעפירט אז מיט דעם וואס מ'האט געוואלט אז ער זאל זיין מסדר קידושין, האט מען געברענגט די חופות, פלעגט מען ברענגען|in ix vajs, ix ɡədˈɛnk niʃt fˈinktləx, ʃpˈejtər hut mɛn ˈaːnɡəfirt az mit dejm vus mhut ɡəvˈɔlt az ɛr zul zaːn msˈadajr kidˈiʃin, hut mɛn ɡəbrˈɛnɡt də xˈipɔjs, flɛɡt mɛn brˈejnɡən
108_151315_0026|פאר זיין שטוב, ער פלעגט ארויסקומען מסדר קידושין זיין, בלייבן ביי די גאנצע חופה, און דארט איז ער געגאנגען. על פי רוב זענען די חתונות געווען אין וויליאמסבורג,|far zaːn ʃtib, ɛr flɛɡt arˈoʊskimən msˈadajr kidˈiʃin zaːn, blaːbn baː də ɡˈanʦə xˈɔjfɛ, in dɔrt iz ɛr ɡəɡˈanɡən. al pi rɔv zˈɛnən də xasˈinɔjs ɡəvˈejn in vˈiljamsburɡ,
108_151315_0027|דעמאלטס איז געווען א זאל וואס האט געהייסן גרענד פאראדייס, די אלע וואס זענען אויפגעוואקסן אין מיין יארגאנג געדענקען דעם זאל,|dˈɛmalʦ iz ɡəvˈejn a zul vus hut ɡəhˈajsn ɡrɛnd farˈadajs, də ˈalə vus zˈɛnən ˈɔjfɡəvaksn in maːn jˈarɡanɡ ɡədˈɛnkən dejm zul,
108_151315_0028|די אלע סארט היימישע חתונות אין וויליאמסבורג על כל פנים זענען פארגעקומען אין דעם זאל, און מ'איז געפארן מיט די באסעס,|də ˈalə sɔrt hˈajmiʃə xasˈinɔjs in vˈiljamsburɡ al kɔl pˈunəm zˈɛnən farɡəkˈimən in dejm zul, in miz ɡəfˈarn mit də basˈɛs,
108_151315_0029|האט מען גענומען דעם עולם צו זיין שטוב אזוי.|hut mɛn ɡənˈimən dejm ˈɔjləm ʦi zaːn ʃtib azˈɔj.
108_151315_0030|אבער על כל פנים, האט ער זיך פארענטפערט אז כאטש ער איז געווען נאנט מיט'ן קאפישער דיין,|ˈɔbər al kɔl pˈunəm, hut ɛr zix farˈɛntfərt az xɔʧ ɛr iz ɡəvˈejn nant mitn kˈafiʃər daːn,
108_151315_0031|ער איז געווען בידידות מיט'ן טאטן אויך פארשטייט זיך, אז ר' ישעי'לע טענקער זאל קומען.|ɛr iz ɡəvˈejn bidˈidis mitn tatn ɔjx farʃtˈajt zix, az rajʃ ˈiʃajlə tˈɛnkər zul kˈimən.
108_151315_0032|מ'האט געוואוסט אז ער גייט שוין נישט צו חתונות זיין. על כל פנים,|mhut ɡəvˈist az ɛr ɡajt ʃɔjn niʃt ʦi xasˈinɔjs zaːn. al kɔl pˈunəm,
108_151315_0033|נאכדעם וואס מ'האט אים מכבד געווען מיט'ן סידור קידושין,|nuxdˈejm vus mhut ejm mxˈabajd ɡəvˈejn mitn sˈidər kidˈiʃin,
108_151315_0034|און פארשטייט זיך ס'איז דאך נישט געווען למעשה, רופט ער זיך אן פאר'ן טאטן, אונזער רב,|in farʃtˈajt zix siz dɔx niʃt ɡəvˈejn ləmˈaːsə, rift ɛr zix un farn tatn, ˈinzər ruv,
108_151315_0035|ווען מאכט איר א שבע ברכות? איר מאכט אליין א שבע ברכות? רופט זיך אן דער טאטע, יא,|vɛn maxt ir a ʃˈɛvə brˈuxəs ? ir maxt alˈajn a ʃˈɛvə brˈuxəs ? rift zix un dɛr tˈatə, ju,
108_151315_0036|איך מאך א שבע ברכות דאנערשטאג פארנאכטס, איך געדענק שוין נישט פונקטליך, ער זאגט אז ער וועט פארקומען פאר שבת, דאנערשטאג מאך איך ביי מיר אין בית המדרש א שבע ברכות.|ix max a ʃˈɛvə brˈuxəs dˈanərʃtaɡ farnˈaxʦ, ix ɡədˈɛnk ʃɔjn niʃt fˈinktləx, ɛr zuɡt az ɛr vɛt farkˈimən far ʃˈabəs, dˈanərʃtaɡ max ix baː mir in bajs hamˈidruʃ a ʃˈɛvə brˈuxəs.
108_151315_0037|רופט ער זיך אן צום גבאי, דאס איז געווען ר' יוסעלע דארטן, זאגט ער,|rift ɛr zix un ʦim ɡˈabə, dus iz ɡəvˈejn rajʃ jˈisələ dɔrtn, zuɡt ɛr,
108_151315_0038|דאס איז געווען ווי איך געדענק אין תשכ"ו,|dus iz ɡəvˈejn vi ix ɡədˈɛnk in tuf ʃin xuf vuv,
108_151315_0039|און איך מיין אז דאס איז געווען די לעצטע שבת,|in ix maːn az dus iz ɡəvˈejn də lˈɛʦtə ʃˈabəs,
108_151315_0040|ער פלעגט צו קומען איינמאל א יאר שבתים אויף בארא פארק, ער פלעגט צו קומען אויף שבתים קיין בארא פארק.|ɛr flɛɡt ʦi kˈimən ˈajnmul a jur ʃabˈusim oʊf barˈa park, ɛr flɛɡt ʦi kˈimən oʊf ʃabˈusim kan barˈa park.
108_151315_0041|איך בין דאך אן אלטער בארא פארקער, געדענק איך די ערשטע מאל ווען ער פלעגט,|ix bin dɔx un ˈaltər barˈa farkˈɛr, ɡədˈɛnk ix də ˈɛrʃtə mul vɛn ɛr flɛɡt,
108_151315_0043|אכט אזייגער, אבער ער איז שוין אריינגעקומען דאנערשטאג נאכט פאר שבת אויפנעמען אביסל דעם עולם, און ער איז געבליבן נאך שבת א טאג צוויי.|axt ˈazajɡər, ˈɔbər ɛr iz ʃɔjn arˈaːnɡəkimən dˈanərʃtaɡ naxt far ʃˈabəs ˈoʊfnəmən abˈisl dejm ˈɔjləm, in ɛr iz ɡəblˈibn nux ʃˈabəs a tuɡ ʦvaj.
108_151315_0045|אזוי איז געווען. שוין, האט מען געשמועסט אז ער קומט אויף יענעם שבע ברכות.|azˈɔj iz ɡəvˈejn. ʃɔjn, hut mɛn ɡəʃmˈiəst az ɛr kimt oʊf jˈɛnəm ʃˈɛvə brˈuxəs.
108_151315_0049|און איינער האט געהאלטן, דער קאפישער האט געהאלטן מ'קען מקיל זיין, און דער רבי האט געהאלטן מ'זאל ווארטן.|in ˈajnər hut ɡəhˈaltn, dɛr kˈafiʃər hut ɡəhˈaltn mˈɛkən majkl zaːn, in dɛr rˈɛbə hut ɡəhˈaltn mzul vartn.
108_151315_0051|רופט ער זיך אן, "איר מיינט איך בין נישט געווען אמאל א מורה הוראה? איך ווייס נישט צו פסק'ענען הלכות ווי איינער זאגט?"|rift ɛr zix un, ir majnt ix bin niʃt ɡəvˈejn amˈul a mˈirə hɔjrˈuə ? ix vajs niʃt ʦi pˈaskənən halˈuxɔjs vi ˈajnər zuɡt
108_151315_0052|ער זאגט, "איך האב דאס נישט געזאגט," האט ער געענטפערט, אבער על כל פנים, איז געבליבן.|ɛr zuɡt, ix hub dus niʃt ɡəzˈuɡt hut ɛr ɡəˈɛntfərt, ˈɔbər al kɔl pˈunəm, iz ɡəblˈibn.
108_151315_0053|האט ער אים געזאגט, זאגט ער, אז דער רבי האלט זיינע, אז מ'מאכט מיט דעם ענין, זאל דער רבי זען צוצושטעלן די פראקטישקייט אז מ'זאל עס קענען דורכפירן.|hut ɛr ejm ɡəzˈuɡt, zuɡt ɛr, az dɛr rˈɛbə halt zˈaːnə, az mmaxt mit dejm ˈinjən, zul dɛr rˈɛbə zejn ʦˈiʦiʃtəln də frˈaktiʃkaːt az mzul ɛs kˈɛnən dˈirxfirn.
108_151315_0054|מער האט מען נישט גערעדט פון דעם ענין, ס'איז געבליבן מיט דעם, און יעדער איינער איז געבליבן ביי זיין דעה, אבער מ'האט עס געלאזט גיין, מ'האט עס געלאזט גיין.|mɛr hut mɛn niʃt ɡərˈɛt fin dejm ˈinjən, siz ɡəblˈibn mit dejm, in jˈɛdər ˈajnər iz ɡəblˈibn baː zaːn dˈajə, ˈɔbər mhut ɛs ɡəlˈɔzt ɡajn, mhut ɛs ɡəlˈɔzt ɡajn.
108_151315_0055|זאגט ער, "איך וועל ווייטער פסק'ענען וויאזוי איך פסק'ען, דער רבי קען האלטן ווייטער אזוי." שוין, ער האט געזאגט, דער רמב"ם האלט אזוי, איך בין נישט געפערליך.|zuɡt ɛr, ix vɛl vˈaːtər pˈaskənən vizˈɔj ix pˈaskən, dɛr rˈɛbə kɛn haltn vˈaːtər azˈɔj ʃɔjn, ɛr hut ɡəzˈuɡt, dɛr rˈambam halt azˈɔj, ix bin niʃt ɡəfˈɛrləx.
108_151315_0056|שוין, על כל פנים, ס'איז געווען אן אינטערעסאנטע שמועס.|ʃɔjn, al kɔl pˈunəm, siz ɡəvˈejn un ˈintərəsantə ʃmˈiəs.
108_151315_0057|נאכדעם האט ער איינגעדרימלט, און ער האט כמעט ווי פארגעסן צו קוקן אין קוויטל, האט דער מחותן געגעבן אזא דערמאן.|nuxdˈejm hut ɛr ˈajnɡədrimlt, in ɛr hut kəmˈat vi faːrɡˈɛsn ʦi kikn in kvitl, hut dɛr məxˈitn ɡəɡˈɛbn azˈa dərmˈan.
108_151315_0058|דאס איז שוין.|dus iz ʃɔjn.
108_151315_0059|ער האט זיך בארואיגט, דער שמועס איז אדורך, און ער האט מיך געבענטשט, ער האט ארויפגעלייגט די האנט אויף מיר, און אזוי האט ער געגעבן א ברכה.|ɛr hut zix barˈuaːɡt, dɛr ʃmˈiəs iz adˈirx, in ɛr hut mix ɡəbˈɛnʧt, ɛr hut arˈoʊfɡəlajɡt də hant oʊf mir, in azˈɔj hut ɛr ɡəɡˈɛbn a brˈuxə.
108_151315_0062|דער רבי איז אנגעקומען טאקע כמעט אזוי ווי יעקיש קען מען זאגן פונקטליך, אזוי באלד נאך אכט אזייגער איז ער אריינגעקומען, איך געדענק ווי היינט, דורך די טיר, מיט אזא ברייטן שמייכל, אזוי גוט אויפגעלייגט ווי מ'זאגט.|dɛr rˈɛbə iz ˈunɡəkimən tˈakə kəmˈat azˈɔj vi jˈɛkiʃ kɛn mɛn zuɡn fˈinktləx, azˈɔj bald nux axt ˈazajɡər iz ɛr arˈaːnɡəkimən, ix ɡədˈɛnk vi haːnt, dˈɔrəx də tir, mit azˈa brajtn ʃmajxl, azˈɔj ɡit ˈoʊfɡəlajɡt vi mzuɡt.
108_151315_0063|ער איז מיטגעקומען, איך געדענק שוין נישט מער, מיט'ן גבאי'ן, מיט אן הויז בחור.|ɛr iz mˈitɡəkimən, ix ɡədˈɛnk ʃɔjn niʃt mɛr, mitn ɡbaːn, mit un hoʊz bˈuxər.
108_151315_0064|דער רבי בעולם האט אים מכבד געווען פארשטייט זיך, און ער האט אים אוועקגעזעצט.|dɛr rˈɛbə bˈɛilm hut ejm mxˈabajd ɡəvˈejn farʃtˈajt zix, in ɛr hut ejm avˈɛkɡəzəʦt.
108_151315_0065|שוין, און די רבנים האבן אזוי געשמועסט ווען ער איז געזעסן דארטן.|ʃɔjn, in də rˈabunim hubn azˈɔj ɡəʃmˈiəst vɛn ɛr iz ɡəzˈɛsn dɔrtn.
108_151315_0066|איך געדענק די שמועס איז געגאנגען צווישן אנדערע זאכן, אבער איך ווייס נישט פארוואס פונקט דאס האט זיך געמאכט די שמועס, וועגן דעם ראזינער'ס חידוש פון די תכלת מיט די ציצית.|ix ɡədˈɛnk də ʃmˈiəs iz ɡəɡˈanɡən ʦviʃn ˈandərə zaxn, ˈɔbər ix vajs niʃt farvˈus pinkt dus hut zix ɡəmˈaxt də ʃmˈiəs, vejɡn dejm rˈazinərs xˈidiʃ fin də txˈajləs mit də ʦˈiʦis.
108_151315_0067|דער ראדזינער איז ידוע, ווער ס'ווייסט ווייסט, אז ר' גרשון העניך איז געווען דער ראדזינער רבי אין פוילן,|dɛr rˈadzinər iz jədˈiə, vɛr svajst vajst, az rajʃ ɡɛrʃn hˈɛnix iz ɡəvˈejn dɛr rˈadzinər rˈɛbə in pɔjln,
108_151315_0068|ער איז געווען א גרויסער גאון, א שיינער רבי.|ɛr iz ɡəvˈejn a ɡrˈɔjsər ɡˈuən, a ʃˈajnər rˈɛbə.
108_151315_0069|און ער האט מחדש געווען, ער האט געשריבן א ספר אויף תכלת, דברים ידועים, ווי ער האט מברר געווען אז אפילו בזמן הזה איז א מצוה אז מ'זאל גיין ציצית.|in ɛr hut mxˈadajʃ ɡəvˈejn, ɛr hut ɡəʃrˈibn a sˈajfər oʊf txˈajləs, dvˈurim ˈidiajm, vi ɛr hut mvˈurajr ɡəvˈejn az afˈilə bˈizman hˈazə iz a mˈiʦvə az mzul ɡajn ʦˈiʦis.
108_151315_0070|ער האט נאכגעפארשט אין איטאליע ווי מ'זעט דעם חלזון פיש, ס'איז א גאנצע שמועס וואס איז דברים ידועים, ווער וואס ווייסט ווייסט.|ɛr hut nˈaxɡəfarʃt in ˈitaliə vi mzejt dejm xilˈuzɔjn fiʃ, siz a ɡˈanʦə ʃmˈiəs vus iz dvˈurim ˈidiajm, vɛr vus vajst vajst.
108_151315_0071|און דער שמועס האט זיך עפעס געמאכט דארטן, איך געדענק נישט פונקטליך וואס דער רבי האט געהאלטן, ס'איז געווען אינטערעסאנט.|in dɛr ʃmˈiəs hut zix ˈɛpəs ɡəmˈaxt dɔrtn, ix ɡədˈɛnk niʃt fˈinktləx vus dɛr rˈɛbə hut ɡəhˈaltn, siz ɡəvˈejn intərəsˈant.
108_151315_0072|אוודאי, הלכה למעשה, רוב וועלט האט עס נישט אנגענומען הלכה למעשה, כאטש אפילו ער איז געווען א גרויסער מענטש, דער ראדזינער רבי, בעל סדרי טהרות, אבער ס'איז געווען אינטערעסאנט אז מ'האט עס נישט אנגענומען.|avˈadə, halˈuxə ləmˈaːsə, rɔv vɛlt hut ɛs niʃt ˈunɡənimən halˈuxə ləmˈaːsə, xɔʧ afˈilə ɛr iz ɡəvˈejn a ɡrˈɔjsər mɛnʧ, dɛr rˈadzinər rˈɛbə, baːl zdri təhˈurɔjs, ˈɔbər siz ɡəvˈejn intərəsˈant az mhut ɛs niʃt ˈunɡənimən.
108_151315_0073|דאס איז געווען איינע פון די שמועסן.|dus iz ɡəvˈejn ˈajnə fin də ʃmˈiəsn.
108_151315_0074|כאטש אפילו איך בין געווען א חתן, ווי איך האב שוין פריער געזאגט, האט מען מיך מכבד געווען מיט זאגן תורה.|xɔʧ afˈilə ix bin ɡəvˈejn a xusn, vi ix hub ʃɔjn frˈiər ɡəzˈuɡt, hut mɛn mix mxˈabajd ɡəvˈejn mit zuɡn tˈɔjrə.
108_151315_0075|און הגם אין די לעצטע יארן זינגט מען אריין בחורים, האב איך געהאט די מזל אז נישט אלעמאל ווען איך האב געזאגט האט מען מיך געלאזט גאנץ פיין זאגן, מ'האט מיך נישט אריינגעזינגען.|in hˈaɡam in də lˈɛʦtə jurn zinɡt mɛn arˈaːn buxˈirim, hub ix ɡəhˈat də mazl az niʃt ˈaləmal vɛn ix hub ɡəzˈuɡt hut mɛn mix ɡəlˈɔzt ɡanʦ faːn zuɡn, mhut mix niʃt arˈaːnɡəzinɡən.
108_151315_0076|און אז דער סאטמארער רבי איז געווען דארטן, האט מיין טאטע געזאגט אז דער חתן זאל זאגן אפאר ווערטער, איך בין געווען עפעס אנגעגרייט.|in az dɛr sˈatmarər rˈɛbə iz ɡəvˈejn dɔrtn, hut maːn tˈatə ɡəzˈuɡt az dɛr xusn zul zuɡn apˈur vˈɛrtər, ix bin ɡəvˈejn ˈɛpəs ˈunɡəɡrajt.
108_151315_0077|און פארשטייט זיך אז דער רבי איז דארט געזעסן האט זיך קיינער נישט געטרויעט אריינצוזינגען, און מ'האט מיר געלאזט גאנץ פיין זאגן.|in farʃtˈajt zix az dɛr rˈɛbə iz dɔrt ɡəzˈɛsn hut zix kˈajnər niʃt ɡətrˈɔjət arˈaːnʦizinɡən, in mhut mir ɡəlˈɔzt ɡanʦ faːn zuɡn.
108_151315_0078|איך געדענק עפעס אויף אן ענין אב ובנו שבאו מסיעא האב איך געזאגט, איך האב נאכגעזאגט א שטיקל טל חיים פונעם זיידן אויך א חידוש אין די סוגיא, און די רבנים מיט'ן רבי'ן מיט אלע האבן אויסגעהערט.|ix ɡədˈɛnk ˈɛpəs oʊf un ˈinjən ab ˈibni ʒbi msˈiəa hub ix ɡəzˈuɡt, ix hub nˈuxɡəzuɡt a ʃtikl tal xˈajim fˈinəm zajdn ɔjx a xˈidiʃ in də sˈuɡia, in də rˈabunim mitn rbin mit ˈalə hubn ˈoʊzɡəhirt.
108_151315_0079|נאכדעם האט זיך עפעס, איך מיין איך האב זיך אנגערופן, ס'פאסט פאר א ליסקער אייניקל, פון טל חיים'ס אייניקל, זאל זאגן אזא פשט'ל, איך האף אז ער האט הנאה געהאט.|nuxdˈejm hut zix ˈɛpəs, ix maːn ix hub zix ˈunɡərifn, spɔst far a lˈiskər ˈajnikl, fin tal xajms ˈajnikl, zul zuɡn azˈa pʃutl, ix huf az ɛr hut hanˈuə ɡəhˈat.
108_151315_0080|ווען ס'איז געקומען, מ'איז אזוי געזעסן, מ'האט געשמועסט, די רבנים, אלעס פיין און וואויל.|vɛn siz ɡəkˈimən, miz azˈɔj ɡəzˈɛsn, mhut ɡəʃmˈiəst, də rˈabunim, ˈaləs faːn in vɔjl.
108_151315_0081|פלוצלינג רופט זיך אן דער רבי פאר'ן טאטן, "דער מחותן איז נישט מכבד אז מ'קומט אויף א שבע ברכות?" ער האט אזוי א ווערטל געמאכט.|plˈiʦlinɡ rift zix un dɛr rˈɛbə farn tatn, dɛr məxˈitn iz niʃt mxˈabajd az mkimt oʊf a ʃˈɛvə brˈuxəs ɛr hut azˈɔj a vɛrtl ɡəmˈaxt.
108_151315_0082|דער טאטע האט אוודאי געוואוסט צו מכבד זיין, ער האט נישט געוואוסט פונקטליך ווי דער רבי פירט זיך, צו ער וויל זיך וואשן, צו ער טיילט שיריים אזוי אומגעוואשן, און אהין, האט ער נישט געוואוסט פונקטליך וויאזוי ס'איז ביי אים נוהג.|dɛr tˈatə hut avˈadə ɡəvˈist ʦi mxˈabajd zaːn, ɛr hut niʃt ɡəvˈist fˈinktləx vi dɛr rˈɛbə firt zix, ʦi ɛr vil zix vaʃn, ʦi ɛr tajlt ʃirˈajim azˈɔj ˈimɡəvaʃn, in ahˈin, hut ɛr niʃt ɡəvˈist fˈinktləx vizˈɔj siz baː ejm nˈɔjəɡ.
108_151315_0083|זאגט ער, "אוודאי וויל איך מכבד זיין דעם רבי'ן, איך ווייס נישט צו דער רבי וויל זיך וואשן, צו וויאזוי."|zuɡt ɛr, avˈadə vil ix mxˈabajd zaːn dejm rbin, ix vajs niʃt ʦi dɛr rˈɛbə vil zix vaʃn, ʦi vizˈɔj
108_151315_0084|זאגט ער, "רבי, ניין, די רביצין האט געבאקן היימיש, היימיש געבאקסט, נאך."|zuɡt ɛr, rˈɛbə, najn, də rˈɛbəʦn hut ɡəbˈakn hˈajmiʃ, hˈajmiʃ ɡəbˈakst, nux
108_151315_0085|זאגט ער, "טאטע, יא, זי האט געבאקן." און ער זאגט, "נו, אויב אזוי," זאגט ער, "אז ס'איז היימיש געבאקט אין שטוב,"|zuɡt ɛr, tˈatə, ju, zi hut ɡəbˈakn in ɛr zuɡt, ni, ɔjb azˈɔj zuɡt ɛr, az siz hˈajmiʃ ɡəbˈakt in ʃtib
108_151315_0086|זאגט ער, "וועל איך טועם זיין אביסל געבאקס, זאגן לחיים, טועם זיין."|zuɡt ɛr, vɛl ix tˈiəm zaːn abˈisl ɡəbˈaks, zuɡn ləxˈajim, tˈiəm zaːn
108_151315_0087|שוין, אזוי איז געווען.|ʃɔjn, azˈɔj iz ɡəvˈejn.
108_151315_0089|די מעשה איז געווען, צו על פי סיבה, אבער די מאמע האט געשניטן אויף, זי האט אויפגעשניטן דעם לעקעך, נישט אזוי אביסל אריינגעשניטן דעם לעקעך.|də mˈaːsə iz ɡəvˈejn, ʦi al pi sˈibə, ˈɔbər də mˈamə hut ɡəʃnˈitn oʊf, zi hut ˈɔjfɡəʃnitn dejm lˈɛkəx, niʃt azˈɔj abˈisl arˈaːnɡəʃnitn dejm lˈɛkəx.
108_151315_0090|פארשטייט זיך, געווענליך אז מ'גיבט פאר א רבי'ן אז ער זאל טיילן שיריים, שניידט מען נישט אויף, נאר ס'איז אזוי מער גאנץ, און דער עולם כאפט.|farʃtˈajt zix, ɡəvˈɛnləx az mɡibt far a rbin az ɛr zul tajln ʃirˈajim, ʃnajdt mɛn niʃt oʊf, nɔr siz azˈɔj mɛr ɡanʦ, in dɛr ˈɔjləm xɔft.
108_151315_0091|אבער איך ווייס, די וואס זענען געווען די מביאים, הגם די מאמע איז אויך א רביש קינד, זי ווייסט, אבער ס'זעט אויס נישט געווען געוואוינהייט, מ'האט עס אזוי אריינגעשניטן.|ˈɔbər ix vajs, də vus zˈɛnən ɡəvˈejn də mbˈiaːm, hˈaɡam də mˈamə iz ɔjx a rˈɛbəʃ kind, zi vajst, ˈɔbər szejt oʊs niʃt ɡəvˈejn ɡəvˈɔjnhaːt, mhut ɛs azˈɔj arˈaːnɡəʃnitn.
108_151315_0092|אבער ס'איז געווען א גאנצע זאך, ס'איז געווען אזוי אביסל אריינגעשניטן אויפ'ן טעלער.|ˈɔbər siz ɡəvˈejn a ɡˈanʦə zax, siz ɡəvˈejn azˈɔj abˈisl arˈaːnɡəʃnitn afn tˈɛlər.
108_151315_0093|און דער רבי קוקט עס אן און ער גיבט א שמייכל. זאגט ער, "נו, א בעלזער אייניקל,"|in dɛr rˈɛbə kikt ɛs un in ɛr ɡibt a ʃmajxl. zuɡt ɛr, ni, a bˈɛlzər ˈajnikl
108_151315_0094|זאגט ער, "מעג שוין אויפשניידן, מ'קען געבן שיריים אזוי אויך פון דעם לעקעך, אפילו ס'איז אביסל אריינגעשניטן."|zuɡt ɛr, mejɡ ʃɔjn ˈɔjfʃnajdn, mˈɛkən ɡejbn ʃirˈajim azˈɔj ɔjx fin dejm lˈɛkəx, afˈilə siz abˈisl arˈaːnɡəʃnitn
108_151315_0095|ער האט געמאכט אזא ווערטל, כנראה ער האט זיך געהאט אזא טבע, מאכן א גלייך ווערטל, האט ער געגעבן אזא זאג.|ɛr hut ɡəmˈaxt azˈa vɛrtl, xnra ɛr hut zix ɡəhˈat azˈa tˈɛvə, maxn a ɡlaːx vɛrtl, hut ɛr ɡəɡˈɛbn azˈa zuɡ.
108_151315_0096|שוין, מיט'ן לעקעך איז געגאנגען בשלום, דער עולם האט געטיילט שיריים, פיין.|ʃɔjn, mitn lˈɛkəx iz ɡəɡˈanɡən bəʃˈuləm, dɛr ˈɔjləm hut ɡətˈajlt ʃirˈajim, faːn.
108_151315_0097|שפעטער האט מען אריינגעשיקט, אז מ'האט שוין געזען מ'איז מכבד, האט מען גענומען אזא פיש, און אזא טעלער פיש, אזוי ווי פאר א רבי'ן, אזוי שיין, א גאנצע פיש, אזוי דארטן אנגעגרייט.|ʃpˈejtər hut mɛn arˈaːnɡəʃikt, az mhut ʃɔjn ɡəzˈejn miz mxˈabajd, hut mɛn ɡənˈimən azˈa fiʃ, in azˈa tˈɛlər fiʃ, azˈɔj vi far a rbin, azˈɔj ʃajn, a ɡˈanʦə fiʃ, azˈɔj dɔrtn ˈunɡəɡrajt.
108_151315_0098|שוין, דער רבי האט געזאגט, "טיילן פון די לעקעך האט ער געטיילט, און פון די פיש גייט ער טיילן, מער דארף ער נישט האבן." נישט געוואשן, אבער אזוי אויכעט.|ʃɔjn, dɛr rˈɛbə hut ɡəzˈuɡt, tajln fin də lˈɛkəx hut ɛr ɡətˈajlt, in fin də fiʃ ɡajt ɛr tajln, mɛr daf ɛr niʃt hubn niʃt ɡəvˈaʃn, ˈɔbər azˈɔj ˈɔjxət.
108_151315_0099|דא זאג איך נאך א מציאות, ער האט זיך נישט דירעקט פארבינדן מיט'ן רבי'ן, אבער על כל פנים וואס האט זיך אפגעשפילט על כל פנים אין יענע צייטן איז געווען,|du zuɡ ix nux a mʦˈiɔjs, ɛr hut zix niʃt dˈirəkt farbˈindn mitn rbin, ˈɔbər al kɔl pˈunəm vus hut zix ˈɔpɡəʃpilt al kɔl pˈunəm in jˈɛnə ʦaːtn iz ɡəvˈejn,
108_151315_0100|מ'האט געטיילט, דער רבי האט אזוי נאכ'ן פיש אביסל, האט ער אויך טועם געווען, און כנהוג,|mhut ɡətˈajlt, dɛr rˈɛbə hut azˈɔj nuxn fiʃ abˈisl, hut ɛr ɔjx tˈiəm ɡəvˈejn, in xnhiɡ,
108_151315_0101|דער עולם קומט צו און מ'כאפט שיריים. מ'מאכט זיך, מ'האט זיך אביסל געשטופט,|dɛr ˈɔjləm kimt ʦi in mxɔft ʃirˈajim. mmaxt zix, mhut zix abˈisl ɡəʃtˈift,
108_151315_0102|האט זיך געמאכט אז דער טעלער פון די פיש וואס מ'האט געטיילט שיריים האט זיך איבערגעדרייט, און ס'איז אריינגעפאלן, איך געדענק אויף וועמענס איד,|hut zix ɡəmˈaxt az dɛr tˈɛlər fin də fiʃ vus mhut ɡətˈajlt ʃirˈajim hut zix ˈibərɡədrajt, in siz arˈaːnɡəfaln, ix ɡədˈɛnk oʊf vˈɛməns jid,
108_151315_0104|און די גאנצע פיש האט זיך איבערגעדרייט אויף זיין קאפעליטש. און דער עולם איז געלאפן, מ'האט געכאפט פונעם קאפעלעטש פון די שכיה,|in də ɡˈanʦə fiʃ hut zix ˈibərɡədrajt oʊf zaːn kˈafəliʧ. in dɛr ˈɔjləm iz ɡəlˈafn, mhut ɡəxˈapt fˈinəm kˈafələʧ fin də ʃxi,
108_151315_0105|און די רבנים און דער רבי בתוכם האט עס צוגעקוקט, און זיי האבן געשמייכלט, זיי האבן הנאה געהאט. מ'האט שוין נישט געדארפט אנקומען בדחן,|in də rˈabunim in dɛr rˈɛbə bsˈɔjxum hut ɛs ʦˈiɡəkikt, in zaj hubn ɡəʃmˈajxlt, zaj hubn hanˈuə ɡəhˈat. mhut ʃɔjn niʃt ɡədˈarft ˈunkimən bdxajn,
108_151315_0106|דאס אליין איז שוין געווען גאר פרייליך. אבער דאס איז נאך נישט די שפיץ מעשה. און אזוי ווי דער עולם קומט שרייען, פלוצלינג איז געווען א איד,|dus alˈajn iz ʃɔjn ɡəvˈejn ɡur frˈajləx. ˈɔbər dus iz nux niʃt də ʃpiʦ mˈaːsə. in azˈɔj vi dɛr ˈɔjləm kimt ʃrˈajən, plˈiʦlinɡ iz ɡəvˈejn a jid,
108_151315_0108|איז ער געקומען מיט א גאפל, ווייל ער האט געוואלט כאפן שרייען. און אזוי ווי ס'איז געווען אויפ'ן קאפל, שוין כאפל קומט ער מיט'ן גאפל. ר' שלום קוקט אים אן, נישט גענוג,|iz ɛr ɡəkˈimən mit a ɡafl, vaːl ɛr hut ɡəvˈɔlt xapn ʃrˈajən. in azˈɔj vi siz ɡəvˈejn afn kafl, ʃɔjn xafl kimt ɛr mitn ɡafl. rajʃ ʃˈuləm kikt ejm un, niʃt ɡənˈiɡ,
108_151315_0109|זאגט ער, איך האב אנגעטון לכבוד ובשמחה א נייע קאפליטש, און ס'איז מיר געווארן דא מיט די פיש, זאגט ער. איך כאפ מיט די הענט, זאגט ער, וואס פאר מיר חסידות דא? זאגט ער,|zuɡt ɛr, ix hub ˈunɡətin lxbid ivasˈimxə a nˈaːjə kˈafliʧ, in siz mir ɡəvˈɔrn du mit də fiʃ, zuɡt ɛr. ix xɔp mit də hɛnt, zuɡt ɛr, vus far mir xˈusidis du ? zuɡt ɛr,
108_151315_0110|מיר כאפן מיט א גאפל? ווי דו זאגסט, שרייען כאפן מיט די הענט. זאגט ער, ס'מיר אויסלעכענען דעם הוט, ס'וועט שוין גיין קיין פטן. אינגאנצן, זאגט ער, דו מאכסט א חורבן דא? נו,|mir xapn mit a ɡafl ? vi di zuɡst, ʃrˈajən xapn mit də hɛnt. zuɡt ɛr, smir ˈoʊsləxənən dejm hit, svɛt ʃɔjn ɡajn kan ftən. inɡˈanʦn, zuɡt ɛr, di maxst a xirbn du ? ni,
108_151315_0111|אז מ'האט אנגעקוקט די סצענעס, איז געווען גאר אינטערעסאנט.|az mhut ˈunɡəkikt də sʦˈɛnəs, iz ɡəvˈejn ɡur intərəsˈant.
108_151315_0113|שוין, יעצט,|ʃɔjn, jɛʦt,
108_151315_0114|אריבערגיין.|arˈibərɡajn.
108_151315_0116|די מעשה איז אזוי געווען: דער טאטע האט אפגעדאוונט פריער, און ער איז געזעסן שוין אין סוכה ביי די סעודה, ס'איז נישט געווען שפעט.|də mˈaːsə iz azˈɔj ɡəvˈejn : dɛr tˈatə hut ˈɔpɡədavnt frˈiər, in ɛr iz ɡəzˈɛsn ʃɔjn in sˈikə baː də sˈidə, siz niʃt ɡəvˈejn ʃpɛt.
108_151315_0117|און מ'ווייסט דאך אז דער רבי האט זייער מאריך גענומען די הושענות, כמעט ביז פארנאכטס.|in mvajst dɔx az dɛr rˈɛbə hut zˈajər mˈaːrəx ɡənˈimən də hɔjʃˈanɔjs, kəmˈat biz farnˈaxʦ.
108_151315_0118|אזוי בדרך כלל איז ער נישט געגאנגען הושענא רבה, איך ווייס נישט פארוואס.|azˈɔj bˈɛdərəx klal iz ɛr niʃt ɡəɡˈanɡən hˈiʃəna rˈabu, ix vajs niʃt farvˈus.
108_151315_0119|און ס'איז געקומען עפעס א קרוב אריין אין די סוכה, באזוכן דעם טאטן הושענא רבה. רופט זיך אן דער טאטע, "האסט א קאר? האסט אן אויטא?"|in siz ɡəkˈimən ˈɛpəs a krib arˈaːn in də sˈikə, bazˈixn dejm tatn hˈiʃəna rˈabu. rift zix un dɛr tˈatə, hust a kar ? hust un ˈɔjta
108_151315_0120|זאגט ער, "יא." זאגט ער, "איך וויל נישט גיין צו שפעט נאנט צו יום טוב, איך וויל דאך אריינקומען."|zuɡt ɛr, ju zuɡt ɛr, ix vil niʃt ɡajn ʦi ʃpɛt nant ʦi jɔjm tɔjv, ix vil dɔx arˈaːnkimən
108_151315_0121|זאגט ער, "אבער אפשר קענסטו מיר טון א טובה, איך וויל אריבערפארן אויף וויליאמסבורג און גיין צום סאטמארער רבי'ן, איך וויל זען אביסל דעם דאווענען, איך ווייס די הושענות, ווי ער וועט אנקומען."|zuɡt ɛr, ˈɔbər ˈɛfʃir kˈɛnsti mir tin a tˈɔjvə, ix vil ˈaribərfarn oʊf vˈiljamsburɡ in ɡajn ʦim sˈatmarər rbin, ix vil zejn abˈisl dejm dˈavənən, ix vajs də hɔjʃˈanɔjs, vi ɛr vɛt ˈunkimən
108_151315_0122|דער טאטע האט דאך געדאוונט שוין, פארשטייט זיך.|dɛr tˈatə hut dɔx ɡədˈavnt ʃɔjn, farʃtˈajt zix.
108_151315_0123|און דער איד האט געזאגט, "גוט, איך האב נישט צופיל צייט, נאר אויב דער רבי וועט נישט זיין צו לאנג, קען איך פארברענגען אביסל און עס מאכן שנעל."|in dɛr jid hut ɡəzˈuɡt, ɡit, ix hub niʃt ʦˈifil ʦaːt, nɔr ɔjb dɛr rˈɛbə vɛt niʃt zaːn ʦi laːnɡ, kɛn ix farbrˈejnɡən abˈisl in ɛs maxn ʃnɛl
108_151315_0124|שוין, דאס איז נאך געווען אין אלטן בית המדרש אויף בעדפארד עוועניו. פארוואס?|ʃɔjn, dus iz nux ɡəvˈejn in altn bajs hamˈidruʃ oʊf bˈɛdfard ˈɛvənji. farvˈus ?
108_151315_0125|ס'איז געווען א גרויסע געדרענג, ס'איז געווען אן עולם, ס'איז געווען א היפשע בית המדרש פאר יענע יארן, אבער על כל פנים, ס'איז הושענא רבה געווען א גרויסע שטיפעניש, א גרויסע געדרענג.|siz ɡəvˈejn a ɡrˈɔjsə ɡədrˈɛnɡ, siz ɡəvˈejn un ˈɔjləm, siz ɡəvˈejn a hˈifʃə bajs hamˈidruʃ far jˈɛnə jurn, ˈɔbər al kɔl pˈunəm, siz hˈiʃəna rˈabu ɡəvˈejn a ɡrˈɔjsə ʃtˈifəniʃ, a ɡrˈɔjsə ɡədrˈɛnɡ.
108_151315_0126|און דער טאטע איז געווען שוואך, ער האט זיך נישט געקענט אזוי שטופן.|in dɛr tˈatə iz ɡəvˈejn ʃvax, ɛr hut zix niʃt ɡəkˈɛnt azˈɔj ʃtifn.
108_151315_0127|אבער על כל פנים, ווען מ'האט אים באמערקט, האט מען דאך געמאכט אביסל פלאץ אז מ'זאל קענען צוקומען דארטן.|ˈɔbər al kɔl pˈunəm, vɛn mhut ejm bamˈɛrkt, hut mɛn dɔx ɡəmˈaxt abˈisl plaːʦ az mzul kˈɛnən ʦˈikimən dɔrtn.
108_151315_0129|דער טאטע איז געווען זייער ערנסט, על כל פנים, און דער רבי האט געמאכט די נענועים.|dɛr tˈatə iz ɡəvˈejn zˈajər ɛrnst, al kɔl pˈunəm, in dɛr rˈɛbə hut ɡəmˈaxt də ninˈijim.
108_151315_0130|כידוע, האט ער אסאך געשאקלט מיט די נענועים.|kəiədˈiə, hut ɛr ˈasax ɡəʃˈaklt mit də ninˈijim.
108_151315_0131|אינמיטן הערט ער ווי עפעס א בחור רופט זיך אן, "אה, דער רבי שאקלט, איך ווייס, פופציג מאל, פערציג מאל" - איך ווייס אליין נישט וועלכע מספר ער האט אויסגערעכנט - "אהין און אהער".|ˈinmitn hɛrt ɛr vi ˈɛpəs a bˈuxər rift zix un, a, dɛr rˈɛbə ʃaklt, ix vajs, fˈifʦiɡ mul, fˈɛrʦiɡ mul ix vajs alˈajn niʃt vˈɛlxə mˈispur ɛr hut ˈoʊzɡərəxnt ahˈin in ahˈɛr
108_151315_0132|און שוין, דער טאטע האט זיך נישט אנגערופן, ער האט נאר אזוי צוגעקוקט.|in ʃɔjn, dɛr tˈatə hut zix niʃt ˈunɡərifn, ɛr hut nɔr azˈɔj ʦˈiɡəkikt.
108_151315_0133|איך ווייס, ס'איז געווען בערך א האלבע שעה, נאכדעם איז שוין געווען שווער צו שטיין, איז ער אהיימגעפארן.|ix vajs, siz ɡəvˈejn bəˈejrəx a hˈalbə ʃu, nuxdˈejm iz ʃɔjn ɡəvˈejn ʃvir ʦi ʃtajn, iz ɛr ahˈajmɡəfarn.
108_151315_0134|אויפן וועג זאגט דער טאטע, "דו ווילסט זיך וואונדערן וואס עפעס בין איך געגאנגען הושענא רבה?|afn vejɡ zuɡt dɛr tˈatə, di vilst zix vˈindərn vus ˈɛpəs bin ix ɡəɡˈanɡən hˈiʃəna rˈabu ?
108_151315_0135|זאגט ער, "איך האב מיך דערמאנט היינט אינדערפרי, עס האט זיך מיר געשטעלט דאס בילד פון דערהיים הושענא רבה ביים זיידן, ר' ישעי'לע ישר, זיין פאטער איז געווען אויך א גדול בישראל כידוע.|zuɡt ɛr, ix hub mix dərmˈant haːnt ˈindərfri, ɛs hut zix mir ɡəʃtˈɛlt dus bild fin dˈɛrhajm hˈiʃəna rˈabu bam zajdn, rajʃ ˈiʃajlə jˈuʃər, zaːn fˈatər iz ɡəvˈejn ɔjx a ɡdil bˈiʃral kəiədˈiə.
108_151315_0137|איך ווייס נישט פונקטליך צו דער זיידנ'ס עבודה איז געווען ממש דומה צום סאטמארער רב, אבער על כל פנים, ס'איז פון דעם חדר.|ix vajs niʃt fˈinktləx ʦi dɛr zajdns avˈɔjdə iz ɡəvˈejn mˈamiʃ dˈimə ʦim sˈatmarər ruv, ˈɔbər al kɔl pˈunəm, siz fin dejm xˈɛdər.
108_151315_0139|אבער על כל פנים, האב איך מיישב געווען, ווי קען איך... איך האב געוואלט זען עפעס א רבי'ן מעין דוגמתו, אזא מין סארט. האב איך מיישב געווען, איך וועל גיין אין וויליאמסבורג.|ˈɔbər al kɔl pˈunəm, hub ix majʒb ɡəvˈejn, vi kɛn ix ix hub ɡəvˈɔlt zejn ˈɛpəs a rbin majn dˈiɡmsi, azˈa min sɔrt. hub ix majʒb ɡəvˈejn, ix vɛl ɡajn in vˈiljamsburɡ.
108_151315_0140|ווער איז שוין דא היינט אין דעם דור דא ביי אונז וואס איז פון דעם חדר, וואס איז פון דעם מין? און איך בין געגאנגען זען סאטמארער רב. דאס איז געווען דעם טעם.|vɛr iz ʃɔjn du haːnt in dejm dur du baː inz vus iz fin dejm xˈɛdər, vus iz fin dejm min ? in ix bin ɡəɡˈanɡən zejn sˈatmarər ruv. dus iz ɡəvˈejn dejm tam.
108_151315_0141|ס'האט זיך געמאכט א קאר, איך האב געקענט פארשטיין אז איך גיי גיין."|səhˈut zix ɡəmˈaxt a kar, ix hub ɡəkˈɛnt farʃtˈajn az ix ɡaj ɡajn
108_151315_0142|זאגט ער, "דער בחור - איך האב נישט געוואלט אנרופן - האט זיך געזאגט," זאגט ער, "אז דער רבי האט געשאקלט פופציג מאל, פערציג מאל.|zuɡt ɛr, dɛr bˈuxər ix hub niʃt ɡəvˈɔlt ˈunrifn hut zix ɡəzˈuɡt zuɡt ɛr, az dɛr rˈɛbə hut ɡəʃˈaklt fˈifʦiɡ mul, fˈɛrʦiɡ mul.
108_151315_0143|זאגט ער, "ער מיינט," זאגט ער, "דאס איז א פוטבאל שפיל?" זאגט ער, "אז מ'ציילט," זאגט ער, "וויפיל מאל מ'שאקלט?" זאגט ער, "זעט אויס אז ער פארשטייט נישט אזוי פונקטליך."|zuɡt ɛr, ɛr majnt zuɡt ɛr, dus iz a fˈitbal ʃpil zuɡt ɛr, az mʦajlt zuɡt ɛr, vˈifil mul mʃaklt zuɡt ɛr, zejt oʊs az ɛr farʃtˈajt niʃt azˈɔj fˈinktləx
108_151315_0144|זאגט ער, "אבער די אלע נענועים, דאס איז על פי דרך קבלה. די אלע מספרים האט א כוונה."|zuɡt ɛr, ˈɔbər də ˈalə ninˈijim, dus iz al pi dˈɛrəx kˈibluh. də ˈalə msfrim hut a kavˈunə
108_151315_0145|זאגט ער, "איך בין נישט אזא גרויסע מבין, אבער אזויפיל האב איך פארשטאנען," זאגט ער, "אז דאס... איך פרעג דאס דעם טאטן אמאל ווען ער פלעגט שאקלען די נענועים.|zuɡt ɛr, ix bin niʃt azˈa ɡrˈɔjsə majvn, ˈɔbər ˈazɔjfil hub ix farʃtˈanən zuɡt ɛr, az dus ix frɛɡ dus dejm tatn amˈul vɛn ɛr flɛɡt ʃˈaklən də ninˈijim.
108_151315_0146|על כל פנים," זאגט ער, "דאס איז על פי קבלה, דאס האב איך געוואלט זען."|al kɔl pˈunəm zuɡt ɛr, dus iz al pi kˈibluh, dus hub ix ɡəvˈɔlt zejn
108_151315_0148|איינמאל אויכעט בין איך מיטגעווען, וואס ער איז נישט אלעמאל געגאנגען, איז דאס געווען זאת חנוכה, איז ער אויכעט געפארן אין וויליאמסבורג.|ˈajnmul ˈɔjxət bin ix mˈitɡəvən, vus ɛr iz niʃt ˈaləmal ɡəɡˈanɡən, iz dus ɡəvˈejn zɔjs xˈanikə, iz ɛr ˈɔjxət ɡəfˈarn in vˈiljamsburɡ.
108_151315_0149|און ער איז געווען ביי די חנוכה ליכט און געהערט די תורה וואס ער האט געזאגט, און אזוי ווייטער.|in ɛr iz ɡəvˈejn baː də xˈanikə lixt in ɡəhˈirt də tˈɔjrə vus ɛr hut ɡəzˈuɡt, in azˈɔj vˈaːtər.
108_151315_0150|דאס לעצטע מאל, איך מיין אז דאס איז שוין געווען טאקע דאס לעצטע מאל וואס דער טאטע איז געווען בעלמא, איז ער געפארן חודש אלול צייט.|dus lˈɛʦtə mul, ix maːn az dus iz ʃɔjn ɡəvˈejn tˈakə dus lˈɛʦtə mul vus dɛr tˈatə iz ɡəvˈejn bəˈalmə, iz ɛr ɡəfˈarn xˈɔjdəʃ ˈɛləl ʦaːt.
108_151315_0151|דאס איז געווען שוין ווען דער רבי זכרונו לברכה איז שוין געווען נאכן סטראוק, אבער ס'איז שוין געווען א יאר צוויי.|dus iz ɡəvˈejn ʃɔjn vɛn dɛr rˈɛbə zxrˈini livrˈuxə iz ʃɔjn ɡəvˈejn nuxn strik, ˈɔbər siz ʃɔjn ɡəvˈejn a jur ʦvaj.
108_151315_0152|דאס האט געדארפט צו זיין דעם יאר וואס האט אריינגעפירט צו תשל"א.|dus hut ɡədˈarft ʦi zaːn dejm jur vus hut arˈaːnɡəfirt ʦi tuf ʃin lˈaməd ˈaləf.
108_151315_0153|אלול איז געווען נאך ל', אבער נאך ראש השנה איז געווען ל"א. דער טאטע זכרונו לברכה איז אוועק כ"ח שבט ל"א.|ˈɛləl iz ɡəvˈejn nux lˈaməd ˈɔbər nux rɔjʃ haʃˈunə iz ɡəvˈejn lˈaməd ˈaləf. dɛr tˈatə zxrˈini livrˈuxə iz avˈɛk xuf xɛs ʃˈajvət lˈaməd ˈaləf.
108_151315_0154|איז דעמאלטס איז ער געווען אין בעל הארבער.|iz dˈɛmalʦ iz ɛr ɡəvˈejn in baːl hˈarbər.
108_151315_0155|יענע יארן האט ער געוואוינט אין בעל הארבער, איז ער געווען אסאך, ער איז אפשר אריינגעקומען אין וויליאמסבורג.|jˈɛnə jurn hut ɛr ɡəvˈɔjnt in baːl hˈarbər, iz ɛr ɡəvˈejn ˈasax, ɛr iz ˈɛfʃir arˈaːnɡəkimən in vˈiljamsburɡ.
108_151315_0156|איז על כל פנים, איז דער טאטע געפארן אים אנוואונטשן א גוט יאר, נעמען א ברכה פאר די הייליגע טעג.|iz al kɔl pˈunəm, iz dɛr tˈatə ɡəfˈarn ejm ˈanvinʧn a ɡit jur, nˈɛmən a brˈuxə far də hˈajliɡə tejɡ.
108_151315_0157|איך בין מיטגעגאנגען, אפשר מיין ברודער דער היבנובער רבי איז אויך מיטגעגאנגען, איך געדענק נישט פונקטליך, איך מיין אז ער איז שוין יא מיטגעגאנגען, ער איז געווען אסאך יונגער.|ix bin mˈitɡəɡanɡən, ˈɛfʃir maːn brˈidər dɛr hˈibnibər rˈɛbə iz ɔjx mˈitɡəɡanɡən, ix ɡədˈɛnk niʃt fˈinktləx, ix maːn az ɛr iz ʃɔjn ju mˈitɡəɡanɡən, ɛr iz ɡəvˈejn ˈasax jˈinɡər.
108_151315_0159|און אזוי האט ער אויפגענומען דעם עולם, מ'האט געגעבן די קוויטלעך, ער האט אנגעוואונטשן, און אזוי ווייטער. מ'איז געשטאנען אויף די רייע.|in azˈɔj hut ɛr ˈoʊfɡənimən dejm ˈɔjləm, mhut ɡəɡˈɛbn də kvˈitləx, ɛr hut ˈanɡəvinʧn, in azˈɔj vˈaːtər. miz ɡəʃtˈanən oʊf də rˈajə.
108_151315_0160|דער טאטע קומט, דער טאטע איז געווען זייער אן ערנסטער פנים, זייער, ס'איז חודש אלול און אזוי ווייטער, ס'איז געווען אן ערנסטע סצענע.|dɛr tˈatə kimt, dɛr tˈatə iz ɡəvˈejn zˈajər un ˈɛrnstər pˈunəm, zˈajər, siz xˈɔjdəʃ ˈɛləl in azˈɔj vˈaːtər, siz ɡəvˈejn un ˈɛrnstə sʦˈɛnə.
108_151315_0161|און ער איז געשטאנען מיט אזא דרך ארץ, מיט אזא התבטלות, ער איז דאך געווען א שטיקל מבין.|in ɛr iz ɡəʃtˈanən mit azˈa dˈɛrəx ˈɛrəʦ, mit azˈa hzbtlis, ɛr iz dɔx ɡəvˈejn a ʃtikl majvn.
108_151315_0162|און ער קומט אריין, און דער רבי נעמט אים אויף,|in ɛr kimt arˈaːn, in dɛr rˈɛbə nɛmt ejm oʊf,
108_151315_0163|און דער רבי זאגט, אה, זאגט דער ליסקער רבי, ער האט אים מכבד געווען אז ער זאל זיך אוועקזעצן נעבן אים.|in dɛr rˈɛbə zuɡt, a, zuɡt dɛr lˈiskər rˈɛbə, ɛr hut ejm mxˈabajd ɡəvˈejn az ɛr zul zix avˈɛkzəʦn nɛbn ejm.
108_151315_0164|און ער האט זיך אזוי געזעצט אזוי ביים טיש, אז ער האט אים מכבד געווען.|in ɛr hut zix azˈɔj ɡəzˈɛʦt azˈɔj bam tiʃ, az ɛr hut ejm mxˈabajd ɡəvˈejn.
108_151315_0165|און דער רבי זאגט אים, "ליסקער רבי, קום אביסל נענטער," אזוי ווי איינער ברענגט אים אן אביסל נענטער צו זיך.|in dɛr rˈɛbə zuɡt ejm, lˈiskər rˈɛbə, kim abˈisl nˈɛntər azˈɔj vi ˈajnər brɛnɡt ejm un abˈisl nˈɛntər ʦi zix.
108_151315_0166|און שוין, ער האט גערוקט דעם בענקל אביסל נענטער.|in ʃɔjn, ɛr hut ɡərˈikt dejm bɛnkl abˈisl nˈɛntər.
108_151315_0167|רופט זיך אן דער סאטמארער רבי, זאגט ער, "ליסקער רב," זאגט ער, "איר זענט דאך אזוי ווי איינער זאגט, איר קומט דאך פון א גזע, פון אן אפשטאם.|rift zix un dɛr sˈatmarər rˈɛbə, zuɡt ɛr, lˈiskər ruv zuɡt ɛr, ir zɛnt dɔx azˈɔj vi ˈajnər zuɡt, ir kimt dɔx fin a ɡˈɛzə, fin un ˈafʃtam.
108_151315_0168|אפשר זאל מען זיך אביסל דערמאנען, און אפשר קענט איר מיר זאגן אביסל הנהגות וויאזוי ס'איז געווען ביי אייך אין ליסקא, און בפרט ביי אייער טאטן זכרונו לברכה.|ˈɛfʃir zul mɛn zix abˈisl dərmˈanən, in ˈɛfʃir kɛnt ir mir zuɡn abˈisl hanhˈuɡɔjs vizˈɔj siz ɡəvˈejn baː aːx in lˈiska, in bfˈɛrət baː ˈaːjər tatn zxrˈini livrˈuxə.
108_151315_0169|קענט איר מיר עפעס זאגן?"|kɛnt ir mir ˈɛpəs zuɡn
108_151315_0170|און זיי האבן אנגעהויבן צו שמועסן פון פארשידענע מנהגים פון די הייליגע טעג, אזוי, אזוי.|in zaj hubn ˈunɡəhɔjbn ʦi ʃmˈiəsn fin farʃˈidənə mnhɡim fin də hˈajliɡə tejɡ, azˈɔj, azˈɔj.
108_151315_0171|דער רבי האט אזוי אויסגעפרעגט.|dɛr rˈɛbə hut azˈɔj ˈoʊzɡəfrəɡt.
108_151315_0172|איך געדענק נישט פונקטליך יעצט אלע פרטים וואס מ'האט גערעדט דארטן, אבער יא, וויאזוי האט דער טאטע אזוי געטון, אהער געטון, און וויאזוי האט מען געדאוונט, און מ'האט געזאגט א דרשה.|ix ɡədˈɛnk niʃt fˈinktləx jɛʦt ˈalə frtim vus mhut ɡərˈɛt dɔrtn, ˈɔbər ju, vizˈɔj hut dɛr tˈatə azˈɔj ɡətˈin, ahˈɛr ɡətˈin, in vizˈɔj hut mɛn ɡədˈavnt, in mhut ɡəzˈuɡt a drˈuʃə.
108_151315_0173|כהוגן ווי די תפילות איז געגאנגען, מ'האט געזאגט תורה, ווען האט מען געזאגט די דרשות.|xhiɡn vi də tfˈilɔjs iz ɡəɡˈanɡən, mhut ɡəzˈuɡt tˈɔjrə, vɛn hut mɛn ɡəzˈuɡt də drˈuʃɔjs.
108_151315_0174|אין ליסקא האט מען געזאגט, וואס ווייסן מיר דאך מיט נמלין בקודש פון נחת בתפילה, און אזוי ווייטער, האט מען געזאגט פאר תקיעת שופר, פאר כל נדרי, אזוי איז געווען דער מנהג.|in lˈiska hut mɛn ɡəzˈuɡt, vus vajsn mir dɔx mit nmlin bkidʃ fin nˈaxəs batfˈilə, in azˈɔj vˈaːtər, hut mɛn ɡəzˈuɡt far tkˈias ʃˈɔjfər, far kɔl ndri, azˈɔj iz ɡəvˈejn dɛr mˈinhəɡ.
108_151315_0175|און זיי האבן אזוי אנגעהויבן צו דערמאנען ערינערונגען, זכרונות פון די אלטע היים, וויאזוי מ'האט זיך געפירט די הייליגע טעג.|in zaj hubn azˈɔj ˈunɡəhɔjbn ʦi dərmˈanən ˈɛrinərinɡən, zixrˈɔjnɔjs fin də ˈaltə hajm, vizˈɔj mhut zix ɡəfˈirt də hˈajliɡə tejɡ.
108_151315_0176|און דער טאטע איז געווען זייער נתרגש. איך מיין דער רבי איז אויך געווען אביסל נתרגש.|in dɛr tˈatə iz ɡəvˈejn zˈajər nisrˈaɡajʃ. ix maːn dɛr rˈɛbə iz ɔjx ɡəvˈejn abˈisl nisrˈaɡajʃ.
108_151315_0177|און שוין.|in ʃɔjn.
108_151315_0178|און אינמיטן רופט זיך אן דער טאטע, "מ'איז געקומען נעמען א ברכה פאר א נייעם יאר, און איך דארף א גרויסע רפואה," האט זיך דער טאטע אנגערופן פאר'ן רבי'ן.|in ˈinmitn rift zix un dɛr tˈatə, miz ɡəkˈimən nˈɛmən a brˈuxə far a nˈajəm jur, in ix daf a ɡrˈɔjsə rəfˈiə hut zix dɛr tˈatə ˈunɡərifn farn rbin.
108_151315_0179|דער רבי האט אים אזוי אנגעקוקט, איך מיין דער טאטע האט געלאזט אפאר טרערן. דער סאטמארער רבי'ס פנים איז אויך געווארן זייער ערנסט.|dɛr rˈɛbə hut ejm azˈɔj ˈunɡəkikt, ix maːn dɛr tˈatə hut ɡəlˈɔzt apˈur trɛrn. dɛr sˈatmarər rbis pˈunəm iz ɔjx ɡəvˈɔrn zˈajər ɛrnst.
108_151315_0181|איך מיין אז פנחס, ביידע זענען נאכנישט געווען בר מצוה. אינטערעסאנט, איך האב געהאט נאר אזא הרגשה, איך מיין דאס איז די איינציגסטע מאל וואס זיי האבן אים געזען,|ix maːn az pˈinxus, bˈajdə zˈɛnən nˈuxniʃt ɡəvˈejn bar mˈiʦvə. intərəsˈant, ix hub ɡəhˈat nɔr azˈa hˈarɡʃə, ix maːn dus iz də ˈajnʦiɡstə mul vus zaj hubn ejm ɡəzˈejn,
108_151315_0182|פריער זענען זיי נאך געווען קינדער, האב איך זיי אנגעזאגט, זאג איך אים, איך גיי אין סאטמאר רבי,|frˈiər zˈɛnən zaj nux ɡəvˈejn kˈindər, hub ix zaj ˈunɡəzuɡt, zuɡ ix ejm, ix ɡaj in sˈatmar rˈɛbə,
108_151315_0183|איך וויל עטס גייט זען א רבי, א פארצייטישטיגער רבי, און איך זאג ענק אן, איך וועל רעדן וואס איך האב מיינע זאכן,|ix vil ɛʦ ɡajt zejn a rˈɛbə, a farʦˈajtiʃtiɡər rˈɛbə, in ix zuɡ ɛnk un, ix vɛl rɛdn vus ix hub mˈaːnə zaxn,
108_151315_0184|אבער איר זאלט אים גוט אנקוקן, איר זאלט עס געדענקען די צורה וואס איר גייט זען. איך האב אזוי דירעקט אנגעזאגט אז זיי זאלן, אזוי ווי מ'זאגט, אריינטראכטן,|ˈɔbər ir zalt ejm ɡit ˈankikn, ir zalt ɛs ɡədˈɛnkən də ʦˈirə vus ir ɡajt zejn. ix hub azˈɔj dˈirəkt ˈunɡəzuɡt az zaj zɔln, azˈɔj vi mzuɡt, arˈaːntraxtn,
108_151315_0185|זיי זאלן א נאכט נעמען, זיי זאלן אויפפאסן. איך קען נישט אריינגיין,|zaj zɔln a naxt nˈɛmən, zaj zɔln ˈɔjfasn. ix kɛn niʃt arˈaːnɡajn,
108_151315_0186|ס'איז געווען א פערזענליכע ענין וואס איך קען נישט יעצט מפרש זיין, וואס איז געווען די באזונדערע בקשה. וואס איך האב געהאט דעמאלטס?|siz ɡəvˈejn a fˈɛrzənləxə ˈinjən vus ix kɛn niʃt jɛʦt mfˈɔjruʃ zaːn, vus iz ɡəvˈejn də bazˈindərə bakˈuʃə. vus ix hub ɡəhˈat dˈɛmalʦ ?
108_151315_0189|און דער ר' מאיר דייטש זאל לעבן. ער פרעגט זיצן אינעווייניג דעם רבי'ן, ווייל טאמער דער רבי האט נישט פארשטאנען דעם רבי'ן, ס'איז שוין געווען שוואך,|in dɛr rajʃ mˈajər dajʧ zul lejbn. ɛr frɛɡt ziʦn ˈinəvajniɡ dejm rbin, vaːl tˈamər dɛr rˈɛbə hut niʃt farʃtˈanən dejm rbin, siz ʃɔjn ɡəvˈejn ʃvax,
108_151315_0190|ס'איז שוין געווען ממש א פאר חדשים פאר די פטירה, ס'איז שוין געווען נאכדעם. על כל פנים, אז טאמער מ'האט געדארפט זאל ער העלפן רעדן, זאל ער זאגן וואס דער רבי מיינט,|siz ʃɔjn ɡəvˈejn mˈamiʃ a far xadˈuʃim far də ptˈirə, siz ʃɔjn ɡəvˈejn nuxdˈejm. al kɔl pˈunəm, az tˈamər mhut ɡədˈarft zul ɛr hɛlfn rɛdn, zul ɛr zuɡn vus dɛr rˈɛbə majnt,
108_151315_0191|צו דער רבי הערט נישט וואס יענער האט געזאגט, האט ער אויסגעהאלפן אזוי ווי א תלמיד'ש, נישט קיין תלמיד'ש אין די שפראך,|ʦi dɛr rˈɛbə hɛrt niʃt vus jˈɛnər hut ɡəzˈuɡt, hut ɛr ˈoʊzɡəhalfn azˈɔj vi a slmidʃ, niʃt kan slmidʃ in də ʃprax,
108_151315_0192|נאר פשוט העלפן מ'זאל זיך פארשטענדיגן. איך וועל פארמאכן די טיר, כאטש ס'איז געווען א ראיה, ס'איז געווען מיין ראיה,|nɔr pˈuʃit hɛlfn mzul zix farʃtˈɛndiɡn. ix vɛl farmˈaxn də tir, xɔʧ siz ɡəvˈejn a rˈaːə, siz ɡəvˈejn maːn rˈaːə,
108_151315_0193|איך האב נישט געוואלט אז דער עולם וועט זען. איך קען מעיד זיין, איך בין דאך נישט די גאנצע צייט דארט געווען,|ix hub niʃt ɡəvˈɔlt az dɛr ˈɔjləm vɛt zejn. ix kɛn majd zaːn, ix bin dɔx niʃt də ɡˈanʦə ʦaːt dɔrt ɡəvˈejn,
108_151315_0194|אבער צופיליג האב איך געהאט סייעתא דשמיא און מזל אז דאס מאל ווען איך בין געווען, און איך האב דאך געוואוסט אז דער רבי איז דאך שוין נישט דאס,|ˈɔbər ʦˈifiliɡ hub ix ɡəhˈat sajajaˈusu dʃmˈia in mazl az dus mul vɛn ix bin ɡəvˈejn, in ix hub dɔx ɡəvˈist az dɛr rˈɛbə iz dɔx ʃɔjn niʃt dus,
108_151315_0195|אזוי ווי ס'איז געווען אין די פריערדיגע יארן, איז ער געווען אין א זייער פיינעם צושטאנד, ווי מ'האט געזאגט, זייער גוט אויפגעלייגט, אבער נישט נאר אויפגעלייגט,|azˈɔj vi siz ɡəvˈejn in də frˈiərdiɡə jurn, iz ɛr ɡəvˈejn in a zˈajər fˈajnəm ʦˈiʃtand, vi mhut ɡəzˈuɡt, zˈajər ɡit ˈoʊfɡəlajɡt, ˈɔbər niʃt nɔr ˈoʊfɡəlajɡt,
108_151315_0196|ער איז פשוט געווען שטארק מיט די כוחות. ווען איך וואלט נישט געוואוסט אז ער איז נישט געזונט געווען, איז עס כמעט געווען אזוי ווי אין די גוטע צייטן. זעט אויס אז ס'איז געווען א גוטע טאג,|ɛr iz pˈuʃit ɡəvˈejn ʃtark mit də kˈɔjxəs. vɛn ix vɔlt niʃt ɡəvˈist az ɛr iz niʃt ɡəzˈint ɡəvˈejn, iz ɛs kəmˈat ɡəvˈejn azˈɔj vi in də ɡˈitə ʦaːtn. zejt oʊs az siz ɡəvˈejn a ɡˈitə tuɡ,
108_151315_0197|און איך האב פארגעשעדט, איך האב אים געגעבן דעם קוויטל, און דארט איז שוין געשטאנען. וואס די בקשה איז געווען,|in ix hub farɡəʃˈɛdt, ix hub ejm ɡəɡˈɛbn dejm kvitl, in dɔrt iz ʃɔjn ɡəʃtˈanən. vus də bakˈuʃə iz ɡəvˈejn,
108_151315_0199|אבער די אינטערעסאנטסטע זאך איז געווען אז ער האט געליינט דעם קוויטל,|ˈɔbər də ˈintərəsanʦtə zax iz ɡəvˈejn az ɛr hut ɡəlˈajnt dejm kvitl,
108_151315_0200|און ס'איז געווען אן ערנסטע זאך, האט ער אנגעהויבן צו פרעגן זאכן, פרטים וועגן דעם ענין וואס מ'דארף צו טון,|in siz ɡəvˈejn un ˈɛrnstə zax, hut ɛr ˈunɡəhɔjbn ʦi frɛɡn zaxn, frtim vejɡn dejm ˈinjən vus mdaf ʦi tin,
108_151315_0201|וויאזוי מ'האט צו טון. און ביי יום אהיים האט ער נישט צופיל פארברענגט מיט מענטשן, ס'איז געווען אן עולם און אזוי ווייטער, און דער מאיר דייטש האט געוואלט אזוי צוהעלפן,|vizˈɔj mhut ʦi tin. in baː jɔjm ahˈajm hut ɛr niʃt ʦˈifil farbrˈɛnɡt mit mɛnʧn, siz ɡəvˈejn un ˈɔjləm in azˈɔj vˈaːtər, in dɛr mˈajər dajʧ hut ɡəvˈɔlt azˈɔj ʦˈihəlfn,
108_151315_0202|האט ער געזאגט, "ניין, איך הער, דו דארפסט מיר נישט אריינשרייען, איך ווייס גענוי וואס מ'רעדט."|hut ɛr ɡəzˈuɡt, najn, ix hɛr, di darfst mir niʃt arˈaːnʃrajən, ix vajs ɡənˈɔj vus mrɛdt
108_151315_0203|און מ'האט געקענט רעדן מיט אים אויף לאנגע יארן אזויווי אמאל.|in mhut ɡəkˈɛnt rɛdn mit ejm oʊf lˈanɡə jurn ˈazɔjvi amˈul.
108_151315_0204|אבער די אינטערעסאנטע זאך איז, וואס איך האב דאס נישט קיינמאל געזען ביי אים, אז ער האט דריי מאל, ער האט געהאט דעם קוויטל, געליינט,|ˈɔbər də ˈintərəsantə zax iz, vus ix hub dus niʃt kˈajnmul ɡəzˈejn baː ejm, az ɛr hut draj mul, ɛr hut ɡəhˈat dejm kvitl, ɡəlˈajnt,
108_151315_0206|נאכדעם האט ער געזוכט נאכאמאל ביים טיש, נאכאמאל אויפגעהויבן דעם קוויטל, און נאכאמאל אריינגעקוקט, און נאכאמאל געפרעגט עפעס אפאר פרטים,|nuxdˈejm hut ɛr ɡəzˈixt nˈuxamul bam tiʃ, nˈuxamul ˈɔjfɡəhɔjbn dejm kvitl, in nˈuxamul arˈaːnɡəkikt, in nˈuxamul ɡəfrˈɛɡt ˈɛpəs apˈur frtim,
108_151315_0207|און נאכאמאל אוועקגעלייגט. און ווען מ'האט אפגעשמועסט וואס מ'האט שוין געהאט צו זאגן,|in nˈuxamul avˈɛkɡəlajɡt. in vɛn mhut ˈɔpɡəʃmiəst vus mhut ʃɔjn ɡəhˈat ʦi zuɡn,
108_151315_0208|איז ער געווארן שטיל. און ער איז אויך געזעסן ביי אזא שרייב-טיש, און ס'איז געווען דארט א פענסטער וואס איז געווען דארט נעבן שרייב-טיש.|iz ɛr ɡəvˈɔrn ʃtil. in ɛr iz ɔjx ɡəzˈɛsn baː azˈa ʃrajb tiʃ, in siz ɡəvˈejn dɔrt a fˈɛnstər vus iz ɡəvˈejn dɔrt nɛbn ʃrajb tiʃ.
108_151315_0209|פלוצלינג איז ער געווארן שטיל, און ער האט נאכאמאל אנגעהויבן ליינען דעם קוויטל.|plˈiʦlinɡ iz ɛr ɡəvˈɔrn ʃtil, in ɛr hut nˈuxamul ˈunɡəhɔjbn lˈajnən dejm kvitl.
108_151315_0210|דריי מאל האט ער געליינט דעם קוויטל. נאך דאס דריטע מאל ליינען, איך בין געווען זייער אויפפאלנד, איך האב שוין נישט געוואוסט וואס צו טראכטן.|draj mul hut ɛr ɡəlˈajnt dejm kvitl. nux dus drˈitə mul lˈajnən, ix bin ɡəvˈejn zˈajər ˈɔjfalnd, ix hub ʃɔjn niʃt ɡəvˈist vus ʦi traxtn.
108_151315_0211|און נאכדעם האט ער געליינט דאס דריטע מאל, האט ער עס אוועקגעלייגט, און ער האט זיך גענומען אזויווי איינער טראכט אריין,|in nuxdˈejm hut ɛr ɡəlˈajnt dus drˈitə mul, hut ɛr ɛs avˈɛkɡəlajɡt, in ɛr hut zix ɡənˈimən ˈazɔjvi ˈajnər traxt arˈaːn,
108_151315_0212|און נאכדעם האט ער געפרעגט אויף די קינדער. זאגט ער, "זיי זענען די קינדער?" זאג איך, "יא, איך וויל דער רבי זאל זיי אויך אנוואונטשן." און ער איז געווען שטיל אפאר מינוט,|in nuxdˈejm hut ɛr ɡəfrˈɛɡt oʊf də kˈindər. zuɡt ɛr, zaj zˈɛnən də kˈindər zuɡ ix, ju, ix vil dɛr rˈɛbə zul zaj ɔjx ˈanvinʧn in ɛr iz ɡəvˈejn ʃtil apˈur minˈit,
108_151315_0213|נאכדעם האט ער אויפגעהויבן די האנט אביסל, ער האט אנגעוואונטשן, צווישן די ווערטער וואס ער האט מיר געזאגט איז,|nuxdˈejm hut ɛr ˈɔjfɡəhɔjbn də hant abˈisl, ɛr hut ˈanɡəvinʧn, ʦviʃn də vˈɛrtər vus ɛr hut mir ɡəzˈuɡt iz,
108_151315_0214|ס'זאל זיין "חזרה עטרה ליושנה", און נאכדעם האט ער געבענטשט די קינדערלעך, ער האט אויפגעלייגט זיין האנט, די הייליגע האנט, אנגעוואונטשן,|szul zaːn xˈuzrə atˈurə ljˈiʃnə in nuxdˈejm hut ɛr ɡəbˈɛnʧt də kˈindərləx, ɛr hut ˈoʊfɡəlajɡt zaːn hant, də hˈajliɡə hant, ˈanɡəvinʧn,
108_151315_0215|און מיט דעם, דאס איז שוין געווען מיין... איך האב נישט געוואוסט בשעתו אז ער האט אוועקגעהייבן די רחל'ן שפעטער, אבער די מציאות איז געווען אז דאס איז געווען די לעצטע מאל וואס איך האב געהאט די זכיה|in mit dejm, dus iz ʃɔjn ɡəvˈejn maːn ix hub niʃt ɡəvˈist biʃˈusɔj az ɛr hut avˈɛkɡəhajbn də rxln ʃpˈejtər, ˈɔbər də mʦˈiɔjs iz ɡəvˈejn az dus iz ɡəvˈejn də lˈɛʦtə mul vus ix hub ɡəhˈat də zxi
108_151315_0217|על כל פנים, מוצאי שבת, זאל דער אייבערשטער העלפן, מ'האט גערעדט פון א צדיק, דעם צדיק וואס אונזער דור האט נאך געהאט די זכיה,|al kɔl pˈunəm, mˈuʦə ʃˈabəs, zul dɛr ˈajbərʃtər hɛlfn, mhut ɡərˈɛt fin a ʦˈadik, dejm ʦˈadik vus ˈinzər dur hut nux ɡəhˈat də zxi,
108_151315_0218|ער איז געווען א שפיגל פון די פריערדיגע דורות. זאל דער אייבערשטער העלפן אז די אידישע קינדער, זיין זכות זאל אויף אונז אלע מגין זיין,|ɛr iz ɡəvˈejn a ʃpiɡl fin də frˈiərdiɡə dˈɔjrɔjs. zul dɛr ˈajbərʃtər hɛlfn az də jˈidiʃə kˈindər, zaːn zxis zul oʊf inz ˈalə mɡin zaːn,
108_151315_0219|מיר זאלן אלע זיין געזונט, און מיר זאלן זיין בגנים ומרומם, ער זאל מתפלל זיין פאר אונז,|mir zɔln ˈalə zaːn ɡəzˈint, in mir zɔln zaːn bɡnim ˈimrimm, ɛr zul mispˈalajl zaːn far inz,
108_151315_0220|און מיר זאלן זוכה זיין אז די אלע ברכות וואס ער האט געגעבן דארטן זאלן אונז אלע העלפן, בני חיי ומזוני רויחי,|in mir zɔln zˈixə zaːn az də ˈalə brˈuxəs vus ɛr hut ɡəɡˈɛbn dɔrtn zɔln inz ˈalə hɛlfn, bnaj xˈajaj ˈimzini rvˈixaj,
108_151315_0221|מיר זאלן אנטקעגן גיין משיח צדקינו, משיח גדול, במהרה בימינו אמן.|mir zɔln ˈantkəɡn ɡajn mˈuʃiəx ʦdkˈini, mˈuʃiəx ɡdil, bimhˈajrə bˈimini ˈumajn.
140_165781_0000|א גוטן ערב שבת, פרשת כי תבוא, צוויי שבתים פאר ראש השנה. אין אזא שבת פלעגט דער משגיח,|a ɡitn ɛrb ʃˈabəs, pˈarʃis ki tuvˈɔja, ʦvaj ʃabˈusim far rɔjʃ haʃˈunə. in azˈa ʃˈabəs flɛɡt dɛr maʃɡˈixa,
140_165781_0001|ר' חצקל לעווינשטיין זכרונו לברכה, פלעגט אויסרופן יעדעס יאר אין פאנאוועזשער ישיבה פאר אזא שבת, אז מיר שטייען דאך צוויי שבתים פאר ראש השנה,|rajʃ xɛʦkl lˈɛvinʃtajn zxrˈini livrˈuxə, flɛɡt ˈoʊsrifn jˈɛdəs jur in fˈanavəʒər jəʃˈivə far azˈa ʃˈabəs, az mir ʃtˈajən dɔx ʦvaj ʃabˈusim far rɔjʃ haʃˈunə,
140_165781_0002|און די גמרא זאגט אין מסכת שבת, "אלמלא שמרו ישראל שתי שבתות מיד נגאלים". האט ער געזאגט, ס'שטייט שוין אין חידושי הרי"ם,|in də ɡəmˈurə zuɡt in mˈasəxəs ʃˈabəs, ˈalmla ʃmri jisrˈuəl ʃtaj ʃˈabəsis miˈiad nɡˈalim hut ɛr ɡəzˈuɡt, sʃtajt ʃɔjn in xidˈiʃaj haj rajʃ jid mɛm,
140_165781_0003|אז ס'איז נישט נאר גאולה כללית, נאר די זעלבע זאך גאולה פרטית צו יעדער איינער וואס ער דארף. נו, וואו נאך דארף א איד א גאולה פרטית ווי ראש השנה?|az siz niʃt nɔr ɡˈulə xllis, nɔr də zˈɛlbə zax ɡˈulə prˈutis ʦi jˈɛdər ˈajnər vus ɛr daf. ni, vi nux daf a jid a ɡˈulə prˈutis vi rɔjʃ haʃˈunə ?
140_165781_0004|איז אז מ'נעמט די צוויי שבתים און מ'נוצט עס אויס גוט ווי ס'דארף צו זיין, מיט תורה, מיט תפילה, מיט תהלים,|iz az mnɛmt də ʦvaj ʃabˈusim in mniʦt ɛs oʊs ɡit vi sdaf ʦi zaːn, mit tˈɔjrə, mit tfˈilə, mit təhˈilim,
140_165781_0009|שבת איז נישט געווען בשמחה, וועגן דעם איז געקומען די תוכחה, לא עלינו.|ʃˈabəs iz niʃt ɡəvˈejn bsˈimxə, vejɡn dejm iz ɡəkˈimən də tɔjxˈuxə, lɔj ulˈajni.
140_165781_0011|פונקט ווי עשרת ימי תשובה, וואס שטייט אין רמב"ם אז עשרת ימי תשובה איז די תפילה יפה ביותר ומתקבלת מיד, אז ס'ווערט נתקבל מיד,|pinkt vi asˈɛrɛs jˈɛmaj ʧˈivə, vus ʃtajt in rˈambam az asˈɛrɛs jˈɛmaj ʧˈivə iz də tfˈilə ˈifə bjˈɔjsajr imskbls miˈiad, az svirt niskˈabajl miˈiad,
140_165781_0013|ווייל דעמאלטס הערט מען אויס די תפילות פונקט ווי עשרת ימי תשובה. און ס'שטייט פון מונקאטשער רב,|vaːl dˈɛmalʦ hɛrt mɛn oʊs də tfˈilɔjs pinkt vi asˈɛrɛs jˈɛmaj ʧˈivə. in sʃtajt fin mˈinkaʧər ruv,
140_165781_0015|ואם בתפילה עסקינן, הרב זילבערשטיין האט דערציילט א מעשה אז ס'איז דא אין איינע פון די קהילות אין אמעריקע איז דא עפעס א חשוב'ער רב,|ˈiam batfˈilə ˈɛskinn, harˈaːv zˈilbərʃtajn hut dərʦˈajlt a mˈaːsə az siz du in ˈajnə fin də kəhˈilɔjs in amˈɛrikə iz du ˈɛpəs a xˈuʃivər ruv,
140_165781_0017|א גרויסע שפיטאל פאר חולים וואס קומט פון די גאנצע וועלט דארטן, און ער נעמט אויף דעם עולם גאר מיט א ווארעמקייט, בסבר פנים יפות,|a ɡrˈɔjsə ʃpˈitul far xvlim vus kimt fin də ɡˈanʦə vɛlt dɔrtn, in ɛr nɛmt oʊf dejm ˈɔjləm ɡur mit a vˈarəmkaːt, bəsˈajvɛr pˈunəm jˈufɔjs,
140_165781_0018|מסדר זיין אלעס וואס מ'דארף, אכסניא, אכילה, שתיה, לינה. ס'איז דארטן נעבעך א גרויסע עולם וואס קומט צו פארן.|msˈadajr zaːn ˈaləs vus mdaf, axsanˈiə, axˈilə, ʃtˈiə, lˈinə. siz dɔrtn nˈɛbəx a ɡrˈɔjsə ˈɔjləm vus kimt ʦi farn.
140_165781_0019|איין טאג נאכ'ן דאווענען, ער לייגט צוזאמען די תפילין, האט ער געזען, דער רב זעט דארטן עפעס א גאסט וואס ער האט אים שוין נישט געקענט,|ajn tuɡ nuxn dˈavənən, ɛr lajɡt ʦizˈamən də tfiln, hut ɛr ɡəzˈejn, dɛr ruv zejt dɔrtn ˈɛpəs a ɡast vus ɛr hut ejm ʃɔjn niʃt ɡəkˈɛnt,
140_165781_0020|ער האט אים נישט געזען קיינמאל. ער האט צוגעגעבן א קטן שלום עליכם, "פון וואנעט זענט איר?" זאגט ער אים, "פון ארץ ישראל". און ס'איז נתגלה געווארן ביי אים עפעס א מחלה אין ארץ,|ɛr hut ejm niʃt ɡəzˈejn kˈajnmul. ɛr hut ʦˈiɡəɡejbn a kˈutun ʃˈuləm ˈɛlixm, fin vˈanət zɛnt ir zuɡt ɛr ejm, fin ˈɛrəʦ jisrˈuəl in siz nisɡˈalu ɡəvˈɔrn baː ejm ˈɛpəs a mˈaxlə in ˈɛrəʦ,
140_165781_0021|לא עלינו, גאר נדיר, עפעס א מחלת לב נדירה, לא עלינו, און די דאקטוירים דא אין ארץ ישראל קענען זיך נישט מטפל זיין מיט דעם,|lɔj ulˈajni, ɡur ndir, ˈɛpəs a mxls lajv ndˈirə, lɔj ulˈajni, in də dˈaktɔjrim du in ˈɛrəʦ jisrˈuəl kˈɛnən zix niʃt mitˈapajl zaːn mit dejm,
140_165781_0022|און זיי האבן אים געשיקט דארטן.|in zaj hubn ejm ɡəʃˈikt dɔrtn.
140_165781_0023|האט ער אים געפרעגט, "נו, וואס טוט זיך אבער מיט אשל, אכילה, שתיה, לינה, מיט אכסניא?" זאגט ער, "אלעס איז מסודר, דאס איז אלעס מסודר." זאגט ער, "וואס קען איך דיר העלפן? גיב מיר לכל הפחות דיין נאמען,|hut ɛr ejm ɡəfrˈɛɡt, ni, vus tit zix ˈɔbər mit aʃl, axˈilə, ʃtˈiə, lˈinə, mit axsanˈiə zuɡt ɛr, ˈaləs iz msidr, dus iz ˈaləs msidr zuɡt ɛr, vus kɛn ix dir hɛlfn ? ɡib mir lˈɛkul hapˈaxɔjs daːn nˈumən,
140_165781_0024|איך וועל מתפלל זיין פאר דיר."|ix vɛl mispˈalajl zaːn far dir
140_165781_0025|האט ער אים געפרעגט, פרעגט אים דער רב, "וויפיל ביסטו אלט?" האט ער אים געזאגט, "איין און פופציג יאר." איין און פופציג יאר. האט ער געזאגט,|hut ɛr ejm ɡəfrˈɛɡt, frɛɡt ejm dɛr ruv, vˈifil bˈisti alt hut ɛr ejm ɡəzˈuɡt, ajn in fˈifʦiɡ jur ajn in fˈifʦiɡ jur. hut ɛr ɡəzˈuɡt,
140_165781_0026|"איך בין מקבל בלי נדר יעדן טאג צו זאגן פאר דיר רפואה מזמור נ"א פון תהלים, נ"א אין תהלים."|ix bin mkˈabajl bli nˈajdər jejdn tuɡ ʦi zuɡn far dir rəfˈiə mzmir nin ˈaləf fin təhˈilim, nin ˈaləf in təhˈilim
140_165781_0027|און אזוי האט ער יעדן טאג געזאגט פאר אים מזמור נ"א, אנדערהאלבן מינוט.|in azˈɔj hut ɛr jejdn tuɡ ɡəzˈuɡt far ejm mzmir nin ˈaləf, ˈandərhalbn minˈit.
140_165781_0028|אריבער א יאר האט ער פארשטאנען אז ער איז שוין אן צוויי און פופציג, האט ער אנגעהויבן צו זאגן נ"ב. און אריבער א יאר האט ער געזאגט נ"ג, נ"ד, אזוי ביז ס"א. אריבער צען יאר האט ער געזאגט ס"א.|arˈibər a jur hut ɛr farʃtˈanən az ɛr iz ʃɔjn un ʦvaj in fˈifʦiɡ, hut ɛr ˈunɡəhɔjbn ʦi zuɡn nin bajs. in arˈibər a jur hut ɛr ɡəzˈuɡt nin ɡiml, nin dˈuləd, azˈɔj biz sˈaməx ˈaləf. arˈibər ʦɛn jur hut ɛr ɡəzˈuɡt sˈaməx ˈaləf.
140_165781_0029|אבער דעמאלטס האט ער מחליט געווען, אז ער האט גארנישט געהערט וואס טוט זיך מיט דעם איד, האט ער מחליט געווען אז ער איז שוין גענוג יוצא געווען,|ˈɔbər dˈɛmalʦ hut ɛr mˈaxlit ɡəvˈejn, az ɛr hut ɡˈurniʃt ɡəhˈirt vus tit zix mit dejm jid, hut ɛr mˈaxlit ɡəvˈejn az ɛr iz ʃɔjn ɡənˈiɡ jˈɔjʦə ɡəvˈejn,
140_165781_0030|האט ער אויפגעהערט צו זאגן דעם פרק. ער האט אויפגעהערט צו זאגן דעם פרק.|hut ɛr ˈoʊfɡəhirt ʦi zuɡn dejm pˈajrək. ɛr hut ˈoʊfɡəhirt ʦi zuɡn dejm pˈajrək.
140_165781_0031|אריבער דריי חדשים, נאכ'ן דאווענען, פלוצלינג זעט אים דער רב נאכאמאל, ער זעט אים דארטן. פרעגט ער אים, "וואס טוסטו דא? דו געדענקסט מיר? דו ווייסט אז צען יאר," זאגט אים דער רב,|arˈibər draj xadˈuʃim, nuxn dˈavənən, plˈiʦlinɡ zejt ejm dɛr ruv nˈuxamul, ɛr zejt ejm dɔrtn. frɛɡt ɛr ejm, vus tˈisti du ? di ɡədˈɛnkst mir ? di vajst az ʦɛn jur zuɡt ejm dɛr ruv,
140_165781_0032|"זאג איך שוין פאר דיר יעדן טאג א מזמור תהלים, נאר לעצטנס האב איך אפגעהאקט, לעצטנס האב איך אפגעשטעלט."|zuɡ ix ʃɔjn far dir jejdn tuɡ a mzmir təhˈilim, nɔr lɛʦtns hub ix ˈɔpɡəhakt, lɛʦtns hub ix ˈɔpɡəʃtəlt
140_165781_0033|האט יענער געגעבן א שפרינג און ער פרעגט אים, "ווען האט דער רב אפגעשטעלט? אפשר פאר דריי חדשים?" און דער איד דערציילט אים אזוי, דער עצם איז דער איד. פאר צען יאר צוריק איז ער דא געקומען,|hut jˈɛnər ɡəɡˈɛbn a ʃprinɡ in ɛr frɛɡt ejm, vɛn hut dɛr ruv ˈɔpɡəʃtəlt ? ˈɛfʃir far draj xadˈuʃim in dɛr jid dərʦˈajlt ejm azˈɔj, dɛr ˈɛʦəm iz dɛr jid. far ʦɛn jur ʦirˈik iz ɛr du ɡəkˈimən,
140_165781_0035|צען יאר דרייט ער זיך שוין ארום געזונט און פריש כאחד האדם, אבער פלוצלינג פאר דריי חדשים צוריק איז צוריקגעקומען די מחלה נדירה.|ʦɛn jur drajt ɛr zix ʃɔjn arˈim ɡəzˈint in friʃ kˈɛxud hadm, ˈɔbər plˈiʦlinɡ far draj xadˈuʃim ʦirˈik iz ʦirˈikɡəkimən də mˈaxlə ndˈirə.
140_165781_0036|און די דאקטוירים האבן געזאגט דא אין ארץ ישראל אז זיי זענען נאכנישט מנוסה אין די מחלה, זיי האבן ממליץ געווען שנעלער צו פליען דארטן.|in də dˈaktɔjrim hubn ɡəzˈuɡt du in ˈɛrəʦ jisrˈuəl az zaj zˈɛnən nˈuxniʃt mnˈisə in də mˈaxlə, zaj hubn mmliʦ ɡəvˈejn ʃnˈɛlər ʦi flˈiən dɔrtn.
140_165781_0037|האט אים געכאפט אזא קאלטע שווייס דעם רב, ווייל ער האט יעצט פארשטאנען ווי גרויס איז געווען די חסד וואס ער האט געמאכט מיט דעם אידן וואס האט אים נישט דערקענט,|hut ejm ɡəxˈapt azˈa kˈaltə ʃvajs dejm ruv, vaːl ɛr hut jɛʦt farʃtˈanən vi ɡrɔjs iz ɡəvˈejn də xˈɛsəd vus ɛr hut ɡəmˈaxt mit dejm jidn vus hut ejm niʃt dərkˈɛnt,
140_165781_0038|האט אים קוים געוואוסט דעם נאמען. ווייל ס'איז נתברר געווארן אז זיין געזונט לעבן איז געווען נאר בזכות דעם פרק תהלים וואס דער רב האט געזאגט יעדן טאג,|hut ejm kɔjm ɡəvˈist dejm nˈumən. vaːl siz nisbˈurajr ɡəvˈɔrn az zaːn ɡəzˈint lejbn iz ɡəvˈejn nɔr bˈizxis dejm pˈajrək təhˈilim vus dɛr ruv hut ɡəzˈuɡt jejdn tuɡ,
140_165781_0039|און דעם רגע וואס ער האט אויפגעהערט צו זאגן איז אלץ צוריקגעקומען כבתחילה. האט מען געזען וואס הייסט דאס, איין קאפיטל תהלים וואס ער האט דא געמאכט.|in dejm rˈɛɡə vus ɛr hut ˈoʊfɡəhirt ʦi zuɡn iz alʦ ʦirˈikɡəkimən kvatxˈilə. hut mɛn ɡəzˈejn vus hajst dus, ajn kˈapitl təhˈilim vus ɛr hut du ɡəmˈaxt.
140_165781_0040|דער לימוד פון דא איז, נישט נאר ענדיגן גאנץ תהלים האט א כח, נאר אפילו גיב א קוק וואס איין מזמור מאכט, וואס איין מזמור מאכט,|dɛr lˈiməd fin du iz, niʃt nɔr ˈɛndiɡn ɡanʦ təhˈilim hut a kˈɔjəx, nɔr afˈilə ɡib a kik vus ajn mzmir maxt, vus ajn mzmir maxt,
140_165781_0041|און ממילא יעדער איינער דאווענט לפי כחו. און נאך א לימוד, דער רב האט געזאגט יעדן טאג א קאפיטל תהלים, ער האט עס נישט מחשיב געווען ווער ווייסט וואס,|in mˈɛmajlə jˈɛdər ˈajnər davˈɛnt lˈɛfi kˈɔjxɔj. in nux a lˈiməd, dɛr ruv hut ɡəzˈuɡt jejdn tuɡ a kˈapitl təhˈilim, ɛr hut ɛs niʃt maxˈaʃiv ɡəvˈejn vɛr vajst vus,
140_165781_0042|ער האט נישט געזען אז די תפילה העלפט עפעס און פועל'ט עפעס, אבער למעשה איז נתברר געווארן אז די פעולה, דאס האט געהאלטן דעם אידן ביים לעבן.|ɛr hut niʃt ɡəzˈejn az də tfˈilə hɛlft ˈɛpəs in fˈiəlt ˈɛpəs, ˈɔbər ləmˈaːsə iz nisbˈurajr ɡəvˈɔrn az də pˈilə, dus hut ɡəhˈaltn dejm jidn bam lejbn.
140_165781_0043|דאס, די פעולה האט געהאלטן ביים לעבן, איז אויף איין פרק תהלים פאר א פרעמדן מענטש וואס ער האט נישט צו אים א ספעציעלע רגש. גיב א קוק וואס ער האט גע'פועל'ט.|dus, də pˈilə hut ɡəhˈaltn bam lejbn, iz oʊf ajn pˈajrək təhˈilim far a frɛmdn mɛnʧ vus ɛr hut niʃt ʦi ejm a spˈɛʦiələ rˈɛɡəʃ. ɡib a kik vus ɛr hut ɡəfˈiəlt.
140_165781_0044|איז על אחת כמה וכמה א מענטש בעט זיך אויס אין די טעג אויף זיין משפחה, אויף די קינדער, אויף זיך, און אויף דאס בעט ער ממעמקי הלב, וואסערע כח דאס האט.|iz al ˈaxas kˈamə ˈixmə a mɛnʧ bɛt zix oʊs in də tejɡ oʊf zaːn miʃpˈuxə, oʊf də kˈindər, oʊf zix, in oʊf dus bɛt ɛr mmˈɛmki hˈalajv, vˈasərə kˈɔjəx dus hut.
140_165781_0045|על אחת כמה וכמה אין אזעלכע ימי רחמים ורצון, זאג נישט ווער בין איך זאל דאווענען. יעדע קאפיטל, גיב א קוק וואס דאס מאכט.|al ˈaxas kˈamə ˈixmə in azˈɛlxə jˈɛmaj raxˈamim ˈirʦin, zuɡ niʃt vɛr bin ix zul dˈavənən. jˈɛdə kˈapitl, ɡib a kik vus dus maxt.
140_165781_0046|און דא הרב יחיאל צוקער האט דערציילט אז ס'איז דא א ראש ישיבה אין בני ברק, ראש ישיבה פון אוהל משה, הרב משה מלכה,|in du harˈaːv jxˈiajl ʦˈikər hut dərʦˈajlt az siz du a rɔjʃ jəʃˈivə in bnaj bˈuruk, rɔjʃ jəʃˈivə fin il mˈɔjʃə, harˈaːv mˈɔjʃə mˈalku,
140_165781_0047|וואס חוץ פון זיין הרבצת תורה איז אויך זייער עבודת התפילה ביי אים גאר שטארק.|vus xiʦ fin zaːn hrbʦs tˈɔjrə iz ɔjx zˈajər avˈɔjdas hatfˈilə baː ejm ɡur ʃtark.
140_165781_0049|חוץ פון וואס מאכן געלט פאר די ישיבה. איז געווען איינמאל, זאגט דער גבאי, וואס ער האט קובע געווען מיט אים,|xiʦ fin vus maxn ɡɛlt far də jəʃˈivə. iz ɡəvˈejn ˈajnmul, zuɡt dɛr ɡˈabə, vus ɛr hut kˈibə ɡəvˈejn mit ejm,
140_165781_0050|ער איז דא דארטן עפעס א נגיד וואס ער געבט יעדן יאר פאר די ישיבה צען טויזנט דאלער, און ער האט קובע געווען מיט דעם נגיד אויף איינס אזייגער.|ɛr iz du dɔrtn ˈɛpəs a nˈuɡəd vus ɛr ɡɛbt jejdn jur far də jəʃˈivə ʦɛn toʊznt dˈɔlər, in ɛr hut kˈibə ɡəvˈejn mit dejm nˈuɡəd oʊf ajns ˈazajɡər.
140_165781_0051|האט ער געבעטן ביים ראש ישיבה אז ער זאל זיין איינס אזייגער דארף ער שוין זיצן ביי דעם נגיד, ווייל ביי אים איז די זמנים זייער מדויק, מדויק, ער דארף זיצן ביי אים שוין איינס אזייגער.|hut ɛr ɡəbˈejtn bam rɔjʃ jəʃˈivə az ɛr zul zaːn ajns ˈazajɡər daf ɛr ʃɔjn ziʦn baː dejm nˈuɡəd, vaːl baː ejm iz də zmnim zˈajər mdɔjk, mdɔjk, ɛr daf ziʦn baː ejm ʃɔjn ajns ˈazajɡər.
140_165781_0052|האט ער אים צוגעזאגט, איך וועל טון וואס איך קען.|hut ɛr ejm ʦˈiɡəzuɡt, ix vɛl tin vus ix kɛn.
140_165781_0053|און למעשה, איז איינס אזייגער האט דער רב נאר געזאגט עושה שלום במרומיו, הוא יעשה שלום עלינו. און דער גבאי איז געשטאנען אזוי ווי זיין סבלנות האט געפלאצט,|in ləmˈaːsə, iz ajns ˈazajɡər hut dɛr ruv nɔr ɡəzˈuɡt ˈiʃə ʃˈuləm bmrˈimji, hˈia jˈɛʃə ʃˈuləm ulˈajni. in dɛr ɡˈabə iz ɡəʃtˈanən azˈɔj vi zaːn savlˈunis hut ɡəflˈaʦt,
140_165781_0054|ער האט געענדיגט שמונה עשרה, זאגט דער גבאי אים שוין, מ'האט שאדן געהאט דעם אפוינטמענט, די פגישה האט מען שוין שאדן געהאט. האט דער ראש ישיבה געזאגט, נאר וואס זאל איך טון? איך האב דאך געדארפט דאווענען.|ɛr hut ɡəˈɛndiɡt ʃmˈɔjnə ˈɛʃrə, zuɡt dɛr ɡˈabə ejm ʃɔjn, mhut ʃadn ɡəhˈat dejm apɔjntmˈɛnt, də fɡˈiʃə hut mɛn ʃɔjn ʃadn ɡəhˈat. hut dɛr rɔjʃ jəʃˈivə ɡəzˈuɡt, nɔr vus zul ix tin ? ix hub dɔx ɡədˈarft dˈavənən.
140_165781_0055|ער האט זיך נישט מתייחס געווען צו דעם גאנצן, צו ווי דער גבאי איז געווען אזוי צוגעלייגט.|ɛr hut zix niʃt msajxs ɡəvˈejn ʦi dejm ɡanʦn, ʦi vi dɛr ɡˈabə iz ɡəvˈejn azˈɔj ʦˈiɡəlajɡt.
140_165781_0056|בינו לבינו, איז אריינגעקומען דארטן עפעס אן איש מכובד, וואס ער האט געהערט, ס'איז דא אזא גרויסע ראש ישיבה,|bˈini lbˈini, iz arˈaːnɡəkimən dɔrtn ˈɛpəs un iʃ mxibd, vus ɛr hut ɡəhˈirt, siz du azˈa ɡrˈɔjsə rɔjʃ jəʃˈivə,
140_165781_0057|האט ער געוואלט זיך מתייעץ זיין מיט אים ענינים, און דער ראש ישיבה האט זיך שוין נישט געיאגט אין ערגעץ נישט. ער איז אריינגעגאנגען מיט אים אין א צימער, און ער האט זיך מתייעץ געווען מיט אים,|hut ɛr ɡəvˈɔlt zix msˈajəʦ zaːn mit ejm ˈɛninim, in dɛr rɔjʃ jəʃˈivə hut zix ʃɔjn niʃt ɡˈajaɡt in ˈɛrɡəʦ niʃt. ɛr iz arˈaːnɡəɡanɡən mit ejm in a ʦˈimər, in ɛr hut zix msˈajəʦ ɡəvˈejn mit ejm,
140_165781_0058|ער האט געענדיגט, האט דער איד אריינגעריקט א טשעק פאר'ן ראש ישיבה.|ɛr hut ɡəˈɛndiɡt, hut dɛr jid arˈaːnɡərikt a ʧɛk farn rɔjʃ jəʃˈivə.
140_165781_0059|שפעטער איז דער ראש ישיבה אהיימגעגאנגען מיט'ן גבאי דארטן צום אכסניא, האט דער גבאי אים געזאגט אז ס'טוט אים וויי, אז זיין גאנצע יגיעה איז געווען לריק,|ʃpˈejtər iz dɛr rɔjʃ jəʃˈivə ahˈajmɡəɡanɡən mitn ɡˈabə dɔrtn ʦim axsanˈiə, hut dɛr ɡˈabə ejm ɡəzˈuɡt az stit ejm vaj, az zaːn ɡˈanʦə ˈiɡiə iz ɡəvˈejn lrik,
140_165781_0060|ער האט זיך דא געווען מאכן די אפוינטמענט מיט יענעם נגיד, און ס'איז גארנישט ארויסגעקומען. האט דער ראש ישיבה אים געזאגט, דו דארפסט פארשטיין אז איך רעד, איך דאווען,|ɛr hut zix du ɡəvˈejn maxn də apɔjntmˈɛnt mit jˈɛnəm nˈuɡəd, in siz ɡˈurniʃt arˈoʊzɡəkimən. hut dɛr rɔjʃ jəʃˈivə ejm ɡəzˈuɡt, di darfst farʃtˈajn az ix rɛd, ix dˈavən,
140_165781_0061|רעד איך מיט'ן שר האוצר בכבודו ובעצמו. אלע מענטשן, דאס איז זיינע שליחים. און די שלוחים,|rɛd ix mitn sar hiʦr bxbˈidi ˈibəʦmi. ˈalə mɛnʧn, dus iz zˈaːnə ʃlˈixim. in də ʃlˈixim,
140_165781_0062|אמאל טוען זיי וואס זיי דארפן, און אמאל טוען זיי נישט וואס זיי דארפן. אבער מיין וואס איך רעד, רעד איך מיט'ן מקור, מיט'ן באס אליין בכבודו ובעצמו.|amˈul tˈɔjən zaj vus zaj daːfn, in amˈul tˈɔjən zaj niʃt vus zaj daːfn. ˈɔbər maːn vus ix rɛd, rɛd ix mitn mˈukər, mitn bas alˈajn bxbˈidi ˈibəʦmi.
140_165781_0063|האסטו געוואלט איך זאל זיך מזרז זיין מיט'ן באס ווייל איך דארף רעדן מיט די שלוחים? האט מען געזאגט, איך רעד מיט'ן שר האוצר בכבודו ובעצמו. אלע מענטשן,|hˈusti ɡəvˈɔlt ix zul zix mzˈurajz zaːn mitn bas vaːl ix daf rɛdn mit də ʃlˈixim ? hut mɛn ɡəzˈuɡt, ix rɛd mitn sar hiʦr bxbˈidi ˈibəʦmi. ˈalə mɛnʧn,
140_165781_0064|דאס איז נאר זיינע שלוחים. די שלוחים, אמאל טוען זיי וואס זיי דארפן, אמאל טוען זיי נישט, אבער איך רעד מיט'ן באס אליין. און וואס אליין?|dus iz nɔr zˈaːnə ʃlˈixim. də ʃlˈixim, amˈul tˈɔjən zaj vus zaj daːfn, amˈul tˈɔjən zaj niʃt, ˈɔbər ix rɛd mitn bas alˈajn. in vus alˈajn ?
140_165781_0065|דו האסט געוואלט זיך מזריז זיין מיט'ן באס אליין, וואס האט דער רב געדארפט רעדן מיט די שליחים?|di hust ɡəvˈɔlt zix mzriz zaːn mitn bas alˈajn, vus hut dɛr ruv ɡədˈarft rɛdn mit də ʃlˈixim ?
140_165781_0066|שפעטער זאגט דער מנהל הישיבה, "אגב, דער איד וואס איז יעצט געווען האט עפעס אריינגעשטופט א טשעק, ער האט מיר אריינגעשטופט א טשעק אין די לעצטע מינוט. לאמיר בודק זיין דעם טשעק."|ʃpˈejtər zuɡt dɛr mnˈahajl hˈiʃibə, ˈaɡav, dɛr jid vus iz jɛʦt ɡəvˈejn hut ˈɛpəs arˈaːnɡəʃtift a ʧɛk, ɛr hut mir arˈaːnɡəʃtift a ʧɛk in də lˈɛʦtə minˈit. lˈɔmir bidk zaːn dejm ʧɛk
140_165781_0067|ער האט מיר געעפנט דעם טשעק, איז געווען דארטן אכצן טויזנט דאלער, דאס הייסט כמעט דאפלט פון וואס יענער נגיד האט געדארפט געבן.|ɛr hut mir ɡəˈɛfnt dejm ʧɛk, iz ɡəvˈejn dɔrtn axʦn toʊznt dˈɔlər, dus hajst kəmˈat daplt fin vus jˈɛnər nˈuɡəd hut ɡədˈarft ɡejbn.
140_165781_0068|און מ'האט געזען, ווייל ווען ער גייט צו דעם נגיד וואלט ער נישט געטראפן דעם אידן, דער איד איז דאך אריינגעקומען נאר ווייל ער איז דא פארבליבן. האט ער געזען, וואס הייסט אז ס'זאל זיין מיט'ן רעדן מיט'ן שר האוצר?|in mhut ɡəzˈejn, vaːl vɛn ɛr ɡajt ʦi dejm nˈuɡəd vɔlt ɛr niʃt ɡətrˈafn dejm jidn, dɛr jid iz dɔx arˈaːnɡəkimən nɔr vaːl ɛr iz du farblˈibn. hut ɛr ɡəzˈejn, vus hajst az szul zaːn mitn rɛdn mitn sar hiʦr ?
140_165781_0069|וואס הייסט אז מ'מוז זיך נישט יאגן פון קיין דאווענען?|vus hajst az mmiz zix niʃt jaɡn fin kan dˈavənən ?
140_165781_0070|דער לימוד, וויסן אז אין די טעג, חודש אלול, רעדן מיר מיט'ן שר האוצר בכבודו ובעצמו.|dɛr lˈiməd, visn az in də tejɡ, xˈɔjdəʃ ˈɛləl, rɛdn mir mitn sar hiʦr bxbˈidi ˈibəʦmi.
140_165781_0071|היינט איז א צייט פון אני לדודי ודודי לי, היינט רעדט מען מיט'ן שר האוצר בעצמו, מ'איז מסדר יעצט די טשעקס אויף א גאנץ יאר.|haːnt iz a ʦaːt fin ˈani ldˈidi ˈididi li, haːnt rɛdt mɛn mitn sar hiʦr bˈɛʦmi, miz msˈadajr jɛʦt də ʧɛks oʊf a ɡanʦ jur.
140_165781_0072|און אונז וועלן מיר רעדן מיט'ן שר האוצר בהרחבה, באריכות, וואס די ענינים זענען מסודר.|in inz vɛln mir rɛdn mitn sar hiʦr bəharxˈuvə, baarˈixus, vus də ˈɛninim zˈɛnən msidr.
140_165781_0073|דער עיקר איז זיך נישט יאגן אין די טעג, פון שמועסן מיט'ן שר האוצר וועגן זיך יאגן צו די שליחים.|dɛr ˈikər iz zix niʃt jaɡn in də tejɡ, fin ʃmˈiəsn mitn sar hiʦr vejɡn zix jaɡn ʦi də ʃlˈixim.
140_165781_0074|נאר מסדר זיין אלע זאכן מיט'ן באס אליין בכבודו ובעצמו.|nɔr msˈadajr zaːn ˈalə zaxn mitn bas alˈajn bxbˈidi ˈibəʦmi.
140_165781_0075|איך געדענק דא עפעס אן ארץ ישראל'דיגער איד, א כולל יונגערמאן, וואס האט געדארפט חתונה מאכן, ער האט געהאט חובות.|ix ɡədˈɛnk du ˈɛpəs un ˈɛrəʦ ˈiʃraldiɡər jid, a kˈɔjləl jˈinɡərman, vus hut ɡədˈarft xˈasənə maxn, ɛr hut ɡəhˈat xˈɔjvɔjs.
140_165781_0076|האבן אלע געזאגט אז ער דארף ארויספארן קיין ניו יארק, קיין אמעריקע. און ער איז ארויסגעפארן קיין אמעריקע, און ער האט נישט מצליח געווען.|hubn ˈalə ɡəzˈuɡt az ɛr daf arˈoʊsfarn kan nju jɔrk, kan amˈɛrikə. in ɛr iz arˈoʊzɡəfurn kan amˈɛrikə, in ɛr hut niʃt maʦlˈixa ɡəvˈejn.
140_165781_0077|ס'איז געווען א נאכט פאר ווען ער האט געדארפט צוריקפארן, האט ער נישט געהאט אפילו צו דעקן דעם טיקעט. איז ער אריינגעגאנגען אין בית המדרש, ער האט געזאגט תהלים, משתפכות הנפש, געוויינט.|siz ɡəvˈejn a naxt far vɛn ɛr hut ɡədˈarft ʦirˈikfarn, hut ɛr niʃt ɡəhˈat afˈilə ʦi dɛkn dejm tˈikət. iz ɛr arˈaːnɡəɡanɡən in bajs hamˈidruʃ, ɛr hut ɡəzˈuɡt təhˈilim, mʃsfxis hanˈɛfəʃ, ɡəvˈajnt.
140_165781_0078|ער איז אריבערגעגאנגען ביי א גביר, פרעגט ער אים, "וואס וויינסטו?" האט ער אים דערציילט אז ער האט נישט מצליח געווען.|ɛr iz arˈibərɡəɡanɡən baː a ɡbir, frɛɡt ɛr ejm, vus vˈajnsti hut ɛr ejm dərʦˈajlt az ɛr hut niʃt maʦlˈixa ɡəvˈejn.
140_165781_0079|האט ער אים ארויסגענומען א טשעק, האט ער אים געזאגט, "דאס איז אן אפענע טשעק, דו קענסט אנפילן ביז הונדערט פופציג טויזנט דאלער." שש, אזא ישועה?|hut ɛr ejm arˈoʊzɡənimən a ʧɛk, hut ɛr ejm ɡəzˈuɡt, dus iz un ˈafənə ʧɛk, di kɛnst ˈanfiln biz hˈindərt fˈifʦiɡ toʊznt dˈɔlər ʃajʃ, azˈa jəʃˈiə ?
140_165781_0080|ביז הונדערט פופציג טויזנט דאלער? ער האט שוין צו חתונה מאכן, ער וועט שוין צאלן די חובות, און ער זאל זיך בלייבן אין זייט.|biz hˈindərt fˈifʦiɡ toʊznt dˈɔlər ? ɛr hut ʃɔjn ʦi xˈasənə maxn, ɛr vɛt ʃɔjn ʦuln də xˈɔjvɔjs, in ɛr zul zix blaːbn in zaːt.
140_165781_0081|האט ער זיך פארגינט א זאך וואס ער וואלט נישט געמאכט ביז היינט.|hut ɛr zix farɡˈint a zax vus ɛr vɔlt niʃt ɡəmˈaxt biz haːnt.
140_165781_0082|ער איז אריינגעגאנגען אין א רעסטאראנט דארטן עסן, און ער האט געדארפט באצאלן נאכ'ן עסן, האט ער נישט געהאט קיין מזומנים.|ɛr iz arˈaːnɡəɡanɡən in a rəstarˈant dɔrtn ɛsn, in ɛr hut ɡədˈarft baʦˈuln nuxn ɛsn, hut ɛr niʃt ɡəhˈat kan mzˈimnim.
140_165781_0083|האט ער געזאגט דארטן פאר'ן ארבעטער, "איך לויף צו אין אן אכסניא, ברענג איך מזומנים, אין אכסניא האב איך." האט דער ארבעטער געזאגט, "דריי נישט קיין קאפ," ער האט אים פארשלאסן, "דו גייסט נישט ארויס פון דא.|hut ɛr ɡəzˈuɡt dɔrtn farn ˈarbətər, ix lɔjf ʦi in un axsanˈiə, brɛnɡ ix mzˈimnim, in axsanˈiə hub ix hut dɛr ˈarbətər ɡəzˈuɡt, draj niʃt kan kɔp ɛr hut ejm farʃlˈasn, di ɡajst niʃt arˈoʊs fin du.
140_165781_0084|איך ווייס נישט, סתם דו קומסט נישט צוריק, ווייל איך דארף אים באצאלן," און מיט דער ארבעטער, שום פנים ואופן, דו גייסט נישט ארויס פון דא. ער האט זיך געבעטן ביי אים, נישט געווען צו וועמען צו רעדן, האט ער פארשלאסן.|ix vajs niʃt, stam di kimst niʃt ʦirˈik, vaːl ix daf ejm baʦˈuln in mit dɛr ˈarbətər, ʃim pˈunəm ˈiifn, di ɡajst niʃt arˈoʊs fin du. ɛr hut zix ɡəbˈejtn baː ejm, niʃt ɡəvˈejn ʦi vˈɛmən ʦi rɛdn, hut ɛr farʃlˈasn.
140_165781_0085|האט ער ארויסגענומען דעם טשעק, און ער ווייזט אים, "דו קענסט דעם נאמען, דעם בעל הטשעק?" זאגט ער אים, "יא." "אויב דו ביסט, קענסטו אנפילן דעם טשעק מיט אכט און פערציג דאלאר."|hut ɛr arˈoʊzɡənimən dejm ʧɛk, in ɛr vajzt ejm, di kɛnst dejm nˈumən, dejm baːl hʧɛk zuɡt ɛr ejm, ju ɔjb di bist, kˈɛnsti ˈanfiln dejm ʧɛk mit axt in fˈɛrʦiɡ dˈɔlar
140_165781_0086|אזויפיל האט געקאסט צו עסן דארטן, אכט און פערציג דאלאר.|ˈazɔjfil hut ɡəkˈɔst ʦi ɛsn dɔrtn, axt in fˈɛrʦiɡ dˈɔlar.
140_165781_0087|און ער האט נישט געהאט קיין צוויי ברירות, האט ער אים פארשלאסן, ער האט אים אנגעפילט דעם טשעק מיט אכט און פערציג דאלאר.|in ɛr hut niʃt ɡəhˈat kan ʦvaj brˈajrɔjs, hut ɛr ejm farʃlˈasn, ɛr hut ejm ˈunɡəfilt dejm ʧɛk mit axt in fˈɛrʦiɡ dˈɔlar.
140_165781_0088|זיין תקווה איז געווען אז מארגן וועט ער גיין צו דעם גביר, און ער וועט אים בעטן אז ער זאל עס אנפילן ביז הונדערט און פופציג טויזנט דאלאר.|zaːn tˈikvvu iz ɡəvˈejn az mɔrɡn vɛt ɛr ɡajn ʦi dejm ɡbir, in ɛr vɛt ejm bejtn az ɛr zul ɛs ˈanfiln biz hˈindərt in fˈifʦiɡ toʊznt dˈɔlar.
140_165781_0089|למעשה, צומארגנס ארויפגיין צו דעם גביר, זאגט אים דער גביר, "דו מיינסט אז איך גיב אזעלכע סכומים? איך גיב נישט קיין אזעלכע סכומים.|ləmˈaːsə, ʦˈimarɡns arˈoʊfɡajn ʦi dejm ɡbir, zuɡt ejm dɛr ɡbir, di majnst az ix ɡib azˈɛlxə sxˈimim ? ix ɡib niʃt kan azˈɛlxə sxˈimim.
140_165781_0090|נעכטן האב איך געהאט א משפט פון צוויי מיליאן דאלאר, און איך האב געזען דו זאגסט אזוי בהשתפכות הנפש תהלים, האב איך אין זינען געהאט אז דו ביסט דער שליח פון אים, וואס דו האסט צו מיר.|nɛxtn hub ix ɡəhˈat a mˈiʃput fin ʦvaj miljˈɔn dˈɔlar, in ix hub ɡəzˈejn di zuɡst azˈɔj bhʃsfxis hanˈɛfəʃ təhˈilim, hub ix in zˈinən ɡəhˈat az di bist dɛr ʃulˈixa fin ejm, vus di hust ʦi mir.
140_165781_0091|האב איך געזען אז דו ביסט נישט דער שליח, מיט דיר איז גענוג אכט און פערציג דאלאר."|hub ix ɡəzˈejn az di bist niʃt dɛr ʃulˈixa, mit dir iz ɡənˈiɡ axt in fˈɛrʦiɡ dˈɔlar
140_165781_0092|און למעשה איז ער געבליבן פון דעם טשעק וואס איז געווען אויף הונדערט און פופציג טויזנט דאלאר, מער האט ער געקריגן נאר אכט און פערציג דאלאר.|in ləmˈaːsə iz ɛr ɡəblˈibn fin dejm ʧɛk vus iz ɡəvˈejn oʊf hˈindərt in fˈifʦiɡ toʊznt dˈɔlar, mɛr hut ɛr ɡəkrˈiɡn nɔr axt in fˈɛrʦiɡ dˈɔlar.
140_165781_0093|האט ער געשריגן, "איך האב דא געהאט א טשעק פון הונדערט און פופציג טויזנט דאלאר, ס'איז געווארן אנגעפילט פון א רעסטוראן פון אכט און פערציג דאלאר."|hut ɛr ɡəʃrˈiɡn, ix hub du ɡəhˈat a ʧɛk fin hˈindərt in fˈifʦiɡ toʊznt dˈɔlar, siz ɡəvˈɔrn ˈunɡəfilt fin a rˈɛstiran fin axt in fˈɛrʦiɡ dˈɔlar
140_165781_0094|דאס זאגט דער אייבערשטער פאר כלל ישראל, "איך גיב אייך א חודש אלול, איך וועל איינקויפן היינט."|dus zuɡt dɛr ˈajbərʃtər far klal jisrˈuəl, ix ɡib aːx a xˈɔjdəʃ ˈɛləl, ix vɛl ˈaːnkɔjfn haːnt
140_165781_0096|און לאמיר אויסנוצן די צייטן אז מיר זאלן זוכה זיין צו א כתיבה וחתימה טובה. שבת שלום ומבורך.|in lˈɔmir ˈoʊsniʦn də ʦaːtn az mir zɔln zˈixə zaːn ʦi a ksˈivə vaxasˈimə tˈɔjvə. ʃˈabəs ʃˈuləm ˈimbirx.
141_163718_0000|פרשת ראה תשפ"ו. די היינטיגע שיעור זאל זיין לרפואת מרן הרב ישראל בן לאה אסתר,|pˈarʃis rˈɛaj tuf ʃin paj vuv. də hˈajntiɡə ʃˈiər zul zaːn lrfˈias mˈurun harˈaːv jisrˈuəl bɛn lˈajə ˈɛstajr,
141_163718_0002|רבותי, אונז זעמיר אין שבעה דנחמתא. אונז ווייסן אז ס'איז נישט דא קיין פרשה אין די תורה וואס האט אזויפיל מאל די ווארט שמחה אזויווי פרשת ראה.|rabˈɔjsaj, inz zəmˈir in ʒbə dnəxəmˈusu. inz vajsn az siz niʃt du kan pˈarʃə in də tˈɔjrə vus hut ˈazɔjfil mul də vɔrt sˈimxə ˈazɔjvi pˈarʃis rˈɛaj.
141_163718_0003|ס'איז נישט דא קיין איין פרשה אין די תורה אזויפיל מאל "ושמחת", "ושמחתם". איז איך מיין אז מ'קען אנהייבן גלייך מיט א פרייליכע ניגון, נישט אזויווי אלעמאל.|siz niʃt du kan ajn pˈarʃə in də tˈɔjrə ˈazɔjfil mul vəsumˈaxtu ismˈaxtəm iz ix maːn az mˈɛkən ˈunhajbn ɡlaːx mit a frˈajləxə niɡn, niʃt ˈazɔjvi ˈaləmal.
141_163718_0005|פארוואס הייבט מען אן מיט די ווערטער? דאס וועלן מיר שוין באלד אויסגעפינען. אבער רבותי, עפעס דארף מען דאך זאגן אביסל מילתא דבדיחותא אויכעט. יא, איז דאך בעצם בין הזמנים יעצט.|farvˈus hajbt mɛn un mit də vˈɛrtər ? dus vɛln mir ʃɔjn bald ˈoʊzɡəfinən. ˈɔbər rabˈɔjsaj, ˈɛpəs daf mɛn dɔx zuɡn abˈisl mˈilsu dibdixˈisu ˈɔjxət. ju, iz dɔx bˈɛʦəm bin hzmnim jɛʦt.
141_163718_0006|ביי זייער זייער אסאך אידישע קרייזן איז יעצט בין הזמנים, און דא אין די קאנטרי זענען מיר נאך יעצט דא אין די קאנטרי,|baː zˈajər zˈajər ˈasax jˈidiʃə krajzn iz jɛʦt bin hzmnim, in du in də kˈantri zˈɛnən mir nux jɛʦt du in də kˈantri,
141_163718_0007|און דא טוט זיך, קיין עין הרע, בחורים פון אלע זייטן. ווי האט מיר א איד געזאגט, מ'דארף אנזאגן, דו ווייסט נישט, בין הזמנים זעט מען דא אויף די ראודס אין די קאנטרי זייער אסאך די שווארצע,|in du tit zix, kan ˈaːən hrə, buxˈirim fin ˈalə zajtn. vi hut mir a jid ɡəzˈuɡt, mdaf ˈunzuɡn, di vajst niʃt, bin hzmnim zejt mɛn du oʊf də rids in də kˈantri zˈajər ˈasax də ʃvˈarʦə,
141_163718_0008|טינטעד ווינדאו קארס מיט די לעלעס וואס פליען ארום? וואו וואו וואו, יא, ס'איז שרעקליך, יא. אלע וואונדערן זיך, אויף וואס דארף אזויפיל הצלה קאלס בין הזמנים? פיין. האט מיר איינער געזאגט,|tˈintəd vˈindi kars mit də lˈɛləs vus flˈiən arˈim ? vi vi vi, ju, siz ʃrˈɛkləx, ju. ˈalə vˈindərn zix, oʊf vus daf ˈazɔjfil haʦˈulə kals bin hzmnim ? faːn. hut mir ˈajnər ɡəzˈuɡt,
141_163718_0009|מ'דארף אנזאגן די אלע קארס וואס לויפן ארום, דער בחור וואס דרייווט עס, זיין חאלאט, דער ישיבה חאלאט שטעקט ארויס פון אונטער די פענסטער דארטן פון די טיר, וואלט ער געפרעגט אריינרוקן דארטן, יא.|mdaf ˈunzuɡn də ˈalə kars vus lɔjfn arˈim, dɛr bˈuxər vus drajvt ɛs, zaːn xˈalat, dɛr jəʃˈivə xˈalat ʃtɛkt arˈoʊs fin ˈintər də fˈɛnstər dɔrtn fin də tir, vɔlt ɛr ɡəfrˈɛɡt arˈaːnrikn dɔrtn, ju.
141_163718_0010|פיין, אז דער עולם ענדזשויט זיך אביסל, מ'גייט אביסל שפאצירן אין די וועלדער. פארציילט זיך ווי א איד מיט להבדיל אן אראבער איז געגאנגען וואקן אין א וואלד צוזאמען.|faːn, az dɛr ˈɔjləm ˈɛnʤɔjt zix abˈisl, mɡajt abˈisl ʃpˈaʦirn in də vˈɛldər. farʦˈajlt zix vi a jid mit lˈɛhavdl un ˈarabər iz ɡəɡˈanɡən vakn in a vald ʦizˈamən.
141_163718_0011|דער איד, פארשטייט זיך, גייט מיט שיך, און דער אראבער גייט מיט סענדלס אדער מיט די זאקן. און פלוצלינג קומט א טיגער צו לויפן, א טיגער.|dɛr jid, farʃtˈajt zix, ɡajt mit ʃix, in dɛr ˈarabər ɡajt mit sɛndls ˈɔdər mit də zakn. in plˈiʦlinɡ kimt a tˈiɡər ʦi lɔjfn, a tˈiɡər.
141_163718_0012|דער איד נעמט זיך לויפן, דער אראבער וויל קענען לויפן מיט די בארוועס אזוי. סאו דער אראבער גיבט א שריי צו דער איד, "אללא, דו מיינסט טאקע אז דו קענסט לויפן שנעלער פון דעם טיגער?"|dɛr jid nɛmt zix lɔjfn, dɛr ˈarabər vil kˈɛnən lɔjfn mit də barvˈɛs azˈɔj. sɔ dɛr ˈarabər ɡibt a ʃraj ʦi dɛr jid, ˈalla, di majnst tˈakə az di kɛnst lɔjfn ʃnˈɛlər fin dejm tˈiɡər
141_163718_0013|זאגט ער, "איך דארף נאר קענען לויפן שנעלער ווי דיר. איינמאל דער טיגער און דו טרעפן זיך, בין איך שוין מסודר."|zuɡt ɛr, ix daf nɔr kˈɛnən lɔjfn ʃnˈɛlər vi dir. ˈajnmul dɛr tˈiɡər in di trɛfn zix, bin ix ʃɔjn msidr
141_163718_0014|יא, רבותי, האלט מען דא שוין שבעה דנחמתא, נאך די ניין טעג.|ju, rabˈɔjsaj, halt mɛn du ʃɔjn ʒbə dnəxəmˈusu, nux də najn tejɡ.
141_163718_0015|וואס יא, נאך די ניין טעג דארף מען זיך קענען באקלעפטשען מיט זייער אסאך זאכן וואס מ'האט אין די ניין טעג נישט געקענט טון.|vus ju, nux də najn tejɡ daf mɛn zix kˈɛnən baklˈɛfʧən mit zˈajər ˈasax zaxn vus mhut in də najn tejɡ niʃt ɡəkˈɛnt tin.
141_163718_0017|און זי געבט א קוק, "וואס דארפסטו?" זאגט ער, "איך בין געקומען נעמען דיין נשמה." זאגט זי, "אוי געוואלד! מ'קען בעטן א לעצטע וואונטש?" זאגט ער, "א לעצטע וואונטש, יא." זאגט זי, "לאמיך נאך ענדיגן מאכן די לאנדרי."|in zi ɡɛbt a kik, vus dˈarfsti zuɡt ɛr, ix bin ɡəkˈimən nˈɛmən daːn nəʃˈumə zuɡt zi, ɔj ɡəvˈald ! mˈɛkən bejtn a lˈɛʦtə vinʧ zuɡt ɛr, a lˈɛʦtə vinʧ, ju zuɡt zi, lˈamix nux ˈɛndiɡn maxn də lˈandri
141_163718_0018|און זינט דאן לעבט זי לאנגע גליקליכע יארן, ברוך השם, זאגט זי. יא, יא.|in zint dan lejbt zi lˈanɡə ɡlˈikləxə jurn, bˈurəx haʃˈɛm, zuɡt zi. ju, ju.
141_163718_0019|פיין, איז מיר יעצט אין די טעג, אסאך אידן האבן זיך געשוירן נאך לכבוד שבת נחמו, שעירט מען זיך נאך די דריי וואכן. ס'איז א איד אריינגעקומען שפעט צו די ארבעט.|faːn, iz mir jɛʦt in də tejɡ, ˈasax jidn hubn zix ɡəʃˈɔjrn nux lxbid ʃˈabəs naxˈami, ʃajrt mɛn zix nux də draj vɔxn. siz a jid arˈaːnɡəkimən ʃpɛt ʦi də ˈarbət.
141_163718_0020|ער איז אריינגעקומען שפעט צו די ארבעט, אזוי גוט שפעט, נישט סתם. דער בעל הבית זאגט, "וואו ביסטו געווען?" זאגט ער, "איך בין געווען ביי די שערער, ביי די בארבער, איך האב מיר יעצט געשוירן."|ɛr iz arˈaːnɡəkimən ʃpɛt ʦi də ˈarbət, azˈɔj ɡit ʃpɛt, niʃt stam. dɛr baːl habˈajis zuɡt, vi bˈisti ɡəvˈejn zuɡt ɛr, ix bin ɡəvˈejn baː də ʃˈɛrər, baː də barbˈɛr, ix hub mir jɛʦt ɡəʃˈɔjrn
141_163718_0021|"דו האסט נישט ווען זיך צו שערן? ס'מוז זיין אין די שעות פון די ארבעט?" זאגט ער, "ווען איז די האר געוואקסן? ס'איז נישט געשען אין די צייט פון די ארבעט?"|di hust niʃt vɛn zix ʦi ʃˈaarn ? smiz zaːn in də ʃˈuəs fin də ˈarbət zuɡt ɛr, vɛn iz də har ɡəvˈaksn ? siz niʃt ɡəʃˈɛn in də ʦaːt fin də ˈarbət
141_163718_0022|זאגט דער בעל הבית, "אנטשולדיגט, נישט די גאנצע האר איז געוואקסן ביי די ארבעט." זאגט ער, "איך האב טאקע נישט גענומען קיין זערא," זאגט ער, יא.|zuɡt dɛr baːl habˈajis, ˈanʧildiɡt, niʃt də ɡˈanʦə har iz ɡəvˈaksn baː də ˈarbət zuɡt ɛr, ix hub tˈakə niʃt ɡənˈimən kan zˈɛra zuɡt ɛr, ju.
141_163718_0023|על כל פנים, רבותי, איז אידישע קינדער אין די טעג, מ'איז זיך מנחם.|al kɔl pˈunəm, rabˈɔjsaj, iz jˈidiʃə kˈindər in də tejɡ, miz zix mnˈaxajm.
141_163718_0024|איינער זאגט מיר, ער גייט אין בית המדרש אין שול יעדן אינדערפרי, ער וויל פארגעסן פון דערהיים אביסל.|ˈajnər zuɡt mir, ɛr ɡajt in bajs hamˈidruʃ in ʃil jejdn ˈindərfri, ɛr vil faːrɡˈɛsn fin dˈɛrhajm abˈisl.
141_163718_0025|אה, בית המדרש יעצט איז נאר דערהיים. אזוי ווי נאר איך קום אן צו די מקוה, יא, היינט איז דאך דא א נייע מאשינען מיט די מקוה וואו מ'לייגט די פינגערס, וואו מ'לייגט דאס, די קרעדיט קארדל.|a, bajs hamˈidruʃ jɛʦt iz nɔr dˈɛrhajm. azˈɔj vi nɔr ix kim un ʦi də mki, ju, haːnt iz dɔx du a nˈaːjə mˈaʃinən mit də mki vi mlajɡt də fˈinɡərs, vi mlajɡt dus, də krˈɛdit kardl.
141_163718_0026|זאגט ער, "איך קום נאר צו דעם מאשין, דערמאן איך מיר אויטאמאטיש פון מיין ווייב, פון מיין מאמע, און פון מיין באבע, פון אלע דריי צוזאמען." זאג איך, "ווי קומען זיי אן דארטן?"|zuɡt ɛr, ix kim nɔr ʦi dejm mˈaʃin, dərmˈan ix mir ˈɔjtamatiʃ fin maːn vaːb, fin maːn mˈamə, in fin maːn babˈə, fin ˈalə draj ʦizˈamən zuɡ ix, vi kˈimən zaj un dɔrtn
141_163718_0027|זאגט ער, "אקעי, איך קום צו דעם מאשין, שטייט, 'געט אהער דאס קארטל' – שוין, מיין ווייב איז שוין דא, יא? איך הייב אן צוגיין, 'לייג צו א פינגער' – שוין, מיין מאמע איז אויך דא.|zuɡt ɛr, ˈɔkaj, ix kim ʦi dejm mˈaʃin, ʃtajt, ɡɛt ahˈɛr dus kartl ʃɔjn, maːn vaːb iz ʃɔjn du, ju ? ix hajb un ʦˈiɡajn, lajɡ ʦi a fˈinɡər ʃɔjn, maːn mˈamə iz ɔjx du.
141_163718_0028|'דער מאשין דערקענט אייך נישט' – מיין באבע איז דא," זאגט ער. יא, פון דארטן נאך די מקוה גייט מען, פארשטייט זיך, מאכן א קאווע.|dɛr mˈaʃin dərkˈɛnt aːx niʃt maːn babˈə iz du zuɡt ɛr. ju, fin dɔrtn nux də mki ɡajt mɛn, farʃtˈajt zix, maxn a kˈavə.
141_163718_0029|איך קום אריין אין א קאווע שטיבל אין א בית המדרש, זע איך ווי א איד אזוי מיט די גאנצע ערנסטקייט צו זיך אליין, ער האט נישט געמאכט קיין שאו פאר קיינעם, און ער נעמט די קאווע און ער זאגט די ווערטער, די הייליגע ווערטער פון צעטל קטן, און ער לייגט נאך צו אפילו "הנני מגלה את דעתי".|ix kim arˈaːn in a kˈavə ʃtibl in a bajs hamˈidruʃ, zɛ ix vi a jid azˈɔj mit də ɡˈanʦə ˈɛrnəstəkajt ʦi zix alˈajn, ɛr hut niʃt ɡəmˈaxt kan ʃi far kˈajnəm, in ɛr nɛmt də kˈavə in ɛr zuɡt də vˈɛrtər, də hˈajliɡə vˈɛrtər fin ʦɛtl kˈutun, in ɛr lajɡt nux ʦi afˈilə hnni mɡˈalə ɛs dˈati
141_163718_0031|איך בין ממש נתפעל געווארן. איך זאג אים, "איך ווייס נישט, איך דארף אונטערהערן, אבער וואס איז פשט פון דעם? איר האלט טאקע דערביי?"|ix bin mˈamiʃ nispˈuəl ɡəvˈɔrn. ix zuɡ ejm, ix vajs niʃt, ix daf ˈintərhirn, ˈɔbər vus iz pʃat fin dejm ? ir halt tˈakə dərbˈaː
141_163718_0032|זאגט ער, "ליין דא די גרויסע סיין דא, די גרויסע שטיין שטייט דא, 'איר האט הנאה פון די קאווע? צאלט דא צוויי דאלער'."|zuɡt ɛr, lajn du də ɡrˈɔjsə sajn du, də ɡrˈɔjsə ʃtajn ʃtajt du, ir hut hanˈuə fin də kˈavə ? ʦalt du ʦvaj dˈɔlər
141_163718_0033|יא, איז ברוך השם, אידן זענען אין די קאנטרי, מ'ברענגט אויף שבת געסט, יא. איינער האט מיר געזאגט א גוט ווארט.|ju, iz bˈurəx haʃˈɛm, jidn zˈɛnən in də kˈantri, mbrɛnɡt oʊf ʃˈabəs ɡɛst, ju. ˈajnər hut mir ɡəzˈuɡt a ɡit vɔrt.
141_163718_0036|אלע צוגעקומענע, איינער וואס איז צוגעקומען אין משפחה. האב איך געפרעגט, "וואס איז מיט די איידעם?" זאגט ער, "ווילסט אז איינער זאל זאגן, 'הער מיר אויס, איך האב די שדים אויף שבת'?" זאגט ער, וואס?|ˈalə ʦˈiɡəkimənə, ˈajnər vus iz ʦˈiɡəkimən in miʃpˈuxə. hub ix ɡəfrˈɛɡt, vus iz mit də ˈajdəm zuɡt ɛr, vilst az ˈajnər zul zuɡn, hɛr mir oʊs, ix hub də ʒdim oʊf ʃˈabəs zuɡt ɛr, vus ?
141_163718_0037|יא, יא, אן איידעם קומט אויף שבת, ס'איז א שווער, נישט אזוי פשוט.|ju, ju, un ˈajdəm kimt oʊf ʃˈabəs, siz a ʃvir, niʃt azˈɔj pˈuʃit.
141_163718_0038|מ'זאגט דאך חז"ל, מ'דארף וויסן וואו צו לייגן די קאמע. יא, ס'איז דא ווערטער וואס מ'קען זאגן, מ'דארף וויסן וואו צו לייגן די פסיק, די קאמע.|mzuɡt dɔx xazˈal, mdaf visn vi ʦi lajɡn də kˈamə. ju, siz du vˈɛrtər vus mˈɛkən zuɡn, mdaf visn vi ʦi lajɡn də fsik, də kˈamə.
141_163718_0039|אמאל ווען מ'זאגט א סענטענס נישט ריכטיג, יא, אבער ס'הערט זיך ווי א בחור זעצט א שטיקל גמרא, השם ירחם, די קשיא ווערט א תירוץ.|amˈul vɛn mzuɡt a sˈɛntəns niʃt rˈixtiɡ, ju, ˈɔbər shɛrt zix vi a bˈuxər zɛʦt a ʃtikl ɡəmˈurə, haʃˈɛm jərˈaxajm, də kˈaʃə virt a tˈɛrəʦ.
141_163718_0040|למשל, דו הערסט ווי אן איידעם פרעגט זיין שווער, ער האט געוואלט וויסן צו ס'איז דא בהמה פלייש אויף שבת. פרעגט ער, "שווער, בהמה פלייש איז דא אויף שבת?"|ləmˈuʃl, di hɛrst vi un ˈajdəm frɛɡt zaːn ʃvir, ɛr hut ɡəvˈɔlt visn ʦi siz du bəhˈajmu flajʃ oʊf ʃˈabəs. frɛɡt ɛr, ʃvir, bəhˈajmu flajʃ iz du oʊf ʃˈabəs
141_163718_0041|זאגט ער אים, "איידעם, זויערע פיקלס איז דא." זאגט ער, "יא, על כל פנים."|zuɡt ɛr ejm, ˈajdəm, zˈɔjərə fikls iz du zuɡt ɛr, ju, al kɔl pˈunəm
141_163718_0042|על כל פנים, רבותי, יא, זאל זיין גוט פאר אידישע קינדער.|al kɔl pˈunəm, rabˈɔjsaj, ju, zul zaːn ɡit far jˈidiʃə kˈindər.
141_163718_0043|ווייסט, א חסיד איז אריין צו זיין רבי'ן זאגן, ער וואונדערט זיך זייער שטארק, ער זאגט תהלים יעדן טאג, און ער קומט אן צום פסוק "שומר פתאים ה'", אז דער אייבערשטער היט אויף אלע נערנים, אויף אלע טיפשים.|vajst, a xˈusid iz arˈaːn ʦi zaːn rbin zuɡn, ɛr vˈindərt zix zˈajər ʃtark, ɛr zuɡt təhˈilim jejdn tuɡ, in ɛr kimt un ʦim pˈusik ʃˈɔjmər fsaːm haj az dɛr ˈajbərʃtər hit oʊf ˈalə nˈɛrnim, oʊf ˈalə tˈifʃim.
141_163718_0044|זאגט ער, "רבי, וואס איז מיט די קלוגע? וואס איז מיט זיי? דער אייבערשטער היט נישט אויף זיי?" זאגט ער, "וואס גייט דיר עס אן? דו ביסט סעיף." זאגט ער, "וואס גייט דיר עס אן?"|zuɡt ɛr, rˈɛbə, vus iz mit də klˈiɡə ? vus iz mit zaj ? dɛr ˈajbərʃtər hit niʃt oʊf zaj zuɡt ɛr, vus ɡajt dir ɛs un ? di bist sˈujif zuɡt ɛr, vus ɡajt dir ɛs un
141_163718_0045|על כל פנים, איז יא, פארציילט א מלמד, איך ווייס נישט צו איינער זאגט עפעס א באקאנטע מעשה, איך האב עס געהערט ערשט לעצטנס, א מלמד פארציילט|al kɔl pˈunəm, iz ju, farʦˈajlt a mlˈamajd, ix vajs niʃt ʦi ˈajnər zuɡt ˈɛpəs a bakˈantə mˈaːsə, ix hub ɛs ɡəhˈirt ɛrʃt lɛʦtns, a mlˈamajd farʦˈajlt
141_163718_0046|אז לאחר מאה ועשרים איז ארויפגעקומען א איד, וואס מ'האט אים אדורך געקוקט אלע זיינע ביכער, און מ'האט געזען דער מענטש האט אלעס: תורה, תפילה, מידות, יראת שמים, בין אדם לחבירו, בין אדם למקום, אהבת ה', יראת ה', אלעס איז מסודר.|az lˈaxar ma ˈiəʃrim iz arˈoʊfɡəkimən a jid, vus mhut ejm adˈirx ɡəkˈikt ˈalə zˈaːnə bˈixər, in mhut ɡəzˈejn dɛr mɛnʧ hut ˈaləs : tˈɔjrə, tfˈilə, mˈidɔjs, jˈiras ʃmim, bin udm laxavˈajrɔj, bin udm lmkim, ˈahavas haj jˈiras haj ˈaləs iz msidr.
141_163718_0047|איין זאך נעבעך האט אים געפעלט. געלט האט ער אויך געהאט. געפעלט קאנפידענץ. קאנפידענץ האט אים געפעלט.|ajn zax nˈɛbəx hut ejm ɡəfˈɛlt. ɡɛlt hut ɛr ɔjx ɡəhˈat. ɡəfˈɛlt kanfidˈɛnʦ. kanfidˈɛnʦ hut ejm ɡəfˈɛlt.
141_163718_0048|נו, מ'לאזט נישט אריין אין גן עדן אזעלכע מענטשן, וואס טוט ער דארט אן קאנפידענץ? איז געבליבן אז מ'גייט אים נאכאמאל אראפשיקן אויף דער וועלט.|ni, mlɔzt niʃt arˈaːn in ɡan ɛdn azˈɛlxə mɛnʧn, vus tit ɛr dɔrt un kanfidˈɛnʦ ? iz ɡəblˈibn az mɡajt ejm nˈuxamul arˈupʃikn oʊf dɛr vɛlt.
141_163718_0049|ער דארף שוין גארנישט, זיין שליחות האט ער שוין ממלא געווען, נישט תורה, נישט תפילה, נישט געלט, נישט חן, נישט חכמה, טיפשות, אבער קאנפידענץ האט ער.|ɛr daf ʃɔjn ɡˈurniʃt, zaːn ʃlˈixis hut ɛr ʃɔjn mmla ɡəvˈejn, niʃt tˈɔjrə, niʃt tfˈilə, niʃt ɡɛlt, niʃt xajn, niʃt xˈuxmə, tjpəʃˈɔjs, ˈɔbər kanfidˈɛnʦ hut ɛr.
141_163718_0050|און דער יונגל, זאגט דער מלמד, זיצט יעצט אין מיין קלאס.|in dɛr jinɡl, zuɡt dɛr mlˈamajd, ziʦt jɛʦt in maːn klas.
141_163718_0051|לפנים רבותי, פאר אונז הייבן אן דעם היינטיגן שיעור, אונז זענען מיר אין די פרשה פון ראה אנכי נתן לפניכם היום ברכה וקללה.|ləpˈunəm rabˈɔjsaj, far inz hajbn un dejm hˈajntiɡn ʃˈiər, inz zˈɛnən mir in də pˈarʃə fin rˈɛaj ˈanxi nusn lfnixm hˈaːəm brˈuxə ˈikllə.
141_163718_0053|האט דער רבי פארציילט דארטן א מורא'דיגע שיינע זאך, איך מיין מ'מעג אנהייבן א שיעור אין די זומערדיגע טעג, דאס איז א געוואלדיגע זאך.|hut dɛr rˈɛbə farʦˈajlt dɔrtn a mˈiradiɡə ʃˈajnə zax, ix maːn mmejɡ ˈunhajbn a ʃˈiər in də zˈimərdiɡə tejɡ, dus iz a ɡəvˈaldiɡə zax.
141_163718_0054|שמירת עינים איז א נושא וואס ווען מ'רעדט פון דעם איז עס אלעמאל בכל עת ובכל רגע ובכל שעה איז עס נוגע. אין די זומערדיגע טעג בפרט.|ʃmˈiras ajnˈajim iz a nˈɔjsə vus vɛn mrɛdt fin dejm iz ɛs ˈaləmal bxul ajs ibxl rˈɛɡə ibxl ʃu iz ɛs nˈiɡə. in də zˈimərdiɡə tejɡ bfˈɛrət.
141_163718_0056|ער האט געזאגט אז דער ערשטער באבובער רב איז אמאל געגאנגען אויף א קור ארט, אין די זומער וועט מען נאך גיין אביסל אויף רפואה פלעצער, איז מען געווען אין א שטאט נישט ווייט פון די שטאט אונסדארף.|ɛr hut ɡəzˈuɡt az dɛr ˈɛrʃtər babˈibər ruv iz amˈul ɡəɡˈanɡən oʊf a kir art, in də zˈimər vɛt mɛn nux ɡajn abˈisl oʊf rəfˈiə plˈɛʦər, iz mɛn ɡəvˈejn in a ʃtut niʃt vaːt fin də ʃtut ˈinzdarf.
141_163718_0057|אונסדארף איז געווען מער שוין אויבערלאנד. און דארטן איז געווען דער אונסדארפער רב איז אויך געווען דארטן, דער באר שמואל.|ˈinzdarf iz ɡəvˈejn mɛr ʃɔjn ˈɔjbərland. in dɔrtn iz ɡəvˈejn dɛr ˈinzdarfər ruv iz ɔjx ɡəvˈejn dɔrtn, dɛr bar ʃmˈiəl.
141_163718_0058|דער באר שמואל איז געווען דארט מיט אפאר תלמידים צוזאמען, און ס'איז דא זייער אסאך מעשיות, זייער אסאך געשפרעכן וואס איז געווען צווישן די צוויי גדולי עולם, דער ערשטער באבוב'ער רב מיט'ן אונסדארפער רב, זייער אסאך אינטערעסאנטע תורה'דיגע שמועסן וואס איז דא צווישן זיי.|dɛr bar ʃmˈiəl iz ɡəvˈejn dɔrt mit apˈur talmˈidim ʦizˈamən, in siz du zˈajər ˈasax mˈaːsəs, zˈajər ˈasax ɡəʃprˈɛxn vus iz ɡəvˈejn ʦviʃn də ʦvaj ɡdˈili ˈɔjləm, dɛr ˈɛrʃtər babˈibər ruv mitn ˈinzdarfər ruv, zˈajər ˈasax ˈintərəsantə sˈirhdiɡə ʃmˈiəsn vus iz du ʦviʃn zaj.
141_163718_0059|איז איינמאל זענען זיי געפארן דארטן צוזאמען אויף א וואגן, און דער אונסדארפער רב האט געהאט מיט זיך אפאר בחורים צוזאמען. און איינער פון די בחורים האט געהאט א בינאקולאר, א משקפת, וואס הייסט אין ארץ ישראל?|iz ˈajnmul zˈɛnən zaj ɡəfˈarn dɔrtn ʦizˈamən oʊf a vuɡn, in dɛr ˈinzdarfər ruv hut ɡəhˈat mit zix apˈur buxˈirim ʦizˈamən. in ˈajnər fin də buxˈirim hut ɡəhˈat a bˈinakilar, a mʃkfs, vus hajst in ˈɛrəʦ jisrˈuəl ?
141_163718_0060|א בינאקולאר, יא, די כלי בינאקולאר. דער ערשטער באבוב'ער רב האט נאך אין זיין לעבן נישט געהערט פון אזא מין כלי, ער האט קיינמאל נישט געזען אזא כלי. האט ער געפרעגט דעם אונסדארפער רב, וואס איז די זאך?|a bˈinakilar, ju, də kˈajlə bˈinakilar. dɛr ˈɛrʃtər babˈibər ruv hut nux in zaːn lejbn niʃt ɡəhˈirt fin azˈa min kˈajlə, ɛr hut kˈajnmul niʃt ɡəzˈejn azˈa kˈajlə. hut ɛr ɡəfrˈɛɡt dejm ˈinzdarfər ruv, vus iz də zax ?
141_163718_0061|דער בחור האלט עפעס אין די האנט, ער קוקט אריין, און וואס איז דאס? האט ער געזאגט, אה, דאס איז אזא סארט אפאראט וואס מ'קען, ווייטע פלעצער מאכט עס נענטער, מ'קען עס זען.|dɛr bˈuxər halt ˈɛpəs in də hant, ɛr kikt arˈaːn, in vus iz dus ? hut ɛr ɡəzˈuɡt, a, dus iz azˈa sɔrt ˈafarat vus mˈɛkən, vˈaːtə plˈɛʦər maxt ɛs nˈɛntər, mˈɛkən ɛs zejn.
141_163718_0062|האט דער באבוב'ער רב זיך אנגערופן אזוי: "שמירת עינים איז דאך שווער אזוי ווי ס'איז. פארוואס גרעסער מאכן דעם נסיון?|hut dɛr babˈibər ruv zix ˈunɡərifn azˈɔj : ʃmˈiras ajnˈajim iz dɔx ʃvir azˈɔj vi siz. farvˈus ɡrˈɛsər maxn dejm nˈisɔjən ?
141_163718_0063|פארוואס נעמען פלעצער וואס דער אייבערשטער מאכט אז דו זאלסט נישט קענען זען, און עס מאכן אז מ'זאל יא קענען זען?|farvˈus nˈɛmən plˈɛʦər vus dɛr ˈajbərʃtər maxt az di zulst niʃt kˈɛnən zejn, in ɛs maxn az mzul ju kˈɛnən zejn ?
141_163718_0064|אז דו קענסט עס נישט זען, פארוואס גרעסער מאכן דעם נסיון?"|az di kɛnst ɛs niʃt zejn, farvˈus ɡrˈɛsər maxn dejm nˈisɔjən
141_163718_0065|דער אונסדארפער רב האט אזוי הנאה געהאט פון וואס ער האט געהערט. דער בחור האט געהייסן הלל. דער בחור האט עס געהערט, האט ער גערופן, "הלל, לייג דאס אוועק!"|dɛr ˈinzdarfər ruv hut azˈɔj hanˈuə ɡəhˈat fin vus ɛr hut ɡəhˈirt. dɛr bˈuxər hut ɡəhˈajsn halˈɛl. dɛr bˈuxər hut ɛs ɡəhˈirt, hut ɛr ɡərˈifn, halˈɛl, lajɡ dus avˈɛk
141_163718_0066|האט ער אנגערופן, "הלל, לייג דאס אוועק!"|hut ɛr ˈunɡərifn, halˈɛl, lajɡ dus avˈɛk
141_163718_0067|אן אנדערע זאך, ס'איז דאך אזוי אמת. דער אייבערשטער האט אים געגעבן כח צו זען, און מיט דעם מוטשעט מען זיך און מ'דארף ארבעטן נישט צו זען אלעס.|un ˈandərə zax, siz dɔx azˈɔj ˈɛməs. dɛr ˈajbərʃtər hut ejm ɡəɡˈɛbn kˈɔjəx ʦi zejn, in mit dejm mˈiʧət mɛn zix in mdaf ˈarbətn niʃt ʦi zejn ˈaləs.
141_163718_0068|גיין מאכן פעולות צו זען וואס דער אייבערשטער האט דיר נישט געגעבן די כח צו זען, וואס גייסטו דאס טון?|ɡajn maxn pəˈilɔjs ʦi zejn vus dɛr ˈajbərʃtər hut dir niʃt ɡəɡˈɛbn də kˈɔjəx ʦi zejn, vus ɡˈajsti dus tin ?
141_163718_0070|פארוואס גייט דער זיידע גלעזער? האט דער קדושת ציון געזאגט א מורא'דיגע יסוד. ער זאגט אזוי: די מתנה וואס דער אייבערשטער האט דיר געגעבן, ער האט דיר געגעבן א מתנה פון זען, די מתנה איז דיין מתנה.|farvˈus ɡajt dɛr zˈajdə ɡlˈɛzər ? hut dɛr kdˈiʃas ʦjin ɡəzˈuɡt a mˈiradiɡə jˈɛsud. ɛr zuɡt azˈɔj : də matˈunə vus dɛr ˈajbərʃtər hut dir ɡəɡˈɛbn, ɛr hut dir ɡəɡˈɛbn a matˈunə fin zejn, də matˈunə iz daːn matˈunə.
141_163718_0071|אויב ס'ווערט שוואכער, מעגסטו טון יעדע פעולה צו האבן ווייטער די מתנה. אבער דאס וואס דער אייבערשטער האט דיר נישט געגעבן צו זען, דאס נעם נישט.|ɔjb svirt ʃvˈaxər, mˈɛɡsti tin jˈɛdə pˈilə ʦi hubn vˈaːtər də matˈunə. ˈɔbər dus vus dɛr ˈajbərʃtər hut dir niʃt ɡəɡˈɛbn ʦi zejn, dus nɛm niʃt.
141_163718_0072|נעם נישט דאס וואס דער אייבערשטער האט דיר נישט געגעבן.|nɛm niʃt dus vus dɛr ˈajbərʃtər hut dir niʃt ɡəɡˈɛbn.
141_163718_0075|איך מיין, רבותי, מ'וויל ארויסברענגען די גאנצע נושא פון טעכנאלאגיע וואס איז היינט דא, די אלע נסיונות איז ממש די זאך. וואס איז די גאנצע טעכנאלאגיע בעיקר?|ix maːn, rabˈɔjsaj, mvil arˈoʊzbrejnɡən də ɡˈanʦə nˈɔjsə fin tˈɛxnalaɡiə vus iz haːnt du, də ˈalə nisjˈɔjnɔjs iz mˈamiʃ də zax. vus iz də ɡˈanʦə tˈɛxnalaɡiə bˈɛjikər ?
141_163718_0076|כאפן, זען עכטס וואס דער אייבערשטער האט דיר נישט געגעבן צו זען. וואס באלאנגט נישט צו דיר? ס'איז נישט דיין זאך. וואס די ביזנעס דארט גייט פאר, ס'איז נישט פאר דיר. ס'איז נישט פאר דיר, יא? ניין, איך מוז זען, איך מוז זען. פארוואס?|xapn, zejn ɛxʦ vus dɛr ˈajbərʃtər hut dir niʃt ɡəɡˈɛbn ʦi zejn. vus balˈanɡt niʃt ʦi dir ? siz niʃt daːn zax. vus də bˈiznəs dɔrt ɡajt far, siz niʃt far dir. siz niʃt far dir, ju ? najn, ix miz zejn, ix miz zejn. farvˈus ?
141_163718_0077|האסטו עס נישט באקומען. דער אייבערשטער האט דיר נישט געגעבן. יא, היינט האט די אלע כלים זענען אלעס געמאכט צו קענען יא זען, ס'זאל נישט זיין א זאך אין די וועלט וואס איך האב נישט געזען.|hˈusti ɛs niʃt bakˈimən. dɛr ˈajbərʃtər hut dir niʃt ɡəɡˈɛbn. ju, haːnt hut də ˈalə kˈajlim zˈɛnən ˈaləs ɡəmˈaxt ʦi kˈɛnən ju zejn, szul niʃt zaːn a zax in də vɛlt vus ix hub niʃt ɡəzˈejn.
141_163718_0078|און דער אייבערשטער האט דאך דוקא געמאכט די מציאות וואס הייסט מרחק, דו זאלסט נישט זיין דארט, דו זאלסט גארנישט האבן מיט דעם. ס'איז גענוג שווער דאס וואס איז יא נאנט צו דיר אז דו זאלסט עס נישט זען.|in dɛr ˈajbərʃtər hut dɔx dˈika ɡəmˈaxt də mʦˈiɔjs vus hajst mˈɛrxuk, di zulst niʃt zaːn dɔrt, di zulst ɡˈurniʃt hubn mit dejm. siz ɡənˈiɡ ʃvir dus vus iz ju nant ʦi dir az di zulst ɛs niʃt zejn.
141_163718_0079|דו גייסט און דו ברענגסט אריין מיט דיר נאך נקודות, און ס'איז אוודאי א נקודה וואס איך קען מחזק זיין אין די טעג.|di ɡajst in di brɛnɡst arˈaːn mit dir nux nkˈidɔjs, in siz avˈadə a nəkˈidə vus ix kɛn mxˈazajk zaːn in də tejɡ.
141_163718_0080|רבותי, ראה אנכי נתן לפניכם היום ברכה וקללה. אלע פרעגן די קשיא, וואס איז די היום?|rabˈɔjsaj, rˈɛaj ˈanxi nusn lfnixm hˈaːəm brˈuxə ˈikllə. ˈalə frɛɡn də kˈaʃə, vus iz də hˈaːəm ?
141_163718_0081|וואס איז שלעכט ווען ס'שטייט ראה אנכי נותן לפניכם ברכה וקללה? ס'איז דאך נישט נאר פאר היום, ס'איז פאר מארגן, ס'איז פאר איבערמארגן, ס'איז פאר עד סוף כל הדורות.|vus iz ʃlɛxt vɛn sʃtajt rˈɛaj ˈanxi nˈɔjsajn lfnixm brˈuxə ˈikllə ? siz dɔx niʃt nɔr far hˈaːəm, siz far mɔrɡn, siz far ˈibərmɔrɡn, siz far ɛd sɔf kɔl hadˈɔjrɔjs.
141_163718_0082|משה רבינו געבט יעצט אראפ פאר כלל ישראל ברכה וקללה, אלע אידן זאלן וויסן וואס איז דער היום, וואס וויל מען דא ארויסברענגען מיט דעם ווארט היום.|mˈɔjʃə rbˈini ɡɛbt jɛʦt arˈup far klal jisrˈuəl brˈuxə ˈikllə, ˈalə jidn zɔln visn vus iz dɛr hˈaːəm, vus vil mɛn du arˈoʊzbrejnɡən mit dejm vɔrt hˈaːəm.
141_163718_0083|איך האב געהערט א מעשה א שטיק צייט צוריק פון א איד, א פלעטבושער איד, האט ער מיר פארציילט אזא מין,|ix hub ɡəhˈirt a mˈaːsə a ʃtik ʦaːt ʦirˈik fin a jid, a flˈɛtbiʃər jid, hut ɛr mir farʦˈajlt azˈa min,
141_163718_0084|איך מיין ער האט אליין נישט געכאפט ווי שטארק די מעשה האט מיר אפעקטירט, זייער שטארק אפעקטעד די מעשה. האט ער מיר פארציילט אזוי,|ix maːn ɛr hut alˈajn niʃt ɡəxˈapt vi ʃtark də mˈaːsə hut mir ˈafəktirt, zˈajər ʃtark ˈafəktəd də mˈaːsə. hut ɛr mir farʦˈajlt azˈɔj,
141_163718_0085|ער האט מיר פארציילט א חבר זיינער, א חבר זיינער, יא, דאס איז מער פלעטבוש'ער אידן, רעדן מעור ענגליש ספיקינג דעם עולם. ער זאגט א חבר זיינער וואס איז זייער נאנט מיט אים.|ɛr hut mir farʦˈajlt a xˈavər zˈajnər, a xˈavər zˈajnər, ju, dus iz mɛr flˈɛtbiʃər jidn, rɛdn mˈɛir ˈɛnɡliʃ sfˈikinɡ dejm ˈɔjləm. ɛr zuɡt a xˈavər zˈajnər vus iz zˈajər nant mit ejm.
141_163718_0086|איין טאג רופט ער אים און ער זאגט אים, ס'איז געוואלדיג געשריגן, מיין טאטע איז יעצט אריין אין שפיטאל, ער איז עפעס אויסמענטשט וועגן זיין טאטע. וואס איז געשען? זיין טאטע האט עפעס נישט געשפירט גוט?|ajn tuɡ rift ɛr ejm in ɛr zuɡt ejm, siz ɡəvˈaldiɡ ɡəʃrˈiɡn, maːn tˈatə iz jɛʦt arˈaːn in ʃpˈitul, ɛr iz ˈɛpəs ˈoʊsmənʧt vejɡn zaːn tˈatə. vus iz ɡəʃˈɛn ? zaːn tˈatə hut ˈɛpəs niʃt ɡəʃpˈirt ɡit ?
141_163718_0087|דער טאטע איז אן עלטערער מענטש, נישט קיין אלטער מענטש, כמעט נישטא קיין אלטער אידן היינט, ס'איז נאך אלע יונגעלייטלעך,|dɛr tˈatə iz un ˈɛltərər mɛnʧ, niʃt kan ˈaltər mɛnʧ, kəmˈat niʃtˈu kan ˈaltər jidn haːnt, siz nux ˈalə jˈinɡəlajtləx,
141_163718_0088|אבער דער אידישער איז א זיבעציג יעריגער יונגערמאן, עפעס אין דעם עידזש. ער האט עפעס נישט געשפירט אינדערפרי, ער איז געגאנגען צום דאקטאר, דער דאקטאר טשעקט אים אויס, ער זאגט אים,|ˈɔbər dɛr jˈidiʃər iz a zˈibəʦiɡ jˈɛriɡər jˈinɡərman, ˈɛpəs in dejm ajʤ. ɛr hut ˈɛpəs niʃt ɡəʃpˈirt ˈindərfri, ɛr iz ɡəɡˈanɡən ʦim dˈaktar, dɛr dˈaktar ʧɛkt ejm oʊs, ɛr zuɡt ejm,
141_163718_0089|דו גייסט יעצט אריין אין שפיטאל, דו האלטסט יעצט אינמיטן א הארץ אטאק. ער זאגט אים, ממש אזוי ווי איך פיל, איך זאג דיר, אריין אין שפיטאל.|di ɡajst jɛʦt arˈaːn in ʃpˈitul, di halʦt jɛʦt ˈinmitn a harʦ ˈatak. ɛr zuɡt ejm, mˈamiʃ azˈɔj vi ix fil, ix zuɡ dir, arˈaːn in ʃpˈitul.
141_163718_0090|ער האט אריינגעלייגט אין שפיטאל, ער האט גלייך אנגעהויבן טשעקן, ער האט טאקע אנגעהויבן פילן שפעטער נישט גוט. סאו דער חבר זאגט אים אז ער איז יעצט אין שפיטאל, ער גייט באלד אריין אין א סורדזשערי, שיין,|ɛr hut arˈaːnɡəlajɡt in ʃpˈitul, ɛr hut ɡlaːx ˈunɡəhɔjbn ʧɛkn, ɛr hut tˈakə ˈunɡəhɔjbn filn ʃpˈejtər niʃt ɡit. sɔ dɛr xˈavər zuɡt ejm az ɛr iz jɛʦt in ʃpˈitul, ɛr ɡajt bald arˈaːn in a sˈirʤəri, ʃajn,
141_163718_0091|ער דארף א רפואה. זאגט מיר דער איד, ס'איז לאנג נישט אויסגעקומען שפעטער צו רעדן מיט מיין חבר וועגן זיין טאטן, ס'איז נישט אויסגעקומען. עפעס א האלב יאר שפעטער,|ɛr daf a rəfˈiə. zuɡt mir dɛr jid, siz laːnɡ niʃt ˈoʊzɡəkimən ʃpˈejtər ʦi rɛdn mit maːn xˈavər vejɡn zaːn tatn, siz niʃt ˈoʊzɡəkimən. ˈɛpəs a halb jur ʃpˈejtər,
141_163718_0092|פרעג איך עס מיט מיין חבר איינער צו זאגן, נא דרך אגב, וואס מאכט דיין טאטע? וואס גייט פאר מיט אים? איך וויל דיר זאגן איין זאך, ברוך השם ער האט זיך ארויסגעדרייט, מ'האט אים אריינגעלייגט דארטן אין א סטענד, אלעס וואס מ'דארף טון.|frɛɡ ix ɛs mit maːn xˈavər ˈajnər ʦi zuɡn, na dˈɛrəx ˈaɡav, vus maxt daːn tˈatə ? vus ɡajt far mit ejm ? ix vil dir zuɡn ajn zax, bˈurəx haʃˈɛm ɛr hut zix arˈoʊzɡədrajt, mhut ejm arˈaːnɡəlajɡt dɔrtn in a stɛnd, ˈaləs vus mdaf tin.
141_163718_0093|ס'איז געווען זייער א קאמפליצירטע סורדזשערי. איך קען דיר זאגן, די לעצטע האלבע יאר איז נישט צו דערקענען דער איד. דער איד איז געווארן א פרייליכער מענטש, ער איז אזא מין באטעמ'טער מענטש,|siz ɡəvˈejn zˈajər a kˈamfliʦirtə sˈirʤəri. ix kɛn dir zuɡn, də lˈɛʦtə hˈalbə jur iz niʃt ʦi dərkˈɛnən dɛr jid. dɛr jid iz ɡəvˈɔrn a frˈajləxər mɛnʧ, ɛr iz azˈa min batˈɛmə tɛr mɛnʧ,
141_163718_0094|אזא מין געשמאקער מענטש. און איך וויל דיר זאגן איין זאך, איך האב נאך אין מיין לעבן נישט געזען מיין טאטן אין אזא מין סטעיט אין זיין לעבן, איך לעב שוין מיט מיין טאטע אסאך יארן, ער לערנט,|azˈa min ɡəʃmˈakər mɛnʧ. in ix vil dir zuɡn ajn zax, ix hub nux in maːn lejbn niʃt ɡəzˈejn maːn tatn in azˈa min stajt in zaːn lejbn, ix lɛb ʃɔjn mit maːn tˈatə ˈasax jurn, ɛr lirnt,
141_163718_0095|ער האט שיעורים, ער דאוונט. יעדע מצוה, עפעס אלעס איז געווארן אנדערש. און ער פרעגט,|ɛr hut ʃˈiəirim, ɛr davnt. jˈɛdə mˈiʦvə, ˈɛpəs ˈaləs iz ɡəvˈɔrn ˈandiʃ. in ɛr frɛɡt,
141_163718_0096|נו, וואס ביסטו תולה? זאגט ער, איך האב געפרעגט מיין טאטן, איך האב געפרעגט מיין טאטן וואס איז געווען. מיין טאטע זאגט מיר, איך האב געדארפט אריבערגיין א מעידזשער סורדזשערי,|ni, vus bˈisti tˈɔjlə ? zuɡt ɛr, ix hub ɡəfrˈɛɡt maːn tatn, ix hub ɡəfrˈɛɡt maːn tatn vus iz ɡəvˈejn. maːn tˈatə zuɡt mir, ix hub ɡədˈarft arˈibərɡajn a mˈajʤər sˈirʤəri,
141_163718_0097|און דער דאקטאר האט מיר געזאגט, ס'איז לאו דוקא אז פון דעם סורדזשערי גייט מען ארויס אינגאנצן נאך בין החיים, ס'איז מעגליך אז מ'גייט שוין, בקיצור,|in dɛr dˈaktar hut mir ɡəzˈuɡt, siz li dˈika az fin dejm sˈirʤəri ɡajt mɛn arˈoʊs inɡˈanʦn nux bin haxˈajim, siz mˈejɡləx az mɡajt ʃɔjn, bˈɛkiʦər,
141_163718_0098|ס'איז מעגליך אז אן אנדערע חבורה. הייליגע חבורה הייסט עס, נעמט איבער דער מענטש. לאו דווקא אז דו גייסט ארויס א לעבעדיגער,|siz mˈejɡləx az un ˈandərə xavˈirə. hˈajliɡə xavˈirə hajst ɛs, nɛmt ˈibər dɛr mɛnʧ. li dˈavkə az di ɡajst arˈoʊs a lˈɛbədiɡər,
141_163718_0099|מ'וועט פרובירן צו טון אלעס. ווילסט וויסן, ווען מ'האט מיך אריינגעווילט אין דעם אפערעיטינג רום, איך בין געווען אזויפיל וועגן, איך האב באקומען די רייד,|mvɛt prˈibirn ʦi tin ˈaləs. vilst visn, vɛn mhut mix arˈaːnɡəvilt in dejm ˈafərajtinɡ rim, ix bin ɡəvˈejn ˈazɔjfil vejɡn, ix hub bakˈimən də rajd,
141_163718_0100|מ'נעמט מיך אזוי אריין, איך זיץ. וואס מיינט איך האב געטראכט? איך האב געטראכט פון אזויפיל זאכן וואס איך האב נאך געוואלט טון אין מיין לעבן, איך בין נישט אנגעקומען.|mnɛmt mix azˈɔj arˈaːn, ix ziʦ. vus majnt ix hub ɡətrˈaxt ? ix hub ɡətrˈaxt fin ˈazɔjfil zaxn vus ix hub nux ɡəvˈɔlt tin in maːn lejbn, ix bin niʃt ˈunɡəkimən.
141_163718_0101|דו ווייסט, איך האב נאך אזוי געוואלט ענדיגן ש"ס, איך האב נישט געענדיגן. וויפיל מאל האב איך געטראכט אז איך דארף נאך איין טאג איבערבעטן יענעם? איך האב געוואלט נישט איבערגעבעטן.|di vajst, ix hub nux azˈɔj ɡəvˈɔlt ˈɛndiɡn ʃas, ix hub niʃt ɡəˈɛndiɡn. vˈifil mul hub ix ɡətrˈaxt az ix daf nux ajn tuɡ ˈibərbejtn jˈɛnəm ? ix hub ɡəvˈɔlt niʃt ˈibərɡəbejtn.
141_163718_0103|און א גאנצע צייט יעדע זאך אויש, אויש, נישט געטון, נישט געטון, נישט געטון. דער איד רעדט אויף ענגליש, ער זאגט, איך האב מיך דעמאלטס מקבל געווען, השם,|in a ɡˈanʦə ʦaːt jˈɛdə zax oʊʃ, oʊʃ, niʃt ɡətˈin, niʃt ɡətˈin, niʃt ɡətˈin. dɛr jid rɛdt oʊf ˈɛnɡliʃ, ɛr zuɡt, ix hub mix dˈɛmalʦ mkˈabajl ɡəvˈejn, haʃˈɛm,
141_163718_0105|טו עס יעצט! טו עס יעצט! א גאנצע לעבן איז מיר פארנומען פושן. א מענטש וועט מאכן א חשבון, זיין לעבן איז א לעבן פון אפשטופן זאכן.|ti ɛs jɛʦt ! ti ɛs jɛʦt ! a ɡˈanʦə lejbn iz mir farnˈimən fiʃn. a mɛnʧ vɛt maxn a xˈɛʃbɔjn, zaːn lejbn iz a lejbn fin ˈafʃtifn zaxn.
141_163718_0106|שטופ, שטופ, אקעי, יעצט דארף מען נאך נישט טון, יעצט דארף מען נאך נישט טון. ווען א מענטש דארף ערלעדיגן עפעס, רוקט ער עס אויף די זייט.|ʃtif, ʃtif, ˈɔkaj, jɛʦt daf mɛn nux niʃt tin, jɛʦt daf mɛn nux niʃt tin. vɛn a mɛnʧ daf ˈɛrlədiɡn ˈɛpəs, rikt ɛr ɛs oʊf də zaːt.
141_163718_0107|ווען א מענטש דארף ערלעדיגן פינף זאכן, רוקט ער אינגאנצן אויף די זייט. ווען א מענטש דארף ערלעדיגן צען זאכן, רוקט ער זיך אריין אין בעט, און ער ווארט אז די צען זאכן זאלן זיך פון זיך אליינס פארגלעטן, ס'וועט זיך עוועפארעיטן פון זיך אליין. דאס איז די מציאות.|vɛn a mɛnʧ daf ˈɛrlədiɡn finf zaxn, rikt ɛr inɡˈanʦn oʊf də zaːt. vɛn a mɛnʧ daf ˈɛrlədiɡn ʦɛn zaxn, rikt ɛr zix arˈaːn in bɛt, in ɛr vɔrt az də ʦɛn zaxn zɔln zix fin zix alˈajns farɡlˈɛtn, svɛt zix ˈɛvəfarajtn fin zix alˈajn. dus iz də mʦˈiɔjs.
141_163718_0108|די מציאות איז אז א מענטש האט א שרעקליכע נטיה פון אפשטופן זאכן, רוקן זאכן.|də mʦˈiɔjs iz az a mɛnʧ hut a ʃrˈɛkləxə nətˈiə fin ˈafʃtifn zaxn, rikn zaxn.
141_163718_0109|"מארגן נאר נישט היינט זאגן אלע פוילע לייט", יא? אזוי פלעגט מען זאגן אין דערהיים. "מארגן נאר נישט היינט זאגן אלע פוילע לייט". דאס איז די מציאות.|mɔrɡn nɔr niʃt haːnt zuɡn ˈalə fˈɔjlə lajt ju ? azˈɔj flɛɡt mɛn zuɡn in dˈɛrhajm. mɔrɡn nɔr niʃt haːnt zuɡn ˈalə fˈɔjlə lajt dus iz də mʦˈiɔjs.
141_163718_0110|מענטשן זוכן זיך ארויסצודרייען. איך געדענק נאך אלס קינד האב איך געזען אזא מין צעטעלע, איך געדענק אפילו נישט וואו איך האב עס געזען, ס'איז מיר אריין אין קאפ.|mɛnʧn zixn zix arˈoʊsʦidrajən. ix ɡədˈɛnk nux ˈalis kind hub ix ɡəzˈejn azˈa min ʦətˈɛlə, ix ɡədˈɛnk afˈilə niʃt vi ix hub ɛs ɡəzˈejn, siz mir arˈaːn in kɔp.
141_163718_0111|שטופ נישט אפ קיין זאכן אויף מארגן אויב דו קענסט עס אפשטופן אויף איבערמארגן. רו דיך אפ בייטאג, זאלסט האבן כח צו שלאפן ביינאכט.|ʃtif niʃt ɔp kan zaxn oʊf mɔrɡn ɔjb di kɛnst ɛs ˈafʃtifn oʊf ˈibərmɔrɡn. ri dix ɔp bˈajtaɡ, zulst hubn kˈɔjəx ʦi ʃlufn bˈajnaxt.
141_163718_0112|אויב ארבעט איז געזונט, זאלן עס די קראנקע טון. יא, אונז זענען מיר אלע אזוי, אונז זענען מיר אויסגעשטעלט אויף אזא אופן.|ɔjb ˈarbət iz ɡəzˈint, zɔln ɛs də krˈankə tin. ju, inz zˈɛnən mir ˈalə azˈɔj, inz zˈɛnən mir ˈoʊzɡəʃtəlt oʊf azˈa ɔjfn.
141_163718_0113|אז איינער וועט עפענען א הייליגן רבינו בחיי היינטיגע פרשה, רבינו בחיי ווי מ'זאגט עס, יא?|az ˈajnər vɛt ˈɛfənən a hˈajliɡn rbˈini baxˈajaj hˈajntiɡə pˈarʃə, rbˈini baxˈajaj vi mzuɡt ɛs, ju ?
141_163718_0114|און מ'וועט אריינקוקן, מ'וועט זען די גאנצע ערשטע שטיקל פון רבינו בחיי, ס'איז אזוי כדאי אז אידישע קינדער זאלן אדורכלערנען די גאנצע ערשטע עמוד פון רבינו בחיי פון די היינטיגע פרשה.|in mvɛt arˈaːnkikn, mvɛt zejn də ɡˈanʦə ˈɛrʃtə ʃtikl fin rbˈini baxˈajaj, siz azˈɔj kˈɛdaː az jˈidiʃə kˈindər zɔln adˈirxlərnən də ɡˈanʦə ˈɛrʃtə ˈuməd fin rbˈini baxˈajaj fin də hˈajntiɡə pˈarʃə.
141_163718_0115|מיר גייען עס יעצט נישט פארלערנען דא, אונזער שורה איז נישט געמאכט פארצולערנען אינעווייניג אזוי פיל, אבער אפאר לשונות.|mir ɡˈajən ɛs jɛʦt niʃt farlˈirnən du, ˈinzər ʃˈirə iz niʃt ɡəmˈaxt farʦˈilərnən ˈinəvajniɡ azˈɔj fil, ˈɔbər apˈur lʃˈɔjnɔjs.
141_163718_0118|און ער שמועסט דארטן אויס, ס'איז דא אן עצל בביתו, ס'איז דא אן עצל בגופו, ס'איז דא אן עצל בנפשו, און ס'איז דא אן עצל בתורה ובמצות ובמעשים טובים.|in ɛr ʃmˈiəst dɔrtn oʊs, siz du un ɛʦl bˈisi, siz du un ɛʦl bɡˈifi, siz du un ɛʦl bnfʃi, in siz du un ɛʦl batˈɔjrə ˈibmʦis ˈibməʃim tˈibim.
141_163718_0119|און ער גייט אדורך, ער רעדט פראקטישע זאכן. מ'וועט אריינקוקן דארטן, ער זאגט אזוי, למשל, ס'איז דא אן עצל בביתו, ס'איז דא א מענטש וואס האט עצלות ביי זיך אינדערהיים. וואס הייסט?|in ɛr ɡajt adˈirx, ɛr rɛdt frˈaktiʃə zaxn. mvɛt arˈaːnkikn dɔrtn, ɛr zuɡt azˈɔj, ləmˈuʃl, siz du un ɛʦl bˈisi, siz du a mɛnʧ vus hut ˈaʦlis baː zix ˈindərhajm. vus hajst ?
141_163718_0120|זאגט ער די ווערטער, "כמי שיצטרך לתקן תקרה בביתו", איינער דארף פאררעכטן זיין דאך, יא?|zuɡt ɛr də vˈɛrtər, xmi ʃiʦtrx lətˈikajn skrə bˈisi ˈajnər daf farrˈɛxtn zaːn dɔx, ju ?
141_163718_0121|"אם יתקננו מיד, יוכל לתקנו בהוצאה מועטת". אויב וועט ער עס שוין יעצט גיין ערלעדיגן, וועט ער עס קענען, ס'וועט נישט דארפן קאסטן צופיל.|im ˈisknni miˈiad, jixl lskni bhˈiʦa mˈiəʦ ɔjb vɛt ɛr ɛs ʃɔjn jɛʦt ɡajn ˈɛrlədiɡn, vɛt ɛr ɛs kˈɛnən, svɛt niʃt daːfn kastn ʦˈifil.
141_163718_0123|רבותי, איך מיין אז די אידן וואס קענען זאגן עדות אויף זיך, די זאכן טוען מיר יעצט, וויפיל געלט האט אונז געקאסט זאכן נאר ווייל דו ביסט געווען פויל דאס אפגעשטופט אויף שפעטער.|rabˈɔjsaj, ix maːn az də jidn vus kˈɛnən zuɡn ˈajdəs oʊf zix, də zaxn tˈɔjən mir jɛʦt, vˈifil ɡɛlt hut inz ɡəkˈɔst zaxn nɔr vaːl di bist ɡəvˈejn foʊl dus ˈɔpɡəʃtift oʊf ʃpˈejtər.
141_163718_0124|ס'האט דיר שוין געקאסט דעמאלטס, די הויז האט דיר דאס געקאסט. האסט א קליינע לעכל, גיי פארעכט עס. "ניין, ניין, ניין." אקעי, יעצט איז עס צעבראכן אין גאנצן, יעצט וועסטו מוזן איבערמאכן קאנסטראקשן, יעצט וועט עס קאסטן מיליאנען.|səhˈut dir ʃɔjn ɡəkˈɔst dˈɛmalʦ, də hoʊz hut dir dus ɡəkˈɔst. hust a klˈajnə lɛxl, ɡaj farˈɛxt ɛs. najn, najn, najn ˈɔkaj, jɛʦt iz ɛs ʦəbrˈaxn in ɡanʦn, jɛʦt vˈɛsti mizn ˈibərmaxn kˈanstrakʃn, jɛʦt vɛt ɛs kastn mˈilianən.
141_163718_0125|שוין, נו, וואס איז יעצט? דו האסט דאך געקענט מסדר זיין דעמאלטס, וואס האסטו נישט געטון?|ʃɔjn, ni, vus iz jɛʦt ? di hust dɔx ɡəkˈɛnt msˈadajr zaːn dˈɛmalʦ, vus hˈusti niʃt ɡətˈin ?
141_163718_0126|נאר אונזער טבע איז די גאנצע צייט, שטופ אראפ ווייטער, שטופ ווייטער, שטופ ווייטער, און דאס גייט אונז.|nɔr ˈinzər tˈɛvə iz də ɡˈanʦə ʦaːt, ʃtif arˈup vˈaːtər, ʃtif vˈaːtər, ʃtif vˈaːtər, in dus ɡajt inz.
141_163718_0127|ממש נורא נוראות וואס דער הייליגער רבינו בחיי איז מסביר אין היינטיגע פרשה, א לאנגע שטיקל דארטן, אזוי שיין ווי ער איז מסביר די נקודה וואס עצלות טוט צו א מענטש, און בפרט, זאגט ער, ווען ס'קומט צו דארפן זיך פאררעכטן מידות טובות.|mˈamiʃ nˈira nɔjrˈuɔjs vus dɛr hˈajliɡər rbˈini baxˈajaj iz mazbˈir in hˈajntiɡə pˈarʃə, a lˈanɡə ʃtikl dɔrtn, azˈɔj ʃajn vi ɛr iz mazbˈir də nəkˈidə vus ˈaʦlis tit ʦi a mɛnʧ, in bfˈɛrət, zuɡt ɛr, vɛn skimt ʦi daːfn zix farrˈɛxtn mˈidɔjs tˈɔjvɔjs.
141_163718_0128|ער שרייבט קלאר, א מענטש קען נישט זוכה זיין צו קיין איין דבר טוב, ער וועט נישט ארבעטן אויף דעם, און ער שטופט עס אפ, ער שטופט עס אפ.|ɛr ʃraːbt klur, a mɛnʧ kɛn niʃt zˈixə zaːn ʦi kan ajn dˈuvur tɔjv, ɛr vɛt niʃt ˈarbətn oʊf dejm, in ɛr ʃtift ɛs ɔp, ɛr ʃtift ɛs ɔp.
141_163718_0129|און דערווייל ווערט דער מענטש ערגער און ערגער, און ס'איז לא ימקו יסופו.|in dərvˈaːl virt dɛr mɛnʧ ˈɛrɡər in ˈɛrɡər, in siz lɔj ˈimki ˈisifi.
141_163718_0130|ס'איז דא א באקאנטע ווערטל וואס דער יארימער רב פלעגט אמאל פארציילן, אבער איך האב עס לעצטנס געזען אין דעם ספר "שיח ומעשיו" פון הרב אדרי, וואס אונז נעמען כסדר דארטן גוטע נקודות דארטן פון דעם ספר.|siz du a bakˈantə vɛrtl vus dɛr jˈarimər ruv flɛɡt amˈul farʦˈajln, ˈɔbər ix hub ɛs lɛʦtns ɡəzˈejn in dejm sˈajfər sˈixa ˈiməʃji fin harˈaːv ˈadri, vus inz nˈɛmən kasˈajdɛr dɔrtn ɡˈitə nkˈidɔjs dɔrtn fin dejm sˈajfər.
141_163718_0131|זאגט ער דארטן, ס'איז דא דער באקאנטער בעל דרשן אין ארץ ישראל, ר' ישראל מאיר שושן, דער באקאנטער מגיד, איז ער לייגט עס אפ אביסל אנדערש.|zuɡt ɛr dɔrtn, siz du dɛr bakˈantər baːl darʃn in ˈɛrəʦ jisrˈuəl, rajʃ jisrˈuəl mˈajər ʃiʃn, dɛr bakˈantər mˈaɡəd, iz ɛr lajɡt ɛs ɔp abˈisl ˈandiʃ.
141_163718_0132|מ'איז געפאלן די נקודה, איך האב קיינמאל נישט געטראכט אז ס'איז דא א מורא'דיגע רעיון אין דעם. די מעשה אין קורצן גייט אזוי, ס'איז שוין דא א נייע דור וואס קען שוין נישט אזוי גוט יארימער רב'ס ווערטלעך, מעג מען עס מחדש זיין.|miz ɡəfˈaln də nəkˈidə, ix hub kˈajnmul niʃt ɡətrˈaxt az siz du a mˈiradiɡə rˈaːən in dejm. də mˈaːsə in kirʦn ɡajt azˈɔj, siz ʃɔjn du a nˈaːjə dur vus kɛn ʃɔjn niʃt azˈɔj ɡit jˈarimər ravs vˈɛrtləx, mejɡ mɛn ɛs mxˈadajʃ zaːn.
141_163718_0133|איך האב עס געזאגט פאר בחורים נישט לאנג צוריק די גאנצע שטיקל, קיינער האט עס שוין נישט געקענט.|ix hub ɛs ɡəzˈuɡt far buxˈirim niʃt laːnɡ ʦirˈik də ɡˈanʦə ʃtikl, kˈajnər hut ɛs ʃɔjn niʃt ɡəkˈɛnt.
141_163718_0134|על כל פנים, ווען א יוד, לאמיר אים רופן בערקעלע. בערקעלע! יא, יעדער איינער קען זיך פארשטעלן אליינס אז בערקעלע, דער נאמען בערקעלע זאגט נישט קיין... מיליאנען אין באנק.|al kɔl pˈunəm, vɛn a jid, lˈɔmir ejm rifn bˈɛrkələ. bˈɛrkələ ! ju, jˈɛdər ˈajnər kɛn zix farʃtˈɛln alˈajns az bˈɛrkələ, dɛr nˈumən bˈɛrkələ zuɡt niʃt kan mˈilianən in bank.
141_163718_0135|בערקעלע, א שלעפער, א שלעפער, ער האט שוין געלט, ער האט נישט גארנישט, קינדער האט ער ברוך, יא, ברוך השם, דאס איז אלעס גוט.|bˈɛrkələ, a ʃlˈɛfər, a ʃlˈɛfər, ɛr hut ʃɔjn ɡɛlt, ɛr hut niʃt ɡˈurniʃt, kˈindər hut ɛr bˈurəx, ju, bˈurəx haʃˈɛm, dus iz ˈaləs ɡit.
141_163718_0136|האט שוין קיין עין הרע דריי טעכטער אין שידוכים, נישט אזוי אלט, איינס איז דרייסיג, די אנדערע איז אכט און צוואנציג, און די יונגסטע איז זעקס און צוואנציג.|hut ʃɔjn kan ˈaːən hrə draj tˈɛxtər in ʃidˈixim, niʃt azˈɔj alt, ajns iz drˈajsiɡ, də ˈandərə iz axt in ʦvˈanʦiɡ, in də jˈinɡstə iz zɛks in ʦvˈanʦiɡ.
141_163718_0137|שפעטער קומט א גאנצע זאק פון קינדער, ברוך השם, יונגלעך, אויסגעפיילט, געשורה'ט, אלעס. ס'איז מורא'דיג.|ʃpˈejtər kimt a ɡˈanʦə zak fin kˈindər, bˈurəx haʃˈɛm, jˈinɡləx, ˈoʊzɡəfajlt, ɡəʃˈirht, ˈaləs. siz mˈiradiɡ.
141_163718_0138|דער בערל איז געווען אן איש תם ובעל מזל, און אין די אמאל'יגע צייטן, ווער ס'איז עלטער געדענקט נאך די צייטן פון א לאטע, יא?|dɛr bɛrl iz ɡəvˈejn un iʃ tam ˈibəl mazl, in in də ˈamaliɡə ʦaːtn, vɛr siz ˈɛltər ɡədˈɛnkt nux də ʦaːtn fin a lˈatə, ju ?
141_163718_0139|ווען ס'האט זיך צעריסן די הויזן האט מען נישט געקויפט קיין נייע, האט מען געלייגט א פעטש, האט מען געלייגט א לאטע אויף דעם. ער האט געלייגט לאטעס.|vɛn səhˈut zix ʦərˈisn də hɔjzn hut mɛn niʃt ɡəkˈɔjft kan nˈaːjə, hut mɛn ɡəlˈajɡt a fɛʧ, hut mɛn ɡəlˈajɡt a lˈatə oʊf dejm. ɛr hut ɡəlˈajɡt lˈatəs.
141_163718_0141|בקיצור, דער בערל האט ברוך השם געהאט אזא גוטן לאך אין די הויזן, טראכט נישט קיין צוויי, ער קומט אהיים, ער האט געהאט עפעס אזא רויטע האנטוך, ער האט געגעבן א שנייד א שטיקל פון די רויטע האנטוך, אפגעלאטעט די הויזן, צוגענייט, האט ער שוין דעם.|bˈɛkiʦər, dɛr bɛrl hut bˈurəx haʃˈɛm ɡəhˈat azˈa ɡitn lax in də hɔjzn, traxt niʃt kan ʦvaj, ɛr kimt ahˈajm, ɛr hut ɡəhˈat ˈɛpəs azˈa rˈɔjtə hˈantix, ɛr hut ɡəɡˈɛbn a ʃnajd a ʃtikl fin də rˈɔjtə hˈantix, ˈɔpɡəlatət də hɔjzn, ʦˈiɡənajt, hut ɛr ʃɔjn dejm.
141_163718_0142|דריי וואכן שפעטער האט שוין געקראכט אין די הויזן נאך א לאך.|draj vɔxn ʃpˈejtər hut ʃɔjn ɡəkrˈaxt in də hɔjzn nux a lax.
141_163718_0143|ער איז אהיימגעקומען, ער איז צוגעגאנגען צו די פורהאנג אינדערהיים, די קורטען, געגעבן א שלעפ אראפ א שיינע געלע קורטען, ער האט געהאט אזא ווינדאו שעיד, געגעבן א שנייד א קליין שטיקל, געגעבן א קנאק צו דעם צווייטן לאך.|ɛr iz ahˈajmɡəkimən, ɛr iz ʦˈiɡəɡanɡən ʦi də fˈirhanɡ ˈindərhajm, də kˈirtən, ɡəɡˈɛbn a ʃlɛf arˈup a ʃˈajnə ɡəlˈə kˈirtən, ɛr hut ɡəhˈat azˈa vˈindi ʃajd, ɡəɡˈɛbn a ʃnajd a klajn ʃtikl, ɡəɡˈɛbn a knak ʦi dejm ʦvajtn lax.
141_163718_0144|דריי וואכן שפעטער האט שוין געפלאצט די הויזן א דריטע מאל, איז ער אהיימגעקומען, גענומען אן אלטע זאק, א גרינע זאק פון זיין'ס א בעיבי, און געגעבן א קנאק פון דארטן.|draj vɔxn ʃpˈejtər hut ʃɔjn ɡəflˈaʦt də hɔjzn a drˈitə mul, iz ɛr ahˈajmɡəkimən, ɡənˈimən un ˈaltə zak, a ɡrˈinə zak fin zajns a bˈajbi, in ɡəɡˈɛbn a knak fin dɔrtn.
141_163718_0145|ער האט ארויסגעזאגט אז ס'איז שוין אויסגעקומען ווי א טרעפיק לייט, יא? ס'האט געהאט, קיין עין הרע, אלע דריי קאלירס אזוי.|ɛr hut arˈoʊzɡəzuɡt az siz ʃɔjn ˈoʊzɡəkimən vi a trˈɛfik lajt, ju ? səhˈut ɡəhˈat, kan ˈaːən hrə, ˈalə draj kalˈirs azˈɔj.
141_163718_0146|און איין טאג קומט ער אריין צו די רב און ער זאגט, "רבי, וואס וועט זיין דא מיט שידוכים?"|in ajn tuɡ kimt ɛr arˈaːn ʦi də ruv in ɛr zuɡt, rˈɛbə, vus vɛt zaːn du mit ʃidˈixim
141_163718_0147|זאגט ער, "בערל, אזוי לאנג דו וועסט גיין מיט דעם טרעפיק לייט הויזן, זעט אויס אז די שדכנים האבן נישט מיט וואס צו רעדן, ס'איז א שאד אריינצולייגן אין דיר קיין פינף מינוט.|zuɡt ɛr, bɛrl, azˈɔj laːnɡ di vɛst ɡajn mit dejm trˈɛfik lajt hɔjzn, zejt oʊs az də ʒdxnim hubn niʃt mit vus ʦi rɛdn, siz a ʃad arˈaːnʦilajɡn in dir kan finf minˈit.
141_163718_0148|דו מוזט דיר קויפן פרישע הויזן, מיט די הויזן גייט קיין שידוכים נישט גיין. טרעפן א נייע הויזן, וועט דער שדכן באקומען א הויזן קשבת, וואס וועט אונז אויסהערן בכלל.|di mizt dir kɔjfn frˈiʃə hɔjzn, mit də hɔjzn ɡajt kan ʃidˈixim niʃt ɡajn. trɛfn a nˈaːjə hɔjzn, vɛt dɛr ʃadxn bakˈimən a hɔjzn kʃˈabəs, vus vɛt inz ˈoʊshirn bəxlˈaːl.
141_163718_0149|אן דעם האב איך מורא, ס'איז נישטא וואס צו רעדן."|un dejm hub ix mˈɔjrə, siz niʃtˈu vus ʦi rɛdn
141_163718_0150|נו, ווי גייט ער גיין קויפן הויזן? ער גייט דאך נישט גיין צו קיין קלאודינג סטאר קויפן, גייט ער דארטן אין די פלי מארקעט ווי ס'הייסט, יא, דארטן וואו מ'קען קויפן אלעס פאר האלב בחנם אדער בחנם און האלב.|ni, vi ɡajt ɛr ɡajn kɔjfn hɔjzn ? ɛr ɡajt dɔx niʃt ɡajn ʦi kan klˈidinɡ star kɔjfn, ɡajt ɛr dɔrtn in də fli mˈarkət vi shajst, ju, dɔrtn vi mˈɛkən kɔjfn ˈaləs far halb bxˈinum ˈɔdər bxˈinum in halb.
141_163718_0151|ער קויפט דארטן א הויז, ס'איז לאנג. ער פרעגט דארטן, "זאג נאר, איז דא א שניידער וואס שניידט די הויזן?" זאגט ער, "דא פאלט מיר איין, קיינער שניידט דא נישט קיין הויזן. נעם עס אזוי ווי ס'איז און געענדיגט.|ɛr kɔjft dɔrtn a hoʊz, siz laːnɡ. ɛr frɛɡt dɔrtn, zuɡ nɔr, iz du a ʃnˈajdər vus ʃnajdt də hɔjzn zuɡt ɛr, du falt mir ajn, kˈajnər ʃnajdt du niʃt kan hɔjzn. nɛm ɛs azˈɔj vi siz in ɡəˈɛndiɡt.
141_163718_0152|דו האסט צוויי אפשענס, נעמען אדער נישט נעמען, איינער פון די צוויי." האט ער גענומען די הויזן פינף אינטשעס לענגער פון וואס ער דארף.|di hust ʦvaj ˈafʃəns, nˈɛmən ˈɔdər niʃt nˈɛmən, ˈajnər fin də ʦvaj hut ɛr ɡənˈimən də hɔjzn finf ˈinʧəs lˈɛnɡər fin vus ɛr daf.
141_163718_0153|קומט ער אהיים, און ער גייט צו צו זיין אלטע טאכטער דארטן, דער דרייסיג יעריגער, זאגט איר, "רייזעלע, וועסט טון א טובה, וועסט געבן א שנייד פינף אינטשעס פאר טאטי." זאגט זי, "טאטי, אוודאי, וואס איז די שאלה?|kimt ɛr ahˈajm, in ɛr ɡajt ʦi ʦi zaːn ˈaltə tˈaxtər dɔrtn, dɛr drˈajsiɡ jˈɛriɡər, zuɡt ir, rˈajzələ, vɛst tin a tˈɔjvə, vɛst ɡejbn a ʃnajd finf ˈinʧəs far tˈati zuɡt zi, tˈati, avˈadə, vus iz də ʃˈaːlə ?
141_163718_0154|פינף אינטשעס ביי מיר נעמט א רגע, נאר טאטי, נישט היינט, היות איך בין א טיטשער, און איך דארף היינט יעצט ענדיגן. מארגן טאטי, מאכט מען פאר דיר די הויזן."|finf ˈinʧəs baː mir nɛmt a rˈɛɡə, nɔr tˈati, niʃt haːnt, hˈajɔjs ix bin a tˈiʧər, in ix daf haːnt jɛʦt ˈɛndiɡn. mɔrɡn tˈati, maxt mɛn far dir də hɔjzn
141_163718_0155|שוין, זעט ער, מיט רייזעלע קומט ער נישט אן, גייט ער צום נעקסטן, לאה'לע. דער טאטע האט געבעטן צו שניידן פינף אינטשעס די הויזן, ס'איז צרות ווי א בארג דא, איך דארף האבן לאנגע הויזן.|ʃɔjn, zejt ɛr, mit rˈajzələ kimt ɛr niʃt un, ɡajt ɛr ʦim nɛkstn, lˈalə. dɛr tˈatə hut ɡəbˈejtn ʦi ʃnajdn finf ˈinʧəs də hɔjzn, siz ʦˈurɔjs vi a barɡ du, ix daf hubn lˈanɡə hɔjzn.
141_163718_0156|זאגט זי, "טאטי, געזונטערהייט, דו ווייסט דאך, ס'איז פאררעגנט, ס'איז פארוואלקענט. טאטי, ס'איז א טאג צו ארבעטן? היינט איז א טאג צו אטעמען און טראכטן וואס מ'גייט ארבעטן.|zuɡt zi, tˈati, ɡəzˈintərhaːt, di vajst dɔx, siz farrˈɛɡnt, siz farvalkˈɛnt. tˈati, siz a tuɡ ʦi ˈarbətn ? haːnt iz a tuɡ ʦi ˈatəmən in traxtn vus mɡajt ˈarbətn.
141_163718_0157|שוין מארגן, טאטי, איך זאג דיר צו, מארגן די זאך איז אויף מיר, דו דארפסט גארנישט מורא האבן." ער זעט נישט מיט וועמען ער האט צו טון.|ʃɔjn mɔrɡn, tˈati, ix zuɡ dir ʦi, mɔrɡn də zax iz oʊf mir, di darfst ɡˈurniʃt mˈɔjrə hubn ɛr zejt niʃt mit vˈɛmən ɛr hut ʦi tin.
141_163718_0158|גייט ער צום נעקסטן, "ביילי, וועסטו אפשר געבן די הויזן...?" "טאטי, טאטי, איך האב פיבער.|ɡajt ɛr ʦim nɛkstn, bˈajli, vˈɛsti ˈɛfʃir ɡejbn də hɔjzn tˈati, tˈati, ix hub fˈibər.
141_163718_0160|בכלל זאגן זיי אז היינט איז עפעס א טאג וואס מזל נאדן איז שולט, שניידן איז נישט דער טאג, און מ'וועט מאכן מארגן."|bəxlˈaːl zuɡn zaj az haːnt iz ˈɛpəs a tuɡ vus mazl nadn iz ʃilt, ʃnajdn iz niʃt dɛr tuɡ, in mvɛt maxn mɔrɡn
141_163718_0161|דער טאטע זעט אז ס'איז צרות. איז פאר ער איז געגאנגען שלאפן, ס'איז אלעס געלעגן אין די בעטן, איז ער געגאנגען אליינס און געגעבן א שנייד פינף אינטשעס אין די הויזן.|dɛr tˈatə zejt az siz ʦˈurɔjs. iz far ɛr iz ɡəɡˈanɡən ʃlufn, siz ˈaləs ɡəlˈɛɡn in də bejtn, iz ɛr ɡəɡˈanɡən alˈajns in ɡəɡˈɛbn a ʃnajd finf ˈinʧəs in də hɔjzn.
141_163718_0162|ער איז געווען אזוי צופרידן אז ער האט שוין די אלטע הויזן, די טרעפיק ווערט ארויסגעטראסקעט פון פענסטער, דארף מען שוין נישט האבן, ס'איז דא די פרישע הויזן.|ɛr iz ɡəvˈejn azˈɔj ʦˈifridn az ɛr hut ʃɔjn də ˈaltə hɔjzn, də trˈɛfik virt arˈoʊzɡətraskət fin fˈɛnstər, daf mɛn ʃɔjn niʃt hubn, siz du də frˈiʃə hɔjzn.
141_163718_0164|זי הייבט אן טראכטן, "דו ווייסט, ס'איז אזא מין עולה פון מיין זייט, איך בין שוין געגאנגען טון פאר טאטי די זאך."|zi hajbt un traxtn, di vajst, siz azˈa min ˈilə fin maːn zaːt, ix bin ʃɔjn ɡəɡˈanɡən tin far tˈati də zax
141_163718_0165|זי איז צוגעגאנגען, געגעבן א שנייד פינף אינטשעס אין די הויזן, זיך צוריקגעפאקט אין בעט, זי האט נאך צוויי דריי שעה ביז זי דארף גיין צו די ארבעט.|zi iz ʦˈiɡəɡanɡən, ɡəɡˈɛbn a ʃnajd finf ˈinʧəs in də hɔjzn, zix ʦirˈikɡəfakt in bɛt, zi hut nux ʦvaj draj ʃu biz zi daf ɡajn ʦi də ˈarbət.
141_163718_0167|דער טאטע שטייט אויף מיט א שמחה, און מ'גייט זאגן ברכת שהחיינו די ערשטע מאל מיט נייע הויזן נאך פינף און צוואנציג יאר. ער טוט אן, ס'איז א בעיטינג סוט.|dɛr tˈatə ʃtajt oʊf mit a sˈimxə, in mɡajt zuɡn bˈirxɔjs ʃəxəiˈuni də ˈɛrʃtə mul mit nˈaːjə hɔjzn nux finf in ʦvˈanʦiɡ jur. ɛr tit un, siz a bˈajtinɡ sit.
141_163718_0168|ס'איז גארנישט געבליבן, גארנישט געבליבן, פריץ ורבי על העומד, ס'איז נישט דא גארנישט.|siz ɡˈurniʃt ɡəblˈibn, ɡˈurniʃt ɡəblˈibn, priʦ ˈirbi al hˈɛimd, siz niʃt du ɡˈurniʃt.
141_163718_0169|און גלייך האט זיך אנגעהויבן, די קינדער האבן זיך אנגעהויבן שלאגן, "דו ביסט שולדיג!" "דו ביסט שולדיג!" "דו ביסט שולדיג!" "ניין, איך בין פארדעם."|in ɡlaːx hut zix ˈunɡəhɔjbn, də kˈindər hubn zix ˈunɡəhɔjbn ʃlaɡn, di bist ʃˈildiɡ di bist ʃˈildiɡ di bist ʃˈildiɡ najn, ix bin fardˈejm
141_163718_0170|דער טאטע רופט זיך אן, "קינדער, איך וועל אייך זאגן ווער איז שולדיג. דו ווייסט ווער איז שולדיג? שולדיג איז 'נישט היינט', דאס איז שולדיג. שולדיג איז 'נישט היינט'.|dɛr tˈatə rift zix un, kˈindər, ix vɛl aːx zuɡn vɛr iz ʃˈildiɡ. di vajst vɛr iz ʃˈildiɡ ? ʃˈildiɡ iz niʃt haːnt dus iz ʃˈildiɡ. ʃˈildiɡ iz niʃt haːnt
141_163718_0171|ווען נישט די נארישקייט פון 'נישט היינט', וואלט דאס נישט געשען. 'נישט היינט' ברענגט חורבנות."|vɛn niʃt də nˈariʃkaːt fin niʃt haːnt vɔlt dus niʃt ɡəʃˈɛn. niʃt haːnt brɛnɡt xvrəbnˈɔjs
141_163718_0172|רבותי, פארוואס איז עס אזוי? פארוואס זענען מענטשן אזוי אין די זאך וואס הייסט דחיינות. לאמיר עס אפשטופן, לאמיר גיין ווייטער. זיי דוחה, זיי דוחה. פארוואס?|rabˈɔjsaj, farvˈus iz ɛs azˈɔj ? farvˈus zˈɛnən mɛnʧn azˈɔj in də zax vus hajst dxˈajnis. lˈɔmir ɛs ˈafʃtifn, lˈɔmir ɡajn vˈaːtər. zaj dˈɔjxə, zaj dˈɔjxə. farvˈus ?
141_163718_0173|וואס קומט דאס? רבותי, מ'קוקט אריין אביסל אין מוסר ספרים, זעט מען אז דאס איז איינע פון די גרעסטע תחסיסי היצר.|vus kimt dus ? rabˈɔjsaj, mkikt arˈaːn abˈisl in misr sfˈurim, zejt mɛn az dus iz ˈajnə fin də ɡrˈɛstə sxsˈisi hiʦr.
141_163718_0174|דער יצר הרע האט אזא פשוט'ע וועג צו ארבעטן מיט א מענטש. פארוואס דארף ער ארבעטן שווער? פארוואס דארף מען זאגן פאר א מענטש אז מ'דארף טון עבירות,|dɛr iʦr hrə hut azˈa pˈiʃətə vejɡ ʦi ˈarbətn mit a mɛnʧ. farvˈus daf ɛr ˈarbətn ʃvir ? farvˈus daf mɛn zuɡn far a mɛnʧ az mdaf tin avˈajrɔjs,
141_163718_0175|און מ'דארף קומען זיך ענדזשויען אויף די וועלט? דער יוד איז דאך א יוד, ער ווייסט דאך יא וואס מ'דארף טון אויף די וועלט. סאו דער יצר הרע האט זייער א פשוט'ע זאך, ער זאגט איך בין מסכים מיט אלעס וואס דו זאגסט, נאר נישט היינט,|in mdaf kˈimən zix ˈɛnʤɔjən oʊf də vɛlt ? dɛr jid iz dɔx a jid, ɛr vajst dɔx ju vus mdaf tin oʊf də vɛlt. sɔ dɛr iʦr hrə hut zˈajər a pˈiʃətə zax, ɛr zuɡt ix bin mˈaskəm mit ˈaləs vus di zuɡst, nɔr niʃt haːnt,
141_163718_0176|גיב עס, גיב עס א דעי, ס'דארף אנקומען דער ריכטיגער טאג. דו מוזט פארשטיין, מיין טייער קינד, דו רעדסט וועגן עבודת השם, דו רעדסט וועגן,|ɡib ɛs, ɡib ɛs a daj, sdaf ˈunkimən dɛr rˈixtiɡər tuɡ. di mizt farʃtˈajn, maːn tˈajər kind, di rɛdst vejɡn avˈɔjdas haʃˈɛm, di rɛdst vejɡn,
141_163718_0177|דאס פאדערט זיך א געוויסע טאג אין לעבן וואס ווען יענער טאג קומט, דעמאלטס גייט מען עס טון. ס'וועט אנקומען, האט נישט קיין מורא, ס'קען זיין אז דער טאג איז מארגן, ס'קען זיין אז דער טאג איז מארגן.|dus fˈadərt zix a ɡəvˈisə tuɡ in lejbn vus vɛn jˈɛnər tuɡ kimt, dˈɛmalʦ ɡajt mɛn ɛs tin. svɛt ˈunkimən, hut niʃt kan mˈɔjrə, skɛn zaːn az dɛr tuɡ iz mɔrɡn, skɛn zaːn az dɛr tuɡ iz mɔrɡn.
141_163718_0178|און דעריבער וועט א מענטש פושן זאכן. ר' ישראל סאלאנטא האט געזאגט אמאל א לשון, רבותי, בחורים זענען אזוי מעיד אויף דעם, איך האב נאך נישט געהאט אמאל, איך זאל זאגן פאר בחורים, און איך זע נישט ווי די בחורים'ס פנימ'ער מאכן,|in dˈɛribər vɛt a mɛnʧ fiʃn zaxn. rajʃ jisrˈuəl sˈalanta hut ɡəzˈuɡt amˈul a luʃn, rabˈɔjsaj, buxˈirim zˈɛnən azˈɔj majd oʊf dejm, ix hub nux niʃt ɡəhˈat amˈul, ix zul zuɡn far buxˈirim, in ix zɛ niʃt vi də bxˈirims fnˈimə ɛr maxn,
141_163718_0179|וואו! ר' ישראל סאלאנטא האט געזאגט, ס'איז גרינגער מארגן צו לערנען צען שעה ברציפות ווי היינט, פינף מינוט.|vi ! rajʃ jisrˈuəl sˈalanta hut ɡəzˈuɡt, siz ɡrˈinɡər mɔrɡn ʦi lˈirnən ʦɛn ʃu birʦˈifis vi haːnt, finf minˈit.
141_163718_0180|יעדער בחור האט א פלאן צו לערנען צען שעה ברציפות מארגן. נוגע זעצט זיך לערנען, אקעי, ער מיר אויס, נישט היינט.|jˈɛdər bˈuxər hut a plaːn ʦi lˈirnən ʦɛn ʃu birʦˈifis mɔrɡn. nˈiɡə zɛʦt zix lˈirnən, ˈɔkaj, ɛr mir oʊs, niʃt haːnt.
141_163718_0181|און וואס גייט מארגן זיין בעסער? מארגן איז מארגן. יעצט, וואס מיינסטו גייט געשען מארגן? איר ווייסט, ס'איז אמאל אריינגעקומען א מענטש אין א רעסטוראנט. פארוואס איז ער אריין?|in vus ɡajt mɔrɡn zaːn bˈɛsər ? mɔrɡn iz mɔrɡn. jɛʦt, vus mˈajnsti ɡajt ɡəʃˈɛn mɔrɡn ? ir vajst, siz amˈul arˈaːnɡəkimən a mɛnʧ in a rəstirˈant. farvˈus iz ɛr arˈaːn ?
141_163718_0182|נארמאל עסט ער נישט אין רעסטוראנטן. ער האט געזען א ריזיגע סיין אויף די פענסטער פון די רעסטוראנט, דארטן איז געשטאנען אזוי:|nˈarmal ɛst ɛr niʃt in rˈɛstirantn. ɛr hut ɡəzˈejn a rˈiziɡə sajn oʊf də fˈɛnstər fin də rəstirˈant, dɔrtn iz ɡəʃtˈanən azˈɔj :
141_163718_0184|ער האט נישט געקענט גלייבן. ער איז אריינגעקומען מיט אזא גוטע מוד, און ער האט זיך פארשטייט זיך באשטעלט א פיינע מאלצייט. נישט צופיל,|ɛr hut niʃt ɡəkˈɛnt ɡlaːbn. ɛr iz arˈaːnɡəkimən mit azˈa ɡˈitə mid, in ɛr hut zix farʃtˈajt zix baʃtˈɛlt a fˈajnə mˈalʦajt. niʃt ʦˈifil,
141_163718_0185|ווייל איך בין אויפ'ן פלאץ פאר מארגן, אבער ער האט זיך באשטעלט. גערופן, דער ווערטער קומט אהער, דער ווערטער קומט אן, ער געבט אים דעם ביכל'ע. וואס וואס ווילסטו באשטעלן? ער קוקט,|vaːl ix bin afn plaːʦ far mɔrɡn, ˈɔbər ɛr hut zix baʃtˈɛlt. ɡərˈifn, dɛr vˈɛrtər kimt ahˈɛr, dɛr vˈɛrtər kimt un, ɛr ɡɛbt ejm dejm bˈixlə. vus vus vˈilsti baʃtˈɛln ? ɛr kikt,
141_163718_0186|אין דעם, דאס, דאס, דאס אויכעט. זייער גוט, ער האט פיין געגעסן און געצאלט, ער קען שוין נישט ווארטן פאר מארגן. צומארגנס איז ער אנגעקומען,|in dejm, dus, dus, dus ˈɔjxət. zˈajər ɡit, ɛr hut faːn ɡəɡˈɛsn in ɡəʦˈalt, ɛr kɛn ʃɔjn niʃt vartn far mɔrɡn. ʦˈimarɡns iz ɛr ˈunɡəkimən,
141_163718_0187|ער איז שוין אנגעקומען לכתחילה מיט אפענע קנעפלעך, היינט גייט מען עסן. ער זעצט זיך אראפ, און דער וועיטער קומט נאכאמאל מיט'ן ביכל, "וואס דארפסטו?"|ɛr iz ʃɔjn ˈunɡəkimən ləxatxˈilə mit ˈafənə knˈɛfləx, haːnt ɡajt mɛn ɛsn. ɛr zɛʦt zix arˈup, in dɛr vˈajtər kimt nˈuxamul mitn bixl, vus dˈarfsti
141_163718_0188|"אלעס וואס איז געטייפט אין דעם בוק. אויב שטייט עס אויף דעם בוק, וויל איך עס זען אויפ'ן טעלער." און מ'האט אראפגעפאקט א טיש, און דער, קיין עין הרע, האט געגעסן. דו האסט געקענט סטאפן,|ˈaləs vus iz ɡətˈajft in dejm bik. ɔjb ʃtajt ɛs oʊf dejm bik, vil ix ɛs zejn afn tˈɛlər in mhut arˈupɡəfakt a tiʃ, in dɛr, kan ˈaːən hrə, hut ɡəɡˈɛsn. di hust ɡəkˈɛnt stafn,
141_163718_0189|ער עסט, ער עסט. מ'האלט שוין נאך אין עסן, מ'קען שוין כמעט נישט הערן וואס ער רעדט. "כל תממה דקשה." "וועיטער? שכוח פאר די עסן." זאגט ער, "יא,|ɛr ɛst, ɛr ɛst. mhalt ʃɔjn nux in ɛsn, mˈɛkən ʃɔjn kəmˈat niʃt hirn vus ɛr rɛdt. kɔl smmə dəkˈuʃə vˈajtər ? ʃkvax far də ɛsn zuɡt ɛr, ju,
141_163718_0190|מ'דארף צאלן." "וואס צאלן? ווען צאלן? היינט איז דאך דער טאג וואס מ'באקומט בחינם." זאגט ער, "אנטשולדיגט, איר דארפט צאלן. איר האט געגעסן, וועט איר צאלן." זאגט ער,|mdaf ʦuln vus ʦuln ? vɛn ʦuln ? haːnt iz dɔx dɛr tuɡ vus mbakˈimt bəxˈinəm zuɡt ɛr, ˈanʧildiɡt, ir darft ʦuln. ir hut ɡəɡˈɛsn, vɛt ir ʦuln zuɡt ɛr,
141_163718_0191|"ניין, ס'הייבט זיך נישט אן. וואו איז דער בעל הבית?" און דער בעל הבית קומט ארויס, קומט ארויס, זאגט ער, "יא, וואס קען איך טון פאר אייך?" זאגט ער, "וואס הייסט אז ס'קאסט געלט?|najn, shajbt zix niʃt un. vi iz dɛr baːl habˈajis in dɛr baːl habˈajis kimt arˈoʊs, kimt arˈoʊs, zuɡt ɛr, ju, vus kɛn ix tin far aːx zuɡt ɛr, vus hajst az skɔst ɡɛlt ?
141_163718_0192|ס'איז נישט קיין ר' ישעי'לע'ס קאך דא, ס'איז א רעסטאראנט." זאגט ער, "ניין, אבער ס'איז דאך דא א סיין." זאגט ער, "וואס איז דא די סיין?" "די סיין? קום, לאמיר עס ליינען. קום, קום, לאמיר ליינען, וואס שטייט דא? 'צאלט היינט'?|siz niʃt kan rajʃ ˈiʃajləs kax du, siz a rəstarˈant zuɡt ɛr, najn, ˈɔbər siz dɔx du a sajn zuɡt ɛr, vus iz du də sajn də sajn ? kim, lˈɔmir ɛs lˈajnən. kim, kim, lˈɔmir lˈajnən, vus ʃtajt du ? ʦalt haːnt
141_163718_0193|יא, 'צאלט היינט, און מארגן וועט איר עסן בחינם.' היינט איז מארגן אדער היינט איז היינט? היינט איז היינט, וועט איר עסן. מ'טוישט נישט די סיינס דא יעדן טאג.|ju, ʦalt haːnt, in mɔrɡn vɛt ir ɛsn bəxˈinəm haːnt iz mɔrɡn ˈɔdər haːnt iz haːnt ? haːnt iz haːnt, vɛt ir ɛsn. mtɔjʃt niʃt də sajns du jejdn tuɡ.
141_163718_0194|דער סיין בלייבט יעדן טאג די זעלבע אז היינט צאלט מען." "אבער איך בין דאך נעכטן געווען!" זאגט ער, "ס'שטייט גארנישט וועגן נעכטן.|dɛr sajn blaːbt jejdn tuɡ də zˈɛlbə az haːnt ʦalt mɛn ˈɔbər ix bin dɔx nɛxtn ɡəvˈejn zuɡt ɛr, sʃtajt ɡˈurniʃt vejɡn nɛxtn.
141_163718_0195|ס'שטייט וועגן היינט מיט מארגן. וועגן נעכטן שטייט שוין נישט. אז ס'וועט שטיין 'איר האט געגעסן נעכטן', ביסטו גערעכט. אבער ס'שטייט 'היינט צאלט מען, מארגן...'"|sʃtajt vejɡn haːnt mit mɔrɡn. vejɡn nɛxtn ʃtajt ʃɔjn niʃt. az svɛt ʃtajn ir hut ɡəɡˈɛsn nɛxtn bˈisti ɡərˈɛxt. ˈɔbər sʃtajt haːnt ʦalt mɛn, mɔrɡn
141_163718_0196|דער מארגן, רבותי, אונז דארפן כאפן אז דער מארגן ווערט אויך אמאל א היינט. און אז דו ביסט א מענטש וואס דו קענסט נישט ערלעדיגן דיינע זאכן היינט,|dɛr mɔrɡn, rabˈɔjsaj, inz daːfn xapn az dɛr mɔrɡn virt ɔjx amˈul a haːnt. in az di bist a mɛnʧ vus di kɛnst niʃt ˈɛrlədiɡn dˈaːnə zaxn haːnt,
141_163718_0197|וועט קיינמאל נישט קומען דער טאג, ווייל דער מארגן ווערט היינט. דריי יאר ארום גייט אויך איין טאג ווערן א היינט,|vɛt kˈajnmul niʃt kˈimən dɛr tuɡ, vaːl dɛr mɔrɡn virt haːnt. draj jur arˈim ɡajt ɔjx ajn tuɡ virn a haːnt,
141_163718_0198|צען יאר ארום גייט אויך ווערן א היינט. און דו ביסט בטבע איינער וואס היינט טוסטו נישט קיין זאכן. דער יצר הרע ארבעט מיט דיר זייער גרינג:|ʦɛn jur arˈim ɡajt ɔjx virn a haːnt. in di bist bətˈɛvə ˈajnər vus haːnt tˈisti niʃt kan zaxn. dɛr iʦr hrə ˈarbət mit dir zˈajər ɡrinɡ :
141_163718_0199|"נאר היינט נישט." און ברוך השם אז יעדע פיר און צוואנציג שעה באקומט דער נאמען "היינט" עפעס א צווייטע טאג.|nɔr haːnt niʃt in bˈurəx haʃˈɛm az jˈɛdə fir in ʦvˈanʦiɡ ʃu bakˈimt dɛr nˈumən haːnt ˈɛpəs a ʦvˈajtə tuɡ.
141_163718_0200|און ס'גייט פארט אזוי ווייטער און ווייטער. א מענטש קען זיך טרעפן זיבעציג יאר שפעטער, ער האט נאך גארנישט געטון. גארנישט געטון.|in sɡajt fɔrt azˈɔj vˈaːtər in vˈaːtər. a mɛnʧ kɛn zix trɛfn zˈibəʦiɡ jur ʃpˈejtər, ɛr hut nux ɡˈurniʃt ɡətˈin. ɡˈurniʃt ɡətˈin.
141_163718_0201|טרעפסט אמאל א בחור'ל, קוים אנגעהויבן שיעור א'. "נו, ס'אנגעהויבן א נייע ישיבה, נו, ווען גייט מען זיך נעמען לערנען?" "יא, צוביסלעך, צוביסלעך, צוביסלעך, מ'דארף זיך לאזן לעבן צוביסלעך אנגיין."|trɛfst amˈul a bˈuxirl, kɔjm ˈunɡəhɔjbn ʃˈiər a ni, sˈunɡəhɔjbn a nˈaːjə jəʃˈivə, ni, vɛn ɡajt mɛn zix nˈɛmən lˈirnən ju, ʦˈibisləx, ʦˈibisləx, ʦˈibisləx, mdaf zix luzn lejbn ʦˈibisləx ˈunɡajn
141_163718_0202|און שיעור ב' זעסטו, מ'האט שוין א שטיקל מאסטעטש, נישט קיין זאך, יא? ס'הייסט נישט קיין בארד, נאר אנדערליינט די נאז. פארשטייסטו וואס איך מיין? נו, נו, מ'גייט זיך נעמען?|in ʃˈiər ba zˈɛsti, mhut ʃɔjn a ʃtikl mˈastəʧ, niʃt kan zax, ju ? shajst niʃt kan bard, nɔr ˈandərlajnt də nɔz. farʃtˈajsti vus ix maːn ? ni, ni, mɡajt zix nˈɛmən ?
141_163718_0203|יא, אבער צוביסלעך, צוביסלעך, יא, יא. שבעה גדולה? שבעה קטנה, נישט מיין, צוביסלעך, יא, יא. שבעה גדולה, צוביסלעך.|ju, ˈɔbər ʦˈibisləx, ʦˈibisləx, ju, ju. ʒbə ɡədˈilə ? ʒbə ktˈanə, niʃt maːn, ʦˈibisləx, ju, ju. ʒbə ɡədˈilə, ʦˈibisləx.
141_163718_0205|ביי זיבעציג יאר שלעפט ער אויף די שטעקן צוביסלעך, צוביסלעך. ביי אכציג לויפט נישט צוביסלעך. ביי ניינציג שלעפט מען אים אוועק אין די חברה קדישא צוביסלעך, צוביסלעך, צוביסלעך.|baː zˈibəʦiɡ jur ʃlɛpt ɛr oʊf də ʃtɛkn ʦˈibisləx, ʦˈibisləx. baː ˈaxʦiɡ lɔjft niʃt ʦˈibisləx. baː nˈajnʦiɡ ʃlɛpt mɛn ejm avˈɛk in də xˈɛvrə kdˈiʃa ʦˈibisləx, ʦˈibisləx, ʦˈibisləx.
141_163718_0206|און מ'לייגט אים אריין אין די ערד, א ביסל ליגט דארטן, אפגעביסלט א לעבן.|in mlajɡt ejm arˈaːn in də ɛrd, a bisl liɡt dɔrtn, ˈɔpɡəbislt a lejbn.
141_163718_0208|איך האב געהאט א שטיקל הארה פארגאנגענע פסח, מיר האבן גערעדט ערגעץ שבת הגדול, האט מען דאס אפילו אביסל צענומען די נקודה.|ix hub ɡəhˈat a ʃtikl hˈarə farɡˈanɡənə pˈajsəx, mir hubn ɡərˈɛt ˈɛrɡəʦ ʃˈabəs hɡdil, hut mɛn dus afˈilə abˈisl ʦənˈimən də nəkˈidə.
141_163718_0209|ס'איז דא א גמרא, די גמרא פארציילט אונז אז רבי יהושע בן לוי האט געטראפן אליהו הנביא, און ער פרעגט אים, אה, אליהו, ווען קומט משיח?|siz du a ɡəmˈurə, də ɡəmˈurə farʦˈajlt inz az rˈɛbə jəhˈɔjʃiə bɛn lɔj hut ɡətrˈafn əliˈuhi hanˈuvi, in ɛr frɛɡt ejm, a, əliˈuhi, vɛn kimt mˈuʃiəx ?
141_163718_0210|האט ער געזאגט, היום, היינט. ס'איז אדורכגעגאנגען דער טאג, און ער טרעפט אליהו הנביא צומארגנס, ער פרעגט אים, נו, משיח איז נישט געקומען נעכטן. וואס האט ער אים געענטפערט?|hut ɛr ɡəzˈuɡt, hˈaːəm, haːnt. siz adˈirxɡəɡanɡən dɛr tuɡ, in ɛr trɛft əliˈuhi hanˈuvi ʦˈimarɡns, ɛr frɛɡt ejm, ni, mˈuʃiəx iz niʃt ɡəkˈimən nɛxtn. vus hut ɛr ejm ɡəˈɛntfərt ?
141_163718_0211|היום אם בקולו תשמעו. יא, היום אם בקולו תשמעו. וואס איז געווען די חכמה? וואס איז די חכמה פון אליהו הנביא? היינט, היינט?|hˈaːəm im bkˈili tiʃmˈɛi. ju, hˈaːəm im bkˈili tiʃmˈɛi. vus iz ɡəvˈejn də xˈuxmə ? vus iz də xˈuxmə fin əliˈuhi hanˈuvi ? haːnt, haːnt ?
141_163718_0212|היינט האט מען געהערט... אליהו הנביא קען גלייך זאגן, ווען קומט משיח? אם בקולו תשמעו. ווען?|haːnt hut mɛn ɡəhˈirt əliˈuhi hanˈuvi kɛn ɡlaːx zuɡn, vɛn kimt mˈuʃiəx ? im bkˈili tiʃmˈɛi. vɛn ?
141_163718_0213|קען זיין היום, קען זיין מארגן, איך ווייס נישט וועלכע טאג איז עס. וואס ליגט דא אין דעם ווארט?|kɛn zaːn hˈaːəm, kɛn zaːn mɔrɡn, ix vajs niʃt vˈɛlxə tuɡ iz ɛs. vus liɡt du in dejm vɔrt ?
141_163718_0214|וואס ליגט דא אין דעם זאגן פאר רבי יהושע בן לוי היום, היינט קומט ער, און בכלל תשמעו?|vus liɡt du in dejm zuɡn far rˈɛbə jəhˈɔjʃiə bɛn lɔj hˈaːəm, haːnt kimt ɛr, in bəxlˈaːl tiʃmˈɛi ?
141_163718_0215|איך האב געזען בעלי מוסר זענען מסביר אז רבי יהושע בן לוי, ער וויל דאך האבן א גאולה, ער וויל א גאולה, ער וויל משיח זאל קומען.|ix hub ɡəzˈejn baˈali misr zˈɛnən mazbˈir az rˈɛbə jəhˈɔjʃiə bɛn lɔj, ɛr vil dɔx hubn a ɡˈulə, ɛr vil a ɡˈulə, ɛr vil mˈuʃiəx zul kˈimən.
141_163718_0216|אליהו הנביא זאגט אים, הער אויס, משיח וועט קומען ווען ס'איז אם בקולו תשמעו, דעמאלטס וועט עס געשען. הלוואי זאל עס זיין היינט.|əliˈuhi hanˈuvi zuɡt ejm, hɛr oʊs, mˈuʃiəx vɛt kˈimən vɛn siz im bkˈili tiʃmˈɛi, dˈɛmalʦ vɛt ɛs ɡəʃˈɛn. hlvaː zul ɛs zaːn haːnt.
141_163718_0217|אבער זאלסטו וויסן אז מ'קען שוין לעבן א גאולה'דיגע לעבן ווען מ'געדענקט די ווארט היום.|ˈɔbər zˈalsti visn az mˈɛkən ʃɔjn lejbn a ɡˈilhdiɡə lejbn vɛn mɡədˈɛnkt də vɔrt hˈaːəm.
141_163718_0218|ווען א מענטש ווייסט אז היינט איז א טאג און היינט דארף מען טון זאכן, היינט דארף מען ערלעדיגן, קענסטו לעבן גאולה'דיג היינט.|vɛn a mɛnʧ vajst az haːnt iz a tuɡ in haːnt daf mɛn tin zaxn, haːnt daf mɛn ˈɛrlədiɡn, kˈɛnsti lejbn ɡˈilhdiɡ haːnt.
141_163718_0219|די גרעסטע, ס'איז א מורא'דיגע טיפע נקודה וואס אונז רעדן, די שווערסטע גלות איז די גלות וואס דער מענטש אליינס פאקט זיך אריין. לאמיר מסביר זיין, וואס מיינט פוילקייט? וואס איז פוילקייט?|də ɡrˈɛstə, siz a mˈiradiɡə tˈifə nəkˈidə vus inz rɛdn, də ʃvˈɛrstə ɡˈuləs iz də ɡˈuləs vus dɛr mɛnʧ alˈajns pakt zix arˈaːn. lˈɔmir mazbˈir zaːn, vus majnt fˈɔjlkaːt ? vus iz fˈɔjlkaːt ?
141_163718_0220|פוילקייט מיינט אז דער מענטש לאזט דעם חומר אים איבערנעמען. דער קאפ פארשטייט מ'דארף דאס מסדר זיין, דער קאפ זאגט מ'דארף גיין לערנען, דער קאפ זאגט מ'דארף טון די זאך.|fˈɔjlkaːt majnt az dɛr mɛnʧ lɔzt dejm xˈɔjmər ejm ˈibərnəmən. dɛr kɔp farʃtˈajt mdaf dus msˈadajr zaːn, dɛr kɔp zuɡt mdaf ɡajn lˈirnən, dɛr kɔp zuɡt mdaf tin də zax.
141_163718_0221|ס'איז אבער דא דער חומר, דער גוף זיינער וואס גיט אים א שלעפ אריין, קייטלט אים פון אלע זייטן און זאגט אים, דו קענסט נישט גיין אין ערגעץ. דאס איז א גלות.|siz ˈɔbər du dɛr xˈɔjmər, dɛr ɡif zˈajnər vus ɡit ejm a ʃlɛf arˈaːn, kajtlt ejm fin ˈalə zajtn in zuɡt ejm, di kɛnst niʃt ɡajn in ˈɛrɡəʦ. dus iz a ɡˈuləs.
141_163718_0222|רבותי, ס'איז דא נאך א סיבה פארוואס א מענטש גייט נישט טון זאכן? פחד, ער ציטערט צו טון. ער האט מורא צו טון די ערשטע מאוו. דאס איז א גלות, דאס איז א גלות. מ'קען עס היינט רופן מיט פענסי ווערטער,|rabˈɔjsaj, siz du nux a sˈibə farvˈus a mɛnʧ ɡajt niʃt tin zaxn ? pˈaxad, ɛr ʦˈitərt ʦi tin. ɛr hut mˈɔjrə ʦi tin də ˈɛrʃtə mɔv. dus iz a ɡˈuləs, dus iz a ɡˈuləs. mˈɛkən ɛs haːnt rifn mit fˈɛnsi vˈɛrtər,
141_163718_0224|ס'איז אמת, ס'איז א גוטע זאך. אבער די נקודה איז, דאס איז גלות, דאס איז גלות, גלות. פחד איז גלות, ס'איז א גלות. א מענטש לייגט זיך אן אין א פחד, איך האב מורא, איך קען עס נישט טון, איך קען עס נישט טון.|siz ˈɛməs, siz a ɡˈitə zax. ˈɔbər də nəkˈidə iz, dus iz ɡˈuləs, dus iz ɡˈuləs, ɡˈuləs. pˈaxad iz ɡˈuləs, siz a ɡˈuləs. a mɛnʧ lajɡt zix un in a pˈaxad, ix hub mˈɔjrə, ix kɛn ɛs niʃt tin, ix kɛn ɛs niʃt tin.
141_163718_0225|גיי מאך די פאון קאל, רוף יענעם, זאג אים, איך האב מורא צו מאכן די פאון קאל. וואס האסטו מורא? וואס האסטו מורא? איך האב מורא צו רעדן מיט א מענטש וואס איך קען אים נישט, און דו זאלסט יענעם מורא האבן,|ɡaj max də foʊn kal, rif jˈɛnəm, zuɡ ejm, ix hub mˈɔjrə ʦi maxn də foʊn kal. vus hˈusti mˈɔjrə ? vus hˈusti mˈɔjrə ? ix hub mˈɔjrə ʦi rɛdn mit a mɛnʧ vus ix kɛn ejm niʃt, in di zulst jˈɛnəm mˈɔjrə hubn,
141_163718_0226|יענער קען דיך אויך נישט. דו זאלסט יענעם מורא האבן, געב עס איבער פאר אים. ער וועט דיך מוטה זיין, זאג אים, רבי יהודה, דו האט מורא צו רעדן מיר, יא? האב איך אינזין. זאג איך, איך האב נישט קיין מורא. ס'איז מורא.|jˈɛnər kɛn dix ɔjx niʃt. di zulst jˈɛnəm mˈɔjrə hubn, ɡɛb ɛs ˈibər far ejm. ɛr vɛt dix mˈitə zaːn, zuɡ ejm, rˈɛbə jəhˈidə, di hut mˈɔjrə ʦi rɛdn mir, ju ? hub ix ˈinzin. zuɡ ix, ix hub niʃt kan mˈɔjrə. siz mˈɔjrə.
141_163718_0227|מורא איז א גלות, פאביה, פחד. מורא האבן צו געבן זיך א שטעל אויפן גיין טון די זאך איז א גלות.|mˈɔjrə iz a ɡˈuləs, fˈabi, pˈaxad. mˈɔjrə hubn ʦi ɡejbn zix a ʃtɛl afn ɡajn tin də zax iz a ɡˈuləs.
141_163718_0228|אידישע קינדער דארפן ארויסגיין פון מצרים, הייסט דער אייבערשטער אז מ'זאל עסן מצה. יא?|jˈidiʃə kˈindər daːfn arˈoʊzɡajn fin miʦrˈajim, hajst dɛr ˈajbərʃtər az mzul ɛsn mˈaʦə. ju ?
141_163718_0229|ס'איז א חלק פון די סיפור פון חירות פון יציאת מצרים גייט מיט'ן אוועקריקן די חמץ און ארויסנעמען די מצה.|siz a xˈajlək fin də sˈipər fin xˈajris fin jʦˈias miʦrˈajim ɡajt mitn avˈɛkrikn də xˈuməʦ in arˈoʊsnəmən də mˈaʦə.
141_163718_0230|איך ווייס נישט צו איך האב אמאל אריינגעטראכט, וואס מאכט חמץ זאל ווערן חמץ? ס'איז נישט דא קיין גרידיענט וואס הייסט חמץ. ס'איז נישט דא, אקעי, מ'לייגט א טייג, אקעי, ברענג ארויס די חמץ.|ix vajs niʃt ʦi ix hub amˈul arˈaːnɡətraxt, vus maxt xˈuməʦ zul virn xˈuməʦ ? siz niʃt du kan ɡrˈidiənt vus hajst xˈuməʦ. siz niʃt du, ˈɔkaj, mlajɡt a tajɡ, ˈɔkaj, brɛnɡ arˈoʊs də xˈuməʦ.
141_163718_0231|איך האב אריינגעגיסן חמץ, איך לייג נאך אביסל חמץ. אה, וואס מיינט חמץ? איך האב געזען א שמועס אין שפתי חיים פון ר' פרידלענדער, ער זאגט אזוי: חמץ איז בעצם מצה,|ix hub arˈaːnɡəɡisn xˈuməʦ, ix lajɡ nux abˈisl xˈuməʦ. a, vus majnt xˈuməʦ ? ix hub ɡəzˈejn a ʃmˈiəs in sfˈusaj xˈajim fin rajʃ frˈidləndər, ɛr zuɡt azˈɔj : xˈuməʦ iz bˈɛʦəm mˈaʦə,
141_163718_0232|נאר געלאזט הענגען. חמץ איז נישט עפעס וואס מ'דארף אריינלייגן, ס'וועט שוין אנקומען אליינס. דו דזשאסט לאז זאכן הענגען, און חמץ וועט אנקומען.|nɔr ɡəlˈɔzt hˈɛnɡən. xˈuməʦ iz niʃt ˈɛpəs vus mdaf arˈaːnlajɡn, svɛt ʃɔjn ˈunkimən alˈajns. di ʤast laz zaxn hˈɛnɡən, in xˈuməʦ vɛt ˈunkimən.
141_163718_0233|דו לאזט די זאך. יא, אונז ווייסן, ווען א מענטש... ווער האט געברענגט אזויפיל פליגן צו די אפענע פיטש? גארנישט, מ'האט נאר געלאזט די אפענע פיטש אינדרויסן. מ'דארף נישט ברענגען, זיי קומען,|di lɔzt də zax. ju, inz vajsn, vɛn a mɛnʧ vɛr hut ɡəbrˈɛnɡt ˈazɔjfil fliɡn ʦi də ˈafənə fiʧ ? ɡˈurniʃt, mhut nɔr ɡəlˈɔzt də ˈafənə fiʧ ˈindroʊsn. mdaf niʃt brˈejnɡən, zaj kˈimən,
141_163718_0234|דו לאז עס אינדרויסן, טו גארנישט מיט דעם, וועסטו זען זיי קומען, יא? קיינער האט נאכנישט געוואקן מיט אן אפענע פיטש אין די גאס און געוואקן, די פליגן זענען נאכגעלאפן פון די פיטש. ניין, דאס איז נישט. דו וועסט עס לאזן ליגן אזוי,|di laz ɛs ˈindroʊsn, ti ɡˈurniʃt mit dejm, vˈɛsti zejn zaj kˈimən, ju ? kˈajnər hut nˈuxniʃt ɡəvˈakn mit un ˈafənə fiʧ in də ɡaːs in ɡəvˈakn, də fliɡn zˈɛnən nˈaxɡəlafn fin də fiʧ. najn, dus iz niʃt. di vɛst ɛs luzn liɡn azˈɔj,
141_163718_0235|ס'איז אנגעקומען די דזשערמס, און די גאנצע יענצע חד גדיא'ס דארטן. ס'איז א חלק פון די חילוק פון מצה מיט חמץ איז איין זאך. מצה לאזט נישט מנוחה. געגאנגען, געגאנגען, טו,|siz ˈunɡəkimən də ʤɛrms, in də ɡˈanʦə jˈɛnʦə xad ɡdˈias dɔrtn. siz a xˈajlək fin də xˈilək fin mˈaʦə mit xˈuməʦ iz ajn zax. mˈaʦə lɔzt niʃt mnˈixə. ɡəɡˈanɡən, ɡəɡˈanɡən, ti,
141_163718_0236|געגאנגען, געענדיגט וועלגערן, לעכערן, נו, גיי גיי רעדלען, אקעי, אריין אין אויוון, טו וואס מ'דארף צו טון. חמץ איז די זעלבע זאך, ששש, האט צייט, האט צייט,|ɡəɡˈanɡən, ɡəˈɛndiɡt vˈɛlɡərn, lˈɛxərn, ni, ɡaj ɡaj rˈɛdlən, ˈɔkaj, arˈaːn in ɔjvn, ti vus mdaf ʦi tin. xˈuməʦ iz də zˈɛlbə zax, ʃˈɔjʃɔjʃ, hut ʦaːt, hut ʦaːt,
141_163718_0237|וועט יעדער איינער דארטן אנקומען.|vɛt jˈɛdər ˈajnər dɔrtn ˈunkimən.
141_163718_0239|מענטשן כאפן דאס נישט. א מענטש אסאך מאל פילט אז ער איז א בעל הבית איבער זיך, איך מוז עס נישט שוין יעצט ערלעדיגן, איך קען עס טון שפעטער. ער רעדט ווי א גאנצער בעל הבית. דאס איז א תפיסה יעצט,|mɛnʧn xapn dus niʃt. a mɛnʧ ˈasax mul filt az ɛr iz a baːl habˈajis ˈibər zix, ix miz ɛs niʃt ʃɔjn jɛʦt ˈɛrlədiɡn, ix kɛn ɛs tin ʃpˈejtər. ɛr rɛdt vi a ɡˈanʦər baːl habˈajis. dus iz a tfˈisə jɛʦt,
141_163718_0240|דאס איז א תפיסה. דאס זאגן איך מוז נישט יעצט ערלעדיגן איז א תפיסה. דו האסט זיך אריינגעפאקט אין א תפיסה פון חומר, פון העווינעס,|dus iz a tfˈisə. dus zuɡn ix miz niʃt jɛʦt ˈɛrlədiɡn iz a tfˈisə. di hust zix arˈaːnɡəfakt in a tfˈisə fin xˈɔjmər, fin hˈɛvinəs,
141_163718_0241|פון לאמיך ליגן אין דעם עפר. יא, ס'איז יסוד עפר. עצלות איז דאך יסוד עפר. עצלות, עצבות איז איין זאך. שלעפט אראפ, זיי דארטן.|fin lˈamix liɡn in dejm ɛfr. ju, siz jˈɛsud ɛfr. ˈaʦlis iz dɔx jˈɛsud ɛfr. ˈaʦlis, ˈaʦvis iz ajn zax. ʃlɛpt arˈup, zaj dɔrtn.
141_163718_0242|קריך ארויס פון דעם, טאנץ ארויס פון דעם. גאולה איז צו קענען ערלעדיגן און טון וואס מ'דארף צו טון און נישט נתפעל ווערן.|krix arˈoʊs fin dejm, tanʦ arˈoʊs fin dejm. ɡˈulə iz ʦi kˈɛnən ˈɛrlədiɡn in tin vus mdaf ʦi tin in niʃt nispˈuəl virn.
141_163718_0243|"צא הלחם בעמלק מחר". יא, א באקאנטע ווארט וואס רבי יוסף חיים זאנענפעלד האט געזאגט, מ'זאגט עס אויך נאך אויף צדיקים. רבי יוסף חיים האט געזאגט, "צא הלחם בעמלק מחר" - רבי יוסף חיים האט געזאגט,|ʦa halˈɛxəm bɛmlk mˈuxur ju, a bakˈantə vɔrt vus rˈɛbə jˈɔsəf xˈajim zˈanənfəld hut ɡəzˈuɡt, mzuɡt ɛs ɔjx nux oʊf ʦdˈikim. rˈɛbə jˈɔsəf xˈajim hut ɡəzˈuɡt, ʦa halˈɛxəm bɛmlk mˈuxur rˈɛbə jˈɔsəf xˈajim hut ɡəzˈuɡt,
141_163718_0244|מ'דארף האלטן א מלחמה מיט די עמלק פון מחר. ס'איז דא אן עמלק וואס הייסט מחר. ס'איז דא אן עמלק וואס זאגט, ס'איז דא קריאת סדר,|mdaf haltn a milxˈumə mit də amˈulək fin mˈuxur. siz du un amˈulək vus hajst mˈuxur. siz du un amˈulək vus zuɡt, siz du krˈias sˈajdər,
141_163718_0245|מוז נישט זיין היינט. מוז נישט זיין היינט.|miz niʃt zaːn haːnt. miz niʃt zaːn haːnt.
141_163718_0246|ס'איז א באקאנטע געדאנק, יא? מ'זאגט, איך ווייס נישט פון וועמען, איך האב געהערט אמאל א געדאנק, אז ס'איז דא צוויי טעג פון די לעבן וואס א מענטש דארף אלעמאל פארגעסן פון עס.|siz a bakˈantə ɡədˈank, ju ? mzuɡt, ix vajs niʃt fin vˈɛmən, ix hub ɡəhˈirt amˈul a ɡədˈank, az siz du ʦvaj tejɡ fin də lejbn vus a mɛnʧ daf ˈaləmal faːrɡˈɛsn fin ɛs.
141_163718_0247|ס'איז דא צוויי טעג אין די לעבן וואס א מענטש דארף פארגעסן פון די צוויי טעג. וועלכע טעג איז עס? אסאך מאל זאגן יום החופה מיט יום המיתה. ניין, נישט ממש. קודם כל, ס'איז איין טאג. בקיצור, ניין.|siz du ʦvaj tejɡ in də lejbn vus a mɛnʧ daf faːrɡˈɛsn fin də ʦvaj tejɡ. vˈɛlxə tejɡ iz ɛs ? ˈasax mul zuɡn jɔjm haxˈɔjfə mit jɔjm hamˈisə. najn, niʃt mˈamiʃ. kˈɔjdəm kɔl, siz ajn tuɡ. bˈɛkiʦər, najn.
141_163718_0248|וואס איז פשוט? מ'זאגט, פארוואס טוט מען אן פאר א טויטן א קיטל? יזכיר לו יום החופה, יא? ער גייט תשובה טון. אבער רבותי, ס'איז דא צוויי טעג אין די לעבן וואס א מענטש דארף אלעמאל פארגעסן פון דעם.|vus iz pˈuʃit ? mzuɡt, farvˈus tit mɛn un far a tɔjtn a kitl ? izxˈir li jɔjm haxˈɔjfə, ju ? ɛr ɡajt ʧˈivə tin. ˈɔbər rabˈɔjsaj, siz du ʦvaj tejɡ in də lejbn vus a mɛnʧ daf ˈaləmal faːrɡˈɛsn fin dejm.
141_163718_0249|וועלכע צוויי טעג איז עס? נעכטן מיט מארגן. ס'איז צוויי טעג, פארגעס פון עס.|vˈɛlxə ʦvaj tejɡ iz ɛs ? nɛxtn mit mɔrɡn. siz ʦvaj tejɡ, farɡˈɛs fin ɛs.
141_163718_0250|די גרעסטע מתנה וואס דער אייבערשטער געבט פאר א מענטש איז די היינט. און א מענטש שעכט אלעמאל די היינט אדער וועגן איינס פון צוויי סיבות:|də ɡrˈɛstə matˈunə vus dɛr ˈajbərʃtər ɡɛbt far a mɛnʧ iz də haːnt. in a mɛnʧ ʃɛxt ˈaləmal də haːnt ˈɔdər vejɡn ajns fin ʦvaj sˈibɔjs :
141_163718_0251|אדער ער איז צובראכן פון נעכטן, אדער ער ציטערט פון מארגן. יא? און פארדעם נעמט ער די היינט און שעכט עס. עמלק האט דאס געוואלט.|ˈɔdər ɛr iz ʦˈibraxn fin nɛxtn, ˈɔdər ɛr ʦˈitərt fin mɔrɡn. ju ? in fardˈejm nɛmt ɛr də haːnt in ʃɛxt ɛs. amˈulək hut dus ɡəvˈɔlt.
141_163718_0252|ווער איז געווען עמלק'ס אייניקל? המן. וואס איז די טייטש פון המן? היינט, מארגן, נעכטן. דאס איז המן.|vɛr iz ɡəvˈejn ɛmlks ˈajnikl ? hˈumun. vus iz də tajʧ fin hˈumun ? haːnt, mɔrɡn, nɛxtn. dus iz hˈumun.
141_163718_0253|נעם די היינט און געב עס אוועק אדער פאר די מארגן אדער פאר די נעכטן. לאז אפ, די היינט דארף מען גארנישט טון.|nɛm də haːnt in ɡɛb ɛs avˈɛk ˈɔdər far də mɔrɡn ˈɔdər far də nɛxtn. laz ɔp, də haːnt daf mɛn ɡˈurniʃt tin.
141_163718_0256|נעם די מתנה פון "הַיּוֹם", פאק אן דעם "הַיּוֹם", פיל אן דעם טאג, הער אויף לייגן אויף מארגן, הער אויף זיין צעבראכן פון נעכטן. פאק אן דעם "הַיּוֹם", האסטו א ברכה.|nɛm də matˈunə fin haj jid i mɛm pak un dejm haj jid i mɛm fil un dejm tuɡ, hɛr oʊf lajɡn oʊf mɔrɡn, hɛr oʊf zaːn ʦəbrˈaxn fin nɛxtn. pak un dejm haj jid i mɛm hˈusti a brˈuxə.
141_163718_0257|וועסטו זיך פלוצלינג טרעפן אביסל שפעטער אין לעבן אנגעפאקט, אנגעלייגט. יא, ווי דער איד פון לעיקוואוד האט מיר נישט געזאגט, מיין טאטע איז געווארן א פרייליכער מענטש. וואס איז? ער האט אנגעהויבן טון אלעס "נאו",|vˈɛsti zix plˈiʦlinɡ trɛfn abˈisl ʃpˈejtər in lejbn ˈanɡəfakt, ˈunɡəlajɡt. ju, vi dɛr jid fin lˈajkvid hut mir niʃt ɡəzˈuɡt, maːn tˈatə iz ɡəvˈɔrn a frˈajləxər mɛnʧ. vus iz ? ɛr hut ˈunɡəhɔjbn tin ˈaləs ni
141_163718_0258|אלעס איז יעצט. מ'טוט יעצט, מ'דארף טון יעצט. פלוצלינג האט ער באקומען צייט, האט זיינע שיעורים, האט צייט פאר די קינדער, האט צייט פאר די אייניקלעך.|ˈaləs iz jɛʦt. mtit jɛʦt, mdaf tin jɛʦt. plˈiʦlinɡ hut ɛr bakˈimən ʦaːt, hut zˈaːnə ʃˈiəirim, hut ʦaːt far də kˈindər, hut ʦaːt far də ˈajnikləx.
141_163718_0259|ס'איז אלעס איין זאך: פוש דיך ארויס פון בעט, טאנץ ארויס פון דעם קאוטש, גיי טו וואס דו דארפסט צו טון, גיי ארויס פון דארטן.|siz ˈaləs ajn zax : fiʃ dix arˈoʊs fin bɛt, tanʦ arˈoʊs fin dejm kiʧ, ɡaj ti vus di darfst ʦi tin, ɡaj arˈoʊs fin dɔrtn.
141_163718_0260|זייער געשמאק צו זיין קאמפארטעבל און זיין אין דעם קאמפארט זאון, וואס הייסט בימינו זיצן און דאס. די מציאות איז אז דו צאלסט שפעטער א טייערע פרייז פאר דעם.|zˈajər ɡəʃmˈak ʦi zaːn kˈamfartəbl in zaːn in dejm kˈamfart zin, vus hajst bˈimini ziʦn in dus. də mʦˈiɔjs iz az di ʦalst ʃpˈejtər a tˈaːjərə praːz far dejm.
141_163718_0263|די גרעסטע מתנה איז אז א מענטש קען עס מסדר זיין היינט. און דאס איז אן עבודה, ס'איז אן עבודה.|də ɡrˈɛstə matˈunə iz az a mɛnʧ kɛn ɛs msˈadajr zaːn haːnt. in dus iz un avˈɔjdə, siz un avˈɔjdə.
141_163718_0264|אונז לערנען מיר יעצט אין די זומער דא, מיט די בחורים לערנט מען לולב וערבה, פרק לולב וערבה. די גמרא פארציילט דארטן א מעשה,|inz lˈirnən mir jɛʦt in də zˈimər du, mit də buxˈirim lirnt mɛn lˈiləv ˈiərbə, pˈajrək lˈiləv ˈiərbə. də ɡəmˈurə farʦˈajlt dɔrtn a mˈaːsə,
141_163718_0265|און איך האב געזען ווי ר' ישראל סאלאנטער ברענגט די מעשה. ס'איז די מעשה אין די גמרא, אבער ר' ישראל סאלאנטער ברענגט עס אויף א מורא'דיגע זאך. די גמרא פארציילט דארטן אזוי,|in ix hub ɡəzˈejn vi rajʃ jisrˈuəl salˈantər brɛnɡt də mˈaːsə. siz də mˈaːsə in də ɡəmˈurə, ˈɔbər rajʃ jisrˈuəl salˈantər brɛnɡt ɛs oʊf a mˈiradiɡə zax. də ɡəmˈurə farʦˈajlt dɔrtn azˈɔj,
141_163718_0266|ס'איז געווען אן אמורא וואס האט געהייסן אייבו. אייבו איז געווען דער טאטע פון רב, רב'ס טאטע האט געהייסן אייבו. פארציילט אייבו אז ער איז אמאל געשטאנען, "הוה קאימנא קמיה דרבי אלעזר בר צדוק",|siz ɡəvˈejn un amˈɔjrə vus hut ɡəhˈajsn ˈajbi. ˈajbi iz ɡəvˈejn dɛr tˈatə fin ruv, ravs tˈatə hut ɡəhˈajsn ˈajbi. farʦˈajlt ˈajbi az ɛr iz amˈul ɡəʃtˈanən, hi kˈaːmna kmi drbi ˈaluzr bar ʦˈudək
141_163718_0268|אין דעם אינדרויסן אין צפת איז דא אזא באקאנטע בלויע קבר וואס שטייט נישט ווער ס'איז. דאס איז ההוא גברא. ס'איז יש אומרים ס'איז א היעוצה, די ההוא גברא ליגט אביסל ווייטער,|in dejm ˈindroʊsn in ʦfas iz du azˈa bakˈantə blˈɔjə kˈajvər vus ʃtajt niʃt vɛr siz. dus iz hhˈia ɡbra. siz iʃ ˈimrim siz a hˈiəiʦə, də hhˈia ɡbra liɡt abˈisl vˈaːtər,
141_163718_0269|אבער ס'איז דא בקיצור, איז דארטן, די עיקר איז דא דארטן לעכט מיט רויטע טישטעכער אויף די ביימער, מיט ניין נחת, די נחת איז מסודר. בקיצור, ההוא גברא איז פיין.|ˈɔbər siz du bˈɛkiʦər, iz dɔrtn, də ˈikər iz du dɔrtn lɛxt mit rˈɔjtə tˈiʃtəxər oʊf də bˈajmər, mit najn nˈaxəs, də nˈaxəs iz msidr. bˈɛkiʦər, hhˈia ɡbra iz faːn.
141_163718_0270|על כל פנים, איז דער ההוא גברא וואס איז געקומען צו ר' אלעזר בר צדוק איז געווען א גאנץ א מכובד'יגער אידל. ער זאגט אזוי:|al kɔl pˈunəm, iz dɛr hhˈia ɡbra vus iz ɡəkˈimən ʦi rajʃ ˈaluzr bar ʦˈudək iz ɡəvˈejn a ɡanʦ a mxˈibdiɡər idl. ɛr zuɡt azˈɔj :
141_163718_0271|איך האב אונטער מיר אסאך כפרים, אסאך דערפלעך, ער האט געאוינט אביסל פראפערטי, און איך האב מענטשן דארטן, ס'איז די יאר פון שמיטה,|ix hub ˈintər mir ˈasax xfrim, ˈasax dˈɛrfləx, ɛr hut ɡəˈɔjnt abˈisl frˈafərti, in ix hub mɛnʧn dɔrtn, siz də jur fin ʃmˈitə,
141_163718_0272|און איך האב דארטן אין וויניארדס, איך האב דארטן וויין גערטענער, און איך האב ארבעטער וואס ארבעטן די וויין גערטענער. יעצט,|in ix hub dɔrtn in vˈiniards, ix hub dɔrtn vaːn ɡərtˈɛnər, in ix hub ˈarbətər vus ˈarbətn də vaːn ɡərtˈɛnər. jɛʦt,
141_163718_0273|איך צאל זיי נישט געהעריג, נאר איך האב איילבירטן ביימער, איך האב זיתים ביימער. ווען זיי ענדיגן ארבעטן ביי די וויינגארטן,|ix ʦal zaj niʃt ɡəhˈɛriɡ, nɔr ix hub ˈajlbirtn bˈajmər, ix hub zˈajsim bˈajmər. vɛn zaj ˈɛndiɡn ˈarbətn baː də vˈajnɡartn,
141_163718_0275|ס'איז ריכטיג די וועג וואס איך טו אדער נישט? די שאלה איז וועגן שמיטה. דאס הייסט, די פראבלעם איז נישט אז מ'ארבעט שמיטה, דאס מעג מען, די גמרא זאגט שפעטער פארוואס מ'האט געמעגט ארבעטן.|siz rˈixtiɡ də vejɡ vus ix ti ˈɔdər niʃt ? də ʃˈaːlə iz vejɡn ʃmˈitə. dus hajst, də prɔblˈejm iz niʃt az mˈarbət ʃmˈitə, dus mejɡ mɛn, də ɡəmˈurə zuɡt ʃpˈejtər farvˈus mhut ɡəmˈɛɡt ˈarbətn.
141_163718_0276|די שאלה איז צו איך מעג זיי צאלן אויף אזא מין אופן. צו איך מעג צאלן אויף אזא אופן, דאס הייסט איך צאל זיי נישט מיט געלט,|də ʃˈaːlə iz ʦi ix mejɡ zaj ʦuln oʊf azˈa min ɔjfn. ʦi ix mejɡ ʦuln oʊf azˈa ɔjfn, dus hajst ix ʦal zaj niʃt mit ɡɛlt,
141_163718_0278|דאס הייסט דו צאלסט ארבעטער מיט שמיטה פירות. און דער מענטש איז ארויסגעגאנגען. בשעת ער איז ארויסגעגאנגען, האט זיך אנגערופן רבי אלעזר בר צדוק פאר אייווי,|dus hajst di ʦalst ˈarbətər mit ʃmˈitə pˈajrɔjs. in dɛr mɛnʧ iz arˈoʊzɡəɡanɡən. biʃˈas ɛr iz arˈoʊzɡəɡanɡən, hut zix ˈunɡərifn rˈɛbə ˈaluzr bar ʦˈudək far ˈajvi,
141_163718_0280|וואס ער גייט מיט ישרות'דיגע וועגן, איך האב נאכנישט געטראפן אזא ערליכע מענטש ווי אים. שוין, פארציילט די גמרא שפעטער אז ער איז צוריקגעקומען דער מענטש,|vus ɛr ɡajt mit ˈiʃrizdiɡə vejɡn, ix hub nˈuxniʃt ɡətrˈafn azˈa ˈɛrləxə mɛnʧ vi ejm. ʃɔjn, farʦˈajlt də ɡəmˈurə ʃpˈejtər az ɛr iz ʦirˈikɡəkimən dɛr mɛnʧ,
141_163718_0281|און ער פרעגט פון רבי אלעזר בצדוק, וואס טו איך יעצט? וואס טו איך מיט די ארבעטער? האט ער אים געזאגט, האסט נישט קיין אנדערע ברידה, דו מוזט מפקיר זיין אלעס. וואס? עס איז דערצאל מיט קעש,|in ɛr frɛɡt fin rˈɛbə ˈaluzr bʦdik, vus ti ix jɛʦt ? vus ti ix mit də ˈarbətər ? hut ɛr ejm ɡəzˈuɡt, hust niʃt kan ˈandərə brˈidə, di mizt mfkir zaːn ˈaləs. vus ? ɛs iz dˈɛrʦal mit kɛʃ,
141_163718_0282|געהעריג קעש. פרעגט רבי ישראל סאלאנטער, "איך פארשטיי נישט. רבי אלעזר בן צדוק זאגט, 'איך בין פערציג יאר רב, און דאס איז דער ערשטער מענטש וואס קומט פרעגן א שאלה צו מ'מעג צו מ'טאר נישט?'|ɡəhˈɛriɡ kɛʃ. frɛɡt rˈɛbə jisrˈuəl salˈantər, ix farʃtˈaj niʃt. rˈɛbə ˈaluzr bɛn ʦˈudək zuɡt, ix bin fˈɛrʦiɡ jur ruv, in dus iz dɛr ˈɛrʃtər mɛnʧ vus kimt frɛɡn a ʃˈaːlə ʦi mmejɡ ʦi mtur niʃt
141_163718_0283|וואס, אלע האבן זיך אויסגעפירט? יעדער האט געטון וואס ער האט געוואלט? יעדער איינער האט נישט געפרעגט דעם רב? וואס קען דאס זיין?"|vus, ˈalə hubn zix ˈoʊzɡəfirt ? jˈɛdər hut ɡətˈin vus ɛr hut ɡəvˈɔlt ? jˈɛdər ˈajnər hut niʃt ɡəfrˈɛɡt dejm ruv ? vus kɛn dus zaːn
141_163718_0284|האט ער געזאגט, רבי ישראל סאלאנטער, "דו ווייסט וואס זיי זענען נתפעל געווארן? ווי נאר ער האט געהערט עפעס א הלכה, האט ער אפגעפוצט פון שטח, ער איז שנעל געלאפן צו די ארבעטער.|hut ɛr ɡəzˈuɡt, rˈɛbə jisrˈuəl salˈantər, di vajst vus zaj zˈɛnən nispˈuəl ɡəvˈɔrn ? vi nɔr ɛr hut ɡəhˈirt ˈɛpəs a halˈuxə, hut ɛr ˈɔpɡəfiʦt fin ʃˈɛtəx, ɛr iz ʃnɛl ɡəlˈafn ʦi də ˈarbətər.
141_163718_0285|'סטאפטס! נישט דא, קיינער נעמט נישט אין דארטן!' שפעטער וועט ער צוריקקומען ווייטער ממשיך זיין די שמועס, פרעגן וואס מ'דארף טון ווייטער." מיט אזא ערליכקייט האט מען דאס אויסגעזען.|stafʦ ! niʃt du, kˈajnər nɛmt niʃt in dɔrtn ʃpˈejtər vɛt ɛr ʦirˈikimən vˈaːtər mmʃix zaːn də ʃmˈiəs, frɛɡn vus mdaf tin vˈaːtər mit azˈa ˈɛrlixkaːt hut mɛn dus ˈoʊzɡəzejn.
141_163718_0286|ווייל דער שטייגער פון א מענטש, ווען ער הערט א נייע הלכה, זאגט ער, "אקעי, אקעי, גוט צו וויסן פון היינט און ווייטער."|vaːl dɛr ʃtˈajɡər fin a mɛnʧ, vɛn ɛr hɛrt a nˈaːjə halˈuxə, zuɡt ɛr, ˈɔkaj, ˈɔkaj, ɡit ʦi visn fin haːnt in vˈaːtər
141_163718_0288|אין פיר און צוואנציג שעה ארום וועסטו אפילו נישט געדענקען אז דו ביסט געווען ביים רב. דו האסט דאס אויך פארגעסן. דו וועסט הערן אפאר נייעס, און אלעס וועט זיך ענדיגן. שוין, גיי מסדר זיין! איך האב געהערט, לויף, לויף שנעל, שנעל, נישטא קיין צייט. "וואס איז? וואס איז? וואס ברענט?" "באלד אהיימקומען, מ'וועט צוזאמרופן די ארבעטער." יא, יא, דו גייסט נישט צוזאמרופן קיין ארבעטער. דו גייסט אהיימקומען, דו גייסט פרעגן וואס איז נייעס, און די וואס איז נייעס איז נישט קיין תשובה פון איין מינוט. ס'איז דא זייער אסאך וואס געבן דיר אינפארמאציע, די נייעס. ס'נעמט לאנג צו הערן די תשובה אויף די שאלה וואס איז נייעס. דו גייסט קיינמאל נישט אנקומען. לויף און טו עס!|in fir in ʦvˈanʦiɡ ʃu arˈim vˈɛsti afˈilə niʃt ɡədˈɛnkən az di bist ɡəvˈejn bam ruv. di hust dus ɔjx faːrɡˈɛsn. di vɛst hirn apˈur nˈaːjəs, in ˈaləs vɛt zix ˈɛndiɡn. ʃɔjn, ɡaj msˈadajr zaːn ! ix hub ɡəhˈirt, lɔjf, lɔjf ʃnɛl, ʃnɛl, niʃtˈu kan ʦaːt. vus iz ? vus iz ? vus brɛnt bald ahˈajmkimən, mvɛt ʦˈizamrifn də ˈarbətər ju, ju, di ɡajst niʃt ʦˈizamrifn kan ˈarbətər. di ɡajst ahˈajmkimən, di ɡajst frɛɡn vus iz nˈaːjəs, in də vus iz nˈaːjəs iz niʃt kan ʧˈivə fin ajn minˈit. siz du zˈajər ˈasax vus ɡejbn dir ˈinfarmaʦiə, də nˈaːjəs. snɛmt laːnɡ ʦi hirn də ʧˈivə oʊf də ʃˈaːlə vus iz nˈaːjəs. di ɡajst kˈajnmul niʃt ˈunkimən. lɔjf in ti ɛs !
141_163718_0289|לויף און טו עס!|lɔjf in ti ɛs !
141_163718_0290|די אידן וואס הערן די ברכת המזון שיעור געדענקען מסתמא, נישט לאנג צוריק האט מען פארציילט אזא מעשה. ס'איז דא א גאנצע שאלה אין פוסקים צו מ'ענטפערט אמן נאך "אל יחסרנו". צו נאך "אל יחסרנו" ענטפערט מען אמן.|də jidn vus hirn də bˈirxɔjs hmzin ʃˈiər ɡədˈɛnkən mˈistamə, niʃt laːnɡ ʦirˈik hut mɛn farʦˈajlt azˈa mˈaːsə. siz du a ɡˈanʦə ʃˈaːlə in pˈuskim ʦi mˈɛntfərt ˈumajn nux al jxasrˈajni ʦi nux al jxasrˈajni ˈɛntfərt mɛn ˈumajn.
141_163718_0291|האט מען פארציילט דארטן א מעשה אז דער ווילנער גאון האט געהאט א תלמיד וואס האט געהייסן רבי לייב חסיד. יא, ס'פאסט מער אז זיין נאמען איז געווען א תלמיד פון איינעם פון די תלמידי בעל שם.|hut mɛn farʦˈajlt dɔrtn a mˈaːsə az dɛr vˈilnər ɡˈuən hut ɡəhˈat a tˈalmid vus hut ɡəhˈajsn rˈɛbə lajb xˈusid. ju, spɔst mɛr az zaːn nˈumən iz ɡəvˈejn a tˈalmid fin ˈajnəm fin də talmˈidaj baːl ʃɛm.
141_163718_0292|ניין, דער ווילנער גאון האט געהאט א תלמיד רבי לייב חסיד.|najn, dɛr vˈilnər ɡˈuən hut ɡəhˈat a tˈalmid rˈɛbə lajb xˈusid.
141_163718_0293|דער רבי לייב חסיד האט געוואוינט אין, איך געדענק יעצט נישט וועלכע שטאט ס'איז געווען, ער האט געוואוינט עפעס אין אן אנדערע שטאט, נישט אין ווילנא.|dɛr rˈɛbə lajb xˈusid hut ɡəvˈɔjnt in, ix ɡədˈɛnk jɛʦt niʃt vˈɛlxə ʃtut siz ɡəvˈejn, ɛr hut ɡəvˈɔjnt ˈɛpəs in un ˈandərə ʃtut, niʃt in vˈilna.
141_163718_0294|מ'האט אים אנגעטראגן א שידוך פאר זיין טאכטער אין ווילנא. אין ווילנא האט מען אים אנגעטראגן א שידוך.|mhut ejm ˈanɡətruɡn a ʃˈidəx far zaːn tˈaxtər in vˈilna. in vˈilna hut mɛn ejm ˈanɡətruɡn a ʃˈidəx.
141_163718_0295|איז ער געגאנגען קיין ווילנא דארטן האנדלען דעם שידוך, און האפענדיג אהיימצוקומען מיט די גוטע נייעס אז דער שידוך איז שוין געווארן, דאס הייסט אז דער חתן גייט שוין באלד קומען און מ'גייט שוין מסדר זיין.|iz ɛr ɡəɡˈanɡən kan vˈilna dɔrtn hˈandlən dejm ʃˈidəx, in hˈafəndiɡ ahˈajmʦikimən mit də ɡˈitə nˈaːjəs az dɛr ʃˈidəx iz ʃɔjn ɡəvˈɔrn, dus hajst az dɛr xusn ɡajt ʃɔjn bald kˈimən in mɡajt ʃɔjn msˈadajr zaːn.
141_163718_0296|ס'איז געווען א לאנגע נסיעה. פון די שטאט וואו ער איז געווען ביז ווילנא איז געווען א לאנגע נסיעה.|siz ɡəvˈejn a lˈanɡə nəsˈiə. fin də ʃtut vi ɛr iz ɡəvˈejn biz vˈilna iz ɡəvˈejn a lˈanɡə nəsˈiə.
141_163718_0297|ער איז אנגעקומען קיין ווילנא, האט ער געמאכט, "די ערשטע זאך, לאמיר אריינגיין צו מיין רבי'ן, צום ווילנער גאון, און נעמען א ברכה, און פון דארטן און ווייטער וועט מען זען וואס מ'טוט ווייטער."|ɛr iz ˈunɡəkimən kan vˈilna, hut ɛr ɡəmˈaxt, də ˈɛrʃtə zax, lˈɔmir arˈaːnɡajn ʦi maːn rbin, ʦim vˈilnər ɡˈuən, in nˈɛmən a brˈuxə, in fin dɔrtn in vˈaːtər vɛt mɛn zejn vus mtit vˈaːtər
141_163718_0298|ער קומט אריין, דער ווילנער גאון האט דעמאלטס אנגעהויבן בענטשן ברכת המזון.|ɛr kimt arˈaːn, dɛr vˈilnər ɡˈuən hut dˈɛmalʦ ˈunɡəhɔjbn bɛnʧn bˈirxɔjs hmzin.
141_163718_0299|האט ער זיך געזעצט אויף דער זייט, מיטהאלטן די בענטשן, און מ'וועט שוין זען באלד וואס מ'טוט ווייטער.|hut ɛr zix ɡəzˈɛʦt oʊf dɛr zaːt, mˈithaltn də bɛnʧn, in mvɛt ʃɔjn zejn bald vus mtit vˈaːtər.
141_163718_0300|דער ווילנער גאון איז אנגעקומען, דאס הייסט, דער ווילנער גאון האט מכבד געווען איינעם צו בענטשן על הכוס, און יענער האט געזאגט "אל יחסרנו", און דער ווילנער גאון האט געענטפערט "אמן".|dɛr vˈilnər ɡˈuən iz ˈunɡəkimən, dus hajst, dɛr vˈilnər ɡˈuən hut mxˈabajd ɡəvˈejn ˈajnəm ʦi bɛnʧn al hxis, in jˈɛnər hut ɡəzˈuɡt al jxasrˈajni in dɛr vˈilnər ɡˈuən hut ɡəˈɛntfərt ˈumajn
141_163718_0301|רבי לייב חסיד האט קיינמאל נישט געוואוסט ביז יענעם טאג פון אזא מין מציאות אז מ'ענטפערט אמן אויף "אל יחסרנו".|rˈɛbə lajb xˈusid hut kˈajnmul niʃt ɡəvˈist biz jˈɛnəm tuɡ fin azˈa min mʦˈiɔjs az mˈɛntfərt ˈumajn oʊf al jxasrˈajni
141_163718_0302|ער האט יעצט די ערשטע מאל אויסגעפירט אז זיין רבי פירט זיך אזוי, און אזוי דארף מען אננעמען להלכה.|ɛr hut jɛʦt də ˈɛrʃtə mul ˈoʊzɡəfirt az zaːn rˈɛbə firt zix azˈɔj, in azˈɔj daf mɛn ˈunnəmən lahalˈuxə.
141_163718_0303|רבי לייב חסיד איז ארויסגעלאפן פון שטוב, איך וויל נישט זאגן לויט גארנישט, ער האט געזאגט פאר זיין בעל עגלה, "אונז פארן מיר יעצט צוריק אהיים." ער איז צוריקגעפארן א נסיעה פון עפעס א טאג צייט.|rˈɛbə lajb xˈusid iz arˈoʊzɡəlafn fin ʃtib, ix vil niʃt zuɡn loʊt ɡˈurniʃt, ɛr hut ɡəzˈuɡt far zaːn baːl aɡˈulə, inz farn mir jɛʦt ʦirˈik ahˈajm ɛr iz ʦirˈikɡəfarn a nəsˈiə fin ˈɛpəs a tuɡ ʦaːt.
141_163718_0304|ער קומט אהיים, און אלע די משפחה, "נו, די גוטע נייעס?" זאגט ער, "א סעודה, שוין יעצט מאכן א סעודה." "וואס איז מיט דעם?"|ɛr kimt ahˈajm, in ˈalə də miʃpˈuxə, ni, də ɡˈitə nˈaːjəs zuɡt ɛr, a sˈidə, ʃɔjn jɛʦt maxn a sˈidə vus iz mit dejm
141_163718_0305|"א סעודה! ברענגטס ברויט, ברענגטס אביסל הערינג, און מ'גייט מאכן א סעודה." מ'האט נישט געוואוסט וואס דאס איז.|a sˈidə ! brɛnɡʦ brɔjt, brɛnɡʦ abˈisl hˈɛrinɡ, in mɡajt maxn a sˈidə mhut niʃt ɡəvˈist vus dus iz.
141_163718_0306|מ'זעצט זיך אוועק, מ'הייבט אן עסן, און מ'פרעגט, "נו, איך פארשטיי אז די סעודה איז פאר די גוטע נייעס?" זאגט ער, "ניין, ניין, איך האב נאך גארנישט געטון.|mzɛʦt zix avˈɛk, mhajbt un ɛsn, in mfrɛɡt, ni, ix farʃtˈaj az də sˈidə iz far də ɡˈitə nˈaːjəs zuɡt ɛr, najn, najn, ix hub nux ɡˈurniʃt ɡətˈin.
141_163718_0307|איך בין געווען ביי מיין רבי'ן, און איך האב געהערט ווי ער ענטפערט אמן אויף 'אל יחסרנו'. איך האב יעצט אויסגעפירט א פרישע הלכה.|ix bin ɡəvˈejn baː maːn rbin, in ix hub ɡəhˈirt vi ɛr ˈɛntfərt ˈumajn oʊf al jxasrˈajni ix hub jɛʦt ˈoʊzɡəfirt a frˈiʃə halˈuxə.
141_163718_0308|איך וויל נישט אז ביי מיר אינדערהיים זאל זיין נאך איינמאל וואס מ'בענטשט ברכת המזון און ס'איז נישט געווארן געזאגט קיין אמן. ס'איז א שאד אויף יעדער אמן וואס קען געזאגט ווערן און מ'האט עס נישט געזאגט.|ix vil niʃt az baː mir ˈindərhajm zul zaːn nux ˈajnmul vus mbɛnʧt bˈirxɔjs hmzin in siz niʃt ɡəvˈɔrn ɡəzˈuɡt kan ˈumajn. siz a ʃad oʊf jˈɛdər ˈumajn vus kɛn ɡəzˈuɡt virn in mhut ɛs niʃt ɡəzˈuɡt.
141_163718_0309|דער שידוך וועט ווארטן, דער שידוך וועט גארנישט געשען. אויב דער שידוך דארף געשען, וועט עס געשען באלד. מ'וועט צוריקפארן מארגן נאכאמאל, מ'וועט מאכן א שידוך.|dɛr ʃˈidəx vɛt vartn, dɛr ʃˈidəx vɛt ɡˈurniʃt ɡəʃˈɛn. ɔjb dɛr ʃˈidəx daf ɡəʃˈɛn, vɛt ɛs ɡəʃˈɛn bald. mvɛt ʦirˈikfarn mɔrɡn nˈuxamul, mvɛt maxn a ʃˈidəx.
141_163718_0310|קודם כל, קום איך אהיים, שוין מאכן א סעודה, אונז גייען מיר בענטשן במזומן, איך וועל זאגן 'אל יחסרנו', און ס'וועט זיין אמן. מ'וועט געדענקען פון היינט און ווייטער אז דא זאגט מען אמן נאך 'אל יחסרנו'."|kˈɔjdəm kɔl, kim ix ahˈajm, ʃɔjn maxn a sˈidə, inz ɡˈajən mir bɛnʧn bˈimzimən, ix vɛl zuɡn al jxasrˈajni in svɛt zaːn ˈumajn. mvɛt ɡədˈɛnkən fin haːnt in vˈaːtər az du zuɡt mɛn ˈumajn nux al jxasrˈajni
141_163718_0311|און דאס איז געווען וויכטיגער ווי אלעס יעצט. דער מושג פון "אל תחמיצנה", געב עס נישט אוועק, האסט יעצט געהערט, גיי טו עפעס וועגן דעם.|in dus iz ɡəvˈejn vˈixtiɡər vi ˈaləs jɛʦt. dɛr miʒɡ fin al taxamiʦˈajnə ɡɛb ɛs niʃt avˈɛk, hust jɛʦt ɡəhˈirt, ɡaj ti ˈɛpəs vejɡn dejm.
141_163718_0312|ס'איז געווען אין ישיבת פורת יוסף, די באקאנטע ספרד'ישע ישיבה אין ירושלים, איז געווען דער ספרד'ישער ראש ישיבה, ער האט געהייסן ר' בן ציון אבא שאול. אבא שאול?|siz ɡəvˈejn in jʃˈivas pˈɔjrus jˈɔsəf, də bakˈantə sfrdˈiʃə jəʃˈivə in jəruʃulˈajim, iz ɡəvˈejn dɛr sfrdˈiʃər rɔjʃ jəʃˈivə, ɛr hut ɡəhˈajsn rajʃ bɛn ʦjin ˈabə ʃˈuəl. ˈabə ʃˈuəl ?
141_163718_0313|אבא שאול, יא, ספרד'ישער רב. בקיצור, א באקאנטער ראש ישיבה איז געווען.|ˈabə ʃˈuəl, ju, sfrdˈiʃər ruv. bˈɛkiʦər, a bakˈantər rɔjʃ jəʃˈivə iz ɡəvˈejn.
141_163718_0314|האט ער אמאל געזאגט אויף א געוויסע בחור אין ישיבה, ער איז געווען א חשוב'ער בחור, ממש אין די בחירי הישיבת פורת יוסף, האט ער אמאל פארציילט פאר איינעם, "דו ווייסט אויף וואס יענער בחור איז דא אין די ישיבה?|hut ɛr amˈul ɡəzˈuɡt oʊf a ɡəvˈisə bˈuxər in jəʃˈivə, ɛr iz ɡəvˈejn a xˈuʃivər bˈuxər, mˈamiʃ in də bxˈiri hˈiʃibs pˈɔjrus jˈɔsəf, hut ɛr amˈul farʦˈajlt far ˈajnəm, di vajst oʊf vus jˈɛnər bˈuxər iz du in də jəʃˈivə ?
141_163718_0315|וועגן איין שאלה וואס ער האט מיר געפרעגט איז ער דא אין די ישיבה. ער איז געווען כמעט נישט צו זיין אין די ישיבה." זאגט ער, "וואס איז געווען?"|vejɡn ajn ʃˈaːlə vus ɛr hut mir ɡəfrˈɛɡt iz ɛr du in də jəʃˈivə. ɛr iz ɡəvˈejn kəmˈat niʃt ʦi zaːn in də jəʃˈivə zuɡt ɛr, vus iz ɡəvˈejn
141_163718_0316|מ'האט יענע יארן, ס'איז געווען א נארמאלע זאך אז א בחור אליין שרייבט זיך אריין אין א ישיבה, נישט מיט די טאטע. מ'קומט אריין אין די ישיבה, מ'פרעגט צו איך קען קומען אין די ישיבה, צו איך קען קומען דא לערנען.|mhut jˈɛnə jurn, siz ɡəvˈejn a nˈarmalə zax az a bˈuxər alˈajn ʃraːbt zix arˈaːn in a jəʃˈivə, niʃt mit də tˈatə. mkimt arˈaːn in də jəʃˈivə, mfrɛɡt ʦi ix kɛn kˈimən in də jəʃˈivə, ʦi ix kɛn kˈimən du lˈirnən.
141_163718_0317|זאגט ער, "דער בחור איז געקומען, ער האט זיך אוועקגעזעצט, איך האב עס געהערט מיט אים לערנען, און גאנץ פיין, קען זיין אז יא. אינמיטן פרעג איך ווי אלט ביסטו?|zuɡt ɛr, dɛr bˈuxər iz ɡəkˈimən, ɛr hut zix avˈɛkɡəzəʦt, ix hub ɛs ɡəhˈirt mit ejm lˈirnən, in ɡanʦ faːn, kɛn zaːn az ju. ˈinmitn frɛɡ ix vi alt bˈisti ?
141_163718_0318|ער האט געזאגט ווי אלט ער איז, און איך האב געמאכט א חשבון אז צו א ישיבה גדולה, ער איז צו יונג פאר דעם, ער האט נישט וואס צו זיין דא."|ɛr hut ɡəzˈuɡt vi alt ɛr iz, in ix hub ɡəmˈaxt a xˈɛʃbɔjn az ʦi a jəʃˈivə ɡədˈilə, ɛr iz ʦi jinɡ far dejm, ɛr hut niʃt vus ʦi zaːn du
141_163718_0319|האב איך געזאגט, "בחור'ל, דו ביסט צו יונג, ס'איז נישט פאר דיר." זאגט ער, "ראש ישיבה, איך קען נישט... אפשר דאך?" זאג איך, "ניין, ניין, דו ביסט צו יונג, מיר קענען נישט ארייננעמען אזעלכע בחורים."|hub ix ɡəzˈuɡt, bˈuxirl, di bist ʦi jinɡ, siz niʃt far dir zuɡt ɛr, rɔjʃ jəʃˈivə, ix kɛn niʃt ˈɛfʃir dɔx zuɡ ix, najn, najn, di bist ʦi jinɡ, mir kˈɛnən niʃt arˈaːnnəmən azˈɛlxə buxˈirim
141_163718_0320|שוין, ער האט געזען אז ס'גייט נישט, איז נישט, ער איז צוריקגעגאנגען.|ʃɔjn, ɛr hut ɡəzˈejn az sɡajt niʃt, iz niʃt, ɛr iz ʦirˈikɡəɡanɡən.
141_163718_0321|למעשה, ער איז שוין געווען אויפ'ן וועג ארויס, ער קלאפט צוריק נאכאמאל צו ער קען פרעגן עפעס. "וואס איז?" זאג איך. זאגט ער, "איך וויל פרעגן דעם ראש ישיבה, איך קען כאטש היינט זיצן אין די ישיבה דא? היינט, נאר היינט.|ləmˈaːsə, ɛr iz ʃɔjn ɡəvˈejn afn vejɡ arˈoʊs, ɛr klapt ʦirˈik nˈuxamul ʦi ɛr kɛn frɛɡn ˈɛpəs. vus iz zuɡ ix. zuɡt ɛr, ix vil frɛɡn dejm rɔjʃ jəʃˈivə, ix kɛn xɔʧ haːnt ziʦn in də jəʃˈivə du ? haːnt, nɔr haːnt.
141_163718_0322|איך זוך א תנאי ישיבה, אויף היינט גיי איך נישט קרעכצן אין די ישיבה, מיט מארגן גיי איך זוכן ווייטער. איך קען כאטש היינט זיצן דא און לערנען אין די ישיבה?"|ix zix a tənˈaj jəʃˈivə, oʊf haːnt ɡaj ix niʃt krɛxʦn in də jəʃˈivə, mit mɔrɡn ɡaj ix zixn vˈaːtər. ix kɛn xɔʧ haːnt ziʦn du in lˈirnən in də jəʃˈivə
141_163718_0323|איך בין אזוי נתפעל געווארן. א בחור וואס האט מחליט געווען... נארמאל גייט עס, "אקעי, שוין, געענדיגט, ס'איז אווער, ס'איז נישטא מער."|ix bin azˈɔj nispˈuəl ɡəvˈɔrn. a bˈuxər vus hut mˈaxlit ɡəvˈejn nˈarmal ɡajt ɛs, ˈɔkaj, ʃɔjn, ɡəˈɛndiɡt, siz ˈavər, siz niʃtˈu mɛr
141_163718_0324|א בחור וואס האט די השגה צו זאגן, "שוין, נישט איז נישט, אבער היינט קען מען דא לערנען, לאמיך היינט אריינכאפן. היינט איז א טאג, היינט קען מען עפעס טון."|a bˈuxər vus hut də hasˈuɡə ʦi zuɡn, ʃɔjn, niʃt iz niʃt, ˈɔbər haːnt kɛn mɛn du lˈirnən, lˈamix haːnt arˈaːnxafn. haːnt iz a tuɡ, haːnt kɛn mɛn ˈɛpəs tin
141_163718_0325|האב איך געזאגט, "דו ביסט אנגענומען אין די ישיבה, און ברוך השם, מיר זאלן מיר נחת האבן, דו זאלסט זיין פון די בעסטע בחורים דא."|hub ix ɡəzˈuɡt, di bist ˈunɡənimən in də jəʃˈivə, in bˈurəx haʃˈɛm, mir zɔln mir nˈaxəs hubn, di zulst zaːn fin də bˈɛstə buxˈirim du
141_163718_0326|צו קענען נישט אוועקווארפן א היינט וועגן א מארגן. אונז זענען אזוי גוט אין דעם פון געבן א שעכט אפ א טאג.|ʦi kˈɛnən niʃt avˈɛkvarfn a haːnt vejɡn a mɔrɡn. inz zˈɛnən azˈɔj ɡit in dejm fin ɡejbn a ʃɛxt ɔp a tuɡ.
141_163718_0327|"אקעי, היינט איז נישט דער טאג, לאז עס אויף מארגן, נעקסטע וואך, נעקסטע וואך, נעקסטע וואך. שוין, היינט קען מען נישט לערנען, אזוי ווי דער סדר האט זיך אנגעהויבן, יא? אקעי, ס'איז דערנאך, שוין.|ˈɔkaj, haːnt iz niʃt dɛr tuɡ, laz ɛs oʊf mɔrɡn, nˈɛkstə vɔx, nˈɛkstə vɔx, nˈɛkstə vɔx. ʃɔjn, haːnt kɛn mɛn niʃt lˈirnən, azˈɔj vi dɛr sˈajdər hut zix ˈunɡəhɔjbn, ju ? ˈɔkaj, siz dərnˈux, ʃɔjn.
141_163718_0328|סדר ב', יא. סדר ב' זאגט מען, האסט געזען וויאזוי דער טאג האט זיך אנגעהויבן מיט די סדר א'? סאו דער טאג איז א גע'שחט'ענער. און צומארגנס, האסט געזען וויאזוי די וואך האט זיך אנגעהויבן, לאז אפ די וואך."|sˈajdər ba ju. sˈajdər ba zuɡt mɛn, hust ɡəzˈejn vizˈɔj dɛr tuɡ hut zix ˈunɡəhɔjbn mit də sˈajdər a sɔ dɛr tuɡ iz a ɡəʃxtˈɛnər. in ʦˈimarɡns, hust ɡəzˈejn vizˈɔj də vɔx hut zix ˈunɡəhɔjbn, laz ɔp də vɔx
141_163718_0329|בקיצור, ווי זאגט מען? דער בחור זאגט דארטן אין ראש חודש חשון, "ראשי חדשים לעמך נתת זמן כפרה לכל תולדותם." דאס איז דער זמן נישט נאר כפרה. פארוואס?|bˈɛkiʦər, vi zuɡt mɛn ? dɛr bˈuxər zuɡt dɔrtn in rɔjʃ xˈɔjdəʃ xˈɛʃvun, rˈuʃi xadˈuʃim lɛmx nusˈatu zman kapˈurə lˈɛkul sˈildism dus iz dɛr zman niʃt nɔr kapˈurə. farvˈus ?
141_163718_0330|איין זאך האט נאר געדארפט זיין אויגן אינדערפרי, די קאווע איז נישט געווען, די מילך איז געווען פארזויערט, "זמן כפרה לכל תולדותם," ס'איז דערנאך.|ajn zax hut nɔr ɡədˈarft zaːn ɔjɡn ˈindərfri, də kˈavə iz niʃt ɡəvˈejn, də milx iz ɡəvˈejn farzˈɔjərt, zman kapˈurə lˈɛkul sˈildism siz dərnˈux.
141_163718_0331|צו קענען האלטן דעם קאפ און וויסן אז ס'איז יעצט, ס'איז נישטא קיין גרעסערע מתנה ווי די יעצט.|ʦi kˈɛnən haltn dejm kɔp in visn az siz jɛʦt, siz niʃtˈu kan ɡrˈɛsərə matˈunə vi də jɛʦt.
141_163718_0332|וויאזוי קומט מען אן צו דעם, רבותי? איז דא אפאר זאכן. ס'איז נישטא קיין צייט צופיל מאריך צו זיין, דער שיעור ווערט שוין געגעבן גאר שפעט, אבער לאמיר אנהייבן קודם כל מיט דעם נקודה.|vizˈɔj kimt mɛn un ʦi dejm, rabˈɔjsaj ? iz du apˈur zaxn. siz niʃtˈu kan ʦaːt ʦˈifil mˈaːrəx ʦi zaːn, dɛr ʃˈiər virt ʃɔjn ɡəɡˈɛbn ɡur ʃpɛt, ˈɔbər lˈɔmir ˈunhajbn kˈɔjdəm kɔl mit dejm nəkˈidə.
141_163718_0333|דער הייליגער רבי ר' העניך פון אלכסנדר האט געזאגט, "ואתם הדבקים בה' אלקיכם חיים כלכם היום," האט דער הייליגער רבי ר' העניך פון אלכסנדר געזאגט אזוי:|dɛr hˈajliɡər rˈɛbə rajʃ hˈɛnix fin alˈɛksandər hut ɡəzˈuɡt, vˈatəm hdbkim bu ˈalkixm xˈajim xlxm hˈaːəm hut dɛr hˈajliɡər rˈɛbə rajʃ hˈɛnix fin alˈɛksandər ɡəzˈuɡt azˈɔj :
141_163718_0335|אונז האבן א גאנצע צייט די הרגשה פון צייט, אונז האבן צייט, מ'האט צייט, מ'האט צייט. און דאס איז די גניבה.|inz hubn a ɡˈanʦə ʦaːt də hˈarɡʃə fin ʦaːt, inz hubn ʦaːt, mhut ʦaːt, mhut ʦaːt. in dus iz də ɡnˈibə.
141_163718_0336|די גניבה איז אז ס'איז געווען עפעס איינער פון די ראשי ישיבות פון די פריערדיגע דור אין ירושלים, איך רעד וועגן א מעשה פון זיבעציג, אכציג יאר צוריק,|də ɡnˈibə iz az siz ɡəvˈejn ˈɛpəs ˈajnər fin də rˈuʃi jʃˈivɔjs fin də frˈiərdiɡə dur in jəruʃulˈajim, ix rɛd vejɡn a mˈaːsə fin zˈibəʦiɡ, ˈaxʦiɡ jur ʦirˈik,
141_163718_0337|האט ער אמאל געזאגט פאר בר מצוה בחורים, ער האט זיי פארציילט, ס'איז געווען דאך צומאל אין די צייט פון, איך בין נישט אזוי גוט מיט די דאטומס,|hut ɛr amˈul ɡəzˈuɡt far bar mˈiʦvə buxˈirim, ɛr hut zaj farʦˈajlt, siz ɡəvˈejn dɔx ʦˈimul in də ʦaːt fin, ix bin niʃt azˈɔj ɡit mit də dˈatims,
141_163718_0338|אבער ס'איז געווען אין די תקופה וואס די בריטישע האבן נאך שולט געווען דארטן, די בריטישע האבן מושל געווען אין ארץ ישראל.|ˈɔbər siz ɡəvˈejn in də tkˈifə vus də brˈitiʃə hubn nux ʃilt ɡəvˈejn dɔrtn, də brˈitiʃə hubn mɔjʃl ɡəvˈejn in ˈɛrəʦ jisrˈuəl.
141_163718_0339|איז געווען איינמאל וואס זיי האבן געהאנגען צוויי אידן. ס'איז געווען א מעשה, צוויי אידן האבן זיי געכאפט מיט א זאך, מ'האט געהאנגען צוויי אידן, די בריטישע האבן געהאנגען צוויי אידן.|iz ɡəvˈejn ˈajnmul vus zaj hubn ɡəhˈanɡən ʦvaj jidn. siz ɡəvˈejn a mˈaːsə, ʦvaj jidn hubn zaj ɡəxˈapt mit a zax, mhut ɡəhˈanɡən ʦvaj jidn, də brˈitiʃə hubn ɡəhˈanɡən ʦvaj jidn.
141_163718_0340|און דער ראש ישיבה האט גערעדט צו די בחורים, האט ער זיי פארציילט אז אפאר שעה פאר מ'האט געהאנגען די צוויי אידן האט מען זיי געפרעגט, וואס ווילן זיי נאך אריינכאפן ווי לאנג זיי לעבן?|in dɛr rɔjʃ jəʃˈivə hut ɡərˈɛt ʦi də buxˈirim, hut ɛr zaj farʦˈajlt az apˈur ʃu far mhut ɡəhˈanɡən də ʦvaj jidn hut mɛn zaj ɡəfrˈɛɡt, vus viln zaj nux arˈaːnxafn vi laːnɡ zaj lejbn ?
141_163718_0341|האבן זיי ביידע געענטפערט די זעלבע זאך, לייגן תפילין. ס'איז נאך שטארקע תפילין היינט. לייגן תפילין. פיין, מ'האט זיי ביידע געגעבן די תפילין, און מ'האט געלייגט תפילין.|hubn zaj bˈajdə ɡəˈɛntfərt də zˈɛlbə zax, lajɡn tfiln. siz nux ʃtˈarkə tfiln haːnt. lajɡn tfiln. faːn, mhut zaj bˈajdə ɡəɡˈɛbn də tfiln, in mhut ɡəlˈajɡt tfiln.
141_163718_0342|און דער ראש ישיבה זיצט מיט די בחורים און ער זאגט, אונז גייען מיר זיך יעצט מצייר זיין וויאזוי יענע הנחת תפילין האט אויסגעזען. צוויי אידן לייגן יעצט תפילין,|in dɛr rɔjʃ jəʃˈivə ziʦt mit də buxˈirim in ɛr zuɡt, inz ɡˈajən mir zix jɛʦt mʦajr zaːn vizˈɔj jˈɛnə hnxs tfiln hut ˈoʊzɡəzejn. ʦvaj jidn lajɡn jɛʦt tfiln,
141_163718_0343|זיי ווייסן אז אפאר שעה ארום זענען זיי געהאנגענע, זיי גייען שוין נישט זיין אויף דער וועלט. די נעקסטע מאל וואס מ'מעג לייגן תפילין גייען זיי שוין זיין אין א וועלט וואו מ'זעט שוין די שכר וואס מ'לייגט תפילין.|zaj vajsn az apˈur ʃu arˈim zˈɛnən zaj ɡəhˈanɡənə, zaj ɡˈajən ʃɔjn niʃt zaːn oʊf dɛr vɛlt. də nˈɛkstə mul vus mmejɡ lajɡn tfiln ɡˈajən zaj ʃɔjn zaːn in a vɛlt vi mzejt ʃɔjn də sxar vus mlajɡt tfiln.
141_163718_0344|ס'איז אן אנדערע וועלט אינגאנצן, ס'איז שוין אין א וועלט פון גמול. וויאזוי האבן זיי געלייגט תפילין יענעם טאג? וויאזוי האט אויסגעזען? א מענטש לייגט תפילין, ער דרייט די רצועות אויף די האנט,|siz un ˈandərə vɛlt inɡˈanʦn, siz ʃɔjn in a vɛlt fin ɡmil. vizˈɔj hubn zaj ɡəlˈajɡt tfiln jˈɛnəm tuɡ ? vizˈɔj hut ˈoʊzɡəzejn ? a mɛnʧ lajɡt tfiln, ɛr drajt də rʦiˈɛɔjs oʊf də hant,
141_163718_0345|ווייסטו דאס די לעצטע מאל, ס'גייט שוין נישט זיין נאכאמאל. אפאר שעה ארום גייט דא זיין אנדערע רצועות, ס'גייט דא זיין עבעך א רצועה ארום די האלז וואס האט אים געהאנגען.|vˈajsti dus də lˈɛʦtə mul, sɡajt ʃɔjn niʃt zaːn nˈuxamul. apˈur ʃu arˈim ɡajt du zaːn ˈandərə rʦiˈɛɔjs, sɡajt du zaːn ˈɛbəx a rəʦˈiə arˈim də halz vus hut ejm ɡəhˈanɡən.
141_163718_0347|נאכדעם וואס זיי האבן אריינגעלייגט די בחורים אין אזא מין ערנסטע סאו-קאלד דמיון, האט ער זיי געפרעגט, עטס האטס אויך געלייגט היינט תפילין אזוי? זאגן זיי, ניין. האט ער געפרעגט,|nuxdˈejm vus zaj hubn arˈaːnɡəlajɡt də buxˈirim in azˈa min ˈɛrnstə sɔ kald dˈimiən, hut ɛr zaj ɡəfrˈɛɡt, ɛʦ haʦ ɔjx ɡəlˈajɡt haːnt tfiln azˈɔj ? zuɡn zaj, najn. hut ɛr ɡəfrˈɛɡt,
141_163718_0348|וואס איז דער אייבערשטער שולדיג אז ער געבט ענק נאך יארן צו לעבן? וואס קומט אים דער עונש אז מ'זאל נישט אזוי לייגן תפילין פאר אים? אה, ווייל ער איז געווען גוט צו ענק, און ער זאגט,|vus iz dɛr ˈajbərʃtər ʃˈildiɡ az ɛr ɡɛbt ɛnk nux jurn ʦi lejbn ? vus kimt ejm dɛr ˈɔjnəʃ az mzul niʃt azˈɔj lajɡn tfiln far ejm ? a, vaːl ɛr iz ɡəvˈejn ɡit ʦi ɛnk, in ɛr zuɡt,
141_163718_0350|אז דער מענטש וויל זיין דבוק בה' אלקיכם, זאל ער זיך א גאנצע צייט אריינלייגן אין קאפ די נקודה אז די לעבן איז נאר "חַיִּים כֻּלְּכֶם", דיין גאנצע חיים איז נאר א יום.|az dɛr mɛnʧ vil zaːn dbik bu ˈalkixm, zul ɛr zix a ɡˈanʦə ʦaːt arˈaːnlajɡn in kɔp də nəkˈidə az də lejbn iz nɔr x jid jam kɔj lˈaməd kɔj mɛm daːn ɡˈanʦə xˈajim iz nɔr a jɔjm.
141_163718_0351|רבותי, ס'איז דא א לשון פון הייליגן ישמח ישראל פון אלכסנדר, ער זאגט עס איבער דאכט זיך מיר פיר פינף מאל אין דעם ספר.|rabˈɔjsaj, siz du a luʃn fin hˈajliɡn jsmax jisrˈuəl fin alˈɛksandər, ɛr zuɡt ɛs ˈibər daxt zix mir fir finf mul in dejm sˈajfər.
141_163718_0354|דוד המלך זאגט, האסט געלייגט מיינע טעג אזוי ווי טפחות, אזוי ווי טפחים.|dˈuvid hamˈɛlɛx zuɡt, hust ɡəlˈajɡt mˈaːnə tejɡ azˈɔj vi tfxis, azˈɔj vi tfˈuxim.
141_163718_0355|רבותי, ס'איז כדאי צו הערן די לשון, לשון קדשו פון ישמח ישראל.|rabˈɔjsaj, siz kˈɛdaː ʦi hirn də luʃn, luʃn kdʃi fin jsmax jisrˈuəl.
141_163718_0357|א מענטש האט א שטריק וואס איז זיבעציג אמות לאנג, און ער מעסט יעצט די שטריק, יא? ס'איז א זיבעציג לאנגע שטריק, און ער מעסט יעצט.|a mɛnʧ hut a ʃtrik vus iz zˈibəʦiɡ ˈamɔjs laːnɡ, in ɛr mɛst jɛʦt də ʃtrik, ju ? siz a zˈibəʦiɡ lˈanɡə ʃtrik, in ɛr mɛst jɛʦt.
141_163718_0358|און ער דרייט אזוי, ער רוקט אזוי, ער שלעפט אזוי ארויס די שטריק. "לא נשאר לו בידו לעולם אלא טפח".|in ɛr drajt azˈɔj, ɛr rikt azˈɔj, ɛr ʃlɛpt azˈɔj arˈoʊs də ʃtrik. lɔj nʃar li bˈidi ləˈɔjləm ˈala tˈɛfax
141_163718_0359|ער זאגט אז דער שטריק מעג זיין לאנג ווי די גלות, אבער אין זיין האנט וועט אלעמאל נאר ליגן א טפח, יא?|ɛr zuɡt az dɛr ʃtrik mejɡ zaːn laːnɡ vi də ɡˈuləs, ˈɔbər in zaːn hant vɛt ˈaləmal nɔr liɡn a tˈɛfax, ju ?
141_163718_0360|"שזה שמדד כבר הוא חוץ לידו" - דאס וואס ער האט שוין געמאסטן איז שוין ארויס פון די האנט, ס'איז שוין אמאל געווען.|ʃˈɛzə ʃmd kvur hˈia xiʦ lˈidi dus vus ɛr hut ʃɔjn ɡəmˈastn iz ʃɔjn arˈoʊs fin də hant, siz ʃɔjn amˈul ɡəvˈejn.
141_163718_0362|ס'מעג זיין ווי א גרויסע שטריק וויל, אבער אין די האנט זיינע ליגט דעמאלטס נאר א טפח.|smejɡ zaːn vi a ɡrˈɔjsə ʃtrik vil, ˈɔbər in də hant zˈaːnə liɡt dˈɛmalʦ nɔr a tˈɛfax.
141_163718_0363|רבותי, הערטס אויס די ווערטער: "כן המה הימים של האדם" - אזוי זענען די לעבן פון א מענטש.|rabˈɔjsaj, hɛrʦ oʊs də vˈɛrtər : kajn hˈajmə hˈimim ʃɛl hadm azˈɔj zˈɛnən də lejbn fin a mɛnʧ.
141_163718_0364|"מה שעבר אין" - וואס איז אריבער איז שוין נישט דא, ס'איז געענדיגט. טראכט נישט קיין רגע אין די טעג וואס איז געווען, ווייל ס'איז שוין נישט אינטערעסאנט.|mɛ ʃɛbr in vus iz arˈibər iz ʃɔjn niʃt du, siz ɡəˈɛndiɡt. traxt niʃt kan rˈɛɡə in də tejɡ vus iz ɡəvˈejn, vaːl siz ʃɔjn niʃt intərəsˈant.
141_163718_0365|מתקן זיין יא, אבער נישט מער. נעם נישט קיין סטרעס פון יענע צייט, נעם נישט קיין טראומא וואס פון דעמאלטס איז שוין געווען. "ומה שעתיד עדיין לא בא" - ס'איז נאך נישט דא.|msˈikun zaːn ju, ˈɔbər niʃt mɛr. nɛm niʃt kan strɛs fin jˈɛnə ʦaːt, nɛm niʃt kan trˈima vus fin dˈɛmalʦ iz ʃɔjn ɡəvˈejn. ˈimə ʃˈɛsid ˈɛdajn lɔj bɔj siz nux niʃt du.
141_163718_0367|דער הייליגער ישמח ישראל זאל א מענטש נאר טראכטן אויף די רגע וואס איז יעצט דא.|dɛr hˈajliɡər jsmax jisrˈuəl zul a mɛnʧ nɔr traxtn oʊf də rˈɛɡə vus iz jɛʦt du.
141_163718_0370|און ער האט דאס געזען, האט ער געגעבן א שלעפ ארויס דעם יוד אין פארנט פון אנדערע יודן, און ער האט געהייסן א סאלדאט זאל אריינהאקן.|in ɛr hut dus ɡəzˈejn, hut ɛr ɡəɡˈɛbn a ʃlɛf arˈoʊs dejm jid in farnt fin ˈandərə jidn, in ɛr hut ɡəhˈajsn a sˈaldat zul arˈaːnhakn.
141_163718_0371|אין די פלאץ וואו די תפילין איז געלעגן, ס'איז דארטן די מוח, אויף יענעם פלאץ בין עיניך, ער האט מקפיד געווען ס'זאל זיין אזוי בין עיניך, נישט ווי די צדוקים, נאר אזוי ווי אונז, אויפן קאפ,|in də plaːʦ vi də tfiln iz ɡəlˈɛɡn, siz dɔrtn də mˈɔjxa, oʊf jˈɛnəm plaːʦ bin ˈajnix, ɛr hut mkpid ɡəvˈejn szul zaːn azˈɔj bin ˈajnix, niʃt vi də ʦdˈikim, nɔr azˈɔj vi inz, afn kɔp,
141_163718_0372|מ'זאל נעמען אריינפראקענען דעם איד ביז ער וועט שטארבן. האט פארציילט דער איד, זיין זיידע האט מיר געזאגט, איך האב געכאפט אזעלכע האקעס ביז איך בין אוועקגעפאלן טויט.|mzul nˈɛmən arˈaːnfrakənən dejm jid biz ɛr vɛt ʃtarbn. hut farʦˈajlt dɛr jid, zaːn zˈajdə hut mir ɡəzˈuɡt, ix hub ɡəxˈapt azˈɛlxə hˈakəs biz ix bin avˈɛkɡəfaln tɔjt.
141_163718_0373|דער נאצי האט געמיינט איך בין שוין טויט, איך בין נישט געווען טויט, איך האב נאך געלעבט. נאך שפעטער, איך האב אויפגעוועקט אפאר טעג שפעטער, איך בין געווען ערגעץ אנדערש, איך בין גענומען צו א צווייטע לאגער,|dɛr nˈaʦi hut ɡəmˈajnt ix bin ʃɔjn tɔjt, ix bin niʃt ɡəvˈejn tɔjt, ix hub nux ɡəlˈejbt. nux ʃpˈejtər, ix hub ˈɔjfɡəvəkt apˈur tejɡ ʃpˈejtər, ix bin ɡəvˈejn ˈɛrɡəʦ ˈandiʃ, ix bin ɡənˈimən ʦi a ʦvˈajtə lˈaɡər,
141_163718_0374|מ'האט שוין נישט געכאפט. איך פארצייל דעם איד, איך האב געפרעגט מיין זיידע, זיידי, וויאזוי האסטו נאך געלעבט נאך אזא מעשה? איך מיין, ס'איז געענדיגט, וויאזוי גייט מען ווייטער?|mhut ʃɔjn niʃt ɡəxˈapt. ix farʦˈajl dejm jid, ix hub ɡəfrˈɛɡt maːn zˈajdə, zˈajdi, vizˈɔj hˈusti nux ɡəlˈejbt nux azˈa mˈaːsə ? ix maːn, siz ɡəˈɛndiɡt, vizˈɔj ɡajt mɛn vˈaːtər ?
141_163718_0375|האט דער איד געזאגט, יעדן טאג אינדערפרי האב איך געגעבן א וועק אויף די אויגן, האב איך געזאגט, רבונו של עולם, איך בעט דיך נאר פאר היינט, איך בעט שוין נישט מער לעבן פאר היינט, אבער היינט וויל איך לעבן,|hut dɛr jid ɡəzˈuɡt, jejdn tuɡ ˈindərfri hub ix ɡəɡˈɛbn a vɛk oʊf də ɔjɡn, hub ix ɡəzˈuɡt, rbˈini ʃɛl ˈɔjləm, ix bɛt dix nɔr far haːnt, ix bɛt ʃɔjn niʃt mɛr lejbn far haːnt, ˈɔbər haːnt vil ix lejbn,
141_163718_0376|און היינט וועל איך פרובירן צו טון די מערסטע וואס מ'קען. מארגן וועט שוין זיין דערנאך, אבער היינט? אזוי איז ער געגאנגען נאך א טאג און נאך א טאג ביז ער האט זיך ארויסגעזען פון די מעשה.|in haːnt vɛl ix prˈibirn ʦi tin də mˈɛrstə vus mˈɛkən. mɔrɡn vɛt ʃɔjn zaːn dərnˈux, ˈɔbər haːnt ? azˈɔj iz ɛr ɡəɡˈanɡən nux a tuɡ in nux a tuɡ biz ɛr hut zix arˈoʊzɡəzejn fin də mˈaːsə.
141_163718_0377|אונז זענען מיר נישט אין דעם מצב ברוך השם, אבער צו קענען דערהערן די נקודה, דער היינטיגער טאג, ראה אנכי נותן לפניכם היום, די גרעסטע מתנה איז דעם היום,|inz zˈɛnən mir niʃt in dejm mˈaʦəv bˈurəx haʃˈɛm, ˈɔbər ʦi kˈɛnən dərhˈirn də nəkˈidə, dɛr hˈajntiɡər tuɡ, rˈɛaj ˈanxi nˈɔjsajn lfnixm hˈaːəm, də ɡrˈɛstə matˈunə iz dejm hˈaːəm,
141_163718_0378|דער טאג. דער הייליגער רבי משה לייב פון סאסוב האט געזאגט, ויברכם ביום ההוא לאמר. ס'איז דא א באקאנטע ווארט וואס דער הייליגער משה לייב סאסובער האט געזאגט, ויברכם.|dɛr tuɡ. dɛr hˈajliɡər rˈɛbə mˈɔjʃə lajb fin sˈasib hut ɡəzˈuɡt, ɔjbrxm bjim hhˈia lˈajmər. siz du a bakˈantə vɔrt vus dɛr hˈajliɡər mˈɔjʃə lajb sˈasibər hut ɡəzˈuɡt, ɔjbrxm.
141_163718_0379|יעקב אבינו האט געוואונטשן זיינע קינדער אז ביום ההוא לאמר, זיי וועלן אלעמאל זאגן אז איך האב נאר דעם טאג. ביום ההוא לאמר, איך האב נאר דעם טאג,|jˈankəv ˈabini hut ɡəvˈinʧn zˈaːnə kˈindər az bjim hhˈia lˈajmər, zaj vɛln ˈaləmal zuɡn az ix hub nɔr dejm tuɡ. bjim hhˈia lˈajmər, ix hub nɔr dejm tuɡ,
141_163718_0380|איך דארף נישט נאך טעג. און אזוי ווי מ'האט פריער געזאגט, דער יצר הרע ארבעט קעסלען כלים אויף די זאך. אויף די זאך. פארוואס? ווייל ס'איז אזוי גרינג.|ix daf niʃt nux tejɡ. in azˈɔj vi mhut frˈiər ɡəzˈuɡt, dɛr iʦr hrə ˈarbət kˈɛslən kˈajlim oʊf də zax. oʊf də zax. farvˈus ? vaːl siz azˈɔj ɡrinɡ.
141_163718_0381|נעם דעם מענטש, מ'פאקט אים אריין אין פאביעס אויף וואס ס'דארף נאך געשען. אדער מ'צוברעכט אים פון וואס ס'איז געשען, איז דער היינט א געשאכטענער.|nɛm dejm mɛnʧ, mpakt ejm arˈaːn in fˈabiəs oʊf vus sdaf nux ɡəʃˈɛn. ˈɔdər mʦˈibrəxt ejm fin vus siz ɡəʃˈɛn, iz dɛr haːnt a ɡəʃˈaxtənər.
141_163718_0382|יעצט, דער היינט, מארגן, ווערט נאכאמאל היינט, נאכאמאל היינט, בקיצור, דער לעבן איז געשאכטן, דער לעבן איז געשאכטן.|jɛʦt, dɛr haːnt, mɔrɡn, virt nˈuxamul haːnt, nˈuxamul haːnt, bˈɛkiʦər, dɛr lejbn iz ɡəʃˈaxtn, dɛr lejbn iz ɡəʃˈaxtn.
141_163718_0383|און רבותי, צו קענען געדענקען נאך א נקודה, אז מארגן איז נישט היינט. ס'מיינט צו זאגן, מענטשן פרעגן אסאך מאל, וואס איז די פראבלעם? יא, א בחור האט מיר אמאל געזאגט,|in rabˈɔjsaj, ʦi kˈɛnən ɡədˈɛnkən nux a nəkˈidə, az mɔrɡn iz niʃt haːnt. smajnt ʦi zuɡn, mɛnʧn frɛɡn ˈasax mul, vus iz də prɔblˈejm ? ju, a bˈuxər hut mir amˈul ɡəzˈuɡt,
141_163718_0385|איך שרייב צו, "מחר". ער איז געבליבן מיט א קשיא, תיקו. "ואם לא עכשיו", אויב מ'איז יעצט נישט מסדר, "אימתי", ווען? וואס הייסט ווען? מארגן.|ix ʃrajb ʦi, mˈuxur ɛr iz ɡəblˈibn mit a kˈaʃə, tˈajki. ˈiam lɔj ˈɛxʃji ɔjb miz jɛʦt niʃt msˈadajr, ajmˈusaj vɛn ? vus hajst vɛn ? mɔrɡn.
141_163718_0386|מ'מוז נישט זיין די עכשיו.|mmiz niʃt zaːn də ˈɛxʃji.
141_163718_0387|דער הייליגער חידושי הרי"ם האט געזאגט א באקאנטע שמועס פון דעם חידושי הרי"ם וואס ער האט אמאל געזאגט ערב יום הקדוש. האט ער געזאגט אזוי: "אם לא עכשיו אימתי" מיינט, ווען וועט צוריקקומען די עכשיו?|dɛr hˈajliɡər xidˈiʃaj haj rajʃ jid mɛm hut ɡəzˈuɡt a bakˈantə ʃmˈiəs fin dejm xidˈiʃaj haj rajʃ jid mɛm vus ɛr hut amˈul ɡəzˈuɡt ɛrb jɔjm hakˈudəʃ. hut ɛr ɡəzˈuɡt azˈɔj : im lɔj ˈɛxʃji ajmˈusaj majnt, vɛn vɛt ʦirˈikimən də ˈɛxʃji ?
141_163718_0388|די עכשיו וועט שוין קיינמאל נישט זיין. וואס הייסט?|də ˈɛxʃji vɛt ʃɔjn kˈajnmul niʃt zaːn. vus hajst ?
141_163718_0389|לאמיר זאגן אז אונז זענען מיר יעצט דאנערשטאג, פרשת ראה, תשפ"ו, צוויי אזייגער נאכמיטאג.|lˈɔmir zuɡn az inz zˈɛnən mir jɛʦt dˈanərʃtaɡ, pˈarʃis rˈɛaj, tuf ʃin paj vuv, ʦvaj ˈazajɡər nˈaxmitaɡ.
141_163718_0390|גראדע די שיעור ווערט נישט געגעבן יעצט אין דער צייט, למשל, יא? דער דאטום וואס איך האב יעצט געזאגט וועט שוין קיינמאל נישט געשען.|ɡrˈadə də ʃˈiər virt niʃt ɡəɡˈɛbn jɛʦt in dɛr ʦaːt, ləmˈuʃl, ju ? dɛr dˈatim vus ix hub jɛʦt ɡəzˈuɡt vɛt ʃɔjn kˈajnmul niʃt ɡəʃˈɛn.
141_163718_0392|ס'וועט נאך זיין דאנערשטאגס, ס'וועט נאך זיין פרשת ראה'ס, ס'וועט נאך זיין תשפ"ו, ס'וועט נאך זיין צוויי אזייגער מיטאגס, אבער דער שילוב דאנערשטאג, ראה, צוויי אזייגער מיטאג, פ"ו, איז נישט דא מער.|svɛt nux zaːn dˈanərʃtaɡs, svɛt nux zaːn pˈarʃis ras, svɛt nux zaːn tuf ʃin paj vuv, svɛt nux zaːn ʦvaj ˈazajɡər mˈitaɡs, ˈɔbər dɛr ʃˈilib dˈanərʃtaɡ, rˈɛaj, ʦvaj ˈazajɡər mˈitaɡ, paj vuv, iz niʃt du mɛr.
141_163718_0393|א רגע נאכדעם איז שוין א מינוט נאכדעם.|a rˈɛɡə nuxdˈejm iz ʃɔjn a minˈit nuxdˈejm.
141_163718_0395|"אם לא עכשיו", איך וועל נישט אויסנוצן דעם עכשיו, "אימתי" וועסטו ממלא זיין די עכשיו תפקיד? ס'וועט זיין א נייע תפקיד, דאס יא, אבער די עכשיו וועט נישט זיין. דאס וועט שוין קיינמאל נישט געשען.|im lɔj ˈɛxʃji ix vɛl niʃt ˈoʊsniʦn dejm ˈɛxʃji, ajmˈusaj vˈɛsti mmla zaːn də ˈɛxʃji tˈafkid ? svɛt zaːn a nˈaːjə tˈafkid, dus ju, ˈɔbər də ˈɛxʃji vɛt niʃt zaːn. dus vɛt ʃɔjn kˈajnmul niʃt ɡəʃˈɛn.
141_163718_0397|ער איז געגאנגען מיט איינע פון זיינע תלמידים, א ווייטע שטרעקע, אין א קאלטע ווינטערדיגע טאג אין פוילן, געגאנגען צו א ברית.|ɛr iz ɡəɡˈanɡən mit ˈajnə fin zˈaːnə talmˈidim, a vˈaːtə ʃtrˈɛkə, in a kˈaltə vˈintərdiɡə tuɡ in pɔjln, ɡəɡˈanɡən ʦi a bris.
141_163718_0400|שוין, דער תלמיד קוקט, ליידיגע גאס, קייניער איז נישט דא.|ʃɔjn, dɛr tˈalmid kikt, lˈajdiɡə ɡaːs, kˈajniər iz niʃt du.
141_163718_0401|מ'איז געגאנגען צום ברית. דער ברית האט גענומען אבער אפאר מינוט, מ'קען זיך פארשטעלן, ס'איז נישט אזוי שנעל, יא, מ'זיצט, און נאך לחיים, נאך א ברית, מ'האט נאך גערעדט.|miz ɡəɡˈanɡən ʦim bris. dɛr bris hut ɡənˈimən ˈɔbər apˈur minˈit, mˈɛkən zix farʃtˈɛln, siz niʃt azˈɔj ʃnɛl, ju, mziʦt, in nux ləxˈajim, nux a bris, mhut nux ɡərˈɛt.
141_163718_0402|אויפ'ן וועג צוריק איז געווען כמעט א שעה נאכדעם. און מ'גייט אריבער יענעם פלאץ, און די פרוי שטייט נאך אלץ, "קויפט א זעמעלע, א פרישע זעמעלע, א ווארימע." און דער תלמיד רופט זיך אן צום רבי'ן,|afn vejɡ ʦirˈik iz ɡəvˈejn kəmˈat a ʃu nuxdˈejm. in mɡajt arˈibər jˈɛnəm plaːʦ, in də frɔj ʃtajt nux alʦ, kɔjft a zˈɛmələ, a frˈiʃə zˈɛmələ, a vˈarimə in dɛr tˈalmid rift zix un ʦim rbin,
141_163718_0403|צום אוסטראווצער, "וויפיל קען מען שטיין איבערזאגן דעם זעלבן ניגון נאכאמאל און נאכאמאל?" זאגט דער אוסטראווצער, "ניין, ס'איז נישט דער זעלבער ניגון. אויפ'ן וועג אהין האב איך באמערקט אז ס'איז געלעגן דארטן צוואנציג זעמעלעך, יעצט איז שוין געלעגן זיבעצן.|ʦim ˈistravʦər, vˈifil kɛn mɛn ʃtajn ˈibərzuɡn dejm zɛlbn niɡn nˈuxamul in nˈuxamul zuɡt dɛr ˈistravʦər, najn, siz niʃt dɛr zˈɛlbər niɡn. afn vejɡ ahˈin hub ix bamˈɛrkt az siz ɡəlˈɛɡn dɔrtn ʦvˈanʦiɡ zˈɛmələx, jɛʦt iz ʃɔjn ɡəlˈɛɡn zˈibəʦn.
141_163718_0404|סאו ווען זי זאגט 'קויפט א זעמעלע', איז עס אויף א נייע זעמלע, ס'איז נישט יענע זעמלע וואס זי האט גערעדט דעמאלטס. ווען זי זאגט 'קויפט א זעמלע', איז געווען יענע צוואנציגסטע זעמלע, דאס האט עס שוין אויפגעגעסן. סאו יעדע פאר מינוט, ס'זעט אויס אז ס'איז די זעלבע ניגון,|sɔ vɛn zi zuɡt kɔjft a zˈɛmələ iz ɛs oʊf a nˈaːjə zˈɛmlə, siz niʃt jˈɛnə zˈɛmlə vus zi hut ɡərˈɛt dˈɛmalʦ. vɛn zi zuɡt kɔjft a zˈɛmlə iz ɡəvˈejn jˈɛnə ʦvˈanʦiɡstə zˈɛmlə, dus hut ɛs ʃɔjn ˈɔjfɡəɡəsn. sɔ jˈɛdə far minˈit, szejt oʊs az siz də zˈɛlbə niɡn,
141_163718_0405|אבער ס'איז נישט די זעלבע זעמלע, ס'איז א צווייטע זעמלע א גאנצע צייט."|ˈɔbər siz niʃt də zˈɛlbə zˈɛmlə, siz a ʦvˈajtə zˈɛmlə a ɡˈanʦə ʦaːt
141_163718_0406|האב איך געטראכט צו זאגן, רבותי, קען זיין אונז קוקן זיך אן א גאנצע, יא, מ'דאוונט יעדן טאג שחרית, יעדן טאג מנחה, יעדן טאג מעריב, יעדן טאג. ניין, ניין, ניין, ס'איז א נייע זעמלע אינגאנצן. ס'זעט אויס אז ס'איז די זעלבע ניגון, ס'איז אן אנדערע זאך,|hub ix ɡətrˈaxt ʦi zuɡn, rabˈɔjsaj, kɛn zaːn inz kikn zix un a ɡˈanʦə, ju, mdavnt jejdn tuɡ ʃaxˈaris, jejdn tuɡ mˈinxə, jejdn tuɡ mˈaːrəv, jejdn tuɡ. najn, najn, najn, siz a nˈaːjə zˈɛmlə inɡˈanʦn. szejt oʊs az siz də zˈɛlbə niɡn, siz un ˈandərə zax,
141_163718_0407|ס'איז אן אנדערע מציאות. די מינוט פון יעצט איז נישט די מינוט פון שפעטער. דער בעל שם הקדוש האט געזאגט, אזוי זאגט מען נאך פון בעל שם,|siz un ˈandərə mʦˈiɔjs. də minˈit fin jɛʦt iz niʃt də minˈit fin ʃpˈejtər. dɛr baːl ʃɛm hakˈudəʃ hut ɡəzˈuɡt, azˈɔj zuɡt mɛn nux fin baːl ʃɛm,
141_163718_0408|אז א איד ווען ער גייט צו צו דאווענען דארף ער וויסן אז די תפלה איז נישט געווען און ס'וועט נישט זיין. וויאזוי קען זיין? מ'גייט דאך באלד דאווענען נאכאמאל. ס'איז נישט דאס, לויט וואס אונז רעדן יעצט שטייט ער זייער גוט.|az a jid vɛn ɛr ɡajt ʦi ʦi dˈavənən daf ɛr visn az də tfˈilə iz niʃt ɡəvˈejn in svɛt niʃt zaːn. vizˈɔj kɛn zaːn ? mɡajt dɔx bald dˈavənən nˈuxamul. siz niʃt dus, loʊt vus inz rɛdn jɛʦt ʃtajt ɛr zˈajər ɡit.
141_163718_0409|יעדע רגע מבקש את תפקידו, ער ברענגט מיט די תפקיד, און די זאך גייט נישט ווייטער.|jˈɛdə rˈɛɡə mvˈakajʃ ɛs sfkˈidi, ɛr brɛnɡt mit də tˈafkid, in də zax ɡajt niʃt vˈaːtər.
141_163718_0410|איז רבותי, די בעסטע עצה צו עצלות איז זייער פשוט, ס'איז א פשוט'ע סגולה. שטיי אויף און גיי טו עס. דאס איז נישט דא קיין בעסערע סגולה. גיי טו עס! געענדיגט! ס'איז נישט דא קיין סגולות אויף דעם.|iz rabˈɔjsaj, də bˈɛstə ˈajʦə ʦi ˈaʦlis iz zˈajər pˈuʃit, siz a pˈiʃətə zɡˈilə. ʃtaj oʊf in ɡaj ti ɛs. dus iz niʃt du kan bˈɛsərə zɡˈilə. ɡaj ti ɛs ! ɡəˈɛndiɡt ! siz niʃt du kan səɡˈulɔjs oʊf dejm.
141_163718_0411|ס'איז נישט דא קיין סגולות. איך ווייס נישט, מ'זאגט אז א ייד אריינקומט צום קדושת הרי"ם, זאגט ער, רבי, איך דארף א סגולה לפרנסה.|siz niʃt du kan səɡˈulɔjs. ix vajs niʃt, mzuɡt az a jid arˈaːnkimt ʦim kdˈiʃas haj rajʃ jid mɛm, zuɡt ɛr, rˈɛbə, ix daf a zɡˈilə lfarnˈusə.
141_163718_0412|האט ער געזאגט אז ס'איז דא א סגולה די פרנסה אויפצושטיין פארטאגס און גיין לערנען, ווייל ס'שטייט אין פסוק אז "ולחם עצלות לא תאכל קמו בניה ויאשרוהו." מ'שטייט אויף פארטאגס. זאגט ער, רבי,|hut ɛr ɡəzˈuɡt az siz du a zɡˈilə də pˈarnusə ˈɔjfʦiʃtajn fartˈaɡs in ɡajn lˈirnən, vaːl sʃtajt in pˈusik az vəlˈɛxɛm ˈaʦlis lɔj tˈɔjxajl kmi bni ˈɔjaʃrihi mʃtajt oʊf fartˈaɡs. zuɡt ɛr, rˈɛbə,
141_163718_0413|אויף אויפצושטיין פארטאגס קען איך שוין גיין ארבעטן, איך דארף נישט אויפצושטיין, אויף אויפצושטיין דאס קען איך דאך.|oʊf ˈɔjfʦiʃtajn fartˈaɡs kɛn ix ʃɔjn ɡajn ˈarbətn, ix daf niʃt ˈɔjfʦiʃtajn, oʊf ˈɔjfʦiʃtajn dus kɛn ix dɔx.
141_163718_0414|איך האב אמאל געהערט, איינער האט אמאל געזאגט א גוטע געדאנק, ס'איז א זאך וואס קען ארבעטן, אמאל א גוטע עצה.|ix hub amˈul ɡəhˈirt, ˈajnər hut amˈul ɡəzˈuɡt a ɡˈitə ɡədˈank, siz a zax vus kɛn ˈarbətn, amˈul a ɡˈitə ˈajʦə.
141_163718_0415|איינער האט אמאל געזאגט, ער האט געשריבן עפעס יארן צוריק, ער האט אמאל געזען עפעס אין אן ארטיקל, האט יענער געשריבן אזוי, ער האט איינמאל מיטגעהאלטן ווי אזוי די ספעיס שאדל פליט.|ˈajnər hut amˈul ɡəzˈuɡt, ɛr hut ɡəʃrˈibn ˈɛpəs jurn ʦirˈik, ɛr hut amˈul ɡəzˈejn ˈɛpəs in un ˈartikl, hut jˈɛnər ɡəʃrˈibn azˈɔj, ɛr hut ˈajnmul mˈitɡəhaltn vi azˈɔj də sfajs ʃadl pˈulət.
141_163718_0416|מ'שיקט א ספעיס, איך ווייס נישט, איך בין נאך קיינמאל נישט געווען דארטן, אבער לויט וואס איך האב געהערט אזוי, פאר ס'פליט הערט מען אזא קאל, "פייוו, פאר,|mʃikt a sfajs, ix vajs niʃt, ix bin nux kˈajnmul niʃt ɡəvˈejn dɔrtn, ˈɔbər loʊt vus ix hub ɡəhˈirt azˈɔj, far sflit hɛrt mɛn azˈa kal, fajv, far,
141_163718_0418|ס'איז ממש אזוי די גאנצע פשט, די גאנצע נאסע האלט זיך מיט די פאר סעקונדעס.|siz mˈamiʃ azˈɔj də ɡˈanʦə pʃat, də ɡˈanʦə nˈasə halt zix mit də far sˈɛkindəs.
141_163718_0419|ער האט עס גענומען פאר זיך אין זיין לעבן, ווען ער דארף עפעס ערלעדיגן א זאך, הייבט ער אן זאגן אין זיין קאפ די פינף נאמבערס: פייוו, פאר, טרי, טו, וואן, געגאנגען, מ'גייט עס טון.|ɛr hut ɛs ɡənˈimən far zix in zaːn lejbn, vɛn ɛr daf ˈɛpəs ˈɛrlədiɡn a zax, hajbt ɛr un zuɡn in zaːn kɔp də finf nˈambərs : fajv, far, tri, ti, van, ɡəɡˈanɡən, mɡajt ɛs tin.
141_163718_0420|פארוואס? ס'ארבעט. וויאזוי ארבעט די מוח פון דעם מענטש? די מוח געבט א קלינג אריין, אוי, מ'דארף גיין עפעס ערלעדיגן די זאך, יא? שוין. וואס איז געשען די סעקונדע נאכדעם?|farvˈus ? sˈarbət. vizˈɔj ˈarbət də mˈɔjxa fin dejm mɛnʧ ? də mˈɔjxa ɡɛbt a klinɡ arˈaːn, ɔj, mdaf ɡajn ˈɛpəs ˈɛrlədiɡn də zax, ju ? ʃɔjn. vus iz ɡəʃˈɛn də sˈɛkində nuxdˈejm ?
141_163718_0421|ס'קומט אזא פארגליוועניש אין די מוח, שש, מ'דארף עס נישט פארלעדיגן, מ'דארף נישט. יא, מ'קען דאס? אוי, מ'דארף! ניין, מ'דארף נישט. יעצט איז דא זייער קריטישע סעקונדעס.|skimt azˈa farɡlˈivəniʃ in də mˈɔjxa, ʃajʃ, mdaf ɛs niʃt farlˈɛdiɡn, mdaf niʃt. ju, mˈɛkən dus ? ɔj, mdaf ! najn, mdaf niʃt. jɛʦt iz du zˈajər krˈitiʃə sˈɛkindəs.
141_163718_0422|יעצט, די נעקסטע פאר סעקונדעס קאכט זיך אין די מוח א מורא'דיגע מלחמה, יא טון אדער נישט טון.|jɛʦt, də nˈɛkstə far sˈɛkindəs kaxt zix in də mˈɔjxa a mˈiradiɡə milxˈumə, ju tin ˈɔdər niʃt tin.
141_163718_0423|און אמאל קען עס, אזוי ווי דער רבינו בחיי איז מסביר, ס'קען קאסטן שפעטער טויזנטערס, ווייל דאס דעסיידט יעצט נישט צו טון, ס'גייט דאך שפעטער קאסטן.|in amˈul kɛn ɛs, azˈɔj vi dɛr rbˈini baxˈajaj iz mazbˈir, skɛn kastn ʃpˈejtər tˈɔjzntərs, vaːl dus dˈɛsajdt jɛʦt niʃt ʦi tin, sɡajt dɔx ʃpˈejtər kastn.
141_163718_0424|סאו אנשטאט אויסנוצן די פאר סעקונדעס פון ווערן פארגליווערט און ווערן אנאסטיזשע, שנעל הייב אן מאכן די נאמבערס.|sɔ ˈanʃtat ˈoʊsniʦn də far sˈɛkindəs fin virn farɡlˈivərt in virn ˈanastiʒə, ʃnɛl hajb un maxn də nˈambərs.
141_163718_0425|ס'איז דו געסט אביסל צייט פאר זיך, יא, פינף סעקונדעס האסטו נאך, יא, קענסט נאך אטעמען דערווייל, אבער באלד גייט עס, פייו, פאר, טרי, טו, וואן, געגאנגען, גיי טון די זאך.|siz di ɡɛst abˈisl ʦaːt far zix, ju, finf sˈɛkindəs hˈusti nux, ju, kɛnst nux ˈatəmən dərvˈaːl, ˈɔbər bald ɡajt ɛs, fˈaji, far, tri, ti, van, ɡəɡˈanɡən, ɡaj tin də zax.
141_163718_0426|ס'איז זייער וויכטיג אויסצונוצן יענע סעקונדעס צו גיין טון. מ'קען נישט, אקעי, איך גיי נאך פון א סעקונדע, ס'איז גוט, קען איך עס אטעמען, ס'איז בסדר, מ'וועט זיך טרעפן באלד.|siz zˈajər vˈixtiɡ ˈoʊsʦiniʦn jˈɛnə sˈɛkindəs ʦi ɡajn tin. mˈɛkən niʃt, ˈɔkaj, ix ɡaj nux fin a sˈɛkində, siz ɡit, kɛn ix ɛs ˈatəmən, siz bsˈajdər, mvɛt zix trɛfn bald.
141_163718_0427|איר ווייסט, ס'איז דא דער רדב"ז, אלע ווייסן דאך, הייליגער האט מען אסאך צעמישט דער רדב"ז מיט דער רדב"ז.|ir vajst, siz du dɛr rajʃ dˈuləd bajs zˈajən, ˈalə vajsn dɔx, hˈajliɡər hut mɛn ˈasax ʦəmˈiʃt dɛr rajʃ dˈuləd bajs zˈajən mit dɛr rajʃ dˈuləd bajs zˈajən.
141_163718_0428|ס'איז דא דער רדב"ז, יא, ער איז געווען באקאנטער גדול פינף הונדערט יאר צוריק אין שפאניע, ער ליגט אין צפת, דער רדב"ז ליגט אין צפת, ער איז נאך געווען שפעט אין ארץ ישראל.|siz du dɛr rajʃ dˈuləd bajs zˈajən, ju, ɛr iz ɡəvˈejn bakˈantər ɡdil finf hˈindərt jur ʦirˈik in ʃpˈaniə, ɛr liɡt in ʦfas, dɛr rajʃ dˈuləd bajs zˈajən liɡt in ʦfas, ɛr iz nux ɡəvˈejn ʃpɛt in ˈɛrəʦ jisrˈuəl.
141_163718_0429|ס'איז דא פון רדב"ז בענדער און בענדער פון שאלות ותשובות, דאכט זיך איבער צוויי טויזנט תשובות וואס דער רדב"ז האט געשריבן. אין חלק ד', גלייך ממש אין אנהייב, איז דא אן אינטערעסאנטע שאלה.|siz du fin rajʃ dˈuləd bajs zˈajən bˈɛndər in bˈɛndər fin ʃˈajlɔjs isʃˈivɔjs, daxt zix ˈibər ʦvaj toʊznt ʧˈivɔjs vus dɛr rajʃ dˈuləd bajs zˈajən hut ɡəʃrˈibn. in xˈajlək dˈalət ɡlaːx mˈamiʃ in ˈanhajb, iz du un ˈintərəsantə ʃˈaːlə.
141_163718_0430|א איד וואס זיצט אין תפיסה, וואס ער קען נישט מקיים זיין קיין מצוות דארטן, ער קען גארנישט טון, און מ'האט געהאנדלט פאר אים עסקנים צו קענען טון.|a jid vus ziʦt in tfˈisə, vus ɛr kɛn niʃt mkajm zaːn kan mˈiʦvɔjs dɔrtn, ɛr kɛn ɡˈurniʃt tin, in mhut ɡəhˈandlt far ejm ˈɛsknim ʦi kˈɛnən tin.
141_163718_0431|צום סוף איז געבליבן דער מענטש האט נאך געזיצן אין תפיסה אסאך יארן, אבער מ'האט איינגעהאנדלט אז איין טאג אין יאר קען ער נעמען וואקאציע.|ʦim sɔf iz ɡəblˈibn dɛr mɛnʧ hut nux ɡəzˈiʦn in tfˈisə ˈasax jurn, ˈɔbər mhut ˈajnɡəhandlt az ajn tuɡ in jur kɛn ɛr nˈɛmən vˈakaʦiə.
141_163718_0432|איין טאג, איין טאג אין יאר, ער קען זיך פיקן וועלכע טאג ער וויל, זיך נעמען וואקאציע, און דא הייבט זיך אן די שאלה וועלכע טאג איז דער וויכטיגסטער טאג צו נעמען.|ajn tuɡ, ajn tuɡ in jur, ɛr kɛn zix fikn vˈɛlxə tuɡ ɛr vil, zix nˈɛmən vˈakaʦiə, in du hajbt zix un də ʃˈaːlə vˈɛlxə tuɡ iz dɛr vˈixtiɡstər tuɡ ʦi nˈɛmən.
141_163718_0433|ער זאל צאגן כל מיני שאלות. יום כיפור, אפשר לכאורה יום כיפור איז דער טאג, יא, יום כיפור איז דער טאג.|ɛr zul ʦaɡn kɔl mˈini ʃˈajlɔjs. jɔjm xifˈir, ˈɛfʃir lixˈɔjrə jɔjm xifˈir iz dɛr tuɡ, ju, jɔjm xifˈir iz dɛr tuɡ.
141_163718_0434|און שפעטער, אנדערע זאגט אפשר נישט, אפשר יום כיפור נישט, אפשר כדאי ליל הסדר, ער קען מקיים זיין מצה ומרור, בקיצור, אהין און צוריק.|in ʃpˈejtər, ˈandərə zuɡt ˈɛfʃir niʃt, ˈɛfʃir jɔjm xifˈir niʃt, ˈɛfʃir kˈɛdaː lil hasˈajdɛr, ɛr kɛn mkajm zaːn mˈaʦə imrˈir, bˈɛkiʦər, ahˈin in ʦirˈik.
141_163718_0435|און דער רדב"ז שרייבט דארט נשאלתי, ס'איז געווארן געפרעגט די שאלה, אלא עניות דעתי איז פשוט, היינט, נעם עס שוין, נעם שוין, נעם דעם טאג. פארוואס?|in dɛr rajʃ dˈuləd bajs zˈajən ʃraːbt dɔrt nʃˈalsi, siz ɡəvˈɔrn ɡəfrˈɛɡt də ʃˈaːlə, ˈala anˈijus dˈati iz pˈuʃit, haːnt, nɛm ɛs ʃɔjn, nɛm ʃɔjn, nɛm dejm tuɡ. farvˈus ?
141_163718_0436|ווייל אין מעבירין על המצות, דו דארפסט לייגן תפלין, גיי ארויס, גיי ארויס היינט. רבותי, ס'איז דאך אזא מין נקודה דאס. אקעי, וועלכע טאג?|vaːl in mˈɛbirin al hamˈaʦɔjs, di darfst lajɡn tfˈilin, ɡaj arˈoʊs, ɡaj arˈoʊs haːnt. rabˈɔjsaj, siz dɔx azˈa min nəkˈidə dus. ˈɔkaj, vˈɛlxə tuɡ ?
141_163718_0437|היינט זיכער נישט, דו ביסט אין תפיסה. יום כיפור. ווער זאגט דו גייסט דערלעבן יום כיפור? ווער זאגט? אקעי, גיי טו עס. וואס איז שוין היינט?|haːnt zˈixər niʃt, di bist in tfˈisə. jɔjm xifˈir. vɛr zuɡt di ɡajst dərlˈejbn jɔjm xifˈir ? vɛr zuɡt ? ˈɔkaj, ɡaj ti ɛs. vus iz ʃɔjn haːnt ?
141_163718_0438|ס'איז באלד אזוי ווי היינט. נוץ אויס די היינטיגע טאג, דו וועסט נישט קענען גלייבן ביינאכט וויפיל זאכן דו האסט היינט אריינגעכאפט.|siz bald azˈɔj vi haːnt. niʦ oʊs də hˈajntiɡə tuɡ, di vɛst niʃt kˈɛnən ɡlaːbn bˈajnaxt vˈifil zaxn di hust haːnt arˈaːnɡəxaft.
141_163718_0439|איך בין געגאנגען, איך האב געלייגט תפילין, איך האב געזאגט, איך האב געדאוונט, איך האב געזאגט, איך האב געקושט מזוזות, איך האב געלייגט, אזויפיל זאכן געשען אין איין היינט, נאר אונז פאקן זיך אריין אין בעט, יום כיפור.|ix bin ɡəɡˈanɡən, ix hub ɡəlˈajɡt tfiln, ix hub ɡəzˈuɡt, ix hub ɡədˈavnt, ix hub ɡəzˈuɡt, ix hub ɡəkˈiʃt mzˈizɔjs, ix hub ɡəlˈajɡt, ˈazɔjfil zaxn ɡəʃˈɛn in ajn haːnt, nɔr inz fakn zix arˈaːn in bɛt, jɔjm xifˈir.
141_163718_0440|יום כיפור וועט זיין דער טאג.|jɔjm xifˈir vɛt zaːn dɛr tuɡ.
141_163718_0441|אונז זענען מיר אלע אין דעם זעלבן תפיסה. דאס איז נישט א מעשה פון די רדב"ז פינף הונדערט יאר צוריק.|inz zˈɛnən mir ˈalə in dejm zɛlbn tfˈisə. dus iz niʃt a mˈaːsə fin də rajʃ dˈuləd bajs zˈajən finf hˈindərt jur ʦirˈik.
141_163718_0442|דאס איז אונז זענען מיר אלע אין אזא מין תפיסה וואס מ'האלט אין איין זען עפעס א טאג פאר די אויגן, וואס יענע טאג וועט זאכן געשען, ס'גייט נישט געשען.|dus iz inz zˈɛnən mir ˈalə in azˈa min tfˈisə vus mhalt in ajn zejn ˈɛpəs a tuɡ far də ɔjɡn, vus jˈɛnə tuɡ vɛt zaxn ɡəʃˈɛn, sɡajt niʃt ɡəʃˈɛn.
141_163718_0444|ווי זאגט מען, דאס איז נאר וואקסבערגער פיקטשערס. יא, ס'איז נישטא אזא טאג. דער טאג עקזיסטירט נישט.|vi zuɡt mɛn, dus iz nɔr vˈakzbərɡər fˈikʧərs. ju, siz niʃtˈu azˈa tuɡ. dɛr tuɡ ˈɛkzistirt niʃt.
141_163718_0445|דער טאג איז דער טאג, דער פאר'כמאר'עטער טאג, מיט אלע באמבס, מיט זיבעצן זאכן אויפ'ן קאפ, און דער רופט דאך אז מ'דארף צאלן די חובות.|dɛr tuɡ iz dɛr tuɡ, dɛr fˈarxmarətər tuɡ, mit ˈalə bambs, mit zˈibəʦn zaxn afn kɔp, in dɛr rift dɔx az mdaf ʦuln də xˈɔjvɔjs.
141_163718_0446|יא, דער טאג, דער טאג, דארטן טוט מען וואס מ'דארף צו טון, און אז מ'טוט און מ'ווערט נישט נתפעל, און מ'קוקט ביינאכט וואס איך האב היינט געטון, אוי, אוי, האב איך היינט ערלעדיגט זאכן.|ju, dɛr tuɡ, dɛr tuɡ, dɔrtn tit mɛn vus mdaf ʦi tin, in az mtit in mvirt niʃt nispˈuəl, in mkikt bˈajnaxt vus ix hub haːnt ɡətˈin, ɔj, ɔj, hub ix haːnt ˈɛrlədiɡt zaxn.
141_163718_0447|ס'גייט נישט קומען יענע טאג, דער טאג, רבותי, דער זיסער טאג וואס מ'ווארט גייט נישט אנקומען. דער אייבערשטער'ס הילף, זיין זייער קלאר. פארוואס שעלטסטו?|sɡajt niʃt kˈimən jˈɛnə tuɡ, dɛr tuɡ, rabˈɔjsaj, dɛr zˈisər tuɡ vus mvɔrt ɡajt niʃt ˈunkimən. dɛr ˈajbərʃtərs hilf, zaːn zˈajər klur. farvˈus ʃˈɛlʦti ?
141_163718_0448|שעלט נישט. אונז קענען היינט מאכן דעם זיסן טאג, היינט איז דער זיסער טאג.|ʃɛlt niʃt. inz kˈɛnən haːnt maxn dejm zisn tuɡ, haːnt iz dɛr zˈisər tuɡ.
141_163718_0449|בועז האט חתונה געהאט מיט רות, יא? דער עולם ווייסט ווי לאנג ער איז געווען חתונה געהאט מיט רות? איין טאג, איין טאג.|bˈɔjəz hut xˈasənə ɡəhˈat mit ris, ju ? dɛr ˈɔjləm vajst vi laːnɡ ɛr iz ɡəvˈejn xˈasənə ɡəhˈat mit ris ? ajn tuɡ, ajn tuɡ.
141_163718_0450|רבותי, שטעלט זיך וואס בועז זאגט פאר אונז, פשוט, נאך איין טאג, געב מיר א טאג, געב מיר נאך איין טאג.|rabˈɔjsaj, ʃtɛlt zix vus bˈɔjəz zuɡt far inz, pˈuʃit, nux ajn tuɡ, ɡɛb mir a tuɡ, ɡɛb mir nux ajn tuɡ.
141_163718_0451|דאס הייסט אזוי, בועז איז נפטר געווארן צומארגנס, בועז האט געהאט יארן, וויפיל יארן ער דארף לעבן אויף די וועלט.|dus hajst azˈɔj, bˈɔjəz iz npˈatər ɡəvˈɔrn ʦˈimarɡns, bˈɔjəz hut ɡəhˈat jurn, vˈifil jurn ɛr daf lejbn oʊf də vɛlt.
141_163718_0452|ווען ער זאגט, אקעי, נישט היינט, אפשר מארגן מאכן די חתונה, היינט מאכן נאר די חתן מאל, מארגן מאכן די חתונה, יא? און דער גאנצער מלך המשיח איז אריינגעשטעלט, ס'איז א סיטואציע יעצט.|vɛn ɛr zuɡt, ˈɔkaj, niʃt haːnt, ˈɛfʃir mɔrɡn maxn də xˈasənə, haːnt maxn nɔr də xusn mul, mɔrɡn maxn də xˈasənə, ju ? in dɛr ɡˈanʦər mˈajləx hamuʃˈixa iz arˈaːnɡəʃtəlt, siz a sˈitiaʦiə jɛʦt.
141_163718_0453|מ'כאפט? היינט, געגאנגען, לאז מיר עס יעצט טון, און יענע טאג, יענע טאג איז געקומען א מלך המשיח אויף די וועלט. פון די החלטה פון היינט, מ'גייט עס היינט טון.|mxɔft ? haːnt, ɡəɡˈanɡən, laz mir ɛs jɛʦt tin, in jˈɛnə tuɡ, jˈɛnə tuɡ iz ɡəkˈimən a mˈajləx hamuʃˈixa oʊf də vɛlt. fin də hˈixltə fin haːnt, mɡajt ɛs haːnt tin.
141_163718_0454|מ'וועט מסיים זיין מיט א מעשה, ס'איז א מורא'דיגע מעשה וואס איך האב געזען לעצטנס, ס'איז א מורא'דיגע מעשה.|mvɛt msajm zaːn mit a mˈaːsə, siz a mˈiradiɡə mˈaːsə vus ix hub ɡəzˈejn lɛʦtns, siz a mˈiradiɡə mˈaːsə.
141_163718_0455|אין ארץ ישראל, גלייך נאכן קריג, איז געווען זייער באקאנט דער רב, הגאון רבי חיים מרדכי ראלער זכר צדיק לברכה, ער האט געהייסן דער ניאמצער רב.|in ˈɛrəʦ jisrˈuəl, ɡlaːx nuxn kriɡ, iz ɡəvˈejn zˈajər bakˈant dɛr ruv, hɡin rˈɛbə xˈajim mˈurtxə rˈalər zˈajxər ʦˈadik livrˈuxə, ɛr hut ɡəhˈajsn dɛr nˈiamʦər ruv.
141_163718_0456|דער ניאמצער רב איז געווען פארן קריג פון די גרעסטע גאונים, און נאכן קריג איז געווען ידוע, מ'האט אים גערופן דער אבי העגונות, ער איז געווען דער טאטע פון די עגונות.|dɛr nˈiamʦər ruv iz ɡəvˈejn farn kriɡ fin də ɡrˈɛstə ɡˈinim, in nuxn kriɡ iz ɡəvˈejn jədˈiə, mhut ejm ɡərˈifn dɛr ˈabi huaɡˈɔjnɔjs, ɛr iz ɡəvˈejn dɛr tˈatə fin də aɡˈinɔjs.
141_163718_0457|ס'איז ידוע אז די שווערסטע, מערסטע קאמפליצירטע עגונה שאלות זענען געקומען צו אים. ממש מ'רעדט פון די גאר גאר קאמפליצירטע שאלות.|siz jədˈiə az də ʃvˈɛrstə, mˈɛrstə kˈamfliʦirtə aɡˈinə ʃˈajlɔjs zˈɛnən ɡəkˈimən ʦi ejm. mˈamiʃ mrɛdt fin də ɡur ɡur kˈamfliʦirtə ʃˈajlɔjs.
141_163718_0459|ס'איז געווען א גאנצע נידון וועגן עפעס א געוויסע עגונה, מ'רעדט נאכן קריג, ס'איז געווען זייער זייער אסאך פון די מעשיות, וואס אסאך רבנים האבן זיך אריינגעלייגט, מ'האט נישט געקענט אויסארבעטן א היתר פאר די עגונה, ס'איז נישט געווען מעגליך.|siz ɡəvˈejn a ɡˈanʦə nˈidin vejɡn ˈɛpəs a ɡəvˈisə aɡˈinə, mrɛdt nuxn kriɡ, siz ɡəvˈejn zˈajər zˈajər ˈasax fin də mˈaːsəs, vus ˈasax rˈabunim hubn zix arˈaːnɡəlajɡt, mhut niʃt ɡəkˈɛnt ˈoʊsarbətn a hajˈusajr far də aɡˈinə, siz niʃt ɡəvˈejn mˈejɡləx.
141_163718_0460|איינער פון די גרויסע רבנים אין ירושלים האט צוזאמגעברענגט אלע אינפארמאציע וואס מ'קען האבן וועגן די פרוי, אבער קיין היתר איז דא נישט דא.|ˈajnər fin də ɡrˈɔjsə rˈabunim in jəruʃulˈajim hut ʦˈizamɡəbrənɡt ˈalə ˈinfarmaʦiə vus mˈɛkən hubn vejɡn də frɔj, ˈɔbər kan hajˈusajr iz du niʃt du.
141_163718_0461|עטס פארשטייטס ווען, נו, ער וועט מוזן גיין צו דער שר העגונות, דער וואס קען דעם מערסטן, דער ניאמצער רב, ר' חיים מרדכי ראלער, און מ'האט עס אריינגעברענגט צו אים, און ער האט אדורך געטון די נושא.|ɛʦ farʃtˈajʦ vɛn, ni, ɛr vɛt mizn ɡajn ʦi dɛr sar huaɡˈɔjnɔjs, dɛr vus kɛn dejm mɛrstn, dɛr nˈiamʦər ruv, rajʃ xˈajim mˈurtxə rˈalər, in mhut ɛs arˈaːnɡəbrənɡt ʦi ejm, in ɛr hut adˈirx ɡətˈin də nˈɔjsə.
141_163718_0462|ער איז געזעצן אויף די נושא א שיין שטיק צייט.|ɛr iz ɡəzˈɛʦn oʊf də nˈɔjsə a ʃajn ʃtik ʦaːt.
141_163718_0464|דער היתר איז דא, ס'איז מסודר.|dɛr hajˈusajr iz du, siz msidr.
141_163718_0465|ס'איז דא אסאך פרטים אין דעם, ער האט עס אראפגעשריבן ווילד און קורץ אויף בלעטער, נאך שבת וועט מען אדורך גיין זען מער די פרטים וואס דאס איז.|siz du ˈasax frtim in dejm, ɛr hut ɛs arˈupɡəʃribn vild in kirʦ oʊf blˈɛtər, nux ʃˈabəs vɛt mɛn adˈirx ɡajn zejn mɛr də frtim vus dus iz.
141_163718_0466|קודם כל, מודיע זיין אז ס'איז מותר.|kˈɔjdəm kɔl, mˈidiə zaːn az siz mˈɔjsar.
141_163718_0467|יענער רב האט צוריקגעשיקט א שליחות, וואס האט מען זיך אזוי געיאגט? די פרוי האט נישט קיין קלער בכלל חתונה צו האבן פרייטיג צונאכטס צווישן לכה דודי מיט די סעודה.|jˈɛnər ruv hut ʦirˈikɡəʃikt a ʃlˈixis, vus hut mɛn zix azˈɔj ɡˈajaɡt ? də frɔj hut niʃt kan klɛr bəxlˈaːl xˈasənə ʦi hubn frˈajtiɡ ʦˈinaxʦ ʦviʃn lxə dˈidi mit də sˈidə.
141_163718_0468|איך מיין, וואס איז דא?|ix maːn, vus iz du ?
141_163718_0469|האט ער געזאגט, דער ניאמצער רב האט געזאגט, ביי מיר איז דא א כלל, די רגע וואס איך ארבעט אויס א פסק פאר א יוד און איך האב א פסק להיתר ולעיסור, גלייך בין איך עס מודיע, גלייך, גלייך, גלייך.|hut ɛr ɡəzˈuɡt, dɛr nˈiamʦər ruv hut ɡəzˈuɡt, baː mir iz du a klal, də rˈɛɡə vus ix ˈarbət oʊs a pask far a jid in ix hub a pask ləhajˈusajr ilajsˈir, ɡlaːx bin ix ɛs mˈidiə, ɡlaːx, ɡlaːx, ɡlaːx.
141_163718_0470|פאר ס'הייבט אן ווערן נאכאמאל, הייבט מען איבערטראכטן נאכאמאל, גלייך, גלייך, גלייך.|far shajbt un virn nˈuxamul, hajbt mɛn ˈibərtraxtn nˈuxamul, ɡlaːx, ɡlaːx, ɡlaːx.
141_163718_0471|און ער האט געזאגט די ווערטער מצוה הבאה לידך אל תחמיצנה, ס'איז נישטא מער א מצוה פון אויסטון א פסק פאר א יוד אז דו קענסט יא אדער נישט טון, און די זאך איז מסודר געענדיגן.|in ɛr hut ɡəzˈuɡt də vˈɛrtər mˈiʦvə hba lidx al taxamiʦˈajnə, siz niʃtˈu mɛr a mˈiʦvə fin ˈoʊstin a pask far a jid az di kɛnst ju ˈɔdər niʃt tin, in də zax iz msidr ɡəˈɛndiɡn.
141_163718_0472|יענע שבת איז דער ניאמצער רב אוועק פון די וועלט. מוצאי שבת איז שוין געווען זיין לויה. רבותי, לאמיר טראכטן, ווען נישט די גלייך איז יענע פרוי אן עגונה.|jˈɛnə ʃˈabəs iz dɛr nˈiamʦər ruv avˈɛk fin də vɛlt. mˈuʦə ʃˈabəs iz ʃɔjn ɡəvˈejn zaːn lˈɔjə. rabˈɔjsaj, lˈɔmir traxtn, vɛn niʃt də ɡlaːx iz jˈɛnə frɔj un aɡˈinə.
141_163718_0473|וועגן די יא גלייך, איז דא דורות פון יענעם פרוי, עד היום הזה איז דא דורות פון א פרוי פון א החלטה פון טון גלייך, די סעקונדע.|vejɡn də ju ɡlaːx, iz du dˈɔjrɔjs fin jˈɛnəm frɔj, ɛd hˈaːəm hˈazə iz du dˈɔjrɔjs fin a frɔj fin a hˈixltə fin tin ɡlaːx, də sˈɛkində.
141_163718_0474|על כל פנים, רבותי, לאמיר קענען ארייננעמען אין דעם שבת מברכים אלול די נקודה. אונז אלע האבן חלומות, מ'גייט תשובה טון, מ'גייט...|al kɔl pˈunəm, rabˈɔjsaj, lˈɔmir kˈɛnən arˈaːnnəmən in dejm ʃˈabəs mbrxim ˈɛləl də nəkˈidə. inz ˈalə hubn xlˈimis, mɡajt ʧˈivə tin, mɡajt
141_163718_0475|געגאנגען, טו עפעס, טו עפעס, נישט קיין גרויסע זאכן, אבער טו, טו, גלייך שוין אריין, ער איז געגאנגען טון.|ɡəɡˈanɡən, ti ˈɛpəs, ti ˈɛpəs, niʃt kan ɡrˈɔjsə zaxn, ˈɔbər ti, ti, ɡlaːx ʃɔjn arˈaːn, ɛr iz ɡəɡˈanɡən tin.
141_163718_0478|לאמיר אלע זוכה זיין טאקע צו א לעכטיגע שבת, און צו א שבת מברכים.|lˈɔmir ˈalə zˈixə zaːn tˈakə ʦi a lˈɛxtiɡə ʃˈabəs, in ʦi a ʃˈabəs mbrxim.
141_163718_0479|דער אייבערשטער זאל העלפן אז דער חודש וואס קומט אריין זאל טאקע זיין מיט די אלע זאכן וואס מ'בעט ביי יחד שאיר, ס'זאל זיין לפרנסה, לכלכלה, לחיים טובים, לשמועות טובות, בשורות טובות, גאולה קרובים, זוכה זיין צו אלע השפעות טובות און כל טוב ומיטיב.|dɛr ˈajbərʃtər zul hɛlfn az dɛr xˈɔjdəʃ vus kimt arˈaːn zul tˈakə zaːn mit də ˈalə zaxn vus mbɛt baː jˈaxad ʃaːr, szul zaːn lfarnˈusə, lxlxlə, ləxˈajim tˈibim, ləʃmiˈɛɔjs tˈɔjvɔjs, bsˈɔjrɔjs tˈɔjvɔjs, ɡˈulə krˈibim, zˈixə zaːn ʦi ˈalə haʃpˈuɔjs tˈɔjvɔjs in kɔl tɔjv ˈimitib.
173_166271_0000|א גוטן, טייערע חברים וידידים. מיר האלטן בסיעתא דשמיא פרשת נצבים-וילך.|a ɡitn, tˈaːjərə xˈavajrim ˈɔjdidim. mir haltn bisjˈatu dʃmˈia pˈarʃis niʦˈuvim vaˈajiləx.
173_166271_0004|און באמת, אונז האבן זיך שוין ממש שמח ונראה צו די גרויסע ימי רחמים והסליחות, אונז זענען שוין ממש אין די טעג.|in bəˈɛməs, inz hubn zix ʃɔjn mˈamiʃ sumˈajxa ˈinra ʦi də ɡrˈɔjsə jˈɛmaj raxˈamim ˈislixis, inz zˈɛnən ʃɔjn mˈamiʃ in də tejɡ.
173_166271_0006|וואס איז די טיפקייט? וואס איז די פשטות? וואס לערנט אונז עס? וואס דארף מען זיך דא? וואס איז אונזער עבודה?|vus iz də tˈifkaːt ? vus iz də pˈaʃtis ? vus lirnt inz ɛs ? vus daf mɛn zix du ? vus iz ˈinzər avˈɔjdə ?
173_166271_0007|לאמיר זיך בעזרת השם פרובירן אביסל זיך פארטיפן און זיך אויפפרישן, און זיך אריינלייגן אין די יום טוב'דיגע לופט, אין די יום טוב'דיגע מצב, מקבל זיין די יום טוב ריכטיג, זיך אביסל פרובירן גרייטן בסיעתא דשמיא.|lˈɔmir zix bˈɛzras haʃˈɛm prˈibirn abˈisl zix fartˈifn in zix ˈɔjfriʃn, in zix arˈaːnlajɡn in də jɔjm tˈibdiɡə lift, in də jɔjm tˈibdiɡə mˈaʦəv, mkˈabajl zaːn də jɔjm tɔjv rˈixtiɡ, zix abˈisl prˈibirn ɡrajtn bisjˈatu dʃmˈia.
173_166271_0009|משה רבינו איז געגאנגען. פרעגט זיך, וואו איז משה רבינו געגאנגען? וואו?|mˈɔjʃə rbˈini iz ɡəɡˈanɡən. frɛɡt zix, vi iz mˈɔjʃə rbˈini ɡəɡˈanɡən ? vi ?
173_166271_0010|מ'האלט דאך דא "אַתֶּם נִצָּבִים", אלע אידישע קינדערלעך זענען געווען צוזאמען, ס'איז געווען א מעמד אדיר, מ'קען זיך נישט פארשטעלן, אלע אידישע קינדערלעך, יעדער, איז געווען צוזאמען.|mhalt dɔx du a tuf mɛm nin ʦˈadək ba jam ˈalə jˈidiʃə kˈindərləx zˈɛnən ɡəvˈejn ʦizˈamən, siz ɡəvˈejn a mˈaːməd ˈadir, mˈɛkən zix niʃt farʃtˈɛln, ˈalə jˈidiʃə kˈindərləx, jˈɛdər, iz ɡəvˈejn ʦizˈamən.
173_166271_0011|און פארשטייט זיך, דער מעמד ענדיגט זיך, יעדער צוגייט זיך.|in farʃtˈajt zix, dɛr mˈaːməd ˈɛndiɡt zix, jˈɛdər ʦˈiɡajt zix.
173_166271_0013|קומט דער הייליגער רמב"ן, און דער רמב"ן זאגט דא דברים נפלאים. און ס'איז כדאי אריינצוקוקן, ווען מ'זעט עס גלייבט זיך נישט פאר די אויגן וואס דער הייליגער רמב"ן זאגט.|kimt dɛr hˈajliɡər rˈamban, in dɛr rˈamban zuɡt du dvˈurim nflaːm. in siz kˈɛdaː arˈaːnʦikikn, vɛn mzejt ɛs ɡlaːbt zix niʃt far də ɔjɡn vus dɛr hˈajliɡər rˈamban zuɡt.
173_166271_0015|וואס מיינט "וַיֵּלֶךְ"? משה רבינו איז געגאנגען פון די מחנה לויה צו די מחנה ישראל.|vus majnt i jid lˈaməd kɔj mˈɔjʃə rbˈini iz ɡəɡˈanɡən fin də maxanˈajə lˈɔjə ʦi də maxanˈajə jisrˈuəl.
173_166271_0016|די נעקסטע ווארט איז "לכבדם", צו געבן כבוד פאר די אידישע קינדערלעך, זיי מכבד צו זיין.|də nˈɛkstə vɔrt iz lxbdm ʦi ɡejbn kˈuvəd far də jˈidiʃə kˈindərləx, zaj mxˈabajd ʦi zaːn.
173_166271_0018|דער רבי פון כלל ישראל, ס'איז אריבער מיט כלל ישראל אזויפיל, די גאנצע השתלשלות, די גאנצע, די מדבר, מעשה נאך מעשה, סיפור נאך סיפור,|dɛr rˈɛbə fin klal jisrˈuəl, siz arˈibər mit klal jisrˈuəl ˈazɔjfil, də ɡˈanʦə hiʃtˈalʃlis, də ɡˈanʦə, də mədˈabajr, mˈaːsə nux mˈaːsə, sˈipər nux sˈipər,
173_166271_0019|ווי אונזער רבי האט זיך מוסר נפש געווען פאר אידישע קינדערלעך. מ'האלט דא אין די לעצטע טעג,|vi ˈinzər rˈɛbə hut zix misr nˈejfiʃ ɡəvˈejn far jˈidiʃə kˈindərləx. mhalt du in də lˈɛʦtə tejɡ,
173_166271_0020|די לעצטע שעות מסתמא, על כל פנים פון אונזער הייליגן רבי'ס לעבן. די תורה האלט שוין כמעט ביים סוף. משה רבינו גייט,|də lˈɛʦtə ʃˈuəs mˈistamə, al kɔl pˈunəm fin ˈinzər hˈajliɡn rbis lejbn. də tˈɔjrə halt ʃɔjn kəmˈat bam sɔf. mˈɔjʃə rbˈini ɡajt,
173_166271_0021|וואו גייט משה רבינו? ער גייט צו די אידישע קינדערלעך זיי מכבד צו זיין,|vi ɡajt mˈɔjʃə rbˈini ? ɛr ɡajt ʦi də jˈidiʃə kˈindərləx zaj mxˈabajd ʦi zaːn,
173_166271_0022|אזויווי א מענטש וואס וויל זיך געזעגענען און נעמען רשות.|ˈazɔjvi a mɛnʧ vus vil zix ɡəzˈɛɡənən in nˈɛmən rʃis.
173_166271_0023|משה רבינו, דער רבי פון כלל ישראל, דארף גיין צו די אידישע קינדערלעך? מיר זענען דאך יעצט געווען צוזאמען. נו, סוף פון דעם מעמד האט משה רבינו געקענט אפילו, לאמיר זאגן מ'דארף זאגן עפעס,|mˈɔjʃə rbˈini, dɛr rˈɛbə fin klal jisrˈuəl, daf ɡajn ʦi də jˈidiʃə kˈindərləx ? mir zˈɛnən dɔx jɛʦt ɡəvˈejn ʦizˈamən. ni, sɔf fin dejm mˈaːməd hut mˈɔjʃə rbˈini ɡəkˈɛnt afˈilə, lˈɔmir zuɡn mdaf zuɡn ˈɛpəs,
173_166271_0024|מ'קען זאגן אפאר ווערטער, גיין צו די אידישע קינדערלעך זיי מכבד צו זיין? אונז האבן מיר א חיוב מכבד צו זיין א רבי. אונזער רבי האט אזא פלאץ.|mˈɛkən zuɡn apˈur vˈɛrtər, ɡajn ʦi də jˈidiʃə kˈindərləx zaj mxˈabajd ʦi zaːn ? inz hubn mir a xˈiəv mxˈabajd ʦi zaːn a rˈɛbə. ˈinzər rˈɛbə hut azˈa plaːʦ.
173_166271_0025|וואו איז דער מקור אויף דעם? אז משה רבינו, דער רבי פון כלל ישראל, האט דאס געטון, איז דאך דא ערגעץ וואו עפעס ווייזט ער אונז, עפעס לערנט ער אונז.|vi iz dɛr mˈukər oʊf dejm ? az mˈɔjʃə rbˈini, dɛr rˈɛbə fin klal jisrˈuəl, hut dus ɡətˈin, iz dɔx du ˈɛrɡəʦ vi ˈɛpəs vajzt ɛr inz, ˈɛpəs lirnt ɛr inz.
173_166271_0026|לאמיר זיך פארטיפן, און וואו איז דער מקור אויף דעם אז מ'דארף זיך אזוי פירן?|lˈɔmir zix fartˈifn, in vi iz dɛr mˈukər oʊf dejm az mdaf zix azˈɔj firn ?
173_166271_0027|מ'וועט זיך אריינטון דא, און מ'וועט זען דא ליגט א דבר נפלא און א יסוד ממש פאר אונזער טעגליכע לעבן פון א יוד, און בפרט אין די יעצטיגע זמן.|mvɛt zix arˈaːntin du, in mvɛt zejn du liɡt a dˈuvur nfla in a jˈɛsud mˈamiʃ far ˈinzər tˈɛɡləxə lejbn fin a jid, in bfˈɛrət in də jˈɛʦtiɡə zman.
173_166271_0028|לאמיר זיך באמת אריינטון, וואס ס'איז באמת א שטארקע שאלה. וילך משה, פארוואס איז משה רבינו געגאנגען צו די יודישע קינדערלעך זיי מכבד זיין?|lˈɔmir zix bəˈɛməs arˈaːntin, vus siz bəˈɛməs a ʃtˈarkə ʃˈaːlə. vaˈajiləx mˈɔjʃə, farvˈus iz mˈɔjʃə rbˈini ɡəɡˈanɡən ʦi də jˈidiʃə kˈindərləx zaj mxˈabajd zaːn ?
173_166271_0029|פארוואס?|farvˈus ?
173_166271_0030|און צום לעצטן וועלן מיר נאר פרעגן אזא בדרך צחות שאלה. אונז ווייסן מיר אז פרשת נצבים וילך גייט צוזאמען, יא, צוויי פרשיות גייען צוזאמען. יעצט, נצבים איז א לשון פון שטיין,|in ʦim lɛʦtn vɛln mir nɔr frɛɡn azˈa bˈɛdərəx ʦˈuxɔjs ʃˈaːlə. inz vajsn mir az pˈarʃis niʦˈuvim vaˈajiləx ɡajt ʦizˈamən, ju, ʦvaj puruʃˈijɔjs ɡˈajən ʦizˈamən. jɛʦt, niʦˈuvim iz a luʃn fin ʃtajn,
173_166271_0031|וילך איז א לשון פון גיין, ס'איז כמעט א דבר והיפוכו, ס'איז פארקערטע זאכן, שטיין אדער גיין.|vaˈajiləx iz a luʃn fin ɡajn, siz kəmˈat a dˈuvur ˈihifixi, siz farkˈɛrtə zaxn, ʃtajn ˈɔdər ɡajn.
173_166271_0032|איז לאמיר זיך אין דעם אויך פארטיפן בסיעתא דשמיא, וויאזוי גייען די צוויי יסודות צוזאמען? און לאמיר דערהערן א יסוד און א הכנה צו די קומענדיגע גרויסע טעג וואס קומט אויף אונז. נאר אריינצוגיין אינעם שמועס בעזרת השם,|iz lˈɔmir zix in dejm ɔjx fartˈifn bisjˈatu dʃmˈia, vizˈɔj ɡˈajən də ʦvaj jsˈɔjdɔjs ʦizˈamən ? in lˈɔmir dərhˈirn a jˈɛsud in a hakˈanə ʦi də kˈiməndiɡə ɡrˈɔjsə tejɡ vus kimt oʊf inz. nɔr arˈaːnʦiɡajn ˈinəm ʃmˈiəs bˈɛzras haʃˈɛm,
173_166271_0033|וועלן מיר איבערזאגן|vɛln mir ˈibərzuɡn
173_166271_0036|זאגט ער, אמאל איז געווען - דער משל גייט ארויף אויף אמאל'יגע צייטן, ס'איז זיבעציג, אכציג יאר צוריק אין אמעריקע, איז געווען א פאר פאלק וואס האט חתונה געמאכט א קינד אויף ארץ ישראל.|zuɡt ɛr, amˈul iz ɡəvˈejn dɛr mɔʃl ɡajt arˈoʊf oʊf ˈamaliɡə ʦaːtn, siz zˈibəʦiɡ, ˈaxʦiɡ jur ʦirˈik in amˈɛrikə, iz ɡəvˈejn a far falk vus hut xˈasənə ɡəmˈaxt a kind oʊf ˈɛrəʦ jisrˈuəl.
173_166271_0037|די קינדער זענען געגאנגען וואוינען אויף ארץ ישראל. בימים ההם האט מען נישט געקענט פארן און קומען און גיין, ס'איז נישט געווען. אויך כמעט נישט געווען שייך אפילו צו שיקן בילדער מיט זאכן.|də kˈindər zˈɛnən ɡəɡˈanɡən vˈɔjnən oʊf ˈɛrəʦ jisrˈuəl. bˈimim hˈuhajm hut mɛn niʃt ɡəkˈɛnt farn in kˈimən in ɡajn, siz niʃt ɡəvˈejn. ɔjx kəmˈat niʃt ɡəvˈejn ʃˈaːəx afˈilə ʦi ʃikn bˈildər mit zaxn.
173_166271_0038|קוים קוים איז אנגעקומען עפעס א שווארץ און ווייס בילד, מ'האט נישט געהאט קיין זאך שייכות, עפעס א בריוו, א טעלעגראם.|kɔjm kɔjm iz ˈunɡəkimən ˈɛpəs a ʃvarʦ in vajs bild, mhut niʃt ɡəhˈat kan zax ʃˈajjxus, ˈɛpəs a briv, a tˈɛləɡram.
173_166271_0039|בקיצור, זיי האבן געשיקט א קינד, און זיי האבן באקומען גריסן.|bˈɛkiʦər, zaj hubn ɡəʃˈikt a kind, in zaj hubn bakˈimən ɡrisn.
173_166271_0040|מ'איז געוואויר געווארן אז דער קינד שטייגט אוועק אין לערנען, און ער הארעוועט, און ער וואקסט, און ער ריקט זיך, און בלי עין הרע האט שוין זיין משפחה וואקסט, ער האט שוין איין קינד, ער האט שוין נאך א קינד.|miz ɡəvˈɔjr ɡəvˈɔrn az dɛr kind ʃtajɡt avˈɛk in lˈirnən, in ɛr hˈarəvət, in ɛr vakst, in ɛr rikt zix, in bli ˈaːən hrə hut ʃɔjn zaːn miʃpˈuxə vakst, ɛr hut ʃɔjn ajn kind, ɛr hut ʃɔjn nux a kind.
173_166271_0041|דא דארט איז מען געוואויר געווארן די אלע גוטע בשורות.|du dɔrt iz mɛn ɡəvˈɔjr ɡəvˈɔrn də ˈalə ɡˈitə bsˈɔjrɔjs.
173_166271_0042|למעשה, קיין געלט איז נישט געווען, מ'האט נישט געקענט פארן און קומען. און סתם אזוי, פארן איז געווען אן עבודה פון אפאר וואכן, מ'האט געדארפט נעמען א שיף, ס'איז זיך נישט אזוי געפלויגן און געקומען.|ləmˈaːsə, kan ɡɛlt iz niʃt ɡəvˈejn, mhut niʃt ɡəkˈɛnt farn in kˈimən. in stam azˈɔj, farn iz ɡəvˈejn un avˈɔjdə fin apˈur vɔxn, mhut ɡədˈarft nˈɛmən a ʃif, siz zix niʃt azˈɔj ɡəflˈɔjɡn in ɡəkˈimən.
173_166271_0043|בקיצור, ס'גייט דורך יארן, יארן, יארן.|bˈɛkiʦər, sɡajt dˈɔrəx jurn, jurn, jurn.
173_166271_0044|און דער טאטע האט זיך צוזאמגעזאמלט פרוטה לפרוטה, ביז ענדליך ער איז אנגעקומען צו אזעלכע געגועים, אזעלכע רצונות, און אזעלכע חשקות, ער מוז פארן זען זיין זון.|in dɛr tˈatə hut zix ʦˈizamɡəzamlt prˈitə lfrˈitə, biz ˈɛndləx ɛr iz ˈunɡəkimən ʦi azˈɛlxə ɡəɡˈiajm, azˈɛlxə rʦˈɔjnɔjs, in azˈɛlxə xʃkis, ɛr miz farn zejn zaːn zin.
173_166271_0045|בקיצור, מ'פאנגט זיך אן גרייטן אויף אזא נסיעה, מ'פאקט זיך צוזאם, מ'האט איינגעקויפט מתנות טובות מיט השפעות, און די מתנות טובות וואס יעדע קינד דארף, און יעדע עלטער.|bˈɛkiʦər, mfanɡt zix un ɡrajtn oʊf azˈa nəsˈiə, mpakt zix ʦˈizam, mhut ˈajnɡəkɔjft matˈunɔjs tˈɔjvɔjs mit haʃpˈuɔjs, in də matˈunɔjs tˈɔjvɔjs vus jˈɛdə kind daf, in jˈɛdə ˈɛltər.
173_166271_0046|און דער טאטע האט אויך צוזאמגענומען א גרויס חלק פון זיין פארמעגן. קיצור, כל טוב וטוב, מ'פאקט אפאר רענצלעך, מ'גייט צום שיף, מ'לאזט זיך ארויס אויפ'ן וועג.|in dɛr tˈatə hut ɔjx ʦˈizamɡənimən a ɡrɔjs xˈajlək fin zaːn farmˈɛɡn. kˈiʦər, kɔl tɔjv ˈitib, mpakt apˈur rˈɛnʦləx, mɡajt ʦim ʃif, mlɔzt zix arˈoʊs afn vejɡ.
173_166271_0047|און פארשטייט זיך, פאר מ'האט זיך ארויסגעלאזט, האט שוין די האלבע שטאט דא געוואוסט אז מ'פארט ארויס קיין ארץ ישראל באזוכנדיג.|in farʃtˈajt zix, far mhut zix arˈoʊzɡəlɔzt, hut ʃɔjn də hˈalbə ʃtut du ɡəvˈist az mfɔrt arˈoʊs kan ˈɛrəʦ jisrˈuəl bazˈixndiɡ.
173_166271_0048|יעדער אין בית המדרש האט שוין געפרעגט, "ווען פארסטו? מארגן? אה, מארגן..." די שמחה איז געווען עד אין לשער, מ'קען עס אפילו נישט משיג זיין.|jˈɛdər in bajs hamˈidruʃ hut ʃɔjn ɡəfrˈɛɡt, vɛn farstˈi ? mɔrɡn ? a, mɔrɡn də sˈimxə iz ɡəvˈejn ɛd in lʃɛr, mˈɛkən ɛs afˈilə niʃt mʃiɡ zaːn.
173_166271_0050|ער קומט אן אין עירפארט, נישט אין עירפארט, ער קומט אן דא ביי די שיף, וואו די שיפן קומען אן ביי די פארטן.|ɛr kimt un in ˈajrfart, niʃt in ˈajrfart, ɛr kimt un du baː də ʃif, vi də ʃifn kˈimən un baː də fartn.
173_166271_0051|ער קומט אראפ פון שיף, און ער פאנגט אן קוקן רעכטס און לינקס, און ער איז זיכער אז דא שטייט זיין זון מיט אלע זיינע קינדערלעך. וואין קול ואין עונה.|ɛr kimt arˈup fin ʃif, in ɛr fanɡt un kikn rɛxʦ in links, in ɛr iz zˈixər az du ʃtajt zaːn zin mit ˈalə zˈaːnə kˈindərləx. vaːn kul ˈiaːn ˈinə.
173_166271_0052|אפשר האבן זיי נישט געקענט אריינקומען? בקיצור, ער קומט ארויס מיט זיינע רענצלעך, ער זוכט, וואו איז מיין זון? ער איז נישט דא?|ˈɛfʃir hubn zaj niʃt ɡəkˈɛnt arˈaːnkimən ? bˈɛkiʦər, ɛr kimt arˈoʊs mit zˈaːnə rˈɛnʦləx, ɛr zixt, vi iz maːn zin ? ɛr iz niʃt du ?
173_166271_0053|טראכט ער, אפשר האט ער געמאכט א טעות, אפשר עפעס... פיין, ער האט נישט קיין ברירה.|traxt ɛr, ˈɛfʃir hut ɛr ɡəmˈaxt a tˈuəs, ˈɛfʃir ˈɛpəs faːn, ɛr hut niʃt kan brˈajrə.
173_166271_0054|ער קומט אן קיין ירושלים, ער קומט אן אויף די גאס, ער האט געהאפט אפשר דא איז עפעס לעמפלעך, עפעס א סיין, עפעס א טאוול, איינער ווארט אים... גארנישט!|ɛr kimt un kan jəruʃulˈajim, ɛr kimt un oʊf də ɡaːs, ɛr hut ɡəhˈaft ˈɛfʃir du iz ˈɛpəs lˈɛmfləx, ˈɛpəs a sajn, ˈɛpəs a tavl, ˈajnər vɔrt ejm ɡˈurniʃt !
173_166271_0055|ס'איז פארטאגס, אלעס שלאפט. בקיצור, ער קומט אן צום בנין וואו מ'האט אים געזאגט אז דא וואוינט זיין זון.|siz fartˈaɡs, ˈaləs ʃluft. bˈɛkiʦər, ɛr kimt un ʦim bˈiniən vi mhut ejm ɡəzˈuɡt az du vɔjnt zaːn zin.
173_166271_0056|ער קומט אן, האט ער געהאפט אויף די טיר עפעס א סימן, א גארנישט, אלעס שלאפט. בקיצור, ער טראכט אז אפשר האבן זיי געמאכט א טעות, אפשר נישט.|ɛr kimt un, hut ɛr ɡəhˈaft oʊf də tir ˈɛpəs a sˈimən, a ɡˈurniʃt, ˈaləs ʃluft. bˈɛkiʦər, ɛr traxt az ˈɛfʃir hubn zaj ɡəmˈaxt a tˈuəs, ˈɛfʃir niʃt.
173_166271_0057|ער קלאפט אויפ'ן טיר, גארנישט. נאך א לאנגע צייט קלאפן, מאכט זיך אויף די טיר אפאר אינטשעס.|ɛr klapt afn tir, ɡˈurniʃt. nux a lˈanɡə ʦaːt klapn, maxt zix oʊf də tir apˈur ˈinʧəs.
173_166271_0058|זיין זון מאכט אויף די טיר מיט אזעלכע שלאף-קליידער, אזוי מיט פארקלעבטע אויגן, ער זאגט, "שלום עליכם, וועק נישט אויף קיינעם, דער עולם שלאפט דא."|zaːn zin maxt oʊf də tir mit azˈɛlxə ʃluf klˈajdər, azˈɔj mit farklˈɛbtə ɔjɡn, ɛr zuɡt, ʃˈuləm ˈɛlixm, vɛk niʃt oʊf kˈajnəm, dɛr ˈɔjləm ʃluft du
173_166271_0059|ער זאגט, "מיין קינד, איך בין געקומען מיט מיינע רענצלעך, איך וויל דיך אזוי אויפנעמען, איך וויל דיך ארומהאלזן, איך וויל דיך..."|ɛr zuɡt, maːn kind, ix bin ɡəkˈimən mit mˈaːnə rˈɛnʦləx, ix vil dix azˈɔj ˈoʊfnəmən, ix vil dix arˈimhalzn, ix vil dix
173_166271_0060|ער זאגט, "ששש... ס'איז נאכנישט די ריכטיגע צייט, דער עולם שלאפט נאך, לאמיר ווארטן ביז פארטאגס." "אבער לאמיר כאטשיג אריינקומען."|ɛr zuɡt, ʃˈɔjʃɔjʃ siz nˈuxniʃt də rˈixtiɡə ʦaːt, dɛr ˈɔjləm ʃluft nux, lˈɔmir vartn biz fartˈaɡs ˈɔbər lˈɔmir xˈaʧiɡ arˈaːnkimən
173_166271_0061|זאגט ער, "נאכדעם, אראפ די גאס איז דא עפעס א האטעל, דארט קען מען זיך איינשטיין אביסל, מ'וועט זען נאכמיטאג, מ'וועט זיך קומען באזוכן געהעריג, מ'קען נישט יעצט עפעס אזוי."|zuɡt ɛr, nuxdˈejm, arˈup də ɡaːs iz du ˈɛpəs a hˈatəl, dɔrt kɛn mɛn zix ˈaːnʃtajn abˈisl, mvɛt zejn nˈaxmitaɡ, mvɛt zix kˈimən bazˈixn ɡəhˈɛriɡ, mˈɛkən niʃt jɛʦt ˈɛpəs azˈɔj
173_166271_0062|און ער מאכט צו די טיר.|in ɛr maxt ʦi də tir.
173_166271_0063|זאגט דער גרויסער מגיד, מ'קען זיך נישט פארשטעלן די צער פון דעם טאטן. וואס הייסט? איך בין געקומען מיט אזעלכע געגועים, מיט אזויפיל מתנות.|zuɡt dɛr ɡrˈɔjsər mˈaɡəd, mˈɛkən zix niʃt farʃtˈɛln də ʦar fin dejm tatn. vus hajst ? ix bin ɡəkˈimən mit azˈɛlxə ɡəɡˈiajm, mit ˈazɔjfil matˈunɔjs.
173_166271_0064|אזוי? אקעי, ער ווייסט נישט וויאזוי מ'לערנט עס אפ, ער דרייט זיך ארום מיט עפעס אזא צעבראכן הארץ, מיט אראפגעלאזטע קאפ.|azˈɔj ? ˈɔkaj, ɛr vajst niʃt vizˈɔj mlirnt ɛs ɔp, ɛr drajt zix arˈim mit ˈɛpəs azˈa ʦəbrˈaxn harʦ, mit arˈupɡəlaztə kɔp.
173_166271_0065|ער טראכט ער, "אקעי, איך ווייס נישט, אפשר גאר וויל ער מיך נישט, אפשר וויל ער מיך..." און ער לייגט אזוי אראפ ווי דער איד גייט,|ɛr traxt ɛr, ˈɔkaj, ix vajs niʃt, ˈɛfʃir ɡur vil ɛr mix niʃt, ˈɛfʃir vil ɛr mix in ɛr lajɡt azˈɔj arˈup vi dɛr jid ɡajt,
173_166271_0066|ער לאזט איבער זיינע רענצלעך דארט אין האטעל, און ער נעמט א וועג אויף צוריק, און ער פאנגט אן גיין אויף צוריק. און ווען דער זון איז אנגעקומען אין האטעל,|ɛr lɔzt ˈibər zˈaːnə rˈɛnʦləx dɔrt in hˈatəl, in ɛr nɛmt a vejɡ oʊf ʦirˈik, in ɛr fanɡt un ɡajn oʊf ʦirˈik. in vɛn dɛr zin iz ˈunɡəkimən in hˈatəl,
173_166271_0067|ווערט ער געוואויר אז דער טאטע האט זיך געלאזט אויפ'ן וועג צוריק, און נאכדעם דארף מען שוין נאכלויפן, ס'איז שוין א גאנץ אן אנדערע בחינה.|virt ɛr ɡəvˈɔjr az dɛr tˈatə hut zix ɡəlˈɔzt afn vejɡ ʦirˈik, in nuxdˈejm daf mɛn ʃɔjn nˈaxlɔjfn, siz ʃɔjn a ɡanʦ un ˈandərə bxˈinə.
173_166271_0068|האט דער גרויסער גאון און מגיד ארויסגעברענגט, "קול דודי דופק", ס'קומט די טעג פון אלול, און אסאך פון אונז, לאמיר זיין אמת'דיג, מאכט זיך אזויפיל מאל.|hut dɛr ɡrˈɔjsər ɡˈuən in mˈaɡəd arˈoʊzɡəbrənɡt, kul dˈidi dˈɔjfək skimt də tejɡ fin ˈɛləl, in ˈasax fin inz, lˈɔmir zaːn ˈɛməzdiɡ, maxt zix ˈazɔjfil mul.
173_166271_0069|אונז האבן מיר אזא געפיל ווי ס'קומען אזעלכע שווערע טעג, העווי טעג ווי מ'רופט עס,|inz hubn mir azˈa ɡəfˈil vi skˈimən azˈɛlxə ʃvˈɛrə tejɡ, hˈɛvi tejɡ vi mrift ɛs,
173_166271_0070|אדער אזעלכע טעג וואס ברענגט א פחד און א עול און א משא. ס'איז דא אמאל א געפיל, מ'טאר עס נישט ארויסזאגן, באט לאמיר רעדן דערפון,|ˈɔdər azˈɛlxə tejɡ vus brɛnɡt a pˈaxad in a ul in a mˈasə. siz du amˈul a ɡəfˈil, mtur ɛs niʃt arˈoʊzuɡn, bat lˈɔmir rɛdn dərfˈin,
173_166271_0071|אמאל אזוי ווי איך האב זיך געוואלט אויפוועקן אזוי ווי מ'האלט שוין אזוי יעדער איינער האט זיך זיין צייט, ווען ער וויל זיך אויפוועקן, ווענדט זיך ווי ער איז סוכות, איינער וויל זיך אויפוועקן אזוי ווי נאך יום כיפור,|amˈul azˈɔj vi ix hub zix ɡəvˈɔlt ˈɔjfvəkn azˈɔj vi mhalt ʃɔjn azˈɔj jˈɛdər ˈajnər hut zix zaːn ʦaːt, vɛn ɛr vil zix ˈɔjfvəkn, vɛndt zix vi ɛr iz sˈikəs, ˈajnər vil zix ˈɔjfvəkn azˈɔj vi nux jɔjm xifˈir,
173_166271_0072|איינער וויל גאר ווארטן נאך שפעטער, אבער יעדער האט עפעס אזא געפיל אז ס'זאל שוין אריבערגיין.|ˈajnər vil ɡur vartn nux ʃpˈejtər, ˈɔbər jˈɛdər hut ˈɛpəs azˈa ɡəfˈil az szul ʃɔjn arˈibərɡajn.
173_166271_0073|האט ער ארויסגעברענגט ווען א מענטש פארשטייט אז דער הייליגער באשעפער קומט מיט אזעלכע געגועים, מיט אזעלכע אנגעפילטע רענצלעך,|hut ɛr arˈoʊzɡəbrənɡt vɛn a mɛnʧ farʃtˈajt az dɛr hˈajliɡər baʃˈɛfər kimt mit azˈɛlxə ɡəɡˈiajm, mit azˈɛlxə ˈanɡəfiltə rˈɛnʦləx,
173_166271_0074|מיט שפע און השפעות, מיט ליכטיגקייטן, מיט אלע מתנות טובות וואס דו, מיין קינד, ווארטסט פאר, דאס איז וואס דו דארפסט.|mit ʃˈɛfə in haʃpˈuɔjs, mit lˈixtiɡkaːtn, mit ˈalə matˈunɔjs tˈɔjvɔjs vus di, maːn kind, varʦt far, dus iz vus di darfst.
173_166271_0075|די רבונו של עולם און די פמליא של מעלה קוקן ארויף, ס'קומט א זמן, מ'פארט, מ'גייט זיך טרעפן מיט כלל ישראל, מ'גייט זיך איבערבעטן, מ'גייט מחזק זיין אונזער קשר,|də rbˈini ʃɛl ˈɔjləm in də pamalˈiə ʃɛl mˈaːlə kikn arˈoʊf, skimt a zman, mfɔrt, mɡajt zix trɛfn mit klal jisrˈuəl, mɡajt zix ˈibərbejtn, mɡajt mxˈazajk zaːn ˈinzər kˈɛʃər,
173_166271_0076|אונז גיימיר ווערן נענטער, מער דערהויבן, מער לעכטיג. אבער נאכדעם קומט אן דער זמן, און דער יצר גייט אזא רוק אריין די אלע מיני געפילן,|inz ɡajmˈir virn nˈɛntər, mɛr dərhˈɔjbn, mɛr lˈɛxtiɡ. ˈɔbər nuxdˈejm kimt un dɛr zman, in dɛr iʦr ɡajt azˈa rik arˈaːn də ˈalə mˈini ɡəfˈiln,
173_166271_0077|אז אמאל מאכט מען אונז אויף די טיר עפעס אזוי פארשלאפן, אזוי לאמיר ווארטן. בקיצור, נעקסטע וואך איז שוין סליחה? אה, אקעי, לאמיר ווארטן ביז די לעצטע סעקונדע, ביז די לעצטע מינוט,|az amˈul maxt mɛn inz oʊf də tir ˈɛpəs azˈɔj farʃlˈufn, azˈɔj lˈɔmir vartn. bˈɛkiʦər, nˈɛkstə vɔx iz ʃɔjn slˈixə ? a, ˈɔkaj, lˈɔmir vartn biz də lˈɛʦtə sˈɛkində, biz də lˈɛʦtə minˈit,
173_166271_0078|נאכדעם דארף מען שוין נאכלויפן עפעס. ס'איז אזוי נישט כדאי! ס'איז אזוי כדאי זיך צו געבן א שטעל אוועק און פרעגן וואסערע טעג קומען אויף אונז?|nuxdˈejm daf mɛn ʃɔjn nˈaxlɔjfn ˈɛpəs. siz azˈɔj niʃt kˈɛdaː ! siz azˈɔj kˈɛdaː zix ʦi ɡejbn a ʃtɛl avˈɛk in frɛɡn vˈasərə tejɡ kˈimən oʊf inz ?
173_166271_0079|וואס איז מיין עבודה? וואס שטרעקט דער אייבערשטער אויס פאר מיר, און וואס שטרעק איך אויס אויף צוריק?|vus iz maːn avˈɔjdə ? vus ʃtrɛkt dɛr ˈajbərʃtər oʊs far mir, in vus ʃtrɛk ix oʊs oʊf ʦirˈik ?
173_166271_0080|מ'זאל זיך פארשטעלן א מחזור ווען א קינד שטייט אזוי. איך האב קיינמאל נישט פארגעסן דאס. איך בין אמאל געווען אין א תפיסה,|mzul zix farʃtˈɛln a mˈaxzər vɛn a kind ʃtajt azˈɔj. ix hub kˈajnmul niʃt faːrɡˈɛsn dus. ix bin amˈul ɡəvˈejn in a tfˈisə,
173_166271_0081|און דארט אין דעם תפיסה איז דא א שטארקע ערנסטע פריזן. און דארט לאזט מען נישט זיך צורירן.|in dɔrt in dejm tfˈisə iz du a ʃtˈarkə ˈɛrnstə frizn. in dɔrt lɔzt mɛn niʃt zix ʦˈirirn.
173_166271_0082|טאטעס מיט קינדער, וויזיטארס, מ'טאר נישט צורירן ווען מ'קומט.|tˈatəs mit kˈindər, vˈizitars, mtur niʃt ʦˈirirn vɛn mkimt.
173_166271_0083|און איך געדענק איך בין אמאל געווען דארטן, ס'איז געווען דארט א קינד וואס האט אזוי שטארק געוואלט ארומנעמען זיין טאטן, אנרירן זיין טאטן.|in ix ɡədˈɛnk ix bin amˈul ɡəvˈejn dɔrtn, siz ɡəvˈejn dɔrt a kind vus hut azˈɔj ʃtark ɡəvˈɔlt arˈimnəmən zaːn tatn, ˈanrirn zaːn tatn.
173_166271_0084|און דארט איז געווען א גארד, ער האט א גאנצע צייט געמאכט זיכער, "אה אה אה, רוק דיך אוועק, רוק דיך אוועק." איך געדענק זיצן דארטן און ממש זען יסורי איוב.|in dɔrt iz ɡəvˈejn a ɡard, ɛr hut a ɡˈanʦə ʦaːt ɡəmˈaxt zˈixər, a a a, rik dix avˈɛk, rik dix avˈɛk ix ɡədˈɛnk ziʦn dɔrtn in mˈamiʃ zejn ˈisiri ˈiəv.
173_166271_0085|לאז איין מינוט זיך זיין טאטע, וואס פייניגסטו?|laz ajn minˈit zix zaːn tˈatə, vus fˈajniɡsti ?
173_166271_0087|און ערגעץ וואו קומט דער יצר, און ער לאזט נישט, "אה אה אה, ניין, נאך נישט, ווארט נאך א וואך." קיצור, ווארט ביז באלד, שפעטער, מארגן.|in ˈɛrɡəʦ vi kimt dɛr iʦr, in ɛr lɔzt niʃt, a a a, najn, nux niʃt, vɔrt nux a vɔx kˈiʦər, vɔrt biz bald, ʃpˈejtər, mɔrɡn.
173_166271_0088|ס'איז צו שטארק, צו לאנג, צו... אלע מיני סיבות פארוואס ס'ארבעט נישט וועגן נעכטן, וועגן מארגן. געדענקסטו זיך פון יענע יארן, אין דעם בית המדרש.|siz ʦi ʃtark, ʦi laːnɡ, ʦi ˈalə mˈini sˈibɔjs farvˈus sˈarbət niʃt vejɡn nɛxtn, vejɡn mɔrɡn. ɡədˈɛnksti zix fin jˈɛnə jurn, in dejm bajs hamˈidruʃ.
173_166271_0089|ס'איז אלעס תירוצים. געב דיך א שטעל אוועק, אלעס פיין און וואויל. וואס מיינט דער זמן פאר מיר? וואס איז מיין פלאן?|siz ˈaləs tirˈiʦim. ɡɛb dix a ʃtɛl avˈɛk, ˈaləs faːn in vɔjl. vus majnt dɛr zman far mir ? vus iz maːn plaːn ?
173_166271_0090|וויאזוי זע איך עס?|vizˈɔj zɛ ix ɛs ?
173_166271_0092|אלע פון אונז דרייען מיר זיך ארום מיט אזויפיל פעק און זעק, און אונז ווארטן מיר, מ'טוט אזויפיל השתדלות צו וואקסן, זיך צו ריקן, צו ווערן אויסגעוואשן, אראפלייגן די אלטע, מקבל זיין נייע מיט פרישקייט, דאס איז די זמן.|ˈalə fin inz drˈajən mir zix arˈim mit ˈazɔjfil pɛk in zɛk, in inz vartn mir, mtit ˈazɔjfil hiʃtˈadlis ʦi vaksn, zix ʦi rajkn, ʦi virn ˈoʊzɡəvaʃn, arˈuplajɡn də ˈaltə, mkˈabajl zaːn nˈaːjə mit frˈiʃkaːt, dus iz də zman.
173_166271_0093|דער טאטע איז דא, ער קלאפט אויפן טיר, "קול דודי דופק". וועלן מיר אויפמאכן די טיר מיט פיזשאמעס, מיט שלאף קליידער? ס'קוקט אזוי אויס אמאל.|dɛr tˈatə iz du, ɛr klapt afn tir, kul dˈidi dˈɔjfək vɛln mir ˈoʊfmaxn də tir mit fˈiʒaməs, mit ʃluf klˈajdər ? skikt azˈɔj oʊs amˈul.
173_166271_0094|און אויף דעם דארף מען כאפן וואו דער יצר פארדרייט אונז.|in oʊf dejm daf mɛn xapn vi dɛr iʦr fardrˈajt inz.
173_166271_0097|אט קומען די טעג וואס איך דאווען און איך האף און איך בעט פאר. ס'איז א גאנצע אנדערע חודש, ס'איז א גאנצע אנדערע זמן, ס'איז אן אנדערע גוסטע,|at kˈimən də tejɡ vus ix dˈavən in ix huf in ix bɛt far. siz a ɡˈanʦə ˈandərə xˈɔjdəʃ, siz a ɡˈanʦə ˈandərə zman, siz un ˈandərə ɡˈistə,
173_166271_0098|ס'איז אן אנדערע לופט, ס'איז אן אנדערע געפיל. דעמאלטס האט ער נישט מורא. יעצט, אוודאי איז דא א פחד אויכעט. פארשלאפן אזא זמן איז א פחד'יגע זאך.|siz un ˈandərə lift, siz un ˈandərə ɡəfˈil. dˈɛmalʦ hut ɛr niʃt mˈɔjrə. jɛʦt, avˈadə iz du a pˈaxad ˈɔjxət. farʃlˈufn azˈa zman iz a fxdˈiɡə zax.
173_166271_0099|ס'קען זיין א גרויסע ענין פון חוץ ממנו, ווי מיר האבן פריער גערעדט, אז דער טאטע קלאפט אויפ'ן טיר און מ'מאכט זיך נישט וויסנדיג, איז דא אין דעם א שרעקליכקייט, ווי מיר וועלן באלד זען אין די גמרא. אבער דער עיקר איז דער פארקערטער,|skɛn zaːn a ɡrˈɔjsə ˈinjən fin xiʦ mmni, vi mir hubn frˈiər ɡərˈɛt, az dɛr tˈatə klapt afn tir in mmaxt zix niʃt vˈisndiɡ, iz du in dejm a ʃrˈɛklixkaːt, vi mir vɛln bald zejn in də ɡəmˈurə. ˈɔbər dɛr ˈikər iz dɛr farkˈɛrtər,
173_166271_0100|דאס איז נאר א קליינער חלק, דער עיקר איז דער פארקערטער. דער טאטע קומט מיט רענצלעך, זעק און פעק, ער קומט דיר געבן השפעות,|dus iz nɔr a klˈajnər xˈajlək, dɛr ˈikər iz dɛr farkˈɛrtər. dɛr tˈatə kimt mit rˈɛnʦləx, zɛk in pɛk, ɛr kimt dir ɡejbn haʃpˈuɔjs,
173_166271_0101|ער קומט דיר ברענגען וואס דו בעטסט און ווארטסט און האפסט פאר. לאמיר אויפמאכן די טיר, לאמיר מקבל זיין, ברוכים הבאים.|ɛr kimt dir brˈejnɡən vus di bɛʦt in varʦt in hafst far. lˈɔmir ˈoʊfmaxn də tir, lˈɔmir mkˈabajl zaːn, brˈixim hbaːm.
173_166271_0102|ס'קומען די טעג, הנה ימים באים, ס'קומען טעג, און דאס דארף מען שפירן אין די לופט. נישט נאר פון די הכנות גשמיות, אויך פון די הכנות רוחניות,|skˈimən də tejɡ, hinˈajə ˈimim bajˈam, skˈimən tejɡ, in dus daf mɛn ʃpirn in də lift. niʃt nɔr fin də hakˈanɔjs ɡaʃmˈijus, ɔjx fin də hakˈanɔjs ruxənˈijus,
173_166271_0103|דאס דארפן די קינדערלעך שפירן.|dus daːfn də kˈindərləx ʃpirn.
173_166271_0104|ס'איז אוודאי דא פון איין זייט א יראת הכבוד, דער קעניג קומט, דער טאטע קומט אריין אין שטוב. אמאל א טאטע קומט באזוכן, נעמט מען צוזאם די הויז.|siz avˈadə du fin ajn zaːt a jˈiras hxbid, dɛr kˈɛniɡ kimt, dɛr tˈatə kimt arˈaːn in ʃtib. amˈul a tˈatə kimt bazˈixn, nɛmt mɛn ʦˈizam də hoʊz.
173_166271_0105|אוודאי איז דא די אלע חלקים אויכעט, מ'מאכט א חשבון וואו זענען מיר, וואו האלט מען, דער רבי קומט. אבער פון די אנדערע זייט, איז אויך דא א מורא'דיגע שמחה.|avˈadə iz du də ˈalə xalˈukim ˈɔjxət, mmaxt a xˈɛʃbɔjn vi zˈɛnən mir, vi halt mɛn, dɛr rˈɛbə kimt. ˈɔbər fin də ˈandərə zaːt, iz ɔjx du a mˈiradiɡə sˈimxə.
173_166271_0107|אדער וועל איך אויסשטרעקן מיין האנט און אריינפאלן אין די הענט פון אבינו שבשמים?|ˈɔdər vɛl ix ˈoʊsʃtrəkn maːn hant in arˈaːnfaln in də hɛnt fin ˈabini ʒbʃmim ?
173_166271_0108|אבער דער אמת איז, די מער אונז רעדן מיר פון דעם, מאכט זיך אויף דא אזא מין וועלט, אן אוצר ממש.|ˈɔbər dɛr ˈɛməs iz, də mɛr inz rɛdn mir fin dejm, maxt zix oʊf du azˈa min vɛlt, un ˈɔjʦər mˈamiʃ.
173_166271_0111|פון דארט וועל איך דיך, וואו דו וועסט זיין, נישט קיין חילוק וואו א איד וועט זיך געפינען, חלילה וועט זיין פארווארפן ביים אנדערן עק וועלט, זאגט דער אייבערשטער, איך וועל קומען.|fin dɔrt vɛl ix dix, vi di vɛst zaːn, niʃt kan xˈilək vi a jid vɛt zix ɡəfˈinən, xalˈilə vɛt zaːn farvˈarfn bam ˈandərn ɛk vɛlt, zuɡt dɛr ˈajbərʃtər, ix vɛl kˈimən.
173_166271_0112|און רש"י ברענגט די לשון, און מ'רעדט דא פון די גאולה, אבער ווי ס'שטייט אין אלע ספרים הקדושים אז דאס גייט ארויף אויף די ימי אלול, די גאולה פרטית פון א איד.|in rˈaʃi brɛnɡt də luʃn, in mrɛdt du fin də ɡˈulə, ˈɔbər vi sʃtajt in ˈalə sfˈurim hkdˈiʃim az dus ɡajt arˈoʊf oʊf də jˈɛmaj ˈɛləl, də ɡˈulə prˈutis fin a jid.
173_166271_0113|גדול יום קיבוץ גלויות ובקושי, אז דער אייבערשטער וועט גיין, ויצא מצרים, דער אייבערשטער האט גענוצט "איש",|ɡdil jɔjm kˈibiʦ ɡulˈijɔjs ˈibkiʃi, az dɛr ˈajbərʃtər vɛt ɡajn, vaajˈiʦə miʦrˈajim, dɛr ˈajbərʃtər hut ɡənˈiʦt iʃ
173_166271_0114|"להיות אוחז בידו ממש, איש איש ממקומו", דער אייבערשטער וועט אויפהייבן יעדן מענטש און נעמען. ווי ס'שטייט אין ספרים הקדושים, דאס איז דער ענין פון "ומשם יקבצך ומשם יקחך".|lˈihjɔjs ˈɔjxajz bˈidi mˈamiʃ, iʃ iʃ mmkˈimi dɛr ˈajbərʃtər vɛt ˈɔjfhajbn jejdn mɛnʧ in nˈɛmən. vi sʃtajt in sfˈurim hkdˈiʃim, dus iz dɛr ˈinjən fin imʃm ikbʦx imʃm ikx
173_166271_0115|אמאל קען מען צוזאמנעמען מענטשן, אסאך מענטשן, יעדער איז דא, טאקע האט מען צוזאמגענומען דעם עולם. אבער ווען מ'איז שוין דא, איז דא נאך אן עבודה פון נעמען יעדן מענטש.|amˈul kɛn mɛn ʦˈizamnəmən mɛnʧn, ˈasax mɛnʧn, jˈɛdər iz du, tˈakə hut mɛn ʦˈizamɡənimən dejm ˈɔjləm. ˈɔbər vɛn miz ʃɔjn du, iz du nux un avˈɔjdə fin nˈɛmən jejdn mɛnʧ.
173_166271_0116|ס'איז דאך אזא מין חביבות.|siz dɔx azˈa min xavˈivis.
173_166271_0117|די תורה הקדושה אין די וואכעדיגע פרשה זאגט אונז, דער רבונו של עולם זאגט, ס'וועט קומען די זמן הגאולה, און גאולה מיינט גאולה פרטית און גאולה כללית יעדע מאל. און ווי ס'שטייט אין ספרים הקדושים,|də tˈɔjrə hkdˈiʃə in də vˈaxədiɡə pˈarʃə zuɡt inz, dɛr rbˈini ʃɛl ˈɔjləm zuɡt, svɛt kˈimən də zman hɡˈilə, in ɡˈulə majnt ɡˈulə prˈutis in ɡˈulə xllis jˈɛdə mul. in vi sʃtajt in sfˈurim hkdˈiʃim,
173_166271_0118|ס'גייט ארויף אויף אלול, ווייל "ומל ה' אלקיך את לבבך ואת לבב", א' ל' דאס איז ראשי תיבות אויף אלול. דאס גייט ארויף דער פסוק, ווי ס'שטייט דאך ממש ביי די פרשה. אלול, זאגט דער אייבערשטער,|sɡajt arˈoʊf oʊf ˈɛləl, vaːl iml haj ˈalkix ɛs lvˈuvxu vɛs ləvˈav a lˈaməd dus iz rˈuʃi tˈajvɔjs oʊf ˈɛləl. dus ɡajt arˈoʊf dɛr pˈusik, vi sʃtajt dɔx mˈamiʃ baː də pˈarʃə. ˈɛləl, zuɡt dɛr ˈajbərʃtər,
173_166271_0119|נישט קיין חילוק וואו דו ביסט, איך קום צו דיר, איך טו א קיבוץ, און איך טו דיר אויך נעמען. דאס מיינט, נישט נאר איך ברענג דיר אהער, נעם איך דיר.|niʃt kan xˈilək vi di bist, ix kim ʦi dir, ix ti a kˈibiʦ, in ix ti dir ɔjx nˈɛmən. dus majnt, niʃt nɔr ix brɛnɡ dir ahˈɛr, nɛm ix dir.
173_166271_0121|וואס פעלט זיך אויס פון א איד איז די ביסעלע, געב עס א כאפ אן, דאס איז די גאנצע, און דו ביסט דא. ס'איז דא אזויפיל ליבשאפט אין די יעצטיגע טעג, אין די יעצטיגע זמן,|vus fɛlt zix oʊs fin a jid iz də bˈisələ, ɡɛb ɛs a xɔp un, dus iz də ɡˈanʦə, in di bist du. siz du ˈazɔjfil lˈibʃaft in də jˈɛʦtiɡə tejɡ, in də jˈɛʦtiɡə zman,
173_166271_0122|און דער יצר ווייסט פון דעם. ס'איז אייביג, ער ווייסט זייער גוט פון דעם. ממילא וועט ער אונז פארווארפן און פארזארגן און פארדאגה'נען און פארדריקן,|in dɛr iʦr vajst fin dejm. siz ˈajbiɡ, ɛr vajst zˈajər ɡit fin dejm. mˈɛmajlə vɛt ɛr inz farvˈarfn in farzˈarɡn in fardˈaɡhnən in fardrˈikn,
173_166271_0123|ער וועט אונז מאכן ביזי און פארנומען מיט רוחניות. און אמאל נוצט ער אפילו גשמיות'דיג, און אמאל נוצט ער גשמיות, און אמאל נוצט ער רוחניות'דיג. ער שפילט ארום א געשעפט,|ɛr vɛt inz maxn bˈizi in farnˈimən mit ruxənˈijus. in amˈul niʦt ɛr afˈilə ɡʃmjˈizdiɡ, in amˈul niʦt ɛr ɡaʃmˈijus, in amˈul niʦt ɛr rˈixnjizdiɡ. ɛr ʃpilt arˈim a ɡəʃˈɛft,
173_166271_0124|יאג און פלאג זיי, ער וועט אלעס טון. אמאל קען ער אפילו נוצן אז ער קויפט דעם ספר און דעם זאגער און דעם אלעס וועט ער מאכן,|jaɡ in flaɡ zaj, ɛr vɛt ˈaləs tin. amˈul kɛn ɛr afˈilə niʦn az ɛr kɔjft dejm sˈajfər in dejm zˈaɡər in dejm ˈaləs vɛt ɛr maxn,
173_166271_0125|נאר נישט ישוב הדעת. ווייל אין ישוב הדעת אין די יעצטיגע זמן קען מען טרעפן אזעלכע מין אור, אזעלכע מין ליכטיגקייט,|nɔr niʃt ˈiʃib hadˈaas. vaːl in ˈiʃib hadˈaas in də jˈɛʦtiɡə zman kɛn mɛn trɛfn azˈɛlxə min ɔjr, azˈɛlxə min lˈixtiɡkaːt,
173_166271_0126|אזעלכע מין שמחה. ס'האט אפילו נישט די ווערטער נאך אזוי לאנג, נאך אזוי לאנג, שוין דורך נאך א יאר.|azˈɛlxə min sˈimxə. səhˈut afˈilə niʃt də vˈɛrtər nux azˈɔj laːnɡ, nux azˈɔj laːnɡ, ʃɔjn dˈɔrəx nux a jur.
173_166271_0128|ענדליך קומט שוין דער זמן. אבער דער אמת איז, דאס איז נאר די ערשטע נקודה, ס'גייט אסאך אסאך טיפער, און לאמיר ממשיך זיין מיט די עבודה.|ˈɛndləx kimt ʃɔjn dɛr zman. ˈɔbər dɛr ˈɛməs iz, dus iz nɔr də ˈɛrʃtə nəkˈidə, sɡajt ˈasax ˈasax tˈifər, in lˈɔmir mmʃix zaːn mit də avˈɔjdə.
173_166271_0129|אויב דער רבונו של עולם שטרעקט אויס פאר אונז א האנט, ווי אונז האבן געשמועסט,|ɔjb dɛr rbˈini ʃɛl ˈɔjləm ʃtrɛkt oʊs far inz a hant, vi inz hubn ɡəʃmˈiəst,
173_166271_0131|ווי ס'שטייט בפירוש אין קיצור שלחן ערוך ווערט געברענגט אין סימן קכ"ח, "ולא ימתין עד ערב יום הכפורים",|vi sʃtajt bəfˈajrəʃ in kˈiʦər ʃlxajn ˈɛrix virt ɡəbrˈɛnɡt in sˈimən kif xuf xɛs, ˈila ˈimsin ɛd ɛrb jɔjm hxfˈirim
173_166271_0132|א מענטש זאל נישט ווארטן ביז ערב יום כיפור אויסצושטרעקן א האנט און איבערבעטן א חבר, נאר ער זאל שוין אנפאנגען פון די ימי אלול, ערב ראש השנה זאל ער שוין אנפאנגען איבערבעטן זיינע חברים.|a mɛnʧ zul niʃt vartn biz ɛrb jɔjm xifˈir ˈoʊsʦiʃtrəkn a hant in ˈibərbejtn a xˈavər, nɔr ɛr zul ʃɔjn ˈanfanɡən fin də jˈɛmaj ˈɛləl, ɛrb rɔjʃ haʃˈunə zul ɛr ʃɔjn ˈanfanɡən ˈibərbejtn zˈaːnə xˈavajrim.
173_166271_0133|און אמאל קען מען זען, ווען איינער ווארט ביז ערב יום כיפור, קען אמאל דער חבר פילן אזוי ווי, האסט געווארט ביז ערב יום כיפור? יעצט קומסטו? קום, קום,|in amˈul kɛn mɛn zejn, vɛn ˈajnər vɔrt biz ɛrb jɔjm xifˈir, kɛn amˈul dɛr xˈavər filn azˈɔj vi, hust ɡəvˈɔrt biz ɛrb jɔjm xifˈir ? jɛʦt kˈimsti ? kim, kim,
173_166271_0134|ווייל די רגע מ'גייט אריין אין ליבליכע טעג, וויל זיך יעדער איד מאחד זיין מיט א צווייטן. און אויב דער רבונו של עולם שטרעקט אויס די האנט פאר אונז, פארוואס זאלן מיר נישט אונז אויסשטרעקן די האנט פאר א צווייטן?|vaːl də rˈɛɡə mɡajt arˈaːn in lˈibləxə tejɡ, vil zix jˈɛdər jid məˈaxud zaːn mit a ʦvajtn. in ɔjb dɛr rbˈini ʃɛl ˈɔjləm ʃtrɛkt oʊs də hant far inz, farvˈus zɔln mir niʃt inz ˈoʊsʃtrəkn də hant far a ʦvajtn ?
173_166271_0135|דער הייליגער תפארת שלמה זאגט, "ועיקר ההכנה על יום הנורא הזה" - וואס מיינט די עיקר ההכנה? אונז וואלטן מיר געזאגט, וואס מיינט די עיקר ההכנה? תשובה.|dɛr hˈajliɡər tifˈɛrɛs ʃlˈɔjmə zuɡt, ˈiajkr hahakˈanu al jɔjm hnˈira hˈazə vus majnt də ˈikər hahakˈanu ? inz vɔltn mir ɡəzˈuɡt, vus majnt də ˈikər hahakˈanu ? ʧˈivə.
173_166271_0136|דער הייליגער תפארת שלמה זאגט, די עיקר ההכנה "להיות אחוה ורעות בין בני ישראל". די עיקר הכנה איז אחדות. נו, ווי שטימט עס מיט תשובה?|dɛr hˈajliɡər tifˈɛrɛs ʃlˈɔjmə zuɡt, də ˈikər hahakˈanu lˈihjɔjs ˈaxi vərˈajus bin bnaj jisrˈuəl də ˈikər hakˈanə iz ˈaxdis. ni, vi ʃtimt ɛs mit ʧˈivə ?
173_166271_0137|דער תירוץ איז פשוט, ווען א איד בעט זיך איבער מיט אן אנדער איד, טוט ער תשובה בשעת מעשה. מ'קען זיך כמעט נישט איבערבעטן אויב מ'טוט נישט תשובה. וואס איז תשובה?|dɛr tˈɛrəʦ iz pˈuʃit, vɛn a jid bɛt zix ˈibər mit un ˈandər jid, tit ɛr ʧˈivə biʃˈas mˈaːsə. mˈɛkən zix kəmˈat niʃt ˈibərbejtn ɔjb mtit niʃt ʧˈivə. vus iz ʧˈivə ?
173_166271_0138|א מענטש גיבט אויף פון זיך, ער איז זיך מבטל, ער ארבעט אויף זיינע מידות, ער ווערט א בעסערער מענטש. איבערצובעטן איינעם דארף מען דאס טון,|a mɛnʧ ɡibt oʊf fin zix, ɛr iz zix mvˈatajl, ɛr ˈarbət oʊf zˈaːnə mˈidɔjs, ɛr virt a bˈɛsərər mɛnʧ. ˈibərʦibətn ˈajnəm daf mɛn dus tin,
173_166271_0139|און דאס איז אויך תשובה. דו בעטסט זיך איבער מיט נאך א איד, דו בעטסט זיך איבער מיט די שכינה, ס'איז אלעס איינס. זייער שווער צו זאגן אז א מענטש, ער בעט זיך איבער, ער איז זיך מבטל,|in dus iz ɔjx ʧˈivə. di bɛʦt zix ˈibər mit nux a jid, di bɛʦt zix ˈibər mit də ʃxˈinə, siz ˈaləs ajns. zˈajər ʃvir ʦi zuɡn az a mɛnʧ, ɛr bɛt zix ˈibər, ɛr iz zix mvˈatajl,
173_166271_0140|ער האט הכנעה און ביטול, אבער אין עבודת השם ס'איז אלעס איינס. אדער לעבט ער מיט הכנעה, מיט ביטול, און מיט הייליגקייט, און מיט דערהויבנקייט,|ɛr hut haxnˈuə in bitl, ˈɔbər in avˈɔjdas haʃˈɛm siz ˈaləs ajns. ˈɔdər lejbt ɛr mit haxnˈuə, mit bitl, in mit hˈajliɡkaːt, in mit dərhˈɔjbnkaːt,
173_166271_0141|און ער איז מבטל, ער געבט אוועק פון זיך ווייל ער פארשטייט אז אלעס פירט דער אייבערשטער מיט די גרעסטע השגחה, קיינער קען מיר נישט וויי טון, קיינער קען גארנישט, אדער לעבט ער נישט דארט? מ'קען נישט שפילן דעם שפיל.|in ɛr iz mvˈatajl, ɛr ɡɛbt avˈɛk fin zix vaːl ɛr farʃtˈajt az ˈaləs firt dɛr ˈajbərʃtər mit də ɡrˈɛstə haʒɡˈuxə, kˈajnər kɛn mir niʃt vaj tin, kˈajnər kɛn ɡˈurniʃt, ˈɔdər lejbt ɛr niʃt dɔrt ? mˈɛkən niʃt ʃpiln dejm ʃpil.
173_166271_0145|און ס'איז דא א איד וואס האט אים אמת'דיג געדארפט איבערבעטן, און דער איד האט זיך ארומגעלייגט מיט גאר א שווער הארץ אויף יענעם, ווייל יענער האט אים נאכנישט איבערגעבעטן.|in siz du a jid vus hut ejm ˈɛməzdiɡ ɡədˈarft ˈibərbejtn, in dɛr jid hut zix arˈimɡəlajɡt mit ɡur a ʃvir harʦ oʊf jˈɛnəm, vaːl jˈɛnər hut ejm nˈuxniʃt ˈibərɡəbejtn.
173_166271_0146|ממש יארן זענען אריבער, ער האט געהאט אן אמת'ע, אמת'ע, ער האט זיך ארומגעלייגט מיט א שווער הארץ.|mˈamiʃ jurn zˈɛnən arˈibər, ɛr hut ɡəhˈat un ˈɛməsə, ˈɛməsə, ɛr hut zix arˈimɡəlajɡt mit a ʃvir harʦ.
173_166271_0147|ער איז געגאנגען צו זיין רבי'ן, און זיין רבי האט ארויסגענומען א גמרא, די גמרא איז אין מסכת יומא.|ɛr iz ɡəɡˈanɡən ʦi zaːn rbin, in zaːn rˈɛbə hut arˈoʊzɡənimən a ɡəmˈurə, də ɡəmˈurə iz in mˈasəxəs jˈɔjmə.
173_166271_0148|און זיין רבי האט אים געוויזן די גמרא דף פ"ז, אז רבי זירא כי הוה ליה מילתא בהדי איניש.|in zaːn rˈɛbə hut ejm ɡəvˈizn də ɡəmˈurə daf paj zˈajən, az rˈɛbə zˈira ki hi li mˈilsu bhdi ˈiniʃ.
173_166271_0149|די גמרא זאגט אז ווען רבי זירא האט געהאט א סכסוך מיט איינעם, איז רבי זירא געגאנגען צו יענעם, האט זיך געדרייט דארט לעבן יענעם, און אז ער האט זיך געדרייט לעבן יענעם, ערגעץ וואו האט יענער איבערגעבעטן.|də ɡəmˈurə zuɡt az vɛn rˈɛbə zˈira hut ɡəhˈat a sxsix mit ˈajnəm, iz rˈɛbə zˈira ɡəɡˈanɡən ʦi jˈɛnəm, hut zix ɡədrˈajt dɔrt lejbn jˈɛnəm, in az ɛr hut zix ɡədrˈajt lejbn jˈɛnəm, ˈɛrɡəʦ vi hut jˈɛnər ˈibərɡəbejtn.
173_166271_0150|און די גמרא פארציילט נאך א מעשה מיט רב. מיר וועלן עס לערנען אינעווייניג, נאר בקיצור, איבערגיין די מעשה. רב הוה ליה מילתא בהדי ההוא טבחא.|in də ɡəmˈurə farʦˈajlt nux a mˈaːsə mit ruv. mir vɛln ɛs lˈirnən ˈinəvajniɡ, nɔr bˈɛkiʦər, ˈibərɡajn də mˈaːsə. ruv hi li mˈilsu bhdi hhˈia tbxa.
173_166271_0151|רב האט אמאל געהאט א מעשה וואס איז געווען א בוטשער, איינער וואס האט געהאט א פלייש געשעפט, וואס האט מצער געווען רב, ער האט געהאט עפעס א געשעפט מיט רב. לא אתי לקמיה.|ruv hut amˈul ɡəhˈat a mˈaːsə vus iz ɡəvˈejn a bˈiʧər, ˈajnər vus hut ɡəhˈat a flajʃ ɡəʃˈɛft, vus hut mʦɛr ɡəvˈejn ruv, ɛr hut ɡəhˈat ˈɛpəs a ɡəʃˈɛft mit ruv. lɔj ˈasi lkmi.
173_166271_0152|מ'קען זיך נישט פארשטעלן, מ'רעדט פון די הייליגע תנאים ואמוראים, מ'קען זיך נישט משיג זיין. על כל פנים, לא אתי לקמיה. ס'איז געווען ערב יום כיפור, ער איז נישט געקומען איבערבעטן.|mˈɛkən zix niʃt farʃtˈɛln, mrɛdt fin də hˈajliɡə tanˈuim ˈiamiraːm, mˈɛkən zix niʃt mʃiɡ zaːn. al kɔl pˈunəm, lɔj ˈasi lkmi. siz ɡəvˈejn ɛrb jɔjm xifˈir, ɛr iz niʃt ɡəkˈimən ˈibərbejtn.
173_166271_0154|איך וועל גיין צו אים, איך וועל גיין, איך וועל מיך דרייען דארט, ער וועט מיך זען, און וועלן מיר זיך ערגעץ איבערבעטן.|ix vɛl ɡajn ʦi ejm, ix vɛl ɡajn, ix vɛl mix drˈajən dɔrt, ɛr vɛt mix zejn, in vɛln mir zix ˈɛrɡəʦ ˈibərbejtn.
173_166271_0155|און די גמרא פארציילט א ביטערע מעשה נאכדעם, אז דער טבח, אנשטאט כאפן די גרויסקייט און קדושה פון רב, האט ער נאך מער מצער געווען רב.|in də ɡəmˈurə farʦˈajlt a bˈitərə mˈaːsə nuxdˈejm, az dɛr tˈɛvax, ˈanʃtat xapn də ɡrˈɔjskaːt in kdˈiʃə fin ruv, hut ɛr nux mɛr mʦɛr ɡəvˈejn ruv.
173_166271_0156|ס'האט זיך געענדיגט מיט א טראגעדיע, ווי די גמרא דערציילט.|səhˈut zix ɡəˈɛndiɡt mit a trˈaɡədiə, vi də ɡəmˈurə dərʦˈajlt.
173_166271_0157|וואס דא זעט מען די פחד אז אויב שטרעקט מען שוין אויס א האנט, און נאכדעם קומט נאך א טשעפע, נאך א מצער זיין, אדער דעמאלטס נישט ענטפערן, דאס איז שוין געפערליך, דאס איז ממש געפערליך.|vus du zejt mɛn də pˈaxad az ɔjb ʃtrɛkt mɛn ʃɔjn oʊs a hant, in nuxdˈejm kimt nux a ʧˈɛfə, nux a mʦɛr zaːn, ˈɔdər dˈɛmalʦ niʃt ˈɛntfərn, dus iz ʃɔjn ɡəfˈɛrləx, dus iz mˈamiʃ ɡəfˈɛrləx.
173_166271_0158|אבער לאמיר גיין אויף די אנדערע נקודה. און דא קען מען פרעגן די זעלבע שאלה וואס מ'האט געפרעגט אנפאנג: וואו האט רב מיט ר' זירא געזען אז ס'איז דא א חיוב? אויב איינער איז מיך מצער,|ˈɔbər lˈɔmir ɡajn oʊf də ˈandərə nəkˈidə. in du kɛn mɛn frɛɡn də zˈɛlbə ʃˈaːlə vus mhut ɡəfrˈɛɡt ˈanfanɡ : vi hut ruv mit rajʃ zˈira ɡəzˈejn az siz du a xˈiəv ? ɔjb ˈajnər iz mix mʦɛr,
173_166271_0159|דארף איך גיין צו יענעם? פארוואס? אויב איינער האט מיך מצער געווען, זאל יענער קומען איבערבעטן. איינער האט מצער געווען ר' זירא, זאל יענער קומען איבערבעטן ר' זירא.|daf ix ɡajn ʦi jˈɛnəm ? farvˈus ? ɔjb ˈajnər hut mix mʦɛr ɡəvˈejn, zul jˈɛnər kˈimən ˈibərbejtn. ˈajnər hut mʦɛr ɡəvˈejn rajʃ zˈira, zul jˈɛnər kˈimən ˈibərbejtn rajʃ zˈira.
173_166271_0160|ר' זירא דארף גיין זיך דרייען לעבן אים, און ער וועט מיך זען, דארט וועט ער איבערבעטן. רב דארף גיין צום טבח ערב יום כיפור. וואו זעט מען די הנהגה?|rajʃ zˈira daf ɡajn zix drˈajən lejbn ejm, in ɛr vɛt mix zejn, dɔrt vɛt ɛr ˈibərbejtn. ruv daf ɡajn ʦim tˈɛvax ɛrb jɔjm xifˈir. vi zejt mɛn də hanhˈuɡə ?
173_166271_0161|וואו זעט מען די חיוב?|vi zejt mɛn də xˈiəv ?
173_166271_0162|אבער קודם פאר מיר זענען ממשיך, און מיר וועלן ענדיגן די מעשה, איז דער אדם גדול, דער רבי ז"ל האט אים געזאגט,|ˈɔbər kˈɔjdəm far mir zˈɛnən mmʃix, in mir vɛln ˈɛndiɡn də mˈaːsə, iz dɛr udm ɡdil, dɛr rˈɛbə zal hut ejm ɡəzˈuɡt,
173_166271_0163|זעט מען פון די גמרא אז ס'איז דא אזא זאך ווי אמאל קען מען גיין צו יענעם. איך ווייס, יענער דארף דיך איבערבעטן, אבער אפשר איז צייט דו זאלסט גיין, דו בעט יענעם איבער,|zejt mɛn fin də ɡəmˈurə az siz du azˈa zax vi amˈul kɛn mɛn ɡajn ʦi jˈɛnəm. ix vajs, jˈɛnər daf dix ˈibərbejtn, ˈɔbər ˈɛfʃir iz ʦaːt di zulst ɡajn, di bɛt jˈɛnəm ˈibər,
173_166271_0164|און אפשר ווען דו וועסט איבערבעטן יענעם וועסטו אים געבן א געלעגנהייט.|in ˈɛfʃir vɛn di vɛst ˈibərbejtn jˈɛnəm vˈɛsti ejm ɡejbn a ɡəlˈɛɡnhaːt.
173_166271_0165|דער יונגערמאן האט מיר דערציילט, איך האב געפאלגט מיין רבי'ן, און כאטש איז געווען ביטער ביטער שווער. יענער האט מיר בא'עוול'ט, האב איך אנגעהויבן די שמועס אז איך וויל דיך איבערבעטן. פארשטייט זיך,|dɛr jˈinɡərman hut mir dərʦˈajlt, ix hub ɡəfˈalɡt maːn rbin, in xɔʧ iz ɡəvˈejn bˈitər bˈitər ʃvir. jˈɛnər hut mir baˈɛvlt, hub ix ˈunɡəhɔjbn də ʃmˈiəs az ix vil dix ˈibərbejtn. farʃtˈajt zix,
173_166271_0166|דער רגע האט ער עס געזאגט, האט יענער געזאגט, ניין, און איך וויל דיך אויך איבערבעטן. ער זאגט מיר, אבער וואס זאל איך דיר זאגן במציאות? האב איך אראפגעלייגט הונדערטער פונט פון מיינע פלייצעס,|dɛr rˈɛɡə hut ɛr ɛs ɡəzˈuɡt, hut jˈɛnər ɡəzˈuɡt, najn, in ix vil dix ɔjx ˈibərbejtn. ɛr zuɡt mir, ˈɔbər vus zul ix dir zuɡn bimʦˈiɔjs ? hub ix arˈupɡəlajɡt hˈindərtər fint fin mˈaːnə flˈajʦəs,
173_166271_0167|איך האב געפילט אזא שווער הארץ, די משפחות, ס'איז געווען אזוי פיל עגמת נפש. די מציאות איז,|ix hub ɡəfˈilt azˈa ʃvir harʦ, də miʃpˈuxɔjs, siz ɡəvˈejn azˈɔj fil ˈuɡmas nˈejfiʃ. də mʦˈiɔjs iz,
173_166271_0169|וואס דאס מיינט איז, אין אנדערע ווערטער, אמאל קען א מענטש זאגן גערעכט בין איך, אז וואס? אז יענער דארף מיך איבערבעטן, ס'קען זיין טאקע גערעכט.|vus dus majnt iz, in ˈandərə vˈɛrtər, amˈul kɛn a mɛnʧ zuɡn ɡərˈɛxt bin ix, az vus ? az jˈɛnər daf mix ˈibərbejtn, skɛn zaːn tˈakə ɡərˈɛxt.
173_166271_0170|אבער אונז זעען מיר דא אין די גמרא גאנץ עפעס אנדערש. אונז זעען מיר אז ס'איז דא א וועג פון אויסשטרעקן א האנט, האבן מיר אונז פריער געפרעגט, אבער וואו ליגט דער חיוב?|ˈɔbər inz zˈɛən mir du in də ɡəmˈurə ɡanʦ ˈɛpəs ˈandiʃ. inz zˈɛən mir az siz du a vejɡ fin ˈoʊsʃtrəkn a hant, hubn mir inz frˈiər ɡəfrˈɛɡt, ˈɔbər vi liɡt dɛr xˈiəv ?
173_166271_0171|און מיר וועלן איבערזאגן א הפלא'דיגע זאך וואס איך האב געהערט פון מורי ורבי, דער ראש ישיבה זכר צדיק וקדוש לברכה, רב קאפלמאן.|in mir vɛln ˈibərzuɡn a hflˈadiɡə zax vus ix hub ɡəhˈirt fin mˈiri ˈirbi, dɛr rɔjʃ jəʃˈivə zˈajxər ʦˈadik ˈikdiʃ livrˈuxə, ruv kˈaflman.
173_166271_0172|האט דער ראש ישיבה געזאגט אז אויב ס'קומט די ימי אלול און דער מלך העולם, וואס אסאך פון אונז דארפן איבערבעטן,|hut dɛr rɔjʃ jəʃˈivə ɡəzˈuɡt az ɔjb skimt də jˈɛmaj ˈɛləl in dɛr mˈajləx hˈɛilm, vus ˈasax fin inz daːfn ˈibərbejtn,
173_166271_0173|אסאך מאל דארף מען אונז איבערבעטן. אבער דער הייליגער באשעפער זאגט, מיין קינד, איך וועל נישט ווארטן ביז דו בעטסט מיך איבער, איך קום קודם זיך דרייען צווישן דיר, ווי ס'שטייט אין ספרים הקדושים,|ˈasax mul daf mɛn inz ˈibərbejtn. ˈɔbər dɛr hˈajliɡər baʃˈɛfər zuɡt, maːn kind, ix vɛl niʃt vartn biz di bɛʦt mix ˈibər, ix kim kˈɔjdəm zix drˈajən ʦviʃn dir, vi sʃtajt in sfˈurim hkdˈiʃim,
173_166271_0174|א מלך בשדה. האט דער ראש ישיבה געזאגט,|a mˈajləx bsˈudə. hut dɛr rɔjʃ jəʃˈivə ɡəzˈuɡt,
173_166271_0175|אויב דער הייליגער באשעפער קומט זיך דרייען צווישן אונז, און ער קומט אזוי ווי, מיין קינד, איך בין דא, בעט מיך שוין איבער, דארף מען אונז נישט טון דאס זעלבע צו א חבר?|ɔjb dɛr hˈajliɡər baʃˈɛfər kimt zix drˈajən ʦviʃn inz, in ɛr kimt azˈɔj vi, maːn kind, ix bin du, bɛt mix ʃɔjn ˈibər, daf mɛn inz niʃt tin dus zˈɛlbə ʦi a xˈavər ?
173_166271_0176|אפשר איז דאס אליין די מקור אויף דעם, און ווי טיף ווען אונז טראכטן מיר אריין, איז נישט דאס די וואכעדיגע פרשה?|ˈɛfʃir iz dus alˈajn də mˈukər oʊf dejm, in vi tif vɛn inz traxtn mir arˈaːn, iz niʃt dus də vˈaxədiɡə pˈarʃə ?
173_166271_0177|שטייט דאך ממש, וואס די ראש ישיבה זאגט, שטייט דאך ממש אין פרשה.|ʃtajt dɔx mˈamiʃ, vus də rɔjʃ jəʃˈivə zuɡt, ʃtajt dɔx mˈamiʃ in pˈarʃə.
173_166271_0178|און לאמיר זיך געבן אויף א טיף, די תורה הקדושה דערציילט אונז, אז אתם נצבים, וואס האט מען דארט אויסגערופן?|in lˈɔmir zix ɡejbn oʊf a tif, də tˈɔjrə hkdˈiʃə dərʦˈajlt inz, az ˈatɛm niʦˈuvim, vus hut mɛn dɔrt ˈoʊzɡərifn ?
173_166271_0180|האט משה רבינו געזאגט, אויב דער הייליגער באשעפער, דער מלך העולם, קודשא בריך הוא אליין, לאזט זיך אראפ און קומט און הייבט אויף יעדער איד, דארף איך דאך דאס זיכער טון צו די אידישע קינדערלעך.|hut mˈɔjʃə rbˈini ɡəzˈuɡt, ɔjb dɛr hˈajliɡər baʃˈɛfər, dɛr mˈajləx hˈɛilm, kˈidʃa brix hˈia alˈajn, lɔzt zix arˈup in kimt in hajbt oʊf jˈɛdər jid, daf ix dɔx dus zˈixər tin ʦi də jˈidiʃə kˈindərləx.
173_166271_0181|און אויף דעם קומט די המשך הפרשה וילך משה, משה רבינו גייט.|in oʊf dejm kimt də hˈɛmʃəx hapurˈuʃə vaˈajiləx mˈɔjʃə, mˈɔjʃə rbˈini ɡajt.
173_166271_0182|און משה רבינו לערנט אונז מיט דעם די צואה וואס ער לאזט איבער, דאס איז די לעצטע לעצטע צואה וואס משה רבינו לאזט פאר אידישע קינדערלעך.|in mˈɔjʃə rbˈini lirnt inz mit dejm də ʦˈia vus ɛr lɔzt ˈibər, dus iz də lˈɛʦtə lˈɛʦtə ʦˈia vus mˈɔjʃə rbˈini lɔzt far jˈidiʃə kˈindərləx.
173_166271_0183|שטרעק דו אויס א האנט פאר א צווייטן איד, דאס איז דער רבי פון כלל ישראל, דאס איז זיין צואה, שטרעק אויס א האנט.|ʃtrɛk di oʊs a hant far a ʦvajtn jid, dus iz dɛr rˈɛbə fin klal jisrˈuəl, dus iz zaːn ʦˈia, ʃtrɛk oʊs a hant.
173_166271_0184|יא, לאמיר גיין מכבד זיין די אידישע קינדערלעך, לאמיר זיי ווייזן וויאזוי דער רבונו של עולם פירט זיך מיט אונז, והלכת בדרכיו.|ju, lˈɔmir ɡajn mxˈabajd zaːn də jˈidiʃə kˈindərləx, lˈɔmir zaj vajzn vizˈɔj dɛr rbˈini ʃɛl ˈɔjləm firt zix mit inz, ilxs bdrxji.
173_166271_0185|לאמיר גיין אין די וועגן פונעם אייבערשטן, און דאס רעדט מען אין די גמרא רבי זירא, דאס רעדט מען פון רב, דאס איז די הנהגה. שטרעק אויס א האנט.|lˈɔmir ɡajn in də vejɡn fˈinəm ˈajbərʃtn, in dus rɛdt mɛn in də ɡəmˈurə rˈɛbə zˈira, dus rɛdt mɛn fin ruv, dus iz də hanhˈuɡə. ʃtrɛk oʊs a hant.
173_166271_0186|יעצט, אונז פילן מיר, וואס מיינט שטרעק אויס א האנט? מ'דארף גיין טון? ניין! שטרעק אויס א האנט קען מיינען אזוי פיל מאל. דער אמת איז, לאמיר גיין צוביסלעך.|jɛʦt, inz filn mir, vus majnt ʃtrɛk oʊs a hant ? mdaf ɡajn tin ? najn ! ʃtrɛk oʊs a hant kɛn mˈajnən azˈɔj fil mul. dɛr ˈɛməs iz, lˈɔmir ɡajn ʦˈibisləx.
173_166271_0188|לאמיר מאכן די ודודי לי, לאמיר אויסשטרעקן היינט און מקבל זיין מיט ליבשאפט און מיט ווארימקייט. אבער דערנאך, לאמיר טון דאס זעלבע ווי דער אייבערשטער טוט צו אונז.|lˈɔmir maxn də ˈididi li, lˈɔmir ˈoʊsʃtrəkn haːnt in mkˈabajl zaːn mit lˈibʃaft in mit vˈarimkaːt. ˈɔbər dərnˈux, lˈɔmir tin dus zˈɛlbə vi dɛr ˈajbərʃtər tit ʦi inz.
173_166271_0190|און ס'קען זיין אז מיר זענען הונדערט פראצענט גערעכט אז יענער דארף מיך איבערבעטן. ס'קען אמת'דיג זיין אז יענער האט דיך בא'עוול'ט, נישט קיין חילוק ווער ס'איז און וואס ס'איז,|in skɛn zaːn az mir zˈɛnən hˈindərt prɔʦˈɛnt ɡərˈɛxt az jˈɛnər daf mix ˈibərbejtn. skɛn ˈɛməzdiɡ zaːn az jˈɛnər hut dix baˈɛvlt, niʃt kan xˈilək vɛr siz in vus siz,
173_166271_0191|אבער ס'קען זיין אז יענער האט דיך בא'עוול'ט און דו ווארטסט אז יענער זאל אויסשטרעקן א האנט אויף שלום. ס'איז דא אבער א מעגליכקייט אז דאס גייט קיינמאל נישט פאסירן,|ˈɔbər skɛn zaːn az jˈɛnər hut dix baˈɛvlt in di varʦt az jˈɛnər zul ˈoʊsʃtrəkn a hant oʊf ʃˈuləm. siz du ˈɔbər a mˈɛɡlixkaːt az dus ɡajt kˈajnmul niʃt fˈasirn,
173_166271_0193|לאמיר לאזן יענעם אראפקומען פון בוים.|lˈɔmir luzn jˈɛnəm arˈupkimən fin bɔjm.
173_166271_0194|און ס'איז דא אזויפיל משלים אויף דעם, בין אדם לחבירו, בין אדם למקום, און קירוב קרובים, און קירוב רחוקים, און אזויפיל פלעצער.|in siz du ˈazɔjfil mʃlim oʊf dejm, bin udm laxavˈajrɔj, bin udm lmkim, in kˈirib krˈibim, in kˈirib rxˈɔjkim, in ˈazɔjfil plˈɛʦər.
173_166271_0195|דו שטרעקסט אויס א האנט פאר יענעם, עפן אויף א שמועס. ס'קען זיין יענער ווייסט נישט וויאזוי מ'זאגט "איך בעט דיך איבער", ער ווייסט נישט, ער ווייסט נישט וויאזוי מ'זאגט עס.|di ʃtrɛkst oʊs a hant far jˈɛnəm, ɛfn oʊf a ʃmˈiəs. skɛn zaːn jˈɛnər vajst niʃt vizˈɔj mzuɡt ix bɛt dix ˈibər ɛr vajst niʃt, ɛr vajst niʃt vizˈɔj mzuɡt ɛs.
173_166271_0196|איז מאך דו אויף די שמועס, אז דו ווייסט יא וויאזוי מ'טוט עס, טו עס.|iz max di oʊf də ʃmˈiəs, az di vajst ju vizˈɔj mtit ɛs, ti ɛs.
173_166271_0197|און וויפיל מאל איז דא געלעגנהייטן וואס איינער פרובירט עס טון, און אונז גייען מיר אריין אין אזא פלאץ וואו "דו ווילסט מיך איבערבעטן, וועסטו מיך איבערבעטן געהעריג. איך וועל מיך נישט לאזן ווייל דו ווילסט יעצט אנפאנגען."|in vˈifil mul iz du ɡəlˈɛɡnhaːtn vus ˈajnər prˈibirt ɛs tin, in inz ɡˈajən mir arˈaːn in azˈa plaːʦ vi di vilst mix ˈibərbejtn, vˈɛsti mix ˈibərbejtn ɡəhˈɛriɡ. ix vɛl mix niʃt luzn vaːl di vilst jɛʦt ˈanfanɡən
173_166271_0198|וויפיל מאל טרעפט מען אין שטוב, אין שלום בית, אדער אין אנדערע פעלער? ס'איז דא א סכסוך, און ס'קען זיין אז איינער דארף איבערבעטן דעם אנדערן, אבער יענער קומט שוין טאקע,|vˈifil mul trɛft mɛn in ʃtib, in ʃˈuləm bajs, ˈɔdər in ˈandərə fˈɛlər ? siz du a sxsix, in skɛn zaːn az ˈajnər daf ˈibərbejtn dejm ˈandərn, ˈɔbər jˈɛnər kimt ʃɔjn tˈakə,
173_166271_0199|ער ווייסט נאר נישט וויאזוי מ'זאגט עס. סאו ער קומט, ער פאנגט אן רעדן אביסל, "נו, וואס טוט זיך?" און יעדער ווייסט דא אין דעם שמועס אז דא וויל מען זיך יעצט איבערבעטן,|ɛr vajst nɔr niʃt vizˈɔj mzuɡt ɛs. sɔ ɛr kimt, ɛr fanɡt un rɛdn abˈisl, ni, vus tit zix in jˈɛdər vajst du in dejm ʃmˈiəs az du vil mɛn zix jɛʦt ˈibərbejtn,
173_166271_0200|דא וויל מען אזוי ווי מתקן זיין וואס איז פריער געשען. און אסאך מאל קומט אריין אונזער געפיל אזוי ווי, "ניין, ניין, ניין, ס'גייט נישט אזוי, דו ווילסט מיך איבערבעטן, האסטו געהעריג געהאט א שמועס,|du vil mɛn azˈɔj vi msˈikun zaːn vus iz frˈiər ɡəʃˈɛn. in ˈasax mul kimt arˈaːn ˈinzər ɡəfˈil azˈɔj vi, najn, najn, najn, sɡajt niʃt azˈɔj, di vilst mix ˈibərbejtn, hˈusti ɡəhˈɛriɡ ɡəhˈat a ʃmˈiəs,
173_166271_0201|דו וועסט מיר געהעריג זאגן קודם אנטשולדיג פאר נעכטן."|di vɛst mir ɡəhˈɛriɡ zuɡn kˈɔjdəm ˈanʧuldiɡ far nɛxtn
173_166271_0202|לאז יענעם אראפקומען, שטרעק אים אויס א האנט, העלף אים אראפקומען. דו זעסט דאך וואס ער וויל. אסאך מאל איז עס מיט תלמידים, מיט קינדערלעך, יענער האט געמאכט א טעות,|laz jˈɛnəm arˈupkimən, ʃtrɛk ejm oʊs a hant, hɛlf ejm arˈupkimən. di zɛst dɔx vus ɛr vil. ˈasax mul iz ɛs mit talmˈidim, mit kˈindərləx, jˈɛnər hut ɡəmˈaxt a tˈuəs,
173_166271_0203|און אונז ווארטן מיר אזוי פאר דעם, "ניין, ממש ער דארף זיין א... זאג, איך האב געמאכט א טעות, אזוי ווי איך שרייב א צעטל, איך האב געמאכט," און ווען איינער שרייבט נישט קיין צעטל,|in inz vartn mir azˈɔj far dejm, najn, mˈamiʃ ɛr daf zaːn a zuɡ, ix hub ɡəmˈaxt a tˈuəs, azˈɔj vi ix ʃrajb a ʦɛtl, ix hub ɡəmˈaxt in vɛn ˈajnər ʃraːbt niʃt kan ʦɛtl,
173_166271_0204|איך בין דיך נישט מוחל. לאז אים, געב אים א וועג אראפ. לאז זיך איבערבעטן!|ix bin dix niʃt mˈɔjxajl. laz ejm, ɡɛb ejm a vejɡ arˈup. laz zix ˈibərbejtn !
173_166271_0206|האט ער מיר געזאגט אז די מעשה איז געווען בערך א יאר צוריק. ער זאגט מיר אז ס'איז געווען א שטיקל תקופה, אזא וואך צוויי ביי אים אין שטוב,|hut ɛr mir ɡəzˈuɡt az də mˈaːsə iz ɡəvˈejn bəˈejrəx a jur ʦirˈik. ɛr zuɡt mir az siz ɡəvˈejn a ʃtikl tkˈifə, azˈa vɔx ʦvaj baː ejm in ʃtib,
173_166271_0207|ס'איז געווען זייער אנגעצויגן. איך האב בכלל נישט געכאפט אז ס'איז אנגעצויגן, איך האב בכלל נישט געכאפט אז מיין ווייב האט עפעס א חשבון, דא איז עפעס אזא אנגעצויגענע לופט.|siz ɡəvˈejn zˈajər ˈanɡəʦɔjɡn. ix hub bəxlˈaːl niʃt ɡəxˈapt az siz ˈanɡəʦɔjɡn, ix hub bəxlˈaːl niʃt ɡəxˈapt az maːn vaːb hut ˈɛpəs a xˈɛʃbɔjn, du iz ˈɛpəs azˈa ˈanɡəʦɔjɡənə lift.
173_166271_0208|איך האב בכלל נישט געכאפט. און נאך צוויי וואכן האט זי געגעבן א קראך. אסאך מאל איז אזוי, מ'בלאזט א שטיקל צייט, נאכדעם געבט זי אזא קראך אויף,|ix hub bəxlˈaːl niʃt ɡəxˈapt. in nux ʦvaj vɔxn hut zi ɡəɡˈɛbn a krax. ˈasax mul iz azˈɔj, mbluzt a ʃtikl ʦaːt, nuxdˈejm ɡɛbt zi azˈa krax oʊf,
173_166271_0209|און די קראך קומט מיט טענות. און א חלק פון די טענות איז געווען, איך האב בכלל נישט געכאפט. זי האט געזאגט, "דאס אליין באדערט מיר, פארוואס דו כאפסט נישט?" און ער האט געזאגט, "וואס האב איך געטון?"|in də krax kimt mit taˈanɔjs. in a xˈajlək fin də taˈanɔjs iz ɡəvˈejn, ix hub bəxlˈaːl niʃt ɡəxˈapt. zi hut ɡəzˈuɡt, dus alˈajn badˈɛrt mir, farvˈus di xafst niʃt in ɛr hut ɡəzˈuɡt, vus hub ix ɡətˈin
173_166271_0210|זאגט זי, "איך באמערק גאנץ גוט, עפעס באהאלטסטו פון מיר. יעדע מאל דו הייבסט אויף די טעלעפאן, דו גייסט ארויף, דו מאכסט זיכער איך זאל עס נישט באמערקן, און עפעס גייט פאר,|zuɡt zi, ix bamˈɛrk ɡanʦ ɡit, ˈɛpəs bahˈalʦti fin mir. jˈɛdə mul di hajbst oʊf də tˈɛləfan, di ɡajst arˈoʊf, di maxst zˈixər ix zul ɛs niʃt bamˈɛrkn, in ˈɛpəs ɡajt far,
173_166271_0211|אדער אין דיין ביזנעס, אדער נאך עפעס ערגער פון דעם. עפעס באהאלטסטו, דו ביסט אנגעצויגן, דו ביסט נישט ביי זיך." און זי געבט אים א דרשה אזוי, מיט אלע מפרשים,|ˈɔdər in daːn bˈiznəs, ˈɔdər nux ˈɛpəs ˈɛrɡər fin dejm. ˈɛpəs bahˈalʦti, di bist ˈanɡəʦɔjɡn, di bist niʃt baː zix in zi ɡɛbt ejm a drˈuʃə azˈɔj, mit ˈalə mfrʃim,
173_166271_0212|מ'זעט אז א צוויי וואכן בויעט זיך דא א געביידע, און ער כאפט זיך אן די שטערן. ער פארציילט מיר, "איך כאפ מיך אן די שטערן, רבונו של עולם!"|mzejt az a ʦvaj vɔxn bˈɔjət zix du a ɡəbˈajdə, in ɛr xɔft zix un də ʃtɛrn. ɛr farʦˈajlt mir, ix xɔp mix un də ʃtɛrn, rbˈini ʃɛl ˈɔjləm
173_166271_0213|און איך פרעג אים, "נו, וואס איז טאקע געווען? וואס הייסט דו האסט נישט געכאפט צוויי וואכן? וואס הייסט אז דו האסט געוואלט...|in ix frɛɡ ejm, ni, vus iz tˈakə ɡəvˈejn ? vus hajst di hust niʃt ɡəxˈapt ʦvaj vɔxn ? vus hajst az di hust ɡəvˈɔlt
173_166271_0214|וואס איז געווען די טענה אז דו באהאלטסט די טעלעפאן און דו גייסט ארויס און אריין? וואס איז טאקע די מעשה?" זאגט ער, "איך וועל דיר פארציילן, איך וועל דיר אינמיטן, געב מיר א מינוט."|vus iz ɡəvˈejn də tˈaːnə az di bahˈalʦt də tˈɛləfan in di ɡajst arˈoʊs in arˈaːn ? vus iz tˈakə də mˈaːsə zuɡt ɛr, ix vɛl dir farʦˈajln, ix vɛl dir ˈinmitn, ɡɛb mir a minˈit
173_166271_0216|ער פארציילט מיר אז מ'האט נעבעך צוויי וואכן פארדעם האט מען געטראפן עפעס ביי זיין שוויגער וואס טויג נישט נעבעך,|ɛr farʦˈajlt mir az mhut nˈɛbəx ʦvaj vɔxn fardˈejm hut mɛn ɡətrˈafn ˈɛpəs baː zaːn ʃvˈiɡər vus tɔjɡ niʃt nˈɛbəx,
173_166271_0217|און מ'האט נאך געהאט א ספק וואס דאס איז. און די שוויגער האט זייער שטארק נישט געוואלט מ'זאל זאגן פאר די טעכטער.|in mhut nux ɡəhˈat a sˈufək vus dus iz. in də ʃvˈiɡər hut zˈajər ʃtark niʃt ɡəvˈɔlt mzul zuɡn far də tˈɛxtər.
173_166271_0218|מ'קען אריינגיין צו דאס וואלט געדארפט זיין די הנהגה אדער נישט, אבער על כל פנים אזוי איז געווען. ער, פון אלע איידעמער, איז גאר באקאנט אין מעדיקל, ער קען זיך גוט אויס,|mˈɛkən arˈaːnɡajn ʦi dus vɔlt ɡədˈarft zaːn də hanhˈuɡə ˈɔdər niʃt, ˈɔbər al kɔl pˈunəm azˈɔj iz ɡəvˈejn. ɛr, fin ˈalə ˈajdəmər, iz ɡur bakˈant in mˈɛdikl, ɛr kɛn zix ɡit oʊs,
173_166271_0219|סאו פארשטייט זיך, ער האט יא געוואוסט, און ער האט מיטגעהאלטן די גאנצע קעיס.|sɔ farʃtˈajt zix, ɛr hut ju ɡəvˈist, in ɛr hut mˈitɡəhaltn də ɡˈanʦə kajs.
173_166271_0220|ס'איז כדאי אפצוהיטן אז זיין ווייב זאל נישט דארפן דורכגיין די יסורים פון מיטהאלטן אז ס'איז דא א סקעיר און א פחד אויף איר מאמע,|siz kˈɛdaː ˈafʦihitn az zaːn vaːb zul niʃt daːfn dˈirxɡajn də jəsˈirim fin mˈithaltn az siz du a skajr in a pˈaxad oʊf ir mˈamə,
173_166271_0221|ס'גייט אריבער א גאנצע מעדיקל ספיקות אויף איר מאמע, וואס מ'קען זיך נישט פארשטעלן די פחד און די נערוועזקייט וואס איז געליגן אין דעם, האט ער פרובירט נישט זאגן.|sɡajt arˈibər a ɡˈanʦə mˈɛdikl sfˈikɔjs oʊf ir mˈamə, vus mˈɛkən zix niʃt farʃtˈɛln də pˈaxad in də nˈɛrvəzkaːt vus iz ɡəlˈiɡn in dejm, hut ɛr prˈibirt niʃt zuɡn.
173_166271_0222|ער האט פרובירט מקיים זיין די רצון פון די שוויגער, און ער האט אויך געמיינט די גוטסקייט פון זיין רעבעצין. און מ'גייט, אונזער שמועס איז נישט בכלל צו ער האט געטון ריכטיג אדער נישט, נישט דאס איז די נקודה. די נקודה איז אבער,|ɛr hut prˈibirt mkajm zaːn də ruʦn fin də ʃvˈiɡər, in ɛr hut ɔjx ɡəmˈajnt də ɡˈiʦkaːt fin zaːn rˈɛbəʦin. in mɡajt, ˈinzər ʃmˈiəs iz niʃt bəxlˈaːl ʦi ɛr hut ɡətˈin rˈixtiɡ ˈɔdər niʃt, niʃt dus iz də nəkˈidə. də nəkˈidə iz ˈɔbər,
173_166271_0223|ס'איז קלאר פאר יעדן אז די רצון זיינע איז געווען עכט גוט. און ער זאגט מיר, "למעשה, די גאנצע עול איז געלעגן אויף מיר. ס'איז געווען אזוי, מ'איז געלאפן צו אפוינטמענטס, מ'האט געדארפט אנדרייען.|siz klur far jejdn az də ruʦn zˈaːnə iz ɡəvˈejn ɛxt ɡit. in ɛr zuɡt mir, ləmˈaːsə, də ɡˈanʦə ul iz ɡəlˈɛɡn oʊf mir. siz ɡəvˈejn azˈɔj, miz ɡəlˈafn ʦi afɔjntmˈɛnʦ, mhut ɡədˈarft ˈandrajən.
173_166271_0224|סאו פארשטייט זיך, איך האב א גאנצע צייט געוואטשט מיין ווייב זאל נישט זען מיין טעלעפאן. איך האב בשעת מעשה אויך אנגעדרייט אסאך.|sɔ farʃtˈajt zix, ix hub a ɡˈanʦə ʦaːt ɡəvˈaʧt maːn vaːb zul niʃt zejn maːn tˈɛləfan. ix hub biʃˈas mˈaːsə ɔjx ˈanɡədrajt ˈasax.
173_166271_0225|איך בין אזוי נישט דא געווען בשעת מעשה, איך האב דאך אליין, למעשה, איך האב מיין משפחה, איך האב געהאט אזא עול און אזא נערוועזקייט דערפון, אז איך האב בכלל נישט געקענט תופס זיין אז אין שטוב איז דא אן אנגעצויגנקייט אויף מיר.|ix bin azˈɔj niʃt du ɡəvˈejn biʃˈas mˈaːsə, ix hub dɔx alˈajn, ləmˈaːsə, ix hub maːn miʃpˈuxə, ix hub ɡəhˈat azˈa ul in azˈa nˈɛrvəzkaːt dərfˈin, az ix hub bəxlˈaːl niʃt ɡəkˈɛnt tˈɔjfajs zaːn az in ʃtib iz du un ˈanɡəʦɔjɡnkaːt oʊf mir.
173_166271_0226|איך בין געווען מער פארנומען פון דעם."|ix bin ɡəvˈejn mɛr farnˈimən fin dejm
173_166271_0227|און ער זאגט מיר, "נאך וואס מיין ווייב האט מיר אזוי פארגעהאלטן האב איך נישט געהאט קיין ברירה, און איך האב איר עס דערציילט."|in ɛr zuɡt mir, nux vus maːn vaːb hut mir azˈɔj farɡəhˈaltn hub ix niʃt ɡəhˈat kan brˈajrə, in ix hub ir ɛs dərʦˈajlt
173_166271_0228|און ער זאגט מיר, "ביז היינט איז שוין באלד א יאר צייט, אונז הערן מיר נישט אויף צו רעדן פון דעם נקודה, וויאזוי אין די מוח פון א מענטש קען זיך אמאל בויען אזעלכע געביידעס, מ'קען זיך אפילו נישט משיג זיין.|in ɛr zuɡt mir, biz haːnt iz ʃɔjn bald a jur ʦaːt, inz hirn mir niʃt oʊf ʦi rɛdn fin dejm nəkˈidə, vizˈɔj in də mˈɔjxa fin a mɛnʧ kɛn zix amˈul bˈoʊən azˈɛlxə ɡəbˈajdəs, mˈɛkən zix afˈilə niʃt mʃiɡ zaːn.
173_166271_0229|און עכט, ווען מ'גייט צוריק צום יסוד פון בנין, נישט נאר טוט יענער נישט קיין עולה, יענער וויל דיך היטן, ער טוט עפעס פאר דיין טובה גאר אסאך מאל.|in ɛxt, vɛn mɡajt ʦirˈik ʦim jˈɛsud fin bˈiniən, niʃt nɔr tit jˈɛnər niʃt kan ˈilə, jˈɛnər vil dix hitn, ɛr tit ˈɛpəs far daːn tˈɔjvə ɡur ˈasax mul.
173_166271_0230|צומאל, איך וועל זאגן נישט אייביג, צומאל מיינט ער ממש דיין טובה, און אלעס וואס פעלט זיך אבער אויס איז, קום, האב א שמועס.|ʦˈimul, ix vɛl zuɡn niʃt ˈajbiɡ, ʦˈimul majnt ɛr mˈamiʃ daːn tˈɔjvə, in ˈaləs vus fɛlt zix ˈɔbər oʊs iz, kim, hub a ʃmˈiəs.
173_166271_0231|מ'קען דאך קומען רואיגערהייט דעם דריטן טאג און זאגן, 'אגב, איך באמערק אז עפעס גייסטו א גאנצע צייט ארויס און אריין מיט דעם טעלעפאן. זאג מיר עפעס, עפעס באהאלטסטו פון מיר?|mˈɛkən dɔx kˈimən rˈiaːɡərhaːt dejm dritn tuɡ in zuɡn, ˈaɡav, ix bamˈɛrk az ˈɛpəs ɡˈajsti a ɡˈanʦə ʦaːt arˈoʊs in arˈaːn mit dejm tˈɛləfan. zuɡ mir ˈɛpəs, ˈɛpəs bahˈalʦti fin mir ?
173_166271_0232|אזוי שפיר איך, זאג מיר וואס גייט פאר.'|azˈɔj ʃpir ix, zuɡ mir vus ɡajt far
173_166271_0233|און דעמאלטס וואלט ער געקענט ענטפערן, 'איך וויל דיך אפהיטן, איך וויל דיך נישט אפהיטן, איך מיין דיין טובה, לאז, איך וועל דיך מודיע זיין,' און אלעס וואלט געווען שלום על ישראל.|in dˈɛmalʦ vɔlt ɛr ɡəkˈɛnt ˈɛntfərn, ix vil dix ˈafhitn, ix vil dix niʃt ˈafhitn, ix maːn daːn tˈɔjvə, laz, ix vɛl dix mˈidiə zaːn in ˈaləs vɔlt ɡəvˈejn ʃˈuləm al jisrˈuəl.
173_166271_0234|אבער צומאל גייען מיר אונז אריין אין אזא פלאץ וואו איך זע, און איך האב נאך א ראיה, און נאך א ראיה, און נאך א סימן, און ס'בויעט זיך אויף אזא מין פירוד לבבות.|ˈɔbər ʦˈimul ɡˈajən mir inz arˈaːn in azˈa plaːʦ vi ix zɛ, in ix hub nux a rˈaːə, in nux a rˈaːə, in nux a sˈimən, in sbˈɔjət zix oʊf azˈa min fˈirid lvˈuvɔjs.
173_166271_0235|שטרעק אויס א האנט פאר יענעם, און אמאל אויסשטרעקן א האנט מיינט פשוט פרעגן, וואס טוט זיך? וואס גייט פאר?|ʃtrɛk oʊs a hant far jˈɛnəm, in amˈul ˈoʊsʃtrəkn a hant majnt pˈuʃit frɛɡn, vus tit zix ? vus ɡajt far ?
173_166271_0236|איך באמערק עפעס, רעדסטו נישט עפעס! און אוודאי גייט עס אסאך טיפער.|ix bamˈɛrk ˈɛpəs, rˈɛdsti niʃt ˈɛpəs ! in avˈadə ɡajt ɛs ˈasax tˈifər.
173_166271_0237|א יונגערמאן האט מיר דערציילט אזא הערליכע מעשה. איך האב געשמועסט מיט א חבר, ער האט מיר געזאגט אז ער ענדיגט יעצט א מסכתא. ער זאגט מיר, "איך האלט מיט א מסגרת, איך האב נישט אויסגעלאזט קיין איין איינציג בלאט."|a jˈinɡərman hut mir dərʦˈajlt azˈa hˈɛrləxə mˈaːsə. ix hub ɡəʃmˈiəst mit a xˈavər, ɛr hut mir ɡəzˈuɡt az ɛr ˈɛndiɡt jɛʦt a məsˈɛxtə. ɛr zuɡt mir, ix halt mit a mzɡrs, ix hub niʃt ˈoʊzɡəlɔzt kan ajn ˈajnʦiɡ blat
173_166271_0238|ער זאגט מיט אזא שטארקייט, "יעדן טאג." האב איך אים געזאגט, "איך זע אז ס'איז דא עפעס אן עכטע ברען אין דיין לערנען, ס'איז דא עפעס א מעשה אונטער דעם."|ɛr zuɡt mit azˈa ʃtˈarkaːt, jejdn tuɡ hub ix ejm ɡəzˈuɡt, ix zɛ az siz du ˈɛpəs un ˈɛxtə brɛn in daːn lˈirnən, siz du ˈɛpəs a mˈaːsə ˈintər dejm
173_166271_0239|בדרך כלל פרעג איך, דארף מען דאך האבן וואס צו זאגן און צו דערציילן? זאגט ער מיר מיט א זיסקייט, זאגט ער מיר, "יא, ס'איז דא א גוטע מעשה." זאג איך מיר, "וואס איז די מעשה?"|bˈɛdərəx klal frɛɡ ix, daf mɛn dɔx hubn vus ʦi zuɡn in ʦi dərʦˈajln ? zuɡt ɛr mir mit a zˈiskaːt, zuɡt ɛr mir, ju, siz du a ɡˈitə mˈaːsə zuɡ ix mir, vus iz də mˈaːsə
173_166271_0240|דערציילט ער מיר אז ער פלעגט מיטהאלטן א שיעור. אין בית המדרש. שפעטער האט ער אנגעהויבן ארבעטן ביינאכט, ער ארבעט עפעס א נייט שיפט. האט ער אים געזאגט,|dərʦˈajlt ɛr mir az ɛr flɛɡt mˈithaltn a ʃˈiər. in bajs hamˈidruʃ. ʃpˈejtər hut ɛr ˈunɡəhɔjbn ˈarbətn bˈajnaxt, ɛr ˈarbət ˈɛpəs a najt ʃift. hut ɛr ejm ɡəzˈuɡt,
173_166271_0241|ווען ער ארבעט ביינאכט האט ער מער נישט געקענט גיין צו זיין נאכט שיעור. האט ער געזאגט, ביי מיין רב, וואס לערנט פאר, האט די ערשטע צוויי דריי טעג מיר געקאלט וואו איך בין, פארוואס איך קום נישט צום לערנען.|vɛn ɛr ˈarbət bˈajnaxt hut ɛr mɛr niʃt ɡəkˈɛnt ɡajn ʦi zaːn naxt ʃˈiər. hut ɛr ɡəzˈuɡt, baː maːn ruv, vus lirnt far, hut də ˈɛrʃtə ʦvaj draj tejɡ mir ɡəkˈalt vi ix bin, farvˈus ix kim niʃt ʦim lˈirnən.
173_166271_0242|און איך האב אנגעפאנגען ארבעטן נאכט שיפט. דער רב האט געזאגט, ס'איז נישט קיין תירוץ, ארבעטן נאכט שיפט דארף מען לערנען צופרי, מ'קען נישט. קיצור, איך האב געפילט אז איך בין אזוי פארנומען, וואס זאל איך טון? איך האב נישט קיין ברירה,|in ix hub ˈanɡəfanɡən ˈarbətn naxt ʃift. dɛr ruv hut ɡəzˈuɡt, siz niʃt kan tˈɛrəʦ, ˈarbətn naxt ʃift daf mɛn lˈirnən ʦˈifri, mˈɛkən niʃt. kˈiʦər, ix hub ɡəfˈilt az ix bin azˈɔj farnˈimən, vus zul ix tin ? ix hub niʃt kan brˈajrə,
173_166271_0243|איך קען נישט צופרי, נישט ביינאכט. זאגט ער, ס'איז געווען דער דריטער אדער דער פערטער טאג, ער געדענקט נישט פונקטליך. ער זאגט מיר, דער רב לערנט דאך פאר די נאכט שיעור, דער רב האט געענדיגט נאכט שיעור, דער רב איז אריבערגעקומען צו מיין ארבעט.|ix kɛn niʃt ʦˈifri, niʃt bˈajnaxt. zuɡt ɛr, siz ɡəvˈejn dɛr drˈitər ˈɔdər dɛr fˈɛrtər tuɡ, ɛr ɡədˈɛnkt niʃt fˈinktləx. ɛr zuɡt mir, dɛr ruv lirnt dɔx far də naxt ʃˈiər, dɛr ruv hut ɡəˈɛndiɡt naxt ʃˈiər, dɛr ruv iz arˈibərɡəkimən ʦi maːn ˈarbət.
173_166271_0244|ער איז אנגעקומען דארט מיט א גמרא, ער זאגט, אונז גייען מיר דא לערנען יעצט. און ער זאגט מיר, ס'איז געווען, דער רב האט עס געדארפט טון צוויי נעכט,|ɛr iz ˈunɡəkimən dɔrt mit a ɡəmˈurə, ɛr zuɡt, inz ɡˈajən mir du lˈirnən jɛʦt. in ɛr zuɡt mir, siz ɡəvˈejn, dɛr ruv hut ɛs ɡədˈarft tin ʦvaj nɛxt,
173_166271_0245|און פון דארט האב איך אנגעפאנגען יעדן טאג כביכול זיין. וואס איז געווען? דער רב האט מיר אויסגעשטרעקט א האנט. און געוויזן, טייערער איד, ווייסט ווי טייער דו ביסט?|in fin dɔrt hub ix ˈanɡəfanɡən jejdn tuɡ kavˈiuxl zaːn. vus iz ɡəvˈejn ? dɛr ruv hut mir ˈoʊzɡəʃtrəkt a hant. in ɡəvˈizn, tˈajərər jid, vajst vi tˈajər di bist ?
173_166271_0246|ווייסט וואס דיין לימוד התורה מיינט? איך בין גרייט צו נעמען א קאר, בעטן איינער זאל מיר טראגן צו דיין אפיס און קומען לערנען מיט דיר. מ'שטרעקט אויס א האנט פאר א איד,|vajst vus daːn lˈiməd hatˈɔjrə majnt ? ix bin ɡrajt ʦi nˈɛmən a kar, bejtn ˈajnər zul mir truɡn ʦi daːn ˈɔfis in kˈimən lˈirnən mit dir. mʃtrɛkt oʊs a hant far a jid,
173_166271_0247|און מ'טוישט יענעמ'ס לעבן.|in mtɔjʃt jˈɛnɛms lejbn.
173_166271_0248|יעצט, ווער זאגט אונז האבן מיר א חיוב דאס צו טון? קודם כל ישראל ערבים זה לזה. אבער וואו איז די חיוב? די חיוב איז קודשא בריך הוא אליין, והלכת בדרכיו.|jɛʦt, vɛr zuɡt inz hubn mir a xˈiəv dus ʦi tin ? kˈɔjdəm kɔl jisrˈuəl ˈɛrbim zɛ lˈuzə. ˈɔbər vi iz də xˈiəv ? də xˈiəv iz kˈidʃa brix hˈia alˈajn, ilxs bdrxji.
173_166271_0249|אויב דער רבונו של עולם אליין שטרעקט אויס א האנט פאר א איד און ער זאגט, קום איין קינד, איך בין איך ווארט פאר דיר. ווי ס'שטייט אין ספרים הקדושים אז מלך בשדה זאגט צוויי פשטים.|ɔjb dɛr rbˈini ʃɛl ˈɔjləm alˈajn ʃtrɛkt oʊs a hant far a jid in ɛr zuɡt, kim ajn kind, ix bin ix vɔrt far dir. vi sʃtajt in sfˈurim hkdˈiʃim az mˈajləx bsˈudə zuɡt ʦvaj fʃtim.
173_166271_0250|פשוטי פשט איז אז דער קעניג, מ'קען אים, דרשו ה' בהמצאו קראוהו בהיותו קרוב, דער אייבערשטער איז נאנט, ער איז אונטערוועגנס, קען מען צוגיין. אבער אפשר קען מען זאגן ווי די אנדערע מפרשים לערנען.|fʃˈiti pʃat iz az dɛr kˈɛniɡ, mˈɛkən ejm, drʃi haj bhmʦi krˈihi bihjˈɔjsɔj krib, dɛr ˈajbərʃtər iz nant, ɛr iz ˈintərvəɡns, kɛn mɛn ʦˈiɡajn. ˈɔbər ˈɛfʃir kɛn mɛn zuɡn vi də ˈandərə mfrʃim lˈirnən.
173_166271_0251|די אנדערע ספרים הקדושים זאגן עס, מלך בשדה מיינט אז דער קעניג קומט אין פעלד, טאקע דארט וואו א איד וואנדערט ארום און ער קומט אהין,|də ˈandərə sfˈurim hkdˈiʃim zuɡn ɛs, mˈajləx bsˈudə majnt az dɛr kˈɛniɡ kimt in fɛld, tˈakə dɔrt vi a jid vˈandərt arˈim in ɛr kimt ahˈin,
173_166271_0252|און פון דארט הייבט ער אים אויף און ער לייזט אים אויס. וויפיל אידן קענען מעיד זיין אויף דעם.|in fin dɔrt hajbt ɛr ejm oʊf in ɛr lajzt ejm oʊs. vˈifil jidn kˈɛnən majd zaːn oʊf dejm.
173_166271_0253|איך האב אזויפיל יארן זיך געמוטשעט מיט א געוויסע פארהאנקערטקייט אין יעדע ענין, און דער רבונו של עולם האט געשיקט, צו מיט א שליח, צו מיט עפעס אן אופן,|ix hub ˈazɔjfil jurn zix ɡəmˈiʧət mit a ɡəvˈisə farhˈankərtkaːt in jˈɛdə ˈinjən, in dɛr rbˈini ʃɛl ˈɔjləm hut ɡəʃˈikt, ʦi mit a ʃulˈixa, ʦi mit ˈɛpəs un ɔjfn,
173_166271_0254|אבער ס'איז אלעס דער רבונו של עולם אליין ווי געקומען א נעם ארויס פון דעם פלאץ. און אמאל דויערט עס, און אמאל האט עס גענומען, אבער איך האב צום סוף געזען יעצט,|ˈɔbər siz ˈaləs dɛr rbˈini ʃɛl ˈɔjləm alˈajn vi ɡəkˈimən a nɛm arˈoʊs fin dejm plaːʦ. in amˈul dˈɔjərt ɛs, in amˈul hut ɛs ɡənˈimən, ˈɔbər ix hub ʦim sɔf ɡəzˈejn jɛʦt,
173_166271_0255|אמאל דארף מען אויפמאכן די אויגן אויף דעם, און דאס וויל נישט דער יצר. ער וויל דו זאלסט האבן פארמאכטע אויגן, באמערק נישט אז דער רבונו של עולם האט געווארפן דעם זאך צו ראטעווען.|amˈul daf mɛn ˈoʊfmaxn də ɔjɡn oʊf dejm, in dus vil niʃt dɛr iʦr. ɛr vil di zulst hubn farmˈaxtə ɔjɡn, bamˈɛrk niʃt az dɛr rbˈini ʃɛl ˈɔjləm hut ɡəvˈarfn dejm zax ʦi rˈatəvən.
173_166271_0256|באמערק נישט אז דער רבונו של עולם האט אויסגעשטרעקט די הענט. ניין, נישט אויסגעשטרעקט די הענט, ס'קומען אנגעצויגענע טעג, ס'קומען די הילף מיט לאנגע דאווענענס, איך קען נישט די טייטש, מיט אהער, מיט אהין,|bamˈɛrk niʃt az dɛr rbˈini ʃɛl ˈɔjləm hut ˈoʊzɡəʃtrəkt də hɛnt. najn, niʃt ˈoʊzɡəʃtrəkt də hɛnt, skˈimən ˈanɡəʦɔjɡənə tejɡ, skˈimən də hilf mit lˈanɡə dˈavənəns, ix kɛn niʃt də tajʧ, mit ahˈɛr, mit ahˈin,
173_166271_0257|ס'איז אלעס גוטע נקודות. אבער ווען א מענטש פארשטייט, איך שטיי פאר א געלעגנהייט, איך שטיי פאר אן אוצר,|siz ˈaləs ɡˈitə nkˈidɔjs. ˈɔbər vɛn a mɛnʧ farʃtˈajt, ix ʃtaj far a ɡəlˈɛɡnhaːt, ix ʃtaj far un ˈɔjʦər,
173_166271_0258|איך שטיי פאר די ליכטיגקייט, אוי, גיי איך אויסשטרעקן די האנט. הייליגער טאטע, נעם מיך שוין ארויס, באלייכט מיך אויף בגשמיות וברוחניות, שיק רפואות וישועות,|ix ʃtaj far də lˈixtiɡkaːt, ɔj, ɡaj ix ˈoʊsʃtrəkn də hant. hˈajliɡər tˈatə, nɛm mix ʃɔjn arˈoʊs, balˈajxt mix oʊf bəɡaʃmˈijus uvəruxənˈijus, ʃik rfˈiɔjs viʃiˈɛɔjs,
173_166271_0259|הייב מיך אויף, נעם מיך צוריק צו דיר, איך וויל זיך באקענען מיט דיר מער. איך וויל אזוי שטארק לעבן מיט מער ישוב הדעת, מיט מער ליכטיגקייט, מיט מער שמחה, מיט מער אמונה,|hajb mix oʊf, nɛm mix ʦirˈik ʦi dir, ix vil zix bakˈɛnən mit dir mɛr. ix vil azˈɔj ʃtark lejbn mit mɛr ˈiʃib hadˈaas, mit mɛr lˈixtiɡkaːt, mit mɛr sˈimxə, mit mɛr əmˈinə,
173_166271_0260|מיט מער זיסקייט, מיט מער תענוג. איך וויל א לעבן וואס איז נאנט צו דיר, ווי איך שפיר איך זיץ אין דיינע הענט, ווי אונז האבן אן אמת'ע קשר,|mit mɛr zˈiskaːt, mit mɛr taˈanuɡ. ix vil a lejbn vus iz nant ʦi dir, vi ix ʃpir ix ziʦ in dˈaːnə hɛnt, vi inz hubn un ˈɛməsə kˈɛʃər,
173_166271_0261|אהבת השם מיט אהבת ישראל.|ˈahavas haʃˈɛm mit ˈahavas jisrˈuəl.
173_166271_0262|און הייליגער טאטע, איך וועל טון דאס זעלבע ווי דו טוסט, איך וועל אויסשטרעקן מיינע הענט צו אנדערע אידישע קינדערלעך, אנגעפאנגען אין מיין אייגענע שטוב צו מיינע קינדערלעך,|in hˈajliɡər tˈatə, ix vɛl tin dus zˈɛlbə vi di tist, ix vɛl ˈoʊsʃtrəkn mˈaːnə hɛnt ʦi ˈandərə jˈidiʃə kˈindərləx, ˈanɡəfanɡən in maːn ˈajɡənə ʃtib ʦi mˈaːnə kˈindərləx,
173_166271_0263|צו מיין בן בית און זי צו אים, אין די אייגענע שטוב, אבער אוודאי צו אנדערע אידישע קינדערלעך, אין א וועג פון מקרב זיין, אין א וועג פון געבן ליבשאפט,|ʦi maːn bɛn bajs in zi ʦi ejm, in də ˈajɡənə ʃtib, ˈɔbər avˈadə ʦi ˈandərə jˈidiʃə kˈindərləx, in a vejɡ fin mikˈɛrəv zaːn, in a vejɡ fin ɡejbn lˈibʃaft,
173_166271_0266|דער מוסד לערנט און דאוונט און איז מתפלל און שאקלט וועלטן. די מציאות איז אזוי.|dɛr mizd lirnt in davnt in iz mispˈalajl in ʃaklt vɛltn. də mʦˈiɔjs iz azˈɔj.
173_166271_0267|זאל דער אייבערשטער אונז העלפן און געבן כוחות הנפש. אונז האבן מיר פריער געפרעגט, נאר אגב, מ'דארף צוריקקומען צו דעם, וויאזוי גייט נצבים וילך צוזאמען? די תירוץ איז,|zul dɛr ˈajbərʃtər inz hɛlfn in ɡejbn kˈɔjxəs hanˈɛfəʃ. inz hubn mir frˈiər ɡəfrˈɛɡt, nɔr ˈaɡav, mdaf ʦirˈikimən ʦi dejm, vizˈɔj ɡajt niʦˈuvim vaˈajiləx ʦizˈamən ? də tˈɛrəʦ iz,
173_166271_0268|אתם נצבים היום האבן מיר פריער געפרעגט, וואס איז היום? כלכם. די עבודה איז, יעדער שטייט צוזאמען, אחדות ווי אונז האבן מיר פריער גערעדט,|ˈatɛm niʦˈuvim hˈaːəm hubn mir frˈiər ɡəfrˈɛɡt, vus iz hˈaːəm ? xlxm. də avˈɔjdə iz, jˈɛdər ʃtajt ʦizˈamən, ˈaxdis vi inz hubn mir frˈiər ɡərˈɛt,
173_166271_0269|אבער צו די אחדות, צו די מעמד, פעלט זיך אויס א נצב, שטעל זיך אפ. און ווען א איד שטעלט זיך אפ, כאפט ער די עבודה פון א איד. וואס איז די עבודה?|ˈɔbər ʦi də ˈaxdis, ʦi də mˈaːməd, fɛlt zix oʊs a nˈiʦuv, ʃtɛl zix ɔp. in vɛn a jid ʃtɛlt zix ɔp, xɔft ɛr də avˈɔjdə fin a jid. vus iz də avˈɔjdə ?
173_166271_0270|וויאזוי טוט ער עס? וילך. לאמיר גיין מכבד זיין נאך א איד. און די מכבד זיין נאך א איד פאנגט זיך אן פון מכבד זיין די אייגענע נשמה. איך בין אויך א איד,|vizˈɔj tit ɛr ɛs ? vaˈajiləx. lˈɔmir ɡajn mxˈabajd zaːn nux a jid. in də mxˈabajd zaːn nux a jid fanɡt zix un fin mxˈabajd zaːn də ˈajɡənə nəʃˈumə. ix bin ɔjx a jid,
173_166271_0271|אונז זענען מיר אלע אויך אידן, זיי דיך אליין מכבד, דערצייל דיך, דערצייל זיך אליין וואסערע טעג קומען.|inz zˈɛnən mir ˈalə ɔjx jidn, zaj dix alˈajn mxˈabajd, dˈɛrʦajl dix, dˈɛrʦajl zix alˈajn vˈasərə tejɡ kˈimən.
173_166271_0272|און ווען א איד דערציילט זיך וואסערע טעג קומען און ער כאפט עס, אויטאמאטיש וויל ער עס פארציילן פאר א צווייטן. אזוי איז עס,|in vɛn a jid dərʦˈajlt zix vˈasərə tejɡ kˈimən in ɛr xɔft ɛs, ˈɔjtamatiʃ vil ɛr ɛs farʦˈajln far a ʦvajtn. azˈɔj iz ɛs,
173_166271_0273|ווייל ווען מ'כאפט וואס שפע איז, גיסט זיך פון זיך אליינס. ווען מ'כאפט וואס אמאל איז דא א מענטש כאפט עפעס, און ער כאפט עס נאר פאר זיך. דאס איז צמצום,|vaːl vɛn mxɔft vus ʃˈɛfə iz, ɡist zix fin zix alˈajns. vɛn mxɔft vus amˈul iz du a mɛnʧ xɔft ˈɛpəs, in ɛr xɔft ɛs nɔr far zix. dus iz ʦmʦim,
173_166271_0274|דאס איז נישט קיין עכטע שפע, דאס איז עפעס אזא קאנטראל. ווען א מענטש כאפט וואס שפע איז, אה, וואו, פארדעמאלטס פאנגט מען אן כאפן, איך נעם. און וויפיל איך נעם,|dus iz niʃt kan ˈɛxtə ʃˈɛfə, dus iz ˈɛpəs azˈa kˈantral. vɛn a mɛnʧ xɔft vus ʃˈɛfə iz, a, vi, fardˈɛmalʦ fanɡt mɛn un xapn, ix nɛm. in vˈifil ix nɛm,
173_166271_0275|ללמד וללמד, וויפיל איך נעם געב איך ווייטער, און וויפיל איך געב ווייטער באקום איך נאך. ס'ווערט א שפע און א השפעה, ס'גיסט זיך שפע, וזרקתי עליכם מים טהורים,|llˈamajd illmd, vˈifil ix nɛm ɡɛb ix vˈaːtər, in vˈifil ix ɡɛb vˈaːtər bakˈim ix nux. svirt a ʃˈɛfə in a haʃpˈuə, sɡist zix ʃˈɛfə, vzurˈakti ˈɛlixm mˈajim thˈirim,
173_166271_0277|זאל דער אייבערשטער אונז געבן די כוחות הנפש אין די יעצטיגע טעג צו קענען אויסשטרעקן אונזערע הענט, צו שפירן און מרגיש זיין די ליבשאפט, און אוודאי נעמען די זעלבע האנט און עס אויסשטרעקן פאר אנדערע אידן,|zul dɛr ˈajbərʃtər inz ɡejbn də kˈɔjxəs hanˈɛfəʃ in də jˈɛʦtiɡə tejɡ ʦi kˈɛnən ˈoʊsʃtrəkn ˈinzərə hɛnt, ʦi ʃpirn in mrɡiʃ zaːn də lˈibʃaft, in avˈadə nˈɛmən də zˈɛlbə hant in ɛs ˈoʊsʃtrəkn far ˈandərə jidn,
173_166271_0278|צו שפירן און מרגיש זיין און זייער מאכן מרגיש זיין די ליבשאפט וואס אונז געבן אויף זיי, און ווען אונז וועלן מיר עוסק זיין אין די עבודה, וועלן מיר אוודאי זוכה זיין בעזרת השם זיך צו גרייטן ריכטיג,|ʦi ʃpirn in mrɡiʃ zaːn in zˈajər maxn mrɡiʃ zaːn də lˈibʃaft vus inz ɡejbn oʊf zaj, in vɛn inz vɛln mir isk zaːn in də avˈɔjdə, vɛln mir avˈadə zˈixə zaːn bˈɛzras haʃˈɛm zix ʦi ɡrajtn rˈixtiɡ,
173_166271_0279|צו האבן א לעכטיגע כתיבה וחתימה טובה, אלע ברכות און השפעות טובות וואס דער אייבערשטער וועט אונז אריינטראגן אין די קומענדיגע טעג מיט שמחה און מיט פרייליכקייט, און מיט א ריכטיגע ישוב הדעת,|ʦi hubn a lˈɛxtiɡə ksˈivə vaxasˈimə tˈɔjvə, ˈalə brˈuxəs in haʃpˈuɔjs tˈɔjvɔjs vus dɛr ˈajbərʃtər vɛt inz arˈaːntraɡn in də kˈiməndiɡə tejɡ mit sˈimxə in mit frˈajlixkaːt, in mit a rˈixtiɡə ˈiʃib hadˈaas,
173_166271_0280|מיט א ריכטיגע הכנה עד אין נזכר, צו וואס אונז ווארטן שוין אזוי לאנג,|mit a rˈixtiɡə hakˈanə ɛd in nizˈuxajr, ʦi vus inz vartn ʃɔjn azˈɔj laːnɡ,
173_166271_0281|טאקע דעם זעלבן פסוק ווי דער אייבערשטער וועט אויפהייבן יעדן יוד צוריק קיין ירושלים עיר הקדש בביאת מלך המשיח במהרה בימינו. אמן ואמן.|tˈakə dejm zɛlbn pˈusik vi dɛr ˈajbərʃtər vɛt ˈɔjfhajbn jejdn jid ʦirˈik kan jəruʃulˈajim ajr hˈɛɡdəʃ bvˈias mˈajləx hamuʃˈixa bimhˈajrə bˈimini. ˈumajn ˈiamn.
228_166255_0000|וועלן מיר אנהייבן בסיעתא דשמיא די שיעור די וואך, פרשת נצבים וילך, די אונטערשטע וואך פון דעם יאר. ס'איז דאך באקאנט,|vɛln mir ˈunhajbn bisjˈatu dʃmˈia də ʃˈiər də vɔx, pˈarʃis niʦˈuvim vaˈajiləx, də ˈintərʃtə vɔx fin dejm jur. siz dɔx bakˈant,
228_166255_0001|ס'שטייט פון ספרים הקדושים, אז דער נאמען פון די ס"מ איז שמאל, צו אין מסכת אין לעשות. איך לאז נישט מסיים זיין.|sʃtajt fin sfˈurim hkdˈiʃim, az dɛr nˈumən fin də sˈaməx mɛm iz ʃmal, ʦi in mˈasəxəs in laˈasɔjs. ix laz niʃt msajm zaːn.
228_166255_0002|איך האב במשך די יאר נאך קיינמאל נישט געהאט אזא שוועריגקייט ווי די וואך מיך מסדר צו זיין מיטן שיעור. איך ווייס נישט וואס ס'איז געווען,|ix hub bˈɛməʃəx də jur nux kˈajnmul niʃt ɡəhˈat azˈa ʃvˈɛriɡkaːt vi də vɔx mix msˈadajr ʦi zaːn mitn ʃˈiər. ix vajs niʃt vus siz ɡəvˈejn,
228_166255_0003|צו ס'האט גערעגנט אדער ס'איז געווען אנדערע זאך. איך האב מיך נישט געקענט צוזאמקלויבן, היינט האב איך געפילט ניין, מ'קען עס נישט דורכלאזן אפילו ס'וועט זיין א קלענערע שיעור, אבער עפעס דארף מען רעדן,|ʦi səhˈut ɡərˈɛɡnt ˈɔdər siz ɡəvˈejn ˈandərə zax. ix hub mix niʃt ɡəkˈɛnt ʦˈizamklɔjbn, haːnt hub ix ɡəfˈilt najn, mˈɛkən ɛs niʃt dˈirxluzn afˈilə svɛt zaːn a klˈɛnərə ʃˈiər, ˈɔbər ˈɛpəs daf mɛn rɛdn,
228_166255_0004|אונז דארפן מיר עפעס צוזאמנעמען פון די וואך.|inz daːfn mir ˈɛpəs ʦˈizamnəmən fin də vɔx.
228_166255_0005|זאל דער אייבערשטער העלפן די שיעור זאל זיין לזכות ולברכת מזל טוב פאר ידידי הרב הגאון רבי אהרן ראזענבערג זאל זיין געזונט,|zul dɛr ˈajbərʃtər hɛlfn də ʃˈiər zul zaːn lˈisxis ilbrxs mazl tɔjv far jədˈidi harˈaːv hɡin rˈɛbə arn rˈazənbərɡ zul zaːn ɡəzˈint,
228_166255_0006|ער האט א שידוך געטון מיט זיין לעכטיגע טאכטער. דער טייערער חשוב'ער בחור, דער זון פון הרב ר' משה יודא פאללטשעק.|ɛr hut a ʃˈidəx ɡətˈin mit zaːn lˈɛxtiɡə tˈaxtər. dɛr tˈajərər xˈuʃivər bˈuxər, dɛr zin fin harˈaːv rajʃ mˈɔjʃə jˈida fˈallʧək.
228_166255_0007|זאל דער אייבערשטער העלפן זאל זען שמחה און נחת געזונטערהייט. מארגן וועט זיין מעטשן בתנאים, זאלן זען מעטשן פון דעם פארפאלק, פון דעם זיווג,|zul dɛr ˈajbərʃtər hɛlfn zul zejn sˈimxə in nˈaxəs ɡəzˈintərhaːt. mɔrɡn vɛt zaːn mɛʧn bsnaːm, zɔln zejn mɛʧn fin dejm farfˈalk, fin dejm zˈivəɡ,
228_166255_0008|זאל ארויסקומען א קשר של קימא און א בילה על דעת.|zul arˈoʊskimən a kˈɛʃər ʃɛl kˈima in a bˈilə al dˈaas.
228_166255_0010|און מיט הרב החסיד ר' מאיר רוטנער, דער אייבערשטער זאל העלפן זיי זעען נחת פון זייערע קינדער, געזונטערהייט, זיי זאלן מגדל זיין דעם קינד לתורה ולחופה ולמעשים טובים.|in mit harˈaːv haxˈusid rajʃ mˈajər rˈitnər, dɛr ˈajbərʃtər zul hɛlfn zaj zˈɛən nˈaxəs fin zˈajərə kˈindər, ɡəzˈintərhaːt, zaj zɔln mɡˈadajl zaːn dejm kind latˈɔjru ilxˈɔjfə ˈilməʃim tˈibim.
228_166255_0011|איך האב נישט געקענט געבן דעם שיעור אין בית המדרש פאר'ן גאנצן עולם. איך האב מיך אוועקגעזעצט היינט דא אין אפיס אין ישיבה, איך האב מיך אראפגעכאפט אפאר מינוט,|ix hub niʃt ɡəkˈɛnt ɡejbn dejm ʃˈiər in bajs hamˈidruʃ farn ɡanʦn ˈɔjləm. ix hub mix avˈɛkɡəzəʦt haːnt du in ˈɔfis in jəʃˈivə, ix hub mix arˈupɡəxapt apˈur minˈit,
228_166255_0012|איך האב געזאגט איך מוז געבן דעם שיעור. ס'איז יעצט אין ישיבה ביי אונז ממש אז ס'איז א רעדל, ס'גייט א פייער, מ'קנאקט יעצט דורך,|ix hub ɡəzˈuɡt ix miz ɡejbn dejm ʃˈiər. siz jɛʦt in jəʃˈivə baː inz mˈamiʃ az siz a rɛdl, sɡajt a fˈajər, mknakt jɛʦt dˈɔrəx,
228_166255_0013|מ'ענדיגט צו דעם זמן, סיי ישיבה גדולה, ישיבה קטנה, בחורים פארהערן זיך גאנצע מסכתות אויסנווייניג, מסכת פסחים, מסכת קידושין,|mˈɛndiɡt ʦi dejm zman, saj jəʃˈivə ɡədˈilə, jəʃˈivə ktˈanə, buxˈirim farhˈirn zix ɡˈanʦə masˈɛxsɔjs ˈoʊsnvajniɡ, mˈasəxəs psˈuxim, mˈasəxəs kidˈiʃin,
228_166255_0014|מקצועות לשולחן ערוך, יורה דעה, אורח חיים הקדוש, איך מיין ס'איז נישט צו גלייבן וואס מ'ענדיגט אלץ יעצט צו, און די הויט ברענט.|mkʦˈiəis lʃˈilxajn ˈɛrix, jˈirə dˈajə, ɔjrˈajxa xˈajim hakˈudəʃ, ix maːn siz niʃt ʦi ɡlaːbn vus mˈɛndiɡt alʦ jɛʦt ʦi, in də hoʊt brɛnt.
228_166255_0015|די צייט איז אנגעצויגן, אבער נאך אלץ, בסיעתא דשמיא, דער אייבערשטער זאל ארויסקומען מיט די ריכטיגע ווערטער אז מ'זאל עפעס קענען ארויסקומען.|də ʦaːt iz ˈanɡəʦɔjɡn, ˈɔbər nux alʦ, bisjˈatu dʃmˈia, dɛr ˈajbərʃtər zul arˈoʊskimən mit də rˈixtiɡə vˈɛrtər az mzul ˈɛpəs kˈɛnən arˈoʊskimən.
228_166255_0016|איך וויל אפגעבן א ברכת מזל טוב פאר'ן חשוב'ן מגיד שיעור בן תורה ישיבה, הרב הגאון רבי אליעזר מאשקאוויטש, זאל זיין געזונט, האט חתונה געמאכט פאריגע וואך,|ix vil ˈupɡəbən a bˈirxɔjs mazl tɔjv farn xˈaʃivn mˈaɡəd ʃˈiər bɛn tˈɔjrə jəʃˈivə, harˈaːv hɡin rˈɛbə əlˈiəzər mˈaʃkaviʧ, zul zaːn ɡəzˈint, hut xˈasənə ɡəmˈaxt furˈiɡə vɔx,
228_166255_0017|האט ער חתונה געמאכט זיין טייערע חשוב'ע זון. זאל דער אייבערשטער העלפן ער צוזאמען מיט זיין חשוב'ע מחותן, ידידי רבי אלי' פארקאש, זאל זיין געזונט און שטארק,|hut ɛr xˈasənə ɡəmˈaxt zaːn tˈaːjərə xaʃˈivə zin. zul dɛr ˈajbərʃtər hɛlfn ɛr ʦizˈamən mit zaːn xaʃˈivə məxˈitn, jədˈidi rˈɛbə ˈali farkˈaʃ, zul zaːn ɡəzˈint in ʃtark,
228_166255_0018|זאלן זיי זען שמחה ונחת פון דעם פאר פאלק געזונטערהייט.|zɔln zaj zejn sˈimxə inxs fin dejm far falk ɡəzˈintərhaːt.
228_166255_0019|אויך וויל איך געבן א מזל טוב, אן עקסטערע מזל טוב פאר ידידי, הרבני הנגיד ר' משה אקערמאן, זאל זיין געזונט, פון קרית יואל,|ɔjx vil ix ɡejbn a mazl tɔjv, un ˈɛkstərə mazl tɔjv far jədˈidi, hrbni hnɡid rajʃ mˈɔjʃə ˈakərman, zul zaːn ɡəzˈint, fin kˈirjas jˈɔjəl,
228_166255_0020|וואס האט חתונה געמאכט די וואך, האט ער חתונה געמאכט זיין קינד. איך וויל זאגן זייער קלאר,|vus hut xˈasənə ɡəmˈaxt də vɔx, hut ɛr xˈasənə ɡəmˈaxt zaːn kind. ix vil zuɡn zˈajər klur,
228_166255_0022|וואס ער איז זיך מקריב זיין גאנצע לעבן מציל צו זיין נאך א איד, נאך א איד, נאך א איד. ער גייט דערמיט ממש באש ובמים.|vus ɛr iz zix mkrib zaːn ɡˈanʦə lejbn mʦil ʦi zaːn nux a jid, nux a jid, nux a jid. ɛr ɡajt dərmˈit mˈamiʃ baʃ ˈibmim.
228_166255_0023|מ'דארף זיך פון אים לערנען, ס'איז א קידוש השם וואס דער איד טוט. איך בין אהינגעגאנגען דארטן, ס'איז מיר ממש געקומען טרערן אין אויגן. ס'איז געווען דארטן עפעס אן אנלויפעניש פון אידן, מ'האט זיך נישט געקענט טרעטן דארטן אין זאל.|mdaf zix fin ejm lˈirnən, siz a kˈidəʃ haʃˈɛm vus dɛr jid tit. ix bin ahˈinɡəɡanɡən dɔrtn, siz mir mˈamiʃ ɡəkˈimən trɛrn in ɔjɡn. siz ɡəvˈejn dɔrtn ˈɛpəs un ˈanlɔjfəniʃ fin jidn, mhut zix niʃt ɡəkˈɛnt trɛtn dɔrtn in zul.
228_166255_0024|אידן זענען זיך געקומען מיטפרייען מיט די שמחה פון ר' משה. אשריך ר' משה, גיי ווייטער אן מיט דיין געוואלדיגע ארבעט.|jidn zˈɛnən zix ɡəkˈimən mˈitfrajən mit də sˈimxə fin rajʃ mˈɔjʃə. ˈaʃrix rajʃ mˈɔjʃə, ɡaj vˈaːtər un mit daːn ɡəvˈaldiɡə ˈarbət.
228_166255_0025|איידער מיר גייען אריין אביסל רעדן פון די נקודה פון די וואך, קען מען נישט דורכגיין נעבעך די טראגעדיע וואס איז געווען דא אין קרית יואל די וואך, נעבעך א יונג שעפעלע, אזוי פלוצלינג,|ˈajdər mir ɡˈajən arˈaːn abˈisl rɛdn fin də nəkˈidə fin də vɔx, kɛn mɛn niʃt dˈirxɡajn nˈɛbəx də trˈaɡədiə vus iz ɡəvˈejn du in kˈirjas jˈɔjəl də vɔx, nˈɛbəx a jinɡ ʃˈɛfələ, azˈɔj plˈiʦlinɡ,
228_166255_0027|די באקאנטע גמרא, נאכדעם די ש"ך על התורה, וואס יעדער איינער קען עס, אבער ס'איז נאך אלץ ווערד נאכצוזאגן דעם ש"ך על התורה. די גמרא זאגט אין מסכת חגיגה, זאגט די גמרא דף ג' עמוד א', זאגט די גמרא,|də bakˈantə ɡəmˈurə, nuxdˈejm də ʃin xuf al hatˈɔjrə, vus jˈɛdər ˈajnər kɛn ɛs, ˈɔbər siz nux alʦ vɛrd nˈaxʦizaɡn dejm ʃin xuf al hatˈɔjrə. də ɡəmˈurə zuɡt in mˈasəxəs xaɡˈiɡə, zuɡt də ɡəmˈurə daf ɡiml ˈuməd a zuɡt də ɡəmˈurə,
228_166255_0028|"מעשה ברבי יוחנן בן ברוקא ורבי אלעזר חסמא שהלכו להקביל פני רבי יהושע בפקיעין", מ'איז געגאנגען מקבל פנים זיין.|mˈaːsə brbi jɔjxˈunun bɛn brˈika ˈirbi ˈaluzr xsma ʃhlxi lhkbil pni rˈɛbə jəhˈɔjʃiə bfkˈiajn miz ɡəɡˈanɡən mkˈabajl pˈunəm zaːn.
228_166255_0030|אמר להם, אף על פי כן, ס'קען נישט זיין, אי אפשר בית המדרש בלא חידוש, ס'איז זיכער געווען א חידוש. שבת של מי היתה? זאגט ער, שבת של רבי אלעזר בן עזריה. ומה היתה הגדה היום?|ˈumar lˈuhəm, ɔp al pi kajn, skɛn niʃt zaːn, i ˈɛfʃir bajs hamˈidruʃ bˈɛlɔj xˈidiʃ, siz zˈixər ɡəvˈejn a xˈidiʃ. ʃˈabəs ʃɛl mi hˈujəsu ? zuɡt ɛr, ʃˈabəs ʃɛl rˈɛbə ˈaluzr bɛn ˈɛzri. ˈimə hˈujəsu hˈaɡudə hˈaːəm ?
228_166255_0033|נשים באות לשמוע, זיי קומען הערן. טף למה באין? וואס קומען די קליינע קינדערלעך? זאגט די גמרא, כדי ליתן שכר למביאיהן,|nˈuʃim bis lʃmˈiə, zaj kˈimən hirn. tf lˈumə baːn ? vus kˈimən də klˈajnə kˈindərləx ? zuɡt də ɡəmˈurə, kədˈaj ləjtˈajn sxar lmbˈiaːn,
228_166255_0034|געבן שכר פאר די עלטערן וואס ברענגען זיי אין בית המדרש. תוספות זאגט טאקע אויפ'ן פלאץ, זאגט תוספות, דא איז טאקע א ראיה אז מ'ברענגט קליינע קינדער אין בית המדרש, ליתן שכר למביאיהן.|ɡejbn sxar far də ˈɛltərn vus brˈejnɡən zaj in bajs hamˈidruʃ. tɔjsˈufɔjs zuɡt tˈakə afn plaːʦ, zuɡt tɔjsˈufɔjs, du iz tˈakə a rˈaːə az mbrɛnɡt klˈajnə kˈindər in bajs hamˈidruʃ, ləjtˈajn sxar lmbˈiaːn.
228_166255_0036|ס'איז דא אסאך פשטים אויף דעם, און מ'וועט נישט אריינגיין אין דעם, איך וועל האלטן איבער צום ענין. זאגט דער ש"ך על התורה, איך וועל נאכזאגן די לשון, זאגט ער, שמעתי שהיה קשה לרבי יהושע. וואס האט רבי יהושע דא געדריקט?|siz du ˈasax fʃtim oʊf dejm, in mvɛt niʃt arˈaːnɡajn in dejm, ix vɛl haltn ˈibər ʦim ˈinjən. zuɡt dɛr ʃin xuf al hatˈɔjrə, ix vɛl nˈaxzaɡn də luʃn, zuɡt ɛr, ʃumˈati ʃhi kˈuʃə lrbi jəhˈɔjʃiə. vus hut rˈɛbə jəhˈɔjʃiə du ɡədrˈikt ?
228_166255_0038|קליינע קינדערלעך וואס גייען אוועק פון דער וועלט יונגערהייט, מה תועלת בביאתם? וואסערע תועלת איז דא ווען זיי קומען אראפ אויף דער וועלט?|klˈajnə kˈindərləx vus ɡˈajən avˈɛk fin dɛr vɛlt jˈinɡərhaːt, mɛ sˈiəls bˈiasm ? vˈasərə sˈiəls iz du vɛn zaj kˈimən arˈup oʊf dɛr vɛlt ?
228_166255_0039|דא פאר צוועלף וואכן, ס'קומט אראפ א קינד וואס איז נעבעך נישט געזונט, ער קען נישט עסן, ער קען נישט טרינקען, ער קען נישט גארנישט, און ער גייט אוועק, ער לאזט איבער די וועלט. טף למה באין?|du far ʦvɛlf vɔxn, skimt arˈup a kind vus iz nˈɛbəx niʃt ɡəzˈint, ɛr kɛn niʃt ɛsn, ɛr kɛn niʃt trˈinkən, ɛr kɛn niʃt ɡˈurniʃt, in ɛr ɡajt avˈɛk, ɛr lɔzt ˈibər də vɛlt. tf lˈumə baːn ?
228_166255_0041|וואס איז די תכלית? ווי דער ש"ך פרעגט דארטן, ער זאגט ווייטער, אם אין להם חיים, קען זיין ער האט נישט קיין לעבן, אבער במציאות זע איך דאך יא געלעבט.|vus iz də tˈaxləs ? vi dɛr ʃin xuf frɛɡt dɔrtn, ɛr zuɡt vˈaːtər, im in lˈuhəm xˈajim, kɛn zaːn ɛr hut niʃt kan lejbn, ˈɔbər bimʦˈiɔjs zɛ ix dɔx ju ɡəlˈejbt.
228_166255_0042|וואס איז די פשט? אלא ודאי, זאגט ער, אז דאס איז אוועק פון די וועלט, איז פשט אין להם חיים, ער האט נישט געהאט קיין לעבן, ווען ער האט געהאט קיין לעבן וואלט ער ווייטער געלעבט, זי האט געלעבט,|vus iz də pʃat ? ˈala vˈadə, zuɡt ɛr, az dus iz avˈɛk fin də vɛlt, iz pʃat in lˈuhəm xˈajim, ɛr hut niʃt ɡəhˈat kan lejbn, vɛn ɛr hut ɡəhˈat kan lejbn vɔlt ɛr vˈaːtər ɡəlˈejbt, zi hut ɡəlˈejbt,
228_166255_0044|דאס היה קשה על רבי יהושע, רבי יהושע האט מיט דעם איז געווען זייער שווער.|dus hi kˈuʃə al rˈɛbə jəhˈɔjʃiə, rˈɛbə jəhˈɔjʃiə hut mit dejm iz ɡəvˈejn zˈajər ʃvir.
228_166255_0045|כששמע ווען ער האט געהערט אז רבי אלעזר בן עזריה האט געדרש'נט כדי ליתן שכר למביאיהן, אמר, מרגליות טובות. זאגט ער,|xʃmə vɛn ɛr hut ɡəhˈirt az rˈɛbə ˈaluzr bɛn ˈɛzri hut ɡɛdrʃnt kədˈaj ləjtˈajn sxar lmbˈiaːn, ˈumar, marɡulˈijɔjs tˈɔjvɔjs. zuɡt ɛr,
228_166255_0046|מיט דעם ווערט פארענטפערט די קשיא. כדי ליתן שכר למביאיהן, דער טאטע און די מאמע וואס האבן זיך געמוטשעט, מ'האט געברענגט א קינד אויף דער וועלט,|mit dejm virt farˈɛntfərt də kˈaʃə. kədˈaj ləjtˈajn sxar lmbˈiaːn, dɛr tˈatə in də mˈamə vus hubn zix ɡəmˈiʧət, mhut ɡəbrˈɛnɡt a kind oʊf dɛr vɛlt,
228_166255_0047|ס'איז נישט לייכט אנגעקומען. זאגט ער, אויב ס'איז א בן זכר האט מען געדארפט דורכגיין א ברית, מ'האט געמאכט א ברית, די אלע זאכן וואס מ'האט געמאכט.|siz niʃt lajxt ˈunɡəkimən. zuɡt ɛr, ɔjb siz a bɛn zˈajxər hut mɛn ɡədˈarft dˈirxɡajn a bris, mhut ɡəmˈaxt a bris, də ˈalə zaxn vus mhut ɡəmˈaxt.
228_166255_0048|און א מאמע, זאגט ער, פארדעם דערמאנט מען די מאמע פארדעם, כוונה, ווייל די מאמע גייט דורך די צער ליידער.|in a mˈamə, zuɡt ɛr, fardˈejm dərmˈant mɛn də mˈamə fardˈejm, kavˈunə, vaːl də mˈamə ɡajt dˈɔrəx də ʦar lˈajdər.
228_166255_0049|זאגט ער, פון דעם די אלע זאכן, זהו כדי ליתן שכר למביאים שישתדלו בקיום מצות פדיון ורביה, כן שמעתי, זאגט דער ש"ך על התורה.|zuɡt ɛr, fin dejm də ˈalə zaxn, zhi kədˈaj ləjtˈajn sxar lmbˈiaːm ʃˈiʒzdli bkjim mˈaʦɔjs pˈidiən ˈirbi, kajn ʃumˈati, zuɡt dɛr ʃin xuf al hatˈɔjrə.
228_166255_0050|ווערט נעבעך אזא טראגעדיע, און ס'פרעגט זיך די שאלה, באשעפער, אונז פרעגן מיר נישט קיין למה, ווייל למה זה אמרו הגוים, נאר די גוים זאגן פארוואס.|virt nˈɛbəx azˈa trˈaɡədiə, in sfrɛɡt zix də ʃˈaːlə, baʃˈɛfər, inz frɛɡn mir niʃt kan lˈumə, vaːl lˈumə zɛ ˈamri hɡɔjm, nɔr də ɡɔjm zuɡn farvˈus.
228_166255_0051|אבער אונז פרעגן מיר, קינדערלעך, וואס ביסטו דא געווען?|ˈɔbər inz frɛɡn mir, kˈindərləx, vus bˈisti du ɡəvˈejn ?
228_166255_0052|ס'איז באקאנט אז דער רבי האט אמאל געזאגט פאר איינעם, אמאל קומט אראפ א נשמה צו הערן איינמאל א קידוש פון א טאטן, קומט א נשמה אראפ אויף דער וועלט.|siz bakˈant az dɛr rˈɛbə hut amˈul ɡəzˈuɡt far ˈajnəm, amˈul kimt arˈup a nəʃˈumə ʦi hirn ˈajnmul a kˈidəʃ fin a tatn, kimt a nəʃˈumə arˈup oʊf dɛr vɛlt.
228_166255_0053|איך האב נישט קיין טעות, האט עס דער רבי געזאגט פאר הרב הצדיק ר' ישעי' יעקב שטויבער, ער זאל זיין געזונט און שטארק מיט אלע רמ"ח און שס"ה גידים, ער האט פארלוירן א קינד.|ix hub niʃt kan tˈuəs, hut ɛs dɛr rˈɛbə ɡəzˈuɡt far harˈaːv hˈaʦadik rajʃ ˈiʃaj jˈankəv ʃtˈɔjbər, ɛr zul zaːn ɡəzˈint in ʃtark mit ˈalə rajʃ mɛm xɛs in ʃin sˈaməx haj ɡˈidim, ɛr hut farlˈɔjrn a kind.
228_166255_0054|איך מיין אז דער רבי האט עס געזאגט פאר אים, טאמער האב איך א טעות, אזוי מיין איך.|ix maːn az dɛr rˈɛbə hut ɛs ɡəzˈuɡt far ejm, tˈamər hub ix a tˈuəs, azˈɔj maːn ix.
228_166255_0055|אבער אזוי צו אזוי, קומט זאגט דער ש"ך דא על התורה זאגט, ליתן שכר למביאין, די עלטערן זאלן וויסן אז ס'איז נישט געווען פאר פלענט, ס'האט נישט געהאט א חשבון אויבן אין הימל, ס'איז א קלארע חשבון.|ˈɔbər azˈɔj ʦi azˈɔj, kimt zuɡt dɛr ʃin xuf du al hatˈɔjrə zuɡt, ləjtˈajn sxar lmbˈiaːn, də ˈɛltərn zɔln visn az siz niʃt ɡəvˈejn far flɛnt, səhˈut niʃt ɡəhˈat a xˈɛʃbɔjn ɔjbn in himl, siz a klˈarə xˈɛʃbɔjn.
228_166255_0056|ווי די גמרא זאגט אז די פערטע משמרת זיצט דער אייבערשטער מיט די קליינע קינדערלעך, און דער אייבערשטער נעמט זיי אהין. דער אייבערשטער לערנט מיט זיי תורה, דאס טוט דער אייבערשטער מיט די קליינע נשמה'לעך.|vi də ɡəmˈurə zuɡt az də fˈɛrtə miʃmˈɛrɛs ziʦt dɛr ˈajbərʃtər mit də klˈajnə kˈindərləx, in dɛr ˈajbərʃtər nɛmt zaj ahˈin. dɛr ˈajbərʃtər lirnt mit zaj tˈɔjrə, dus tit dɛr ˈajbərʃtər mit də klˈajnə nəʃˈumuhlx.
228_166255_0057|ווען א קינד גייט אוועק, אבער ס'איז דא אראפגעקומען, ליתן שכר למביאין. צו געבן שכר פאר די טאטע און מאמע, אויבן אין הימל, דער אייבערשטער זאל באצאלן פאר דעם.|vɛn a kind ɡajt avˈɛk, ˈɔbər siz du arˈupɡəkimən, ləjtˈajn sxar lmbˈiaːn. ʦi ɡejbn sxar far də tˈatə in mˈamə, ɔjbn in himl, dɛr ˈajbərʃtər zul baʦˈuln far dejm.
228_166255_0058|ווי רעדט נאך, ווען מ'איז מקבל באהבה, אידן האבן מיר געזאגט, זיי זענען אהינגעגאנגען דארטן מנחם אבל זיין. מ'האט געזען אזא מין קבלת יסורים באהבה, אז ס'לאזט זיך נישט גלייבן.|vi rɛdt nux, vɛn miz mkˈabajl bəahˈavə, jidn hubn mir ɡəzˈuɡt, zaj zˈɛnən ahˈinɡəɡanɡən dɔrtn mnˈaxajm uvl zaːn. mhut ɡəzˈejn azˈa min kabˈulas jəsˈirim bəahˈavə, az slɔzt zix niʃt ɡlaːbn.
228_166255_0060|ס'איז באקאנט אז דער הייליגער רבי ר' הערש האט פארלוירן אכצן קינדער בחייו, און ער האט געהאלטן ביי זיין לעצטע טאכטער. ער האט געהאלטן ביים אכצנטן קינד, ס'איז געווען שבת, האט זי אנגעהויבן גוסס'ן.|siz bakˈant az dɛr hˈajliɡər rˈɛbə rajʃ hɛrʃ hut farlˈɔjrn axʦn kˈindər bəxˈajujv, in ɛr hut ɡəhˈaltn baː zaːn lˈɛʦtə tˈaxtər. ɛr hut ɡəhˈaltn bam axʦntn kind, siz ɡəvˈejn ʃˈabəs, hut zi ˈunɡəhɔjbn ɡˈisəs n.
228_166255_0061|דער הייליגער רבי ר' הערש האט ווייטער געקאכט ביים דאווענען, געקאכט ביים טיש. ער האט געזונגען דעם קול מקדש מיט א גאנצן ברען.|dɛr hˈajliɡər rˈɛbə rajʃ hɛrʃ hut vˈaːtər ɡəkˈɔxt bam dˈavənən, ɡəkˈɔxt bam tiʃ. ɛr hut ɡəzˈinɡən dejm kul məkˈadajʃ mit a ɡanʦn brɛn.
228_166255_0062|איז אריינגעקומען די שניא פון דער הייליגער רבי ר' מענדעלע איז אריינגעקומען און געפרעגט, רבי, וויאזוי קענסטו עס אויסהאלטן? דיין לעצטע ביימעל איז דא. די לעצטע קינד גייט אויס.|iz arˈaːnɡəkimən də ʃnˈia fin dɛr hˈajliɡər rˈɛbə rajʃ mˈɛndələ iz arˈaːnɡəkimən in ɡəfrˈɛɡt, rˈɛbə, vizˈɔj kˈɛnsti ɛs ˈoʊshaltn ? daːn lˈɛʦtə bˈajməl iz du. də lˈɛʦtə kind ɡajt oʊs.
228_166255_0063|האט דער הייליגער רבי ר' הערש געזאגט, מיר טייטשן ואתחנן לה' בעת ההיא לאמר. זאגט ער, בעת איז א לשון פון דערשראקנקייט.|hut dɛr hˈajliɡər rˈɛbə rajʃ hɛrʃ ɡəzˈuɡt, mir tajʧn vuəsxˈanan luh bajs hhˈia lˈajmər. zuɡt ɛr, bajs iz a luʃn fin dərʃrˈaknkaːt.
228_166255_0065|אזוי האט דער הייליגער רבי ר' הערש געזאגט, איך בעט דיר, הייליגער באשעפער, צושטערן מיר נישט דעם שבת.|azˈɔj hut dɛr hˈajliɡər rˈɛbə rajʃ hɛrʃ ɡəzˈuɡt, ix bɛt dir, hˈajliɡər baʃˈɛfər, ʦˈiʃtərn mir niʃt dejm ʃˈabəs.
228_166255_0066|זי האט טאקע געגוססט, זי איז אוועק מאנטאג איז זי אוועק פון די וועלט. אידישע קינדער זענען מקבל, דער אייבערשטער האט זיך מקבל די יסורים, ס'איז דאך באקאנט.|zi hut tˈakə ɡəɡˈist, zi iz avˈɛk mˈɔntik iz zi avˈɛk fin də vɛlt. jˈidiʃə kˈindər zˈɛnən mkˈabajl, dɛr ˈajbərʃtər hut zix mkˈabajl də jəsˈirim, siz dɔx bakˈant.
228_166255_0067|האט דער הייליגער ר' שלום אליעזר'ל, ווען זיין זון ר' חיים'ל איז נעבעך אוועק פון דער וועלט, איז ער געווען זייער זייער צובראכן, און אלט, די מאמע איז געווען אלט.|hut dɛr hˈajliɡər rajʃ ʃˈuləm ˈaliəzrl, vɛn zaːn zin rajʃ xajml iz nˈɛbəx avˈɛk fin dɛr vɛlt, iz ɛr ɡəvˈejn zˈajər zˈajər ʦˈibraxn, in alt, də mˈamə iz ɡəvˈejn alt.
228_166255_0068|און איינמאל איז געקומען, מ'האט נישט אויסגעזאגט פאר די מאמע אז די קינד איז אוועק, איז איינמאל איז געקומען דארטן איינער פון סאטמאר און האט נישט געוואוסט, און ער האט געפרעגט די רעבעצין, וואס מאכט?|in ˈajnmul iz ɡəkˈimən, mhut niʃt ˈoʊzɡəzuɡt far də mˈamə az də kind iz avˈɛk, iz ˈajnmul iz ɡəkˈimən dɔrtn ˈajnər fin sˈatmar in hut niʃt ɡəvˈist, in ɛr hut ɡəfrˈɛɡt də rˈɛbəʦin, vus maxt ?
228_166255_0069|די רעבעצין האט געפרעגט, וואס מאכט מיין חיים? יענער האט נישט געוואוסט אז די רעבעצין ווייסט נישט. האט זיך געזאגט, וואס הייסט חיים'לעך זכרונו לברכה, ער לעבט שוין נישט.|də rˈɛbəʦin hut ɡəfrˈɛɡt, vus maxt maːn xˈajim ? jˈɛnər hut niʃt ɡəvˈist az də rˈɛbəʦin vajst niʃt. hut zix ɡəzˈuɡt, vus hajst xˈajmləx zxrˈini livrˈuxə, ɛr lejbt ʃɔjn niʃt.
228_166255_0071|האט ר' שלום אליעזר געענטפערט, געוואלדיגע נחמה. ער זאגט, ווער האט עס דען געטון?|hut rajʃ ʃˈuləm əlˈiəzər ɡəˈɛntfərt, ɡəvˈaldiɡə nəxˈumə. ɛr zuɡt, vɛr hut ɛs dɛn ɡətˈin ?
228_166255_0073|און געזען האב איך געברענגט אז דער ברך משה, נעבעך וואס זיין טאכטער חיקה נעבעך, איז נסתלק געווארן, האט ער זיך מיט דעם מחזק געווען א גאנצע צייט.|in ɡəzˈejn hub ix ɡəbrˈɛnɡt az dɛr bˈɛrɛx mˈɔjʃə, nˈɛbəx vus zaːn tˈaxtər xˈikə nˈɛbəx, iz nistˈalajk ɡəvˈɔrn, hut ɛr zix mit dejm mxˈazajk ɡəvˈejn a ɡˈanʦə ʦaːt.
228_166255_0075|ווען דער באשעפער טוט, זאל דער אייבערשטער אוודאי העלפן פון היינט און ווייטער, זאל יעדער ווערן אויפגעראכטן, מ'זאל קענען דינען דעם אייבערשטן מיט שמחה, ס'זאל קיינעם מער גארנישט פעלן.|vɛn dɛr baʃˈɛfər tit, zul dɛr ˈajbərʃtər avˈadə hɛlfn fin haːnt in vˈaːtər, zul jˈɛdər virn ˈɔjfɡəraxtn, mzul kˈɛnən dˈinən dejm ˈajbərʃtn mit sˈimxə, szul kˈajnəm mɛr ɡˈurniʃt fɛln.
228_166255_0077|בין איך דארטן געווען, די וואך בין איך געווען דארטן אין האום.|bin ix dɔrtn ɡəvˈejn, də vɔx bin ix ɡəvˈejn dɔrtn in him.
228_166255_0078|איך קען אייך נישט זאגן, ווער ס'וויל ס'זאל פארגיין די אפעטיט פון אן עבירה זאל אהינגיין.|ix kɛn aːx niʃt zuɡn, vɛr svil szul farɡˈajn də ˈafətit fin un ˈavajrə zul ahˈinɡajn.
228_166255_0079|איך בין געווען צונומען, איך קען עס נישט זאגן.|ix bin ɡəvˈejn ʦˈinimən, ix kɛn ɛs niʃt zuɡn.
228_166255_0080|בעזרת השם, ס'גייט זיין חמת ספר התורה, מ'געבט אריין תולה נשמות די נדרים, די קינדער וואס זענען נעבעך אוועק, און די זכות פון די קינדער וואס זענען דארטן.|bˈɛzras haʃˈɛm, sɡajt zaːn xˈamas sˈajfər hatˈɔjrə, mɡɛbt arˈaːn tˈɔjlə nʃˈumɔjs də nədˈurim, də kˈindər vus zˈɛnən nˈɛbəx avˈɛk, in də zxis fin də kˈindər vus zˈɛnən dɔrtn.
228_166255_0081|און מ'וועט שוין קומען די וואך מיט סיעתא דשמיא, ס'וועט זיין אין שירה פון ראש השנה, און בעזרת השם וועט מען אביסל רעדן פון דעם ענין דארטן.|in mvɛt ʃɔjn kˈimən də vɔx mit sijˈatu dʃmˈia, svɛt zaːn in ʃˈirə fin rɔjʃ haʃˈunə, in bˈɛzras haʃˈɛm vɛt mɛn abˈisl rɛdn fin dejm ˈinjən dɔrtn.
228_166255_0082|אבער דארטן האט מיר רבי אריה פריעדמאן נאכגעזאגט זייער א שיינע כלי יקר, און איך וויל עס נאכזאגן, א פאסיגער כלי יקר אין פרשת ראה.|ˈɔbər dɔrtn hut mir rˈɛbə arˈiə frˈiədman nˈuxɡəzuɡt zˈajər a ʃˈajnə kˈajlə ikr, in ix vil ɛs nˈaxzaɡn, a fˈasiɡər kˈajlə ikr in pˈarʃis rˈɛaj.
228_166255_0083|דער כלי יקר זאגט דארטן, ס'שטייט "ראה נתתי לפניכם היום ברכה וקללה". זאגט ער, "היום" גייט ארויף אויף די גלגל היומי, אויף די זון.|dɛr kˈajlə ikr zuɡt dɔrtn, sʃtajt rˈɛaj nusˈati lfnixm hˈaːəm brˈuxə ˈikllə zuɡt ɛr, hˈaːəm ɡajt arˈoʊf oʊf də ɡalɡl hjˈimi, oʊf də zin.
228_166255_0085|די זון קען פועל זיין שני הפכים. זי קען ממסך את השעוה – דו לייגסט אונטער וואקס אונטער א ברענעדיגע זון, צעגייט עס.|də zin kɛn pˈɔjəl zaːn ʃnaj hfxim. zi kɛn mmsx ɛs hʃˈɛi di lajɡst ˈintər vaks ˈintər a brˈɛnədiɡə zin, ʦəɡˈajt ɛs.
228_166255_0086|ומקפא את הביצה – זי קען אפקאכן אן איי. ומלבין – זי קען ביגלען וועש.|ˈimkfa ɛs hbˈiʦə zi kɛn ˈafkaxn un aj. ˈimlbin zi kɛn bˈiɡlən vɛʃ.
228_166255_0087|די אלע זאכן קומט נישט מצד השמש, נאר ס'איז מצד המקבל. וואס דו לייגסט אונטער דעם זון, דאס קומט.|də ˈalə zaxn kimt niʃt mˈiʦad haʃˈɛməʃ, nɔr siz mˈiʦad hamkˈabajl. vus di lajɡst ˈintər dejm zin, dus kimt.
228_166255_0090|און דאס איז "היום" – דער אייבערשטער איז גלייך א גאנצע צייט.|in dus iz hˈaːəm dɛr ˈajbərʃtər iz ɡlaːx a ɡˈanʦə ʦaːt.
228_166255_0091|אויב לייגן מיר אונטער א טעצל מיט מצוות ומעשים טובים, וועט ווערן געבאקן ישועות פאר יעדן איינעם, ס'וועט ווערן געבאקן פאר יעדן איינעם ברכה מיט הצלחה.|ɔjb lajɡn mir ˈintər a tɛʦl mit mˈiʦvɔjs ˈiməʃim tˈibim, vɛt virn ɡəbˈakn jʃiˈɛɔjs far jejdn ˈajnəm, svɛt virn ɡəbˈakn far jejdn ˈajnəm brˈuxə mit hˈaʦluxə.
228_166255_0092|אויב לייגן מיר אונטער, חלילה וחס, נישט ריכטיגע זאכן, וועט עס זיין פארקערט. ממילא דארף מען זען איין זאך. אונז שטייען מיר אין די וואכעדיגע סדרה, אונז שטייען מיר אין אלול. ווייל דאס איז דער שפת אמת.|ɔjb lajɡn mir ˈintər, xalˈilə vxus, niʃt rˈixtiɡə zaxn, vɛt ɛs zaːn farkˈɛrt. mˈɛmajlə daf mɛn zejn ajn zax. inz ʃtˈajən mir in də vˈaxədiɡə sˈidrə, inz ʃtˈajən mir in ˈɛləl. vaːl dus iz dɛr sfas ˈɛməs.
228_166255_0093|דער שפת אמת זאגט אז די ימי אלול איז ווי א מלחמה. די סיבה, זאגט ער, פארוואס בלאזט מען שופר אין די ימי אלול? ס'שטייט אין תורת כהנים "בחצוצרות".|dɛr sfas ˈɛməs zuɡt az də jˈɛmaj ˈɛləl iz vi a milxˈumə. də sˈibə, zuɡt ɛr, farvˈus bluzt mɛn ʃˈɔjfər in də jˈɛmaj ˈɛləl ? sʃtajt in tˈɔjras xhnim baxaʦˈɔjʦrɔjs
228_166255_0094|ס'איז דא א חיוב יעדן טאג צו געדענקען, מיר זענען אינמיטן א מלחמה.|siz du a xˈiəv jejdn tuɡ ʦi ɡədˈɛnkən, mir zˈɛnən ˈinmitn a milxˈumə.
228_166255_0095|נאך מער זאגט דער שפת אמת, אז אין יעדע מלחמה שטעלט זיך דער שונא.|nux mɛr zuɡt dɛr sfas ˈɛməs, az in jˈɛdə milxˈumə ʃtɛlt zix dɛr sˈɔjnə.
228_166255_0096|דער שונא דארף וויסן וואו מ'שטייט, מ'קען ארויסהאבן די גאנצע זאך, מ'דארף וויסן אזוי דו פייטסט. אזוי דארף א איד וויסן חודש אלול.|dɛr sˈɔjnə daf visn vi mʃtajt, mˈɛkən arˈoʊshubn də ɡˈanʦə zax, mdaf visn azˈɔj di fajʦt. azˈɔj daf a jid visn xˈɔjdəʃ ˈɛləl.
228_166255_0097|זאגט ער, און נאך מער, ווען מ'גייט אין מלחמה אריין, קומט דער שונא אויך אריין שטערקער, מיט שטערקערע מאסלס, ער גייט דיר צווינגען.|zuɡt ɛr, in nux mɛr, vɛn mɡajt in milxˈumə arˈaːn, kimt dɛr sˈɔjnə ɔjx arˈaːn ʃtˈɛrkər, mit ʃtˈɛrkərə masls, ɛr ɡajt dir ʦvˈinɡən.
228_166255_0098|זאגט ער, אין חודש אלול איז דער יצר הרע זיך שטערקער מתגבר אויפ'ן מענטש. די באקאנטע תוספות יום טוב, אז ווי הייליגער און ווי שטערקער מ'איז.|zuɡt ɛr, in xˈɔjdəʃ ˈɛləl iz dɛr iʦr hrə zix ʃtˈɛrkər misɡˈabajr afn mɛnʧ. də bakˈantə tɔjsˈufɔjs jɔjm tɔjv, az vi hˈajliɡər in vi ʃtˈɛrkər miz.
228_166255_0099|זאגט ער, "ולא ראה קרי בכהן גדול יום הכיפורים" איז געווען איינע פון די נסים איז געווען אז דער כהן גדול האט גארנישט געזען. זאגט ער, וואס איז דער חידוש? ער האט זיך מפריש געווען זיבן טעג.|zuɡt ɛr, ˈila rˈɛaj kri bˈixən ɡdil jɔjm hxˈifirim iz ɡəvˈejn ˈajnə fin də nsim iz ɡəvˈejn az dɛr kˈɔjhajn ɡdil hut ɡˈurniʃt ɡəzˈejn. zuɡt ɛr, vus iz dɛr xˈidiʃ ? ɛr hut zix mfriʃ ɡəvˈejn zibn tejɡ.
228_166255_0100|ווייל דייקא דעמאלטס, זאגט דער תוספות יום טוב – דער רבי האט זיך דאך געקאכט מיט דעם תוספות יום טוב – דייקא דעמאלטס איז דא אזא שטארקע קדושה, א שטארקע פרישות, דארטן קומט דער יצר הרע און ער באכעט אריין די שטערקסטע וואס ער קען אין דעם.|vaːl dˈajka dˈɛmalʦ, zuɡt dɛr tɔjsˈufɔjs jɔjm tɔjv dɛr rˈɛbə hut zix dɔx ɡəkˈɔxt mit dejm tɔjsˈufɔjs jɔjm tɔjv dˈajka dˈɛmalʦ iz du azˈa ʃtˈarkə kdˈiʃə, a ʃtˈarkə prˈiʃis, dɔrtn kimt dɛr iʦr hrə in ɛr baxˈɛt arˈaːn də ʃtˈɛrkstə vus ɛr kɛn in dejm.
228_166255_0101|ימי אלול, וואס איז ימי מלחמה, דארטן קומט ער. ממילא דארף מען דאס וויסן, דאס איז דער ענין וואס מ'בלאזט שופר יעדן טאג, וועקט אייך אויף טייערע אידישע קינדערלעך, ס'איז נישט די צייט צו שלאפן. און מיר שטייען באמת יעצט אין אזא וואך ווי די וואך,|jˈɛmaj ˈɛləl, vus iz jˈɛmaj milxˈumə, dɔrtn kimt ɛr. mˈɛmajlə daf mɛn dus visn, dus iz dɛr ˈinjən vus mbluzt ʃˈɔjfər jejdn tuɡ, vɛkt aːx oʊf tˈaːjərə jˈidiʃə kˈindərləx, siz niʃt də ʦaːt ʦi ʃlufn. in mir ʃtˈajən bəˈɛməs jɛʦt in azˈa vɔx vi də vɔx,
228_166255_0104|ממילא הכבד גייט עס אזוי ארויף דארטן, פון אונטן אויף ארויף,|mˈɛmajlə hakˈuvajd ɡajt ɛs azˈɔj arˈoʊf dɔrtn, fin intn oʊf arˈoʊf,
228_166255_0105|אזוי זאגט ער דארטן.|azˈɔj zuɡt ɛr dɔrtn.
228_166255_0106|און וויאזוי גייט עס צו? זאגט ער, איך האב געזען דער בני אברהם ברענגט עס, און דער לבוש ברענגט עס א מדרש אויך, אז תוספות זאגט אז בעצם, וואס ארבעט דאס? זאגט ער, די ערשטע פון די שבעה דנחמתא איז דאך ישעיה הנביא זאגט פאר די אידן,|in vizˈɔj ɡajt ɛs ʦi ? zuɡt ɛr, ix hub ɡəzˈejn dɛr bnaj ˈavrum brɛnɡt ɛs, in dɛr lbiʃ brɛnɡt ɛs a mˈɛdrəʃ ɔjx, az tɔjsˈufɔjs zuɡt az bˈɛʦəm, vus ˈarbət dus ? zuɡt ɛr, də ˈɛrʃtə fin də ʒbə dnəxəmˈusu iz dɔx jəʃˈaːə hanˈuvi zuɡt far də jidn,
228_166255_0108|דער אייבערשטער שיקט אונז א נחמה. די צווייטע פרשה גייט, די אידן קומען צוריק צו נביא ישעיה, "ותאמר ציון עזבני ה' וה' שכחני", דער אייבערשטער האט אונז פארגעסן, דער אייבערשטער האט אונז איבערגעלאזט,|dɛr ˈajbərʃtər ʃikt inz a nəxˈumə. də ʦvˈajtə pˈarʃə ɡajt, də jidn kˈimən ʦirˈik ʦi nˈuvi jəʃˈaːə, vatˈɔjmɛr ʦjin ˈɛzbni haj i ʃxni dɛr ˈajbərʃtər hut inz faːrɡˈɛsn, dɛr ˈajbərʃtər hut inz ˈibərɡəlɔzt,
228_166255_0109|ער שיקט א שליח, ער שיקט א מעסענדזשער, ער שיקט מיט אן אנדערן. די אידישע קינדער האבן זיך נישט געוואלט טרייסטן נאר מיט'ן אייבערשטן אליינס.|ɛr ʃikt a ʃulˈixa, ɛr ʃikt a mˈɛsənʤər, ɛr ʃikt mit un ˈandərn. də jˈidiʃə kˈindər hubn zix niʃt ɡəvˈɔlt trajstn nɔr mitn ˈajbərʃtn alˈajns.
228_166255_0110|די דריטע הפטורה גייט ישעיה צוריק צום אייבערשטן און זאגט, "אני אעירה לו נחמה". וואס זאל איך טון, הייליגער באשעפער?|də drˈitə haftˈɔjrə ɡajt jəʃˈaːə ʦirˈik ʦim ˈajbərʃtn in zuɡt, ˈani ˈaajrə li nəxˈumə vus zul ix tin, hˈajliɡər baʃˈɛfər ?
228_166255_0111|כלל ישראל וויל זיך נישט טרייסטן. זי וויל נישט דורך א שליח, זי וויל דורך דיר, הייליגער באשעפער, אליינס. זאגט דער אייבערשטער אזוי, "קינדערלעך טייערע, איר ווילט הערן מיר? איר ווילט דוקא איך זאל אייך מנחם זיין? ווייסט איר וואס? 'אנכי אנכי הוא מנחמכם', איך וועל אייך אליינס טרייסטן."|klal jisrˈuəl vil zix niʃt trajstn. zi vil niʃt dˈɔrəx a ʃulˈixa, zi vil dˈɔrəx dir, hˈajliɡər baʃˈɛfər, alˈajns. zuɡt dɛr ˈajbərʃtər azˈɔj, kˈindərləx tˈaːjərə, ir vilt hirn mir ? ir vilt dˈika ix zul aːx mnˈaxajm zaːn ? vajst ir vus ? ˈanxi ˈanxi hˈia mnaxˈɛmxəm ix vɛl aːx alˈajns trajstn
228_166255_0112|א וואך שפעטער זאגט דער אייבערשטער צו די אידן, "רני עקרה לא ילדה", פריי דיך, איך האב דיך אליינס געטרייסט, איך האב דיך נישט איבערגעלאזט אליינס.|a vɔx ʃpˈejtər zuɡt dɛr ˈajbərʃtər ʦi də jidn, rni akˈurə lɔj ˈildə fraj dix, ix hub dix alˈajns ɡətrˈajst, ix hub dix niʃt ˈibərɡəlɔzt alˈajns.
228_166255_0113|אין די פארגאנגענע וואך האבן מיר אונז געזאגט, די זעקסטע הפטורה איז געווען "קומי אורי כי בא אורך". דער אייבערשטער הייבט אן רעדן, ער רעדט שוין צו אונז אליינס, ס'איז שוין "אנכי אנכי הוא מנחמכם". זאגט דער אייבערשטער,|in də farɡˈanɡənə vɔx hubn mir inz ɡəzˈuɡt, də zˈɛkstə haftˈɔjrə iz ɡəvˈejn kˈimi ˈiri ki bɔj irx dɛr ˈajbərʃtər hajbt un rɛdn, ɛr rɛdt ʃɔjn ʦi inz alˈajns, siz ʃɔjn ˈanxi ˈanxi hˈia mnaxˈɛmxəm zuɡt dɛr ˈajbərʃtər,
228_166255_0114|ס'קומט לעכטיגע צייטן, אידישע קינדערלעך. אלע צרות וואס מיר האבן געהאט גייען פאראיבער. די יאר איז שוין תכלה שנה וקללותיה, ס'קומט א לעכטיגע הייליגע יאר.|skimt lˈɛxtiɡə ʦaːtn, jˈidiʃə kˈindərləx. ˈalə ʦˈurɔjs vus mir hubn ɡəhˈat ɡˈajən farˈibər. də jur iz ʃɔjn tˈixlə ʃˈunə vəkillɔjsˈɛjhu, skimt a lˈɛxtiɡə hˈajliɡə jur.
228_166255_0115|און ווען דער איד הערט די אלע זאכן,|in vɛn dɛr jid hɛrt də ˈalə zaxn,
228_166255_0116|געט ער א שפרינג אויף און ער זאגט,|ɡɛt ɛr a ʃprinɡ oʊf in ɛr zuɡt,
228_166255_0119|"כי אתה עמדי", דער אייבערשטער איז מיט אונז.|ki ˈatu ˈɛmdi dɛr ˈajbərʃtər iz mit inz.
228_166255_0120|אבער איך וויל מסיים זיין די שיעור מיט א נקודה, מיט א מעשה וואס איך האב געהערט, א מעשה נורא וואס האט מיר אביסל אויפגעוועקט, ווי ווייט מיר שטייען.|ˈɔbər ix vil msajm zaːn də ʃˈiər mit a nəkˈidə, mit a mˈaːsə vus ix hub ɡəhˈirt, a mˈaːsə nˈira vus hut mir abˈisl ˈɔjfɡəvəkt, vi vaːt mir ʃtˈajən.
228_166255_0123|ס'גייט קומען משיח צדקינו, ער גייט אונז גואל זיין פון גלות, ס'וועט זיין "מקבץ נדחי עמו ישראל", יעדע אידיש קינד גייט אהיימקומען.|sɡajt kˈimən mˈuʃiəx ʦdkˈini, ɛr ɡajt inz ɡˈɔjəl zaːn fin ɡˈuləs, svɛt zaːn mkbʦ nˈidxaj ˈɛmi jisrˈuəl jˈɛdə jˈidiʃ kind ɡajt ahˈajmkimən.
228_166255_0124|ס'דרייען זיך ארום צעבראכענע עלטערן אסאך מאל פאר ווייטאגט, וואס גייט זיין? מיין קינד בלייבט אייביג פארוואגלט, ס'וועט קיינמאל נישט האבן קיין תקומה? ניין!|sdrˈajən zix arˈim ʦəbrˈaxənə ˈɛltərn ˈasax mul far vˈajtaɡt, vus ɡajt zaːn ? maːn kind blaːbt ˈajbiɡ farvˈaɡlt, svɛt kˈajnmul niʃt hubn kan tkˈimə ? najn !
228_166255_0125|שמואל הנביא זאגט אונז, ניין, ס'וועט נישט זיין אזוי, קינדערלעך, ס'וועט זיין "לבלתי ידח ממנו נדח". אונז זענען מיר נאך נישט ארויס פון גלות, אבער מ'ווארט נאך אז ס'זאלן קומען די קינדער וואס זאלן אהיימקומען.|ʃmˈiəl hanˈuvi zuɡt inz, najn, svɛt niʃt zaːn azˈɔj, kˈindərləx, svɛt zaːn lvˈilti jˈidax mmni ndx inz zˈɛnən mir nux niʃt arˈoʊs fin ɡˈuləs, ˈɔbər mvɔrt nux az szɔln kˈimən də kˈindər vus zɔln ahˈajmkimən.
228_166255_0126|אבער דאס ברענגט א מורא'דיגע מעשה פון דעם קלויזענבורגער רב זכרונו לברכה. ער האט דאך אויך מיטגעמאכט ביים קריג, ער האט פארלוירן נעבעך די ווייב מיט עלף קינדער, באקאנט, ער האט פארלוירן דארטן.|ˈɔbər dus brɛnɡt a mˈiradiɡə mˈaːsə fin dejm klˈɔjzənbirɡər ruv zxrˈini livrˈuxə. ɛr hut dɔx ɔjx mˈitɡəmaxt bam kriɡ, ɛr hut farlˈɔjrn nˈɛbəx də vaːb mit ɛlf kˈindər, bakˈant, ɛr hut farlˈɔjrn dɔrtn.
228_166255_0127|נאכן קריג האט ער אפגעמאכט אז ער גייט זען ווי ער קען מפיץ זיין מער תורה, זען מער וואס ער קען טון.|nuxn kriɡ hut ɛr ˈupɡəmaxt az ɛr ɡajt zejn vi ɛr kɛn mfiʦ zaːn mɛr tˈɔjrə, zejn mɛr vus ɛr kɛn tin.
228_166255_0128|ער האט אנגעהויבן נאכגיין ווי ער קען ארויסהעלפן די ישיבה, די ישיבה, די ישיבה.|ɛr hut ˈunɡəhɔjbn nˈaxɡajn vi ɛr kɛn arˈoʊshəlfn də jəʃˈivə, də jəʃˈivə, də jəʃˈivə.
228_166255_0129|און איינע פון די זאכן איז געווען, ער האט געזען טאמער איז דא ערגעץ אין אמעריקע א ישיבה אדער אין קאנאדע, לאמיר זען, מ'זאל קענען גיין.|in ˈajnə fin də zaxn iz ɡəvˈejn, ɛr hut ɡəzˈejn tˈamər iz du ˈɛrɡəʦ in amˈɛrikə a jəʃˈivə ˈɔdər in kˈanadə, lˈɔmir zejn, mzul kˈɛnən ɡajn.
228_166255_0130|איין טאג איז ער געווען אין ניו יארק, האט ער געבעטן פון א בחור, "טוט מיר א טובה, טראג מיך, דרייוו מיך אראפ צו א ישיבה אין קאנאדע." על כל פנים, ס'איז געווען זייער שווער, ס'איז געווען א שניי, ס'איז געווען א ווינטערדיגע זאך.|ajn tuɡ iz ɛr ɡəvˈejn in nju jɔrk, hut ɛr ɡəbˈejtn fin a bˈuxər, tit mir a tˈɔjvə, truɡ mix, drajv mix arˈup ʦi a jəʃˈivə in kˈanadə al kɔl pˈunəm, siz ɡəvˈejn zˈajər ʃvir, siz ɡəvˈejn a ʃnaj, siz ɡəvˈejn a vˈintərdiɡə zax.
228_166255_0131|דער בחור זאגט, "איך וועל יעצט גיין אראפפארן קיין קאנאדע? אראפפארן, רבי, ס'איז א שווערע מציאות." אבער דער רבי הייסט גיין. האט ער זיך אריינגעזעצט אין קאר און ער האט אראפגעדרייווט דעם קלויזענבורגער רב קיין קאנאדע.|dɛr bˈuxər zuɡt, ix vɛl jɛʦt ɡajn arˈupfarn kan kˈanadə ? arˈupfarn, rˈɛbə, siz a ʃvˈɛrə mʦˈiɔjs ˈɔbər dɛr rˈɛbə hajst ɡajn. hut ɛr zix arˈaːnɡəzəʦt in kar in ɛr hut arˈupɡədrajvt dejm klˈɔjzənbirɡər ruv kan kˈanadə.
228_166255_0132|מ'קומט אן דארטן, און מ'הייבט אן פארן, פרעגט דער בחור, "דער רבי ווייסט וואו מ'דארף גיין? אין וועלכע ישיבה מ'דארף גיין?" זאגט ער, "ניין, איך ווייס נישט.|mkimt un dɔrtn, in mhajbt un farn, frɛɡt dɛr bˈuxər, dɛr rˈɛbə vajst vi mdaf ɡajn ? in vˈɛlxə jəʃˈivə mdaf ɡajn zuɡt ɛr, najn, ix vajs niʃt.
228_166255_0133|איך ווייס נישט, מיר דארפן אנקומען אין ישיבת שארית הפליטה. איך ווייס נישט וואו די ישיבה איז, מ'וועט פרעגן דארטן." נאך שפעט פארן, מ'קומט אן דארטן ביינאכט,|ix vajs niʃt, mir daːfn ˈunkimən in jʃˈivas ʃˈajris hflˈitə. ix vajs niʃt vi də jəʃˈivə iz, mvɛt frɛɡn dɔrtn nux ʃpɛt farn, mkimt un dɔrtn bˈajnaxt,
228_166255_0134|מ'הייבט אן זוכן איינער זאל ווייזן וואו מ'גייט. קיינער ווייסט נישט. זאגט אים דער קלויזנבורגער רב, "קוק גוט, קוק גוט צו דו זעסט אז דו קענסט איינעם גיין פרעגן."|mhajbt un zixn ˈajnər zul vajzn vi mɡajt. kˈajnər vajst niʃt. zuɡt ejm dɛr klˈɔjznbirɡər ruv, kik ɡit, kik ɡit ʦi di zɛst az di kɛnst ˈajnəm ɡajn frɛɡn
228_166255_0135|ער הייבט אן קוקן דארטן פון די שניי, די אלע זאכן, ער זעט נישט קיינעם, קאלטע וועטערס. אינמיטן איז דורכגעגאנגען איינער אנגעטון מיט דינע קליידער,|ɛr hajbt un kikn dɔrtn fin də ʃnaj, də ˈalə zaxn, ɛr zejt niʃt kˈajnəm, kˈaltə vˈɛtərs. ˈinmitn iz dˈirxɡəɡanɡən ˈajnər ˈunɡətin mit dˈinə klˈajdər,
228_166255_0136|ער האט נישט געהאט קיין הוט, איך ווייס נישט וואס ער האט געהאט, דינע קליידער אן קיין הענטשיק און אלע זאכן, זיי זענען געגאנגען אזוי אנגעטון דארטן. און דער קלויזנבורגער רב ווייזט צו זיין דרייווער, "פרעג אים."|ɛr hut niʃt ɡəhˈat kan hit, ix vajs niʃt vus ɛr hut ɡəhˈat, dˈinə klˈajdər un kan hˈɛnʧik in ˈalə zaxn, zaj zˈɛnən ɡəɡˈanɡən azˈɔj ˈunɡətin dɔrtn. in dɛr klˈɔjznbirɡər ruv vajzt ʦi zaːn drˈajvər, frɛɡ ejm
228_166255_0137|זאגט ער, "רבי, ער איז א גוי, איך קען נישט קיין ענגליש, וואס גיי איך קאמיוניקעיטן? ס'איז געווען גראד, די גרינע זענען ארויסגעקומען, וואס גיי איך קענען קאמיוניקעיטן?"|zuɡt ɛr, rˈɛbə, ɛr iz a ɡɔj, ix kɛn niʃt kan ˈɛnɡliʃ, vus ɡaj ix kˈamjinikaːtn ? siz ɡəvˈejn ɡrad, də ɡrˈinə zˈɛnən arˈoʊzɡəkimən, vus ɡaj ix kˈɛnən kˈamjinikaːtn
228_166255_0138|זאגט ער, "דער אייבערשטער וועט העלפן," האט קלויזנבורגער רב געזאגט, "גיי פרעג אים."|zuɡt ɛr, dɛr ˈajbərʃtər vɛt hɛlfn hut klˈɔjznbirɡər ruv ɡəzˈuɡt, ɡaj frɛɡ ejm
228_166255_0139|דער קאר שטעלט זיך אפ, און ער פייפט, און דער קלויזנבורגער רב עפנט אויף די פענסטער,|dɛr kar ʃtɛlt zix ɔp, in ɛr fajft, in dɛr klˈɔjznbirɡər ruv ɛfnt oʊf də fˈɛnstər,
228_166255_0140|און ער פרעגט אים אין אידיש, "וואו קומען אונז אן צו די ישיבה שארית הפליטה?" אין אידיש. איך גיי פרעגן א גוי אין אידיש,|in ɛr frɛɡt ejm in jˈidiʃ, vi kˈimən inz un ʦi də jəʃˈivə ʃˈajris hflˈitə in jˈidiʃ. ix ɡaj frɛɡn a ɡɔj in jˈidiʃ,
228_166255_0141|איך גיי פרעגן מיר טשייניז, וואס איך האב ליב? וואס ווילסטו יעצט? און נישט מער און נישט ווייניגער,|ix ɡaj frɛɡn mir ʧˈajniz, vus ix hub lib ? vus vˈilsti jɛʦt ? in niʃt mɛr in niʃt vˈajniɡər,
228_166255_0142|דער גוי ווייזט זיי, "פארט עס גראד, מאכט עס א רעכטס מיט א לינקס, דארטן קומט ער צאלן." און די קאר וועלן אנהייבן פארן, אינמיטן לויפט דער גוי,|dɛr ɡɔj vajzt zaj, fɔrt ɛs ɡrad, maxt ɛs a rɛxʦ mit a links, dɔrtn kimt ɛr ʦuln in də kar vɛln ˈunhajbn farn, ˈinmitn lɔjft dɛr ɡɔj,
228_166255_0143|ער לויפט אהין, און ער קלאפט דעם פענסטער. און ער פרעגט אזוי דארטן, "איך וויל פרעגן דא א שאלה." איך מיין,|ɛr lɔjft ahˈin, in ɛr klapt dejm fˈɛnstər. in ɛr frɛɡt azˈɔj dɔrtn, ix vil frɛɡn du a ʃˈaːlə ix maːn,
228_166255_0144|דער דרייווער האט דאך ממש געמיינט אז אליהו נביא איז געקומען זיך מגלה געווען פאר קלויזנבורגער רב, ער האט שוין געהאט א מעשה פאר די ביכער, אליהו נביא איז דא געקומען. זאגט ער, "איך וויל פרעגן א שאלה, פון וואו האט עטס געוואוסט,"|dɛr drˈajvər hut dɔx mˈamiʃ ɡəmˈajnt az əliˈuhi nˈuvi iz ɡəkˈimən zix mɡˈalə ɡəvˈejn far klˈɔjznbirɡər ruv, ɛr hut ʃɔjn ɡəhˈat a mˈaːsə far də bˈixər, əliˈuhi nˈuvi iz du ɡəkˈimən. zuɡt ɛr, ix vil frɛɡn a ʃˈaːlə, fin vi hut ɛʦ ɡəvˈist
228_166255_0145|ער זאגט פאר קלויזנבורגער רב, "דו זעט אויס ווי א רב? פון וואו האט עטס געוואוסט אז איך בין א איד?|ɛr zuɡt far klˈɔjznbirɡər ruv, di zejt oʊs vi a ruv ? fin vi hut ɛʦ ɡəvˈist az ix bin a jid ?
228_166255_0146|דו האסט מיר געטרויעט צו פרעגן אין אידיש וואו איך גיי פון, פון וואו האט עטס געוואוסט אז איך בין א איד?"|di hust mir ɡətrˈɔjət ʦi frɛɡn in jˈidiʃ vi ix ɡaj fin, fin vi hut ɛʦ ɡəvˈist az ix bin a jid
228_166255_0147|האט ער אים געענטפערט, דער קרויסבורער רב האט געענטפערט אזוי, דאס שמייכלט. "וועלכער מטורף גייט אין אזא שניי ביינאכט, געפרוירן קאלט, מיט א דינטשיגע העמדל,"|hut ɛr ejm ɡəˈɛntfərt, dɛr krˈɔjzbirər ruv hut ɡəˈɛntfərt azˈɔj, dus ʃmajxlt. vˈɛlxər mətˈirəf ɡajt in azˈa ʃnaj bˈajnaxt, ɡəfrˈɔjrn kalt, mit a dˈinʧiɡə hɛmdl
228_166255_0148|ער האט געהאט קורצע העמדלעך ווי אזוי ס'האט געהאט, "אן קיין הענטשיף? מוז זיין אז דאס איז א יוד." זאגט ער, "ווי גייט נישט אזוי." פיין, מ'האט זיך צולאכט,|ɛr hut ɡəhˈat kˈirʦə hˈɛmdləx vi azˈɔj səhˈut ɡəhˈat, un kan hˈɛnʧif ? miz zaːn az dus iz a jid zuɡt ɛr, vi ɡajt niʃt azˈɔj faːn, mhut zix ʦˈilaxt,
228_166255_0149|ונפרדו לשלום. ער איז ווייטער געגאנגען. ס'איז דורכגעגאנגען פופצן אדער צוואנציג יאר שפעטער, און|ˈinfrdi lʃlim. ɛr iz vˈaːtər ɡəɡˈanɡən. siz dˈirxɡəɡanɡən fifʦn ˈɔdər ʦvˈanʦiɡ jur ʃpˈejtər, in
228_166255_0151|סאו מ'האט געמאכט א גרויסע דינער, און ברוקלין איז געווען א גרויסע דינער פאר די מוסדות. ס'איז געקומען צום דינער, דער אורח הכבוד האט נאכנישט געהאט אנגעקומען,|sɔ mhut ɡəmˈaxt a ɡrˈɔjsə dˈinər, in brˈiklin iz ɡəvˈejn a ɡrˈɔjsə dˈinər far də mˈɔjzdəs. siz ɡəkˈimən ʦim dˈinər, dɛr ɔjrˈajxa hxbid hut nˈuxniʃt ɡəhˈat ˈunɡəkimən,
228_166255_0152|דער רבי זיצט דארטן, דער גאנצער עולם זיצט דארטן, מען ווארט אז עפעס זאל דא ווערן, דער אורח הכבוד זאל אנקומען. וואס קען מען דער מיען טיים? סתם סתם ברומישיגע קייט ניסלעך,|dɛr rˈɛbə ziʦt dɔrtn, dɛr ɡˈanʦər ˈɔjləm ziʦt dɔrtn, mɛn vɔrt az ˈɛpəs zul du virn, dɛr ɔjrˈajxa hxbid zul ˈunkimən. vus kɛn mɛn dɛr mˈiən tajm ? stam stam brˈimiʃiɡə kajt nˈisləx,
228_166255_0153|מען האט שוין אלע פאפקארן צוטראסקעט, מען האט זיך שוין אויפגעהויבן, מען האט זיך שוין אראפגעזעצט, וואס זאל מען יעצט טון? האט מען גענומען דעם עפעס איינער פון די הויז בחורים, דעם דרייווער, מ'האט אים געהייסן חאצקל, איך ווייס נישט ווי דער דרייווער הייסט. טו מיר,|mɛn hut ʃɔjn ˈalə fˈafkarn ʦˈitraskət, mɛn hut zix ʃɔjn ˈɔjfɡəhɔjbn, mɛn hut zix ʃɔjn arˈupɡəzəʦt, vus zul mɛn jɛʦt tin ? hut mɛn ɡənˈimən dejm ˈɛpəs ˈajnər fin də hoʊz buxˈirim, dejm drˈajvər, mhut ejm ɡəhˈajsn xaʦkl, ix vajs niʃt vi dɛr drˈajvər hajst. ti mir,
228_166255_0154|שטעל דיר אויף, פארצייל עפעס מעשיות. ער שטעלט זיך אויף, און ער האט אנגעהויבן, מ'האט אנגעהויבן ווי מ'וויל רייבן וואסער, ער האט אנגעהויבן זאגן עפעס אינטערעסאנטע זאכן. מיטן זענען מיר ארויפגעקומען די מעשה אויפ'ן קאפ,|ʃtɛl dir oʊf, farʦˈajl ˈɛpəs mˈaːsəs. ɛr ʃtɛlt zix oʊf, in ɛr hut ˈunɡəhɔjbn, mhut ˈunɡəhɔjbn vi mvil rajbn vˈasər, ɛr hut ˈunɡəhɔjbn zuɡn ˈɛpəs ˈintərəsantə zaxn. mitn zˈɛnən mir arˈoʊfɡəkimən də mˈaːsə afn kɔp,
228_166255_0155|און ער הייבט אן פארציילן ווי ווייט ס'האט אויסגעזען אנפאנג ווען קלויזנבורגער רב האט זיך געדרייט און ער פאפירט משפיע צו זיין אז מ'זאל בויען ישיבות, פון די גאנצע מעשה וואס איז געווען. און ער פארציילט אזוי,|in ɛr hajbt un farʦˈajln vi vaːt səhˈut ˈoʊzɡəzejn ˈanfanɡ vɛn klˈɔjznbirɡər ruv hut zix ɡədrˈajt in ɛr fˈafirt mʃpˈiə ʦi zaːn az mzul bˈoʊən jʃˈivɔjs, fin də ɡˈanʦə mˈaːsə vus iz ɡəvˈejn. in ɛr farʦˈajlt azˈɔj,
228_166255_0156|מ'האט זיך אפגעשטעלט דארטן, מ'האט געטראפן, מ'האט געזאגט אליהו הנביא, און ס'האט אויסגעזען ווי אליהו הנביא, און אינמיטן האט דער גוי געזאגט, איך בין א איד, און ווי האט דער רבי געוואוסט די גאנצע מעשה? און ער פארציילט די מעשה.|mhut zix ˈɔpɡəʃtəlt dɔrtn, mhut ɡətrˈafn, mhut ɡəzˈuɡt əliˈuhi hanˈuvi, in səhˈut ˈoʊzɡəzejn vi əliˈuhi hanˈuvi, in ˈinmitn hut dɛr ɡɔj ɡəzˈuɡt, ix bin a jid, in vi hut dɛr rˈɛbə ɡəvˈist də ɡˈanʦə mˈaːsə ? in ɛr farʦˈajlt də mˈaːsə.
228_166255_0157|יעדער האט געלאכט. אלעס איז געווען זייער לעכטיג. ס'איז געווען דארטן אפאר הונדערט אידן,|jˈɛdər hut ɡəlˈaxt. ˈaləs iz ɡəvˈejn zˈajər lˈɛxtiɡ. siz ɡəvˈejn dɔrtn apˈur hˈindərt jidn,
228_166255_0158|פון די גאנצע אודיענס שטעלט זיך אויף איינער מיט א גרויסע בארד, מיט א שטריימל שטעלט ער זיך אויף, ער זאגט, מורי ורבותי,|fin də ɡˈanʦə ˈidiəns ʃtɛlt zix oʊf ˈajnər mit a ɡrˈɔjsə bard, mit a ʃtrajml ʃtɛlt ɛr zix oʊf, ɛr zuɡt, mˈiri vərabˈɔjsaj,
228_166255_0159|איך בין דער משוגענער. ס'איז געווארן טויט שטיל, ס'האט געדראפט שטיל, איך בין דער משוגענער פון וואס מ'רעדט.|ix bin dɛr məʃˈiɡənər. siz ɡəvˈɔrn tɔjt ʃtil, səhˈut ɡədrˈaft ʃtil, ix bin dɛr məʃˈiɡənər fin vus mrɛdt.
228_166255_0160|דער איד איז ארויפגעגאנגען צום בימען, ער האט גענומען די מייקעפארן, האט ער געזאגט, איך וויל פארציילן די מעשה. האט ער געזאגט, איך בין דורכגעגאנגען ל"ע די ביטערע וועלט מלחמה,|dɛr jid iz arˈoʊfɡəɡanɡən ʦim bˈimən, ɛr hut ɡənˈimən də mˈajkəfarn, hut ɛr ɡəzˈuɡt, ix vil farʦˈajln də mˈaːsə. hut ɛr ɡəzˈuɡt, ix bin dˈirxɡəɡanɡən lˈaməd ˈajən də bˈitərə vɛlt milxˈumə,
228_166255_0161|איך האב פארלוירן מיין גאנצע משפחה, איך האב געפערליך צוזאמגעליטן אין לעבן. ליידער, ווי אסאך אידן,|ix hub farlˈɔjrn maːn ɡˈanʦə miʃpˈuxə, ix hub ɡəfˈɛrləx ʦˈizamɡəlitn in lejbn. lˈajdər, vi ˈasax jidn,
228_166255_0162|און יעדע מאל מ'רעדט דערפון דארף מען נאכאמאל און נאכאמאל ארויסברענגען דאס אונזערע זיידעס, אונזערע עלטערן, וויפיל מסירות נפש און אמונה פשוטה האבן זיי געדארפט האבן,|in jˈɛdə mul mrɛdt dərfˈin daf mɛn nˈuxamul in nˈuxamul arˈoʊzbrejnɡən dus ˈinzərə zˈajdəs, ˈinzərə ˈɛltərn, vˈifil msˈirɔjs nˈejfiʃ in əmˈinə fʃˈitə hubn zaj ɡədˈarft hubn,
228_166255_0163|זיך אונטערצואווארפן אונטער אונזערע רבי'ס און אנהייבן נאכאמאל א לעבן פון אלף. אבער ליידער, דער איד פארציילט, איך האב נישט געקענט עומד זיין,|zix ˈintərʦiavarfn ˈintər ˈinzərə rbis in ˈunhajbn nˈuxamul a lejbn fin alf. ˈɔbər lˈajdər, dɛr jid farʦˈajlt, ix hub niʃt ɡəkˈɛnt imd zaːn,
228_166255_0164|און איך האב אנגעהויבן האבן ספיקות אין אמונה, ווי קען זיין אזא מין זאך אז דער אייבערשטער האט דאס געטון, כאילו דער אייבערשטער האט פארגעסן? איך האב אפגעמאכט. דאס איז נאך געווען אין פוילן.|in ix hub ˈunɡəhɔjbn hubn sfˈikɔjs in əmˈinə, vi kɛn zaːn azˈa min zax az dɛr ˈajbərʃtər hut dus ɡətˈin, kəjˈilə dɛr ˈajbərʃtər hut faːrɡˈɛsn ? ix hub ˈupɡəmaxt. dus iz nux ɡəvˈejn in pɔjln.
228_166255_0165|איך לאז איבער גאנץ פוילן, איך טראג אפ קיין קאנאדע, און דארטן קען מיר קיינער נישט. ערלעדיגט.|ix laz ˈibər ɡanʦ pɔjln, ix truɡ ɔp kan kˈanadə, in dɔrtn kɛn mir kˈajnər niʃt. ˈɛrlədiɡt.
228_166255_0166|דער יענער טאג וואס איך בין אנגעקומען פון פוילן קיין קאנאדע, בין איך געגאנגען, איך האב אראפגערוקט מיין קאפל, אפגעשוירן מיין בארד, מיין פאות, איך האב אלעס,|dɛr jˈɛnər tuɡ vus ix bin ˈunɡəkimən fin pɔjln kan kˈanadə, bin ix ɡəɡˈanɡən, ix hub arˈupɡərikt maːn kafl, ˈɔpɡəʃɔjrn maːn bard, maːn pˈajɔjs, ix hub ˈaləs,
228_166255_0167|איך האב מיך אפגעקלינט ווי א גוי גמור, ווי א גוי גמור. איך האב מחליט געווען, געענדיגט. דער באשעפער האט אכט ביליאן גוים היינט, איך ווייס נישט צו דאס איז דעמאלטס געווען, ער האט האבן נאך איינעם,|ix hub mix ˈɔpɡəklint vi a ɡɔj ɡˈumər, vi a ɡɔj ɡˈumər. ix hub mˈaxlit ɡəvˈejn, ɡəˈɛndiɡt. dɛr baʃˈɛfər hut axt bˈiljɔn ɡɔjm haːnt, ix vajs niʃt ʦi dus iz dˈɛmalʦ ɡəvˈejn, ɛr hut hubn nux ˈajnəm,
228_166255_0168|ער האט מוזן הענדלען נאך איינעם. איך טשעק ארויס אין די גאנצע מציאות, און איך האב מחליט נישט בלויז איך טשעק ארויס, איך גיי ווערן א גראבע בעל עבירה, איך גיי...|ɛr hut mizn hˈɛndlən nux ˈajnəm. ix ʧɛk arˈoʊs in də ɡˈanʦə mʦˈiɔjs, in ix hub mˈaxlit niʃt blɔjz ix ʧɛk arˈoʊs, ix ɡaj virn a ɡrˈabə baːl ˈavajrə, ix ɡaj
228_166255_0170|דאס איז געווען יענע טאג וואס דער רבי האט מיר געטראפן, דער קלויזענבורגער רב האט מיר געטראפן וואקן אין די שניי מיט א דינטשיגע העמד, וואס דאס האב איך געהאט אן קיין נאז,|dus iz ɡəvˈejn jˈɛnə tuɡ vus dɛr rˈɛbə hut mir ɡətrˈafn, dɛr klˈɔjzənbirɡər ruv hut mir ɡətrˈafn vakn in də ʃnaj mit a dˈinʧiɡə hɛmd, vus dus hub ix ɡəhˈat un kan nɔz,
228_166255_0171|און יעצט ווער איך געווארן א מעמד פון א גוי. איך האב נאך נישט עובר געווען אויף קיין עבירה, זאגט ער, איך האב נאך נישט געהאט, איך האב געהאט אנגעגרייט, מ'גייט יעצט גיין ענדיגן זיין עבירות. מסתמא,|in jɛʦt vɛr ix ɡəvˈɔrn a mˈaːməd fin a ɡɔj. ix hub nux niʃt ibr ɡəvˈejn oʊf kan ˈavajrə, zuɡt ɛr, ix hub nux niʃt ɡəhˈat, ix hub ɡəhˈat ˈunɡəɡrajt, mɡajt jɛʦt ɡajn ˈɛndiɡn zaːn avˈajrɔjs. mˈistamə,
228_166255_0172|איך גייס נישט וואס ער האט געוואלט טון, מסתמא, ליינען קרישן אן א גארטל, דאס האט געדארפט זיין די ערשטע, ס'איז איך געווען נישט וואס זיין ערשטע עבירה האט געדארפט זיין.|ix ɡajs niʃt vus ɛr hut ɡəvˈɔlt tin, mˈistamə, lˈajnən kriʃn un a ɡartl, dus hut ɡədˈarft zaːn də ˈɛrʃtə, siz ix ɡəvˈejn niʃt vus zaːn ˈɛrʃtə ˈavajrə hut ɡədˈarft zaːn.
228_166255_0173|יענע נאכט איז דער קלויזענבורגער רב אנגעקומען, ער האט אים דארטן געכאפט, און ער האט אים געזאגט, "איין רגע, איין רגע, איין רגע,|jˈɛnə naxt iz dɛr klˈɔjzənbirɡər ruv ˈunɡəkimən, ɛr hut ejm dɔrtn ɡəxˈapt, in ɛr hut ejm ɡəzˈuɡt, ajn rˈɛɡə, ajn rˈɛɡə, ajn rˈɛɡə,
228_166255_0174|ווי גייט מען צו די ישיבה שארית הפליטה?"|vi ɡajt mɛn ʦi də jəʃˈivə ʃˈajris hflˈitə
228_166255_0176|וואס? פארדעם האב איך אראפגענומען מיין בארד, מיין פאות? דעם וואק איך ארום מיט א דינטשיגע העמדל אין די שניי, הונדערטער, איך ווייס נישט וויפיל, זערא בלאו, די אלע זאכן,|vus ? fardˈejm hub ix arˈupɡənimən maːn bard, maːn pˈajɔjs ? dejm vak ix arˈim mit a dˈinʧiɡə hɛmdl in də ʃnaj, hˈindərtər, ix vajs niʃt vˈifil, zˈɛra bli, də ˈalə zaxn,
228_166255_0178|איך קען ערגעץ נישט גיין. דער אייבערשטער זאגט, פון מיר לויפט קיינער נישט אוועק. גיי נישט אוועק.|ix kɛn ˈɛrɡəʦ niʃt ɡajn. dɛr ˈajbərʃtər zuɡt, fin mir lɔjft kˈajnər niʃt avˈɛk. ɡaj niʃt avˈɛk.
228_166255_0179|און דעמאלטס איז מיר אריינגעקומען אין קאפ די הייליגע ווערטער, "לבלתי ידח ממני נדח", קיינער קען פונעם אייבערשטן נישט אנטלויפן.|in dˈɛmalʦ iz mir arˈaːnɡəkimən in kɔp də hˈajliɡə vˈɛrtər, lvˈilti jˈidax mmni ndx kˈajnər kɛn fˈinəm ˈajbərʃtn niʃt ˈantlɔjfn.
228_166255_0180|וועסט לויפן דא, וועסט לויפן דארט. דער אייבערשטער איז מלא כל הארץ כבודו. ס'איז מיר אריין אין קאפ, איך בין אהיימגעקומען מיט בכיות נוראות, איך האב מיך געווארפן אויפ'ן פלאר.|vɛst lɔjfn du, vɛst lɔjfn dɔrt. dɛr ˈajbərʃtər iz mˈulə kɔl harʦ xbˈidi. siz mir arˈaːn in kɔp, ix bin ahˈajmɡəkimən mit bəxˈijɔjs nɔjrˈuɔjs, ix hub mix ɡəvˈarfn afn flar.
228_166255_0181|אוי, רבונו של עולם, זיי מיר מוחל, זיי מיר מוחל, איך הייב אן א לעבן פון אלף, דא שטיי איך היינט, איך האב קינדערלעך,|ɔj, rbˈini ʃɛl ˈɔjləm, zaj mir mˈɔjxajl, zaj mir mˈɔjxajl, ix hajb un a lejbn fin alf, du ʃtaj ix haːnt, ix hub kˈindərləx,
228_166255_0182|קיין עין הרע, איך בין א מגדל תורה, קוק צו מיין בארד, מיין פאות, איך האב אלעס צו פארדאנקען ווייל איך האב געכאפט דעמאלטס די רגש אז א איד קען נישט אוועקלויפן.|kan ˈaːən hrə, ix bin a mɡˈadajl tˈɔjrə, kik ʦi maːn bard, maːn pˈajɔjs, ix hub ˈaləs ʦi fardˈankən vaːl ix hub ɡəxˈapt dˈɛmalʦ də rˈɛɡəʃ az a jid kɛn niʃt avˈɛklɔjfn.
228_166255_0183|דו קענסט אראפנעמען דיין בארד, דו קענסט אראפנעמען דיין פאות, דו קענסט אראפנעמען א מיידל, דו קענסט אלעס טרייען זיך צו פארשטעלן, דו ביסט א איד.|di kɛnst arˈupnəmən daːn bard, di kɛnst arˈupnəmən daːn pˈajɔjs, di kɛnst arˈupnəmən a majdl, di kɛnst ˈaləs trˈajən zix ʦi farʃtˈɛln, di bist a jid.
228_166255_0186|אונז זענען מיר בסיעתא דשמיא בערך א וואך צו די הייליגע יום טוב ראש השנה.|inz zˈɛnən mir bisjˈatu dʃmˈia bəˈejrəx a vɔx ʦi də hˈajliɡə jɔjm tɔjv rɔjʃ haʃˈunə.
228_166255_0187|לאמיר אונז זיך מקבל זיין, טון נאך א טובה, נאך א פעולה טובה, נאך א פעולה טובה, נאך אביסל תהלים, נאך אביסל תפילות, זאל דער אייבערשטער זיכער העלפן.|lˈɔmir inz zix mkˈabajl zaːn, tin nux a tˈɔjvə, nux a pˈilə tˈɔjvə, nux a pˈilə tˈɔjvə, nux abˈisl təhˈilim, nux abˈisl tfˈilɔjs, zul dɛr ˈajbərʃtər zˈixər hɛlfn.
228_166255_0188|אונז זאלן מיר אלע געבענטשט ווערן מיט א זיס לעכטיגע יאר, א כתיבה וחתימה טובה, מיט די גאולה שלימה.|inz zɔln mir ˈalə ɡəbˈɛnʧt virn mit a zis lˈɛxtiɡə jur, a ksˈivə vaxasˈimə tˈɔjvə, mit də ɡˈulə ʃlˈimə.
230_161840_0002|"כל דור ודור שלא נבנה בית המקדש בימיו כאילו נחרב בימיו".|kɔl dur idˈir ʃˈɛlɔj nˈivnɛ bajs hamˈikduʃ bˈimji kəjˈilə nəxˈɛrav bˈimji
230_161840_0003|בפרט די הפטורה איז גאר א שווערע הפטורה, וואס מ'זאגט אז ס'איז א זכר מוסר, כאטש ס'איז שבת.|bfˈɛrət də haftˈɔjrə iz ɡur a ʃvˈɛrə haftˈɔjrə, vus mzuɡt az siz a zˈajxər misr, xɔʧ siz ʃˈabəs.
230_161840_0004|אבער מצד השני דארף מען וויסן אז חודש אב איז געבליבן א טאטע. מ'היט אלע זאכן, מ'היט אלעס, א טאטע בלייבט א טאטע.|ˈɔbər mˈiʦad hʃni daf mɛn visn az xˈɔjdəʃ ab iz ɡəblˈibn a tˈatə. mhit ˈalə zaxn, mhit ˈaləs, a tˈatə blaːbt a tˈatə.
230_161840_0008|"אלה הדברים" איז א מוסר הספר, די גאנצע פרשת דברים איז מוסר.|ˈalə hdbrim iz a misr hasˈajfɛr, də ɡˈanʦə pˈarʃis dvˈurim iz misr.
230_161840_0009|ס'איז געווען צדיקים קדושי עליון וואס האבן געהאט א חתם סופר זיין, האבן זיי געהאט אלע טעג השירים כמשה רבינו, כדי צו זיין א מוסר פון משה רבינו.|siz ɡəvˈejn ʦdˈikim kdˈiʃi ˈɛliən vus hubn ɡəhˈat a xˈasam sˈɔjfər zaːn, hubn zaj ɡəhˈat ˈalə tejɡ hʃˈirim kəmˈɔjʃɛ rbˈini, kədˈaj ʦi zaːn a misr fin mˈɔjʃə rbˈini.
230_161840_0010|דאס איז א גאנצע מוסר הספר. און מ'זעט דא ווי מ'זאגט מוסר, קיינער זאל נישט ווערן באליידיגט, קיינער זאל נישט ווערן געטשעפעט.|dus iz a ɡˈanʦə misr hasˈajfɛr. in mzejt du vi mzuɡt misr, kˈajnər zul niʃt virn balˈajdiɡt, kˈajnər zul niʃt virn ɡəʧˈɛfət.
230_161840_0011|מ'דארף דאך קענען, די גמרא זאגט אז "טוב אני לו", און "בדורנו יש מי שיכול להוכיח".|mdaf dɔx kˈɛnən, də ɡəmˈurə zuɡt az tɔjv ˈani li in bdˈirni iʃ mi ʃˈixil ləhɔjxˈixa
230_161840_0014|ער האט געוואלט זאגן מוסר, האט ער דערמאנט נאר די פלעצער וואס זיי האבן מצער געווען דעם אייבערשטן.|ɛr hut ɡəvˈɔlt zuɡn misr, hut ɛr dərmˈant nɔr də plˈɛʦər vus zaj hubn mʦɛr ɡəvˈejn dejm ˈajbərʃtn.
230_161840_0016|און רש"י ברענגט עס אויך, און רש"י זאגט אז ער האט מוכיח געווען ביי גאנץ כלל ישראל, ווייל נישט אין אנדערע זאגן,|in rˈaʃi brɛnɡt ɛs ɔjx, in rˈaʃi zuɡt az ɛr hut mɔjxˈixa ɡəvˈejn baː ɡanʦ klal jisrˈuəl, vaːl niʃt in ˈandərə zuɡn,
230_161840_0017|אה, מיר וואלטן שוין געהאט א תירוץ, מיר וואלטן שוין געהאט, ער האט געזאגט ביי גאנץ כלל ישראל, און ער גייט דאס אן א מעשה, און ס'איז מוסר. איר פארשטייט וואס א כחות איז אים דארף זאגן,|a, mir vɔltn ʃɔjn ɡəhˈat a tˈɛrəʦ, mir vɔltn ʃɔjn ɡəhˈat, ɛr hut ɡəzˈuɡt baː ɡanʦ klal jisrˈuəl, in ɛr ɡajt dus un a mˈaːsə, in siz misr. ir farʃtˈajt vus a kˈɔjxɔjs iz ejm daf zuɡn,
230_161840_0018|מוסר. במדבר האט ער זיי געזאגט,|misr. bmˈidbar hut ɛr zaj ɡəzˈuɡt,
230_161840_0019|זיי האבן באצייג געווען דעם ערשטן מדבר מיט אים וואס זיי האבן געזינדיגט מיט מואב.|zaj hubn baʦˈajɡ ɡəvˈejn dejm ɛrʃtn mədˈabajr mit ejm vus zaj hubn ɡəzˈindiɡt mit mˈɔjəv.
230_161840_0020|מרתא וואס זיי האבן געזאגט המלוכהים במצרים. מפרים בן תופר, זאגט רש"י, זיי האבן געהערט אויפ'ן מאן.|mrsa vus zaj hubn ɡəzˈuɡt hmlˈixhim bmʦrim. mfrim bɛn sifr, zuɡt rˈaʃi, zaj hubn ɡəhˈirt afn mun.
230_161840_0021|והחצרת לחלשו של קרח. ודוזר וואס זיי האבן געמאכט דעם עגל.|ixʦrs lxlʃi ʃɛl kˈɔjrax. ˈidizr vus zaj hubn ɡəmˈaxt dejm ajɡl.
230_161840_0022|מ'האט בכלל געווען אלעמען, מ'דערציילט מעשיות און ס'איז דא חכם. א מורא'דיגע דברי משה רבינו,|mhut bəxlˈaːl ɡəvˈejn ˈaləmən, mdərʦˈajlt mˈaːsəs in siz du xˈuxəm. a mˈiradiɡə dbri mˈɔjʃə rbˈini,
230_161840_0023|דער רבן של ישראל, וואס מ'דארף זיך לערנען ווי מ'זאגט מסר א מענטש. ער דערציילט א מעשה,|dɛr rˈabun ʃɛl jisrˈuəl, vus mdaf zix lˈirnən vi mzuɡt mˈusar a mɛnʧ. ɛr dərʦˈajlt a mˈaːsə,
230_161840_0024|און יעדער איינער ווייסט שוין וואס ער וויל.|in jˈɛdər ˈajnər vajst ʃɔjn vus ɛr vil.
230_161840_0025|און רש"י זאגט אז וואס הייסט א חטא איז גורם?|in rˈaʃi zuɡt az vus hajst a xɛt iz ɡirm ?
230_161840_0026|ס'האט געקענט אריינגיין אין ארץ ישראל דריי טעג.|səhˈut ɡəkˈɛnt arˈaːnɡajn in ˈɛrəʦ jisrˈuəl draj tejɡ.
230_161840_0027|דער אייבערשטער האט געמאכט א חשבון אז דריי טעג קען מען אריינגיין אין ארץ ישראל. דריי טעג, ממש, ממש,|dɛr ˈajbərʃtər hut ɡəmˈaxt a xˈɛʃbɔjn az draj tejɡ kɛn mɛn arˈaːnɡajn in ˈɛrəʦ jisrˈuəl. draj tejɡ, mˈamiʃ, mˈamiʃ,
230_161840_0028|א מורא'דיגע כדוריה. בשלושה, ער האט געקענט ארייננעמען גלייך אין ארץ ישראל.|a mˈiradiɡə xdˈiri. bʃlˈiʃə, ɛr hut ɡəkˈɛnt arˈaːnnəmən ɡlaːx in ˈɛrəʦ jisrˈuəl.
230_161840_0031|ווען זיי האבן געזינדיגט האט דאס גענומען פערציג יאר. פערציג יאר האט גענומען די זאך ארומדריען, ארומדריען, אהינדריען,|vɛn zaj hubn ɡəzˈindiɡt hut dus ɡənˈimən fˈɛrʦiɡ jur. fˈɛrʦiɡ jur hut ɡənˈimən də zax arˈimdriən, arˈimdriən, ahˈindriən,
230_161840_0032|א זאך וואס מ'האט געקענט מאכן אין דריי טעג. רבותי, א מענטש מיינט|a zax vus mhut ɡəkˈɛnt maxn in draj tejɡ. rabˈɔjsaj, a mɛnʧ majnt
230_161840_0033|מ'זינדיגט, מ'זינדיגט. איך קלאפ אין די בלוזקע, איך דארף שוין יום כיפור, איך קלאפ שטארקער,|mzˈindiɡt, mzˈindiɡt. ix klaf in də blˈizkə, ix daf ʃɔjn jɔjm xifˈir, ix klaf ʃtˈarkər,
230_161840_0034|און ער ווערט מוחל. ס'איז נישט אזוי, יא, ס'איז נישט אזוי.|in ɛr virt mˈɔjxajl. siz niʃt azˈɔj, ju, siz niʃt azˈɔj.
230_161840_0036|א מענטש זעט דאס בחוש. ער פארט אמאל אויפ'ן וועג, און ער מאכט א קליין טעות,|a mɛnʧ zejt dus bˈɛxiʃ. ɛr fɔrt amˈul afn vejɡ, in ɛr maxt a klajn tˈuəs,
230_161840_0037|קען ער אריינפארן צוויי שעה, ווייל ס'איז נישטא קיין דרך חזרה, ביז ער דארף קומען קאסטן צוויי שעה,|kɛn ɛr arˈaːnfarn ʦvaj ʃu, vaːl siz niʃtˈu kan dˈɛrəx xˈuzrə, biz ɛr daf kˈimən kastn ʦvaj ʃu,
230_161840_0038|אבער א טעות פון א מינוט. אנשטאט ער זאל זיך אריינדרייען, האט ער געפארן גלייך, אדער אנשטאט ער זאל זיך פארן גלייך,|ˈɔbər a tˈuəs fin a minˈit. ˈanʃtat ɛr zul zix arˈaːndrajən, hut ɛr ɡəfˈarn ɡlaːx, ˈɔdər ˈanʃtat ɛr zul zix farn ɡlaːx,
230_161840_0039|האט ער געגעבן איין דריי פון אפקאסטן צוויי שעה. פונקט אזוי גייט מען לערנען דאס עקסטער, אלעמאל קומט עס אויס צו לערנען.|hut ɛr ɡəɡˈɛbn ajn draj fin ˈafkastn ʦvaj ʃu. pinkt azˈɔj ɡajt mɛn lˈirnən dus ˈɛkstər, ˈaləmal kimt ɛs oʊs ʦi lˈirnən.
230_161840_0040|שבת חזון, ס'איז דאך זמנים וואס דער אייבערשטער שרייט אז מ'זאל תשובה טון,|ʃˈabəs xˈazɔjn, siz dɔx zmnim vus dɛr ˈajbərʃtər ʃrajt az mzul ʧˈivə tin,
230_161840_0041|און מ'דארף תשובה טון. מ'דארף דאך וויסן אז די בית המקדש איז נישטא. יעדער מענטש זאל האבן א חשבון הנפש, וואס איז מיט אים?|in mdaf ʧˈivə tin. mdaf dɔx visn az də bajs hamˈikduʃ iz niʃtˈu. jˈɛdər mɛnʧ zul hubn a xˈɛʃbɔjn hanˈɛfəʃ, vus iz mit ejm ?
230_161840_0042|וואס איז מיט אים? וויפיל האט ער גורם געווען, חס ושלום, דוחה זיין די גאולה? וויפיל האט ער גורם געווען צו די גאולה?|vus iz mit ejm ? vˈifil hut ɛr ɡirm ɡəvˈejn, xas ˈiʃlim, dˈɔjxə zaːn də ɡˈulə ? vˈifil hut ɛr ɡirm ɡəvˈejn ʦi də ɡˈulə ?
230_161840_0044|וויפיל האט ער דוחה געווען די גאולה? מ'דארף אלעמאל טראכטן, אפשר בין איך פון די מענטשן.|vˈifil hut ɛr dˈɔjxə ɡəvˈejn də ɡˈulə ? mdaf ˈaləmal traxtn, ˈɛfʃir bin ix fin də mɛnʧn.
230_161840_0045|די טעג, א מענטש זאל האבן א חשבון, וויפיל מאל אין יאר האב איך מתפלל געווען אויף די גאולה? וויפיל האב איך מיר אנגעווייטאגט אז דער טאטע האט נישט קיין שטוב? וויפיל האב איך געווען ביי "ובנה ירושלים",|də tejɡ, a mɛnʧ zul hubn a xˈɛʃbɔjn, vˈifil mul in jur hub ix mispˈalajl ɡəvˈejn oʊf də ɡˈulə ? vˈifil hub ix mir ˈanɡəvajtaɡt az dɛr tˈatə hut niʃt kan ʃtib ? vˈifil hub ix ɡəvˈejn baː ˈibnə jəruʃulˈajim
230_161840_0046|ביי "את צמח", ביי "ותחזינה"? וויפיל האב איך מתפלל געווען די גאולה?|baː ɛs ʦˈɛmax baː vsəxəzˈajnə vˈifil hub ix mispˈalajl ɡəvˈejn də ɡˈulə ?
230_161840_0047|ס'איז די אלעס וואס מ'האט אינגאנצן פארגעסן פון דעם אינגאנצן.|siz də ˈaləs vus mhut inɡˈanʦn faːrɡˈɛsn fin dejm inɡˈanʦn.
230_161840_0048|ס'איז דא א מורא'דיגע זאך, איך וויל עס טאקע נאכאמאל זאגן, טאמער א מענטש וואס האט נישט געהאט יענע וואך, וויל איך עס נאכאמאל זאגן, ווייל כדי,|siz du a mˈiradiɡə zax, ix vil ɛs tˈakə nˈuxamul zuɡn, tˈamər a mɛnʧ vus hut niʃt ɡəhˈat jˈɛnə vɔx, vil ix ɛs nˈuxamul zuɡn, vaːl kədˈaj,
230_161840_0049|איך מיין גארנישט, איך מיין נאר מעורר זיין אידן בתשובה שלימה, איך וויל עס זאגן א לשון.|ix maːn ɡˈurniʃt, ix maːn nɔr mˈɛirr zaːn jidn bisʃˈivə ʃlˈimə, ix vil ɛs zuɡn a luʃn.
230_161840_0052|ס'איז נישט א פשוט'ע זאך, טאקע אויף אן אמת.|siz niʃt a pˈiʃətə zax, tˈakə oʊf un ˈɛməs.
230_161840_0054|ווייל ער זאגט אז וויבאלד אז מ'האט פארגעסן דעם בית המקדש, נשכחו כמת.|vaːl ɛr zuɡt az vˈibald az mhut faːrɡˈɛsn dejm bajs hamˈikduʃ, nʃxi kəmˈajs.
230_161840_0055|מ'דארף דאך געדענקען און וויסן אז ס'איז נישט א פשוט'ע זאך.|mdaf dɔx ɡədˈɛnkən in visn az siz niʃt a pˈiʃətə zax.
230_161840_0056|דער מענטש דארף אלעמאל וויסן, אידן דארפן מתאבל זיין אויפ'ן בית המקדש, אידן דארפן מתאבל זיין אויפ'ן בית המקדש, וויסן אז דאס איז דאס.|dɛr mɛnʧ daf ˈaləmal visn, jidn daːfn misˈabajl zaːn afn bajs hamˈikduʃ, jidn daːfn misˈabajl zaːn afn bajs hamˈikduʃ, visn az dus iz dus.
230_161840_0057|ס'איז נישט פשוט.|siz niʃt pˈuʃit.
230_161840_0058|אבער מ'מוז זיך נעמען ערנסטער, אנשים נשים וטף מתפלל זיין.|ˈɔbər mmiz zix nˈɛmən ˈɛrnstər, ˈanʃim nˈuʃim itf mispˈalajl zaːn.
230_161840_0060|איצטער גייט ער זאגן מוסר, ער גייט שטארבן, ער ווייסט אז ער דארף אוועקגיין פון די וועלט, גייט ער זאגן.|ˈiʦtər ɡajt ɛr zuɡn misr, ɛr ɡajt ʃtarbn, ɛr vajst az ɛr daf avˈɛkɡajn fin də vɛlt, ɡajt ɛr zuɡn.
230_161840_0062|על כל השנים הללו, איצט גייסטו מיר זאגן וואס איך האב מבלבל געווען די בעט?|al kɔl hʃnim hlli, iʦt ɡˈajsti mir zuɡn vus ix hub mvˈalbəl ɡəvˈejn də bɛt ?
230_161840_0064|ראובן כל ימיו איז ער געזעסן בתעניתו וצער בתעניתו.|rivn kɔl ˈimji iz ɛr ɡəzˈɛsn bsˈɛnisi ˈiʦər bsˈɛnisi.
230_161840_0065|און פון דעמאלטס אן האט יעקב אבינו נישט געוואלט זאגן קיין ווארט.|in fin dˈɛmalʦ un hut jˈankəv ˈabini niʃt ɡəvˈɔlt zuɡn kan vɔrt.
230_161840_0066|ער האט דאך ביים סוף, פאר די פטירה, זאגט ער, וואס ער האט מבלבל געווען די שכינה מיט אלעס. איך וועל דיר זאגן וואס איז דאס,|ɛr hut dɔx bam sɔf, far də ptˈirə, zuɡt ɛr, vus ɛr hut mvˈalbəl ɡəvˈejn də ʃxˈinə mit ˈaləs. ix vɛl dir zuɡn vus iz dus,
230_161840_0068|רבותי, דעם שורה דארף מען אריינלייגן אין די וואנט. א טאטע מיינט שרייען אויף א קינד וועט ער אויפטון. לערן זיך אויס פון יעקב אבינו,|rabˈɔjsaj, dejm ʃˈirə daf mɛn arˈaːnlajɡn in də vant. a tˈatə majnt ʃrˈajən oʊf a kind vɛt ɛr ˈoʊftin. lɛrn zix oʊs fin jˈankəv ˈabini,
230_161840_0069|שווייג. שווייג. מיטן שווייגן מאכסטו אסאך שטארקער ווי מ'וועט אים רעדן.|ʃvajɡ. ʃvajɡ. mitn ʃvajɡn mˈaxsti ˈasax ʃtˈarkər vi mvɛt ejm rɛdn.
230_161840_0070|יעקב אבינו האט מורא געהאט אז ראובן וועט גיין אוועק אויף עשו. מ'מעג שרייען אויף א קינד, מ'ארבעט מיט א קינד,|jˈankəv ˈabini hut mˈɔjrə ɡəhˈat az rivn vɛt ɡajn avˈɛk oʊf ˈajsəv. mmejɡ ʃrˈajən oʊf a kind, mˈarbət mit a kind,
230_161840_0071|ס'גייט נישט.|sɡajt niʃt.
230_161840_0072|איך האב געטראכט דעם שבת ביי קידוש, "ויכל אלקים ביום השביעי מלאכתו אשר עשה".|ix hub ɡətrˈaxt dejm ʃˈabəs baː kˈidəʃ, ɔjxl ˈalkim bjim hʒbˈiaj mlˈaxtɔj ˈuʃər ˈɛsə
230_161840_0073|"ויכל" איז געענדיגט. דער דור איז דאך אלף השישי, די הכנה צו שבת. "ויכל אלקים",|ɔjxl iz ɡəˈɛndiɡt. dɛr dur iz dɔx alf hʃˈiʃi, də hakˈanə ʦi ʃˈabəs. ɔjxl ˈalkim
230_161840_0074|מ'האט געענדיגט מיט מידת הדין, נאר מיט רחמים. איינער ארבעט נישט מיט שתיקה. מ'זעט נישט אז ער זאל מצליח זיין, ער גייט מיט'ן שטעקן. איינער טוט נאר מיט גוטנס.|mhut ɡəˈɛndiɡt mit mˈidas hdin, nɔr mit raxˈamim. ˈajnər ˈarbət niʃt mit ʃsˈikə. mzejt niʃt az ɛr zul maʦlˈixa zaːn, ɛr ɡajt mitn ʃtɛkn. ˈajnər tit nɔr mit ɡitns.
230_161840_0075|"ויכל אלקים", די מידת הדין ענדיגט זיך, מ'גייט נאר מיט רחמים.|ɔjxl ˈalkim də mˈidas hdin ˈɛndiɡt zix, mɡajt nɔr mit raxˈamim.
230_161840_0076|חכמינו זכרונם לברכה זאגן מוסר. ס'איז דאך דא א פשט, "כשם שמצוה עליהם הדבר הנשמע, כך מצוה עליהם על דבר שאינו נשמע". ס'איז דאך פרעמד צו שיקן נאך אנדערע,|xaxumˈajni zxrinm livrˈuxə zuɡn misr. siz dɔx du a pʃat, kʃajm ʃmʦi ˈɛlim hadˈuvur hnʃmə, kux mˈiʦvə ˈɛlim al dˈuvur ʃˈaːni nʃmə siz dɔx frɛmd ʦi ʃikn nux ˈandərə,
230_161840_0077|דו אליין רעד נישט מיט'ן קינד, דו קענסט שיקן נאך אנדערע.|di alˈajn rɛd niʃt mitn kind, di kɛnst ʃikn nux ˈandərə.
230_161840_0078|חוץ דעם דארפסטו מאכן אן אמת'ן חשבון הנפש אז דו ביסט אים מכשיל מיט כיבוד אב ואם. דו גיסט אים נאך אן עבירה, נאך אן הסתת פנים,|xiʦ dejm dˈarfsti maxn un ˈɛməsn xˈɛʃbɔjn hanˈɛfəʃ az di bist ejm mxʃil mit xˈibid ab ˈiam. di ɡist ejm nux un ˈavajrə, nux un hs pˈunəm,
230_161840_0079|דו מאכסט אים אן עבירה.|di maxst ejm un ˈavajrə.
230_161840_0080|מיין מאמע עליה השלום איז געווען א שארפע אידענע, און זי וועט זאגן מוסר. אבער מיין טאטע, דער מעדני השולחן, וועט אים נישט זאגן. ער וועט אלעמאל זאגן,|maːn mˈamə ˈɛli hʃlim iz ɡəvˈejn a ʃˈarfə ˈidənə, in zi vɛt zuɡn misr. ˈɔbər maːn tˈatə, dɛr mˈɛdni hʃˈilxajn, vɛt ejm niʃt zuɡn. ɛr vɛt ˈaləmal zuɡn,
230_161840_0082|דו ביסט אים דאך מכשיל מיט כיבוד אב ואם". ס'איז א מוסר.|di bist ejm dɔx mxʃil mit xˈibid ab ˈiam siz a misr.
230_161840_0083|ס'איז נישט אזוי פשוט.|siz niʃt azˈɔj pˈuʃit.
230_161840_0084|ראובן, מ'דארף נאר פארשטיין, זאגט ער, מה אתה צריך להזכיר שמו של ראובן?|rivn, mdaf nɔr farʃtˈajn, zuɡt ɛr, mɛ ˈatu ʦrix lhzxir ʃmi ʃɛl rivn ?
230_161840_0089|מ'דארף האבן אן אמת'ע ישוב הדעת וואס מ'מאכט און ווען מ'מאכט. מצד השני, מ'זעט ווי די קינדער... איך וועל אייך דערציילן א מעשה וואס איך האב געהאט אמאל.|mdaf hubn un ˈɛməsə ˈiʃib hadˈaas vus mmaxt in vɛn mmaxt. mˈiʦad hʃni, mzejt vi də kˈindər ix vɛl aːx dərʦˈajln a mˈaːsə vus ix hub ɡəhˈat amˈul.
230_161840_0090|יעדער מענטש זאל פרעגן זיינע מנהיגים. איך בין בשיטה, מ'שיקט נישט ארויס א קינד פון שטוב. דאס איז מיין מהלך.|jˈɛdər mɛnʧ zul frɛɡn zˈaːnə mnhˈiɡim. ix bin bʃˈitə, mʃikt niʃt arˈoʊs a kind fin ʃtib. dus iz maːn mˈahaləx.
230_161840_0091|א מאמע האט זיך אמאל אפגערעדט פאר מיר אז איר קינד איז מחלל שבת. פארשטייט זיך, אין די מציאות, זי ווייסט דעם אמת, ער איז נישט קיין שומר שבת.|a mˈamə hut zix amˈul ˈupɡərədt far mir az ir kind iz məxˈalajl ʃˈabəs. farʃtˈajt zix, in də mʦˈiɔjs, zi vajst dejm ˈɛməs, ɛr iz niʃt kan ʃˈɔjmər ʃˈabəs.
230_161840_0092|וואס זאל זי טון? האב איך איר געזאגט, איך האלט, איך בין א שוואכע חסיד פון אוועקשיקן א קינד.|vus zul zi tin ? hub ix ir ɡəzˈuɡt, ix halt, ix bin a ʃvˈaxə xˈusid fin avˈɛkʃikn a kind.
230_161840_0093|אז ער איז מחלל שבת, גייט ער דאך ממילא נישט אין שול.|az ɛr iz məxˈalajl ʃˈabəs, ɡajt ɛr dɔx mˈɛmajlə niʃt in ʃil.
230_161840_0095|און דיין קינד וועט דיך פרעגן פארוואס וויינסטו, וועסטו זאגן, "דו ווייסט אליין".|in daːn kind vɛt dix frɛɡn farvˈus vˈajnsti, vˈɛsti zuɡn, di vajst alˈajn
230_161840_0096|בקיצור, דער קינד איז געווארן שפעטער א מלוה מלכה. ער האט זיך איבערגעדרייט אינגאנצן.|bˈɛkiʦər, dɛr kind iz ɡəvˈɔrn ʃpˈejtər a mli mˈalku. ɛr hut zix ˈibərɡədrajt inɡˈanʦn.
230_161840_0097|מ'מוז אכטונג געבן שטארק מקרב זיין קינדער. איידער מ'ארבעט נישט מיט שטעקנס, דארף מען וויסן קלאר.|mmiz ˈaxtinɡ ɡejbn ʃtark mikˈɛrəv zaːn kˈindər. ˈajdər mˈarbət niʃt mit ʃtɛkns, daf mɛn visn klur.
230_161840_0099|אזויווי ער פארשטייט אז ער קען נישט זיין קיין דאקטאר, קען ער נישט זיין קיין מחנך. רש"י זאגט נאכאמאל, ווען האט ער זיי געזאגט מוסר? גיט אכטונג וויאזוי דער יצר הרע ארבעט.|ˈazɔjvi ɛr farʃtˈajt az ɛr kɛn niʃt zaːn kan dˈaktar, kɛn ɛr niʃt zaːn kan maxanˈɛxu. rˈaʃi zuɡt nˈuxamul, vɛn hut ɛr zaj ɡəzˈuɡt misr ? ɡit ˈaxtinɡ vizˈɔj dɛr iʦr hrə ˈarbət.
230_161840_0102|אינו בא אלא לקנתר ולמצוא עילה שאין בו כח להכניסנו לארץ ישראל. ער האט נישט קיין כח אונז אריינצוברענגען, און דערפאר זאגט ער אונז מוסר. ניין.|ˈini bɔj ˈala lknsr ˈilmʦia ˈajlə ʃaːn bi kˈɔjəx lhxnˈisni lurʦ jisrˈuəl. ɛr hut niʃt kan kˈɔjəx inz arˈaːnʦibrənɡən, in dərfˈar zuɡt ɛr inz misr. najn.
230_161840_0104|אז דו זעסט איך וויל אייך יא געבן, איך בין אייך געטריי.|az di zɛst ix vil aːx ju ɡejbn, ix bin aːx ɡətrˈaj.
230_161840_0105|וואס זעט מען דא? א טאטע אז ער וויל זאגן מוסר א קינד, דארף ער אים עפעס געבן. מ'זאגט נישט קיין מוסר אז מ'גיבט נישט.|vus zejt mɛn du ? a tˈatə az ɛr vil zuɡn misr a kind, daf ɛr ejm ˈɛpəs ɡejbn. mzuɡt niʃt kan misr az mɡibt niʃt.
230_161840_0106|אזוי שטייט, משה האט זיי געגעבן די...|azˈɔj ʃtajt, mˈɔjʃə hut zaj ɡəɡˈɛbn də
230_161840_0107|ער האט צעבראכן סיחון ועוג, די שווערסטע קליפות, ער האט זיי געגעבן, יעצט קען מען עפעס טון.|ɛr hut ʦəbrˈaxn sˈixɔjn ˈiəiɡ, də ʃvˈɛrstə klˈipɔjs, ɛr hut zaj ɡəɡˈɛbn, jɛʦt kɛn mɛn ˈɛpəs tin.
230_161840_0109|און רש"י זאגט, ווער זענען זיי געווען? אז דו ביסט יענעם נישט, פארוואס זאל ער מקבל זיין פון דיר?|in rˈaʃi zuɡt, vɛr zˈɛnən zaj ɡəvˈejn ? az di bist jˈɛnəm niʃt, farvˈus zul ɛr mkˈabajl zaːn fin dir ?
230_161840_0112|ווען ער איז אין א שטאט, די מדינה איז שווער און די שטאט איז שווער.|vɛn ɛr iz in a ʃtut, də mədˈinə iz ʃvir in də ʃtut iz ʃvir.
230_161840_0113|"ועוג מלך הבשן אשר ישב בעשתרות באדרעי", און פון דעסטוועגן האט ער אים מכניע געווען.|ˈiəiɡ mˈajləx habˈuʃun ˈuʃər iʒb bˈɛʃsris badrˈaj in fin dˈɛstvəɡn hut ɛr ejm mxnˈiə ɡəvˈejn.
230_161840_0114|דאס איז די שווערסטע, עוג מלך הבשן.|dus iz də ʃvˈɛrstə, iɡ mˈajləx habˈuʃun.
230_161840_0116|אז דו ווייסט אז איך גיב דיר, קען ער מפרש זיין די תורה, און ער האט עס מפרש געווען בשבעים לשון.|az di vajst az ix ɡib dir, kɛn ɛr mfˈɔjruʃ zaːn də tˈɔjrə, in ɛr hut ɛs mfˈɔjruʃ ɡəvˈejn bʒbajm luʃn.
230_161840_0118|א מענטש דארף מקבל זיין די תורה בשבעים לשון. וואס איז פשט דא? אלע לשונות קענען מקבל זיין די תורה. ס'איז נישטא.|a mɛnʧ daf mkˈabajl zaːn də tˈɔjrə bʒbajm luʃn. vus iz pʃat du ? ˈalə lʃˈɔjnɔjs kˈɛnən mkˈabajl zaːn də tˈɔjrə. siz niʃtˈu.
230_161840_0119|האט ער געדארפט אז טאמער א גוי וועט זיך מגייר זיין, זאל ער האבן זיין שפראך. און כדי וועט דארפן גוי אליין. שבעים לשון האט משה רבינו געקענט,|hut ɛr ɡədˈarft az tˈamər a ɡɔj vɛt zix mɡajr zaːn, zul ɛr hubn zaːn ʃprax. in kədˈaj vɛt daːfn ɡɔj alˈajn. ʒbajm luʃn hut mˈɔjʃə rbˈini ɡəkˈɛnt,
230_161840_0120|און ער האט מפרש געווען די תורה שבעים לשון.|in ɛr hut mfˈɔjruʃ ɡəvˈejn də tˈɔjrə ʒbajm luʃn.
230_161840_0121|שמע שמים, איך זאג עס אסאך מאל, די מאנקאנער ענדע פון די תמים וואס זיי דאווענען נישט, ווייל זיי זענען נישט מחבר מיט'ן דתן,|ʃmə ʃmim, ix zuɡ ɛs ˈasax mul, də mankˈanər ˈɛndə fin də tˈumim vus zaj dˈavənən niʃt, vaːl zaj zˈɛnən niʃt mxˈibur mitn dˈusun,
230_161840_0122|זיי קענען נישט דאווענען, זיי פארשטייען נישט וואס זיי זאגן. יעצט דארף מען לערנען פירוש המילות מיט זייער שפראך, מיט ענגליש.|zaj kˈɛnən niʃt dˈavənən, zaj farʃtˈajən niʃt vus zaj zuɡn. jɛʦt daf mɛn lˈirnən pˈajrəʃ hamˈilɔjs mit zˈajər ʃprax, mit ˈɛnɡliʃ.
230_161840_0123|רבי יובא רבנוב'ער האט שוין געזאגט אז איינער דארף לערנען די חומש גמרא, דארף מען לערנען דאווענען. נעמען מעשה דאווענען פון ענגליש, גיי אריבער דאך אין טאג.|rˈɛbə jˈiba rbnˈibər hut ʃɔjn ɡəzˈuɡt az ˈajnər daf lˈirnən də xˈiməʃ ɡəmˈurə, daf mɛn lˈirnən dˈavənən. nˈɛmən mˈaːsə dˈavənən fin ˈɛnɡliʃ, ɡaj arˈibər dɔx in tuɡ.
230_161840_0124|בשעת דאווענען קען מען נישט, אז זיי קענען גוט. זיי קענען גוט דאווענען, דארפסט זיך גוט אויסלענען. וואס העלפט דיר צו ענגליש אויף אן אנדערע שפראך,|biʃˈas dˈavənən kɛn mɛn niʃt, az zaj kˈɛnən ɡit. zaj kˈɛnən ɡit dˈavənən, darfst zix ɡit ˈoʊslənən. vus hɛlft dir ʦi ˈɛnɡliʃ oʊf un ˈandərə ʃprax,
230_161840_0126|אבער די תורה האט מען פאר שבעים לשון, די פשט איז נישט דא קיין תרצין. איינס די יום שבת קען יעדער איינער האט זיך א קשור מיט די תורה מיט אלע לשונות.|ˈɔbər də tˈɔjrə hut mɛn far ʒbajm luʃn, də pʃat iz niʃt du kan srʦin. ajns də jɔjm ʃˈabəs kɛn jˈɛdər ˈajnər hut zix a kʃir mit də tˈɔjrə mit ˈalə lʃˈɔjnɔjs.
230_161840_0127|דער רבונו של עולם האט מיר געהאלפן דערוויילער האט דער רבונו של עולם געהאלפן אז פון חג ושבח איז ארויסגעגאנגען ספרים אויף צען שפראכן.|dɛr rbˈini ʃɛl ˈɔjləm hut mir ɡəhˈalfn dˈɛrvajlər hut dɛr rbˈini ʃɛl ˈɔjləm ɡəhˈalfn az fin xaɡ vʃˈɛvax iz arˈoʊzɡəɡanɡən sfˈurim oʊf ʦɛn ʃpraxn.
230_161840_0128|ס'איז נישט קיין שבעים לשון, אבער ס'איז ארויסגעגאנגען ספרים אויף צען שפראכן.|siz niʃt kan ʒbajm luʃn, ˈɔbər siz arˈoʊzɡəɡanɡən sfˈurim oʊf ʦɛn ʃpraxn.
230_161840_0129|דער אויבערשטער זאל העלפן אז ס'זאל קענען מפרש זיין אויף אלע שבעים לשון. איך וויל לעבן טויזנט יאר, איך וועל עס ארבעטן.|dɛr ˈɔjbərʃtər zul hɛlfn az szul kˈɛnən mfˈɔjruʃ zaːn oʊf ˈalə ʒbajm luʃn. ix vil lejbn toʊznt jur, ix vɛl ɛs ˈarbətn.
230_161840_0130|ווי די רבעצין אבער,|vi də rbˈɛʦin ˈɔbər,
230_161840_0132|וואס איז רב לכם שבת בורא? למעשה האבן זיי דארטן געמאכט דעם עקל. בסד השילה האבן זיי געמאכט דארטן גוטע זאכן אויכעט, מ'דארף געדענקען די גוטע זאכן. זאגט רש"י,|vus iz ruv lˈuxəm ʃˈabəs bˈɔjrə ? ləmˈaːsə hubn zaj dɔrtn ɡəmˈaxt dejm ɛkl. bzd hʃˈilə hubn zaj ɡəmˈaxt dɔrtn ɡˈitə zaxn ˈɔjxət, mdaf ɡədˈɛnkən də ɡˈitə zaxn. zuɡt rˈaʃi,
230_161840_0134|א מענטש דארף גיין ווייטער. מ'שטעלט זיך נישט אויף קיין חטא, מ'האט נישט אנגעזעצט, מ'גייט ווייטער. אבער תכלית, וואס האט ער געהאט דא? די גוטע זאכן: עשיתם משכן,|a mɛnʧ daf ɡajn vˈaːtər. mʃtɛlt zix niʃt oʊf kan xɛt, mhut niʃt ˈanɡəzəʦt, mɡajt vˈaːtər. ˈɔbər tˈaxləs, vus hut ɛr ɡəhˈat du ? də ɡˈitə zaxn : ˈɛʃism mˈiʃkun,
230_161840_0135|מנורה, כלי, וקיבלתם את התורה, מניתם לכם סנדרין, סור אלאפין, סור אמער, ס'גייט טאקע ווי גיט איז דאס.|mənˈɔjrə, kˈajlə, ˈikiblsm ɛs hatˈɔjrə, mnism lˈuxəm sndrin, sir ˈalafin, sir ˈamər, sɡajt tˈakə vi ɡit iz dus.
230_161840_0136|דער מענטש דארף אלעמאל זיך מחזק זיין מיט די גוטע זאכן, נישט מיט די כשלונות. כשלונות איז געגאנגען ווייטער.|dɛr mɛnʧ daf ˈaləmal zix mxˈazajk zaːn mit də ɡˈitə zaxn, niʃt mit də xʃlˈinis. xʃlˈinis iz ɡəɡˈanɡən vˈaːtər.
230_161840_0137|דא ציילט מען נאר די גוטע זאכן.|du ʦajlt mɛn nɔr də ɡˈitə zaxn.
230_161840_0138|דאס איז וואס מ'דארף דא זען.|dus iz vus mdaf du zejn.
230_161840_0140|כאטש ער איז א קליינער, א גאר קליינער, אבער די שבע פון ארץ ישראל הייסט ער גדול. איר פארשטייט?|xɔʧ ɛr iz a klˈajnər, a ɡur klˈajnər, ˈɔbər də ʃˈɛvə fin ˈɛrəʦ jisrˈuəl hajst ɛr ɡdil. ir farʃtˈajt ?
230_161840_0141|ער איז דער שוואכסטער געווען, ער דארף זיין באחרונה. פארוואס הייסט ער א גדול? נאר פארוואס הייסט ער א גדול?|ɛr iz dɛr ʃvˈaxstər ɡəvˈejn, ɛr daf zaːn baxrˈinə. farvˈus hajst ɛr a ɡdil ? nɔr farvˈus hajst ɛr a ɡdil ?
230_161840_0142|ווייל ער זאל לעבן אין ארץ ישראל. "מפני שחלקו בארץ ישראל כה גדול". בשלמא, עבד מלך מלך. אן עבד פון א מלך איז א מלך.|vaːl ɛr zul lejbn in ˈɛrəʦ jisrˈuəl. mfni ʃəxˈɛlkɔj barʦ jisrˈuəl kˈɔjə ɡdil bʃlma, ˈɛvəd mˈajləx mˈajləx. un ˈɛvəd fin a mˈajləx iz a mˈajləx.
230_161840_0144|"שר וישתחוה לו", דו וועסט זיך באקן מיט אים, וועסטו מצליח זיין, ווייל עבד מלך מלך.|sar ˈoʊʃsxi li di vɛst zix bakn mit ejm, vˈɛsti maʦlˈixa zaːn, vaːl ˈɛvəd mˈajləx mˈajləx.
230_161840_0146|זאגט רש"י, וואס איז פשט? א מענטש...|zuɡt rˈaʃi, vus iz pʃat ? a mɛnʧ
230_161840_0149|לכן נחשב, פארוואס בבואו לארץ ישראל הייסט ער א גדול? אזוי ווי ארץ ישראל איז גדול.|lˈuxajn nˈɛxʃuv, farvˈus bˈii lurʦ jisrˈuəl hajst ɛr a ɡdil ? azˈɔj vi ˈɛrəʦ jisrˈuəl iz ɡdil.
230_161840_0150|זעען מיר וואס עס הייסט אז מ'שטייט לעבן צדיקים, מ'שטייט אין שלום, מ'דאוונט אין שלום, מ'איז מקושר מיט צדיקים, קלעבט מען זיך צו אזוי ווי אין שמן.|zˈɛən mir vus ɛs hajst az mʃtajt lejbn ʦdˈikim, mʃtajt in ʃˈuləm, mdavnt in ʃˈuləm, miz mkiʃr mit ʦdˈikim, klɛbt mɛn zix ʦi azˈɔj vi in ʃˈɛmɛn.
230_161840_0151|פארקערט, אז א מענטש קלעבט זיך צו מיט רשעים, האט ער א דין ווי א רשע.|farkˈɛrt, az a mɛnʧ klɛbt zix ʦi mit rʃajm, hut ɛr a din vi a rˈuʃə.
230_161840_0152|זאל ברענגען גרויסע שמחה אין קשר מיט צדיקים. און מ'זעט אז ארץ ישראל איז גדול.|zul brˈejnɡən ɡrˈɔjsə sˈimxə in kˈɛʃər mit ʦdˈikim. in mzejt az ˈɛrəʦ jisrˈuəl iz ɡdil.
230_161840_0153|מיט איינטונקען אין גלות און מיט איינטונקען, מ'זעט פארט, איך גיי נישט אריין אין דעם מצב, אבער די מענטשן וואס וואוינען אין ארץ ישראל, מ'זעט אז זיי לעבן מיט'ן אויבערשטן, זיי זענען נישט אזוי מגושם מיט די תאוות.|mit ˈajntinkən in ɡˈuləs in mit ˈajntinkən, mzejt fɔrt, ix ɡaj niʃt arˈaːn in dejm mˈaʦəv, ˈɔbər də mɛnʧn vus vˈɔjnən in ˈɛrəʦ jisrˈuəl, mzejt az zaj lejbn mitn ˈɔjbərʃtn, zaj zˈɛnən niʃt azˈɔj mɡiʃm mit də tˈavɔjs.
230_161840_0154|מ'זעט פשוט אז זיי זענען גדולים. יעדער וואס זענען ארץ ישראל'דיגע, די ישוב הישן וואס מ'האלט זיך מיט'ן דרך, איז גדול.|mzejt pˈuʃit az zaj zˈɛnən ɡdˈilim. jˈɛdər vus zˈɛnən ˈɛrəʦ ˈiʃraldiɡə, də ˈiʃib hiʃn vus mhalt zix mitn dˈɛrəx, iz ɡdil.
230_161840_0155|אפילו ער איז א לא, איז ער גדול. ס'איז א מורא'דיגע דערהער.|afˈilə ɛr iz a lɔj, iz ɛr ɡdil. siz a mˈiradiɡə dˈɛrhər.
230_161840_0159|די גאנצע מלחמה וואס איז געווען, די מרגלים וואס האבן געלעבט מיט א נס, וואס האבן נישט געדארפט האבן קיין כלי זין. נישט האבן קיין כלי זין, מ'קען אליין, מ'דארף נישט.|də ɡˈanʦə milxˈumə vus iz ɡəvˈejn, də mrɡlim vus hubn ɡəlˈejbt mit a nɛs, vus hubn niʃt ɡədˈarft hubn kan kˈajlə zin. niʃt hubn kan kˈajlə zin, mˈɛkən alˈajn, mdaf niʃt.
230_161840_0160|אזויווי שמואל האט געהאט איינס, ער האט געזאגט צו נעמען א מלך, מ'קען איינער נעמען א מלך. אונז זענען שבעה בחורים, מיר קוועטשן די בענק, און מיר קענען אלע מלחמות פירן.|ˈazɔjvi ʃmˈiəl hut ɡəhˈat ajns, ɛr hut ɡəzˈuɡt ʦi nˈɛmən a mˈajləx, mˈɛkən ˈajnər nˈɛmən a mˈajləx. inz zˈɛnən ʒbə buxˈirim, mir kvɛʧn də bɛnk, in mir kˈɛnən ˈalə milxˈumɔjs firn.
230_161840_0161|מיר קענען פירן מיט קוועטשן די בענק פירט מען אלע מערכות.|mir kˈɛnən firn mit kvɛʧn də bɛnk firt mɛn ˈalə maˈarxɔjs.
230_161840_0164|דאס הייסט, נאר דער אייבערשטער, נאר דער אייבערשטער אליין.|dus hajst, nɔr dɛr ˈajbərʃtər, nɔr dɛr ˈajbərʃtər alˈajn.
230_161840_0165|רבותי, ס'איז די דריי וואכן, וואו יעדער מענטש דארף זיך מעורר זיין, טון עפעס פאר'ן בית המקדש.|rabˈɔjsaj, siz də draj vɔxn, vi jˈɛdər mɛnʧ daf zix mˈɛirr zaːn, tin ˈɛpəs farn bajs hamˈikduʃ.
230_161840_0168|מיר האבן איין שבת, ס'איז אן השגה מורא'דיגע, שבת אחד.|mir hubn ajn ʃˈabəs, siz un hasˈuɡə mˈiradiɡə, ʃˈabəs ˈɛxud.
230_161840_0169|מחזק זיין די שבת, לאמיר האפן אז מיר וועלן האבן די גאולה.|mxˈazajk zaːn də ʃˈabəs, lˈɔmir hafn az mir vɛln hubn də ɡˈulə.
230_161840_0170|לאמיר האפן אז מיר וועלן האבן די גאולה, נוצן דעם שבת ווי ס'דארף צו זיין.|lˈɔmir hafn az mir vɛln hubn də ɡˈulə, niʦn dejm ʃˈabəs vi sdaf ʦi zaːn.
230_161840_0171|מ'זאגט אויף די צדיקים, א שבת חזון איז דער גרעסטער שבת פון יאר. חזון - יעדער איד קען עפעס זען.|mzuɡt oʊf də ʦdˈikim, a ʃˈabəs xˈazɔjn iz dɛr ɡrˈɛstər ʃˈabəs fin jur. xˈazɔjn jˈɛdər jid kɛn ˈɛpəs zejn.
230_161840_0172|ס'איז שבת חזון, מיר ווייסן יעדן איד עפעס, מיר ווייסן עפעס יעדן איד. ווערן נאנט צום אייבערשטן, וועט דער אייבערשטער העלפן, מיר זאלן האבן ברכה והצלחה מיט ישועות.|siz ʃˈabəs xˈazɔjn, mir vajsn jejdn jid ˈɛpəs, mir vajsn ˈɛpəs jejdn jid. virn nant ʦim ˈajbərʃtn, vɛt dɛr ˈajbərʃtər hɛlfn, mir zɔln hubn brˈuxə vəhaʦlˈuxu mit jʃiˈɛɔjs.
230_161840_0173|אודבלי דאי, מקיים זיין די גאולה איז נאר שלום. רבותי, דער שבת מאכן שלום אין שטוב, ס'זאל זיין שלום בית, נישט שלום לבית.|ˈidbli daː, mkajm zaːn də ɡˈulə iz nɔr ʃˈuləm. rabˈɔjsaj, dɛr ʃˈabəs maxn ʃˈuləm in ʃtib, szul zaːn ʃˈuləm bajs, niʃt ʃˈuləm lvajs.
230_161840_0174|שלום בית, נישט שלום לבית. זיצט ערליך, פירט ערנסטע טישן, גיט זיך א כאפ צו, וועט מען ברענגען די גאולה שלימה.|ʃˈuləm bajs, niʃt ʃˈuləm lvajs. ziʦt ˈɛrləx, firt ˈɛrnstə tiʃn, ɡit zix a xɔp ʦi, vɛt mɛn brˈejnɡən də ɡˈulə ʃlˈimə.
230_161840_0175|אמן ואמן פאר גאנץ כלל ישראל.|ˈumajn ˈiamn far ɡanʦ klal jisrˈuəl.
238_166264_0002|וואס בלייבט אויף אונז איז נאר צו זאגן די תפילה פון א נותן תשועה למלכים, איז מלך מלכי המלכים,|vus blaːbt oʊf inz iz nɔr ʦi zuɡn də tfˈilə fin a nˈɔjsajn ʧˈiə lmlxim, iz mˈajləx mlxi hmlxim,
238_166264_0003|ברחמיו יתן בלבו ובלב כל יועציו ושריו, רחמנות לעשות טובות עמנו ועל כל ישראל, אמן.|bəraxˈamujv jˈitajn blbi iblb kɔl jˈiəʦji ˈiʃrji, rˈaxmunəs laˈasɔjs tˈɔjvɔjs ˈɛmni ˈiəl kɔl jisrˈuəl, ˈumajn.
238_166264_0004|דאס בלייבט אויף אונז.|dus blaːbt oʊf inz.
238_166264_0005|אבער א נקודה למחשבה, וואס דער אייבערשטער האט צוגעשטעלט אין אזעלכע טעג אזא מין וויזיט,|ˈɔbər a nəkˈidə ləmaxaʃˈuvə, vus dɛr ˈajbərʃtər hut ʦˈiɡəʃtəlt in azˈɛlxə tejɡ azˈa min vˈizit,
238_166264_0006|וואס מ'קען ארויסנעמען דערפון פאר אונזערע טייערע צוהערערס עפעס א שטיקל התעוררות פאר די הייליגע טעג, הבא עלינו לטובה.|vus mˈɛkən arˈoʊsnəmən dərfˈin far ˈinzərə tˈaːjərə ʦˈihərərs ˈɛpəs a ʃtikl hisəˈɔjrris far də hˈajliɡə tejɡ, hba ulˈajni lətˈɔjvə.
238_166264_0008|כל איש ישראל מחוטב עצך עד שואב מימיך. און ס'שטייט אין די הייליגע ספרים, אז ס'גייט ארויף אויף די הייליגע טעג,|kɔl iʃ jisrˈuəl mxitb ɛʦx ɛd ʃˈiab mˈimix. in sʃtajt in də hˈajliɡə sfˈurim, az sɡajt arˈoʊf oʊf də hˈajliɡə tejɡ,
238_166264_0009|אז מ'גייט זיך אלע שטעלן פאר'ן אייבערשטן מלך מלכי המלכים.|az mɡajt zix ˈalə ʃtɛln farn ˈajbərʃtn mˈajləx mlxi hmlxim.
238_166264_0010|איך טראכט צו מיר, ס'שטייט טאקע אין די גמרא אז מלכותא דארעא כעין מלכותא דרקיע, וואס מ'זעט אויף די וועלט וואס טוט זיך אלץ אפ ביי א קעניג,|ix traxt ʦi mir, sʃtajt tˈakə in də ɡəmˈurə az malxˈisu dˈarəa xajn malxˈisu drkˈiə, vus mzejt oʊf də vɛlt vus tit zix alʦ ɔp baː a kˈɛniɡ,
238_166264_0011|קען מען זיך פארשטעלן אפס מעט וואס גייט פאר אויף יענע וועלט, מלכותא דרקיע. אבער ס'איז דא עפעס א שטארקע חילוק,|kɛn mɛn zix farʃtˈɛln afs mɛt vus ɡajt far oʊf jˈɛnə vɛlt, malxˈisu drkˈiə. ˈɔbər siz du ˈɛpəs a ʃtˈarkə xˈilək,
238_166264_0012|גאר א שטארקע חילוק, וואס האט אזויפיל חיזוק אין זיך. און לאמיר מקדים זיין א משל פון דעם הייליגן חתם סופר,|ɡur a ʃtˈarkə xˈilək, vus hut ˈazɔjfil xˈizək in zix. in lˈɔmir mkdim zaːn a mɔʃl fin dejm hˈajliɡn xˈasam sˈɔjfər,
238_166264_0013|וואס ער האט נאכגעזאגט שנת תקפ"ט אין פרעשבורג, גאר שטארקע חיזוק. זאגט ער אזוי:|vus ɛr hut nˈuxɡəzuɡt ʃnas tuf kif paj tɛs in frˈɛʒbirɡ, ɡur ʃtˈarkə xˈizək. zuɡt ɛr azˈɔj :
238_166264_0014|ס'איז געווען א מדינה וואס האט ווידערגעשפעניגט אינעם קעניג. יעצט, אז א מדינה זאל קענען ווידערשפעניגן אינעם קעניג, מוז עס זיין פון אויבן ביז אראפ,|siz ɡəvˈejn a mədˈinə vus hut vˈidərɡəʃpəniɡt ˈinəm kˈɛniɡ. jɛʦt, az a mədˈinə zul kˈɛnən vˈidərʃpəniɡn ˈinəm kˈɛniɡ, miz ɛs zaːn fin ɔjbn biz arˈup,
238_166264_0015|יעדער איינער. פשט איז, די שרים, די בעלי בתים, די פויערן, אלע צוזאמען, יעדער האט זיך זיין תפקיד, איינער דרייט אן פון אינעווייניג,|jˈɛdər ˈajnər. pʃat iz, də ʃrim, də baˈali bˈutim, də fˈɔjərn, ˈalə ʦizˈamən, jˈɛdər hut zix zaːn tˈafkid, ˈajnər drajt un fin ˈinəvajniɡ,
238_166264_0016|די צווייטער פון דרויסן. זאגט ער אזוי, בעצם, די שרים זעט מען נישט גארנישט פון דרויסן, זיי צינדן אן דעם עולם פון אינעווייניג.|də ʦvˈajtər fin droʊsn. zuɡt ɛr azˈɔj, bˈɛʦəm, də ʃrim zejt mɛn niʃt ɡˈurniʃt fin droʊsn, zaj ʦindn un dejm ˈɔjləm fin ˈinəvajniɡ.
238_166264_0017|און די בעלי בתים און די פויערן, די מערסטע, קומען ארויס אין די גאסן, און מ'גייט קעגן דעם קעניג, און מ'שירט קעגן דעם קעניג, אלעס קעגן דעם קעניג.|in də baˈali bˈutim in də fˈɔjərn, də mˈɛrstə, kˈimən arˈoʊs in də ɡasn, in mɡajt kejɡn dejm kˈɛniɡ, in mʃirt kejɡn dejm kˈɛniɡ, ˈaləs kejɡn dejm kˈɛniɡ.
238_166264_0018|די פויערן זענען בעיקר די וואס דרייען אן דעם גאנצן מצב, אבער ס'איז געדרייט באמת ביי די שרים וואס זיצן ביי זיך אין שטוב.|də fˈɔjərn zˈɛnən bˈɛjikər də vus drˈajən un dejm ɡanʦn mˈaʦəv, ˈɔbər siz ɡədrˈajt bəˈɛməs baː də ʃrim vus ziʦn baː zix in ʃtib.
238_166264_0019|יעצט, דער קעניג איז געווארן דערפון, ער האט מחליט געווען אז ער האט נישט קיין ברירה, ער מוז אראפקומען צו די מדינה, ס'איז זיין מדינה און ער געבט עס נישט אויף.|jɛʦt, dɛr kˈɛniɡ iz ɡəvˈɔrn dərfˈin, ɛr hut mˈaxlit ɡəvˈejn az ɛr hut niʃt kan brˈajrə, ɛr miz arˈupkimən ʦi də mədˈinə, siz zaːn mədˈinə in ɛr ɡɛbt ɛs niʃt oʊf.
238_166264_0020|ווי נאר מ'האט געהערט אין די מדינה אז דער קעניג קומט אראפ, האט זיך אנגעפאנגען איבערצודרייען אלעס. די שרים, די בעלי בתים, די פויערן,|vi nɔr mhut ɡəhˈirt in də mədˈinə az dɛr kˈɛniɡ kimt arˈup, hut zix ˈanɡəfanɡən ˈibərʦidrajən ˈaləs. də ʃrim, də baˈali bˈutim, də fˈɔjərn,
238_166264_0021|מ'האט אנגעפאנגען מורא צו האבן, וואס טוט מען דא? וואס טוט מען דא?|mhut ˈanɡəfanɡən mˈɔjrə ʦi hubn, vus tit mɛn du ? vus tit mɛn du ?
238_166264_0022|דער קעניג איז אנגעקומען. די ערשטע זאך קומען די שרים ארויס, זיי בוקן זיך פאר'ן קעניג,|dɛr kˈɛniɡ iz ˈunɡəkimən. də ˈɛrʃtə zax kˈimən də ʃrim arˈoʊs, zaj bikn zix farn kˈɛniɡ,
238_166264_0023|און זיי זענען מקבל מרות פון דעם קעניג. און דער קעניג זעט, אה, ס'איז נישט געפערליך, איך האב מיינע שרים. און נאכדעם קומען די בעלי בתים.|in zaj zˈɛnən mkˈabajl mˈurɔjs fin dejm kˈɛniɡ. in dɛr kˈɛniɡ zejt, a, siz niʃt ɡəfˈɛrləx, ix hub mˈaːnə ʃrim. in nuxdˈejm kˈimən də baˈali bˈutim.
238_166264_0024|די שווערסטע ארבעט איז די פויערן. פארוואס? ווייל זיי זענען דאך אין די גאסן ברוב עם, מ'זאגט בפומביא,|də ʃvˈɛrstə ˈarbət iz də fˈɔjərn. farvˈus ? vaːl zaj zˈɛnən dɔx in də ɡasn brib ejm, mzuɡt bfˈimbia,
238_166264_0025|יעדער האט געזען ווי זיי האבן איבערגעדרייט דעם שטאט קעגן דעם קעניג, זיי קענען נישט פלוצלינג זיך קומען אזוי איבערבעטן,|jˈɛdər hut ɡəzˈejn vi zaj hubn ˈibərɡədrajt dejm ʃtut kejɡn dejm kˈɛniɡ, zaj kˈɛnən niʃt plˈiʦlinɡ zix kˈimən azˈɔj ˈibərbejtn,
238_166264_0026|דא דארף מען פארארבעטן עפעס. און די פויערן זענען אויך געקומען צום קעניג, און זיי האבן זיך איבערגעבעטן פאר'ן קעניג,|du daf mɛn farˈarbətn ˈɛpəs. in də fˈɔjərn zˈɛnən ɔjx ɡəkˈimən ʦim kˈɛniɡ, in zaj hubn zix ˈibərɡəbejtn farn kˈɛniɡ,
238_166264_0027|און זיי האבן זיך אונטערגענומען אז זיי גייען פון היינט אן און ווייטער צושטעלן צום קעניג, אונטערווארפן. און דער קעניג האט זיך איבערגעבעטן מיט זיי,|in zaj hubn zix ˈintərɡənimən az zaj ɡˈajən fin haːnt un in vˈaːtər ʦˈiʃtəln ʦim kˈɛniɡ, ˈintərvarfn. in dɛr kˈɛniɡ hut zix ˈibərɡəbejtn mit zaj,
238_166264_0028|און ס'איז געווען א מחיה. דער קעניג איז אוועקגעגאנגען שלום ושלוה, און מ'איז צוריק אונטער'ן קעניג.|in siz ɡəvˈejn a məxˈajɛ. dɛr kˈɛniɡ iz avˈɛkɡəɡanɡən ʃˈuləm ˈiʃli, in miz ʦirˈik ˈintərn kˈɛniɡ.
238_166264_0029|אבער דא קומט די טייערע ווארט פון דער הייליגער חתם סופר. ווען דער קעניג איז שוין אוועקגעגאנגען, זענען געגאנגען די שרים, די ראשי עם,|ˈɔbər du kimt də tˈaːjərə vɔrt fin dɛr hˈajliɡər xˈasam sˈɔjfər. vɛn dɛr kˈɛniɡ iz ʃɔjn avˈɛkɡəɡanɡən, zˈɛnən ɡəɡˈanɡən də ʃrim, də rˈuʃi ejm,
238_166264_0031|ווייל וויבאלד עטץ האט איבערגעדרייט די שטאט ברבים קעגן דעם קעניג, איז דער קעניג געוואויר געווארן.|vaːl vˈibald ɛtʦ hut ˈibərɡədrajt də ʃtut bərˈabim kejɡn dejm kˈɛniɡ, iz dɛr kˈɛniɡ ɡəvˈɔjr ɡəvˈɔrn.
238_166264_0032|און לכבוד דעם איז דער קעניג אראפגעקומען צו אונז דא אין שטאט, און אונז האבן געהאט די זכות זיך צו טרעפן מיט'ן קעניג און רעדן צום קעניג. קומט אויס וועגן ענקערע עבירות,|in lxbid dejm iz dɛr kˈɛniɡ arˈupɡəkimən ʦi inz du in ʃtut, in inz hubn ɡəhˈat də zxis zix ʦi trɛfn mitn kˈɛniɡ in rɛdn ʦim kˈɛniɡ. kimt oʊs vejɡn ˈɛnkərə avˈajrɔjs,
238_166264_0033|וועגן ענקערע מעשים וואס עטץ האט געטון דא אין שטאט, איז דער קעניג אראפגעקומען צו אונז דא.|vejɡn ˈɛnkərə mˈaːsim vus ɛtʦ hut ɡətˈin du in ʃtut, iz dɛr kˈɛniɡ arˈupɡəkimən ʦi inz du.
238_166264_0034|אוודאי קומט אונז הכרת הטוב פאר ענק. אונז האבן גארנישט געטון, אונז זענען ביי אונז אין שטוב. אפילו אונז האבן עס געוואלט, אבער געטון האבן אונז נישט. עטס האטס געטון.|avˈadə kimt inz hakˈuras htib far ɛnk. inz hubn ɡˈurniʃt ɡətˈin, inz zˈɛnən baː inz in ʃtib. afˈilə inz hubn ɛs ɡəvˈɔlt, ˈɔbər ɡətˈin hubn inz niʃt. ɛʦ haʦ ɡətˈin.
238_166264_0035|קומט אויס אז וועגן די פויערן איז דער קעניג געקומען אין שטאט, קומען די חשוב'ע אידן און געבן א מתנה פאר די פויערן. זאגט דער הייליגער חתם סופר טייערדיגע ווערטער,|kimt oʊs az vejɡn də fˈɔjərn iz dɛr kˈɛniɡ ɡəkˈimən in ʃtut, kˈimən də xaʃˈivə jidn in ɡejbn a matˈunə far də fˈɔjərn. zuɡt dɛr hˈajliɡər xˈasam sˈɔjfər tˈajərdiɡə vˈɛrtər,
238_166264_0036|פון יעצט די טעג, מרחמים ורצון, דער איש ה' במצאו צווישן שנה וכפור. פארוואס קומט דער אייבערשטער אראפ צו אונז?|fin jɛʦt də tejɡ, majraxˈamim ˈirʦin, dɛr iʃ haj bmʦi ʦviʃn ʃˈunə ixfˈir. farvˈus kimt dɛr ˈajbərʃtər arˈup ʦi inz ?
238_166264_0037|פארוואס געבט אונז דער אייבערשטער רחמים ורצון? וועגן איין סיבה, ווייל מ'האט געטון עבירות, און מ'דארף צוקומען צום אייבערשטן זאל אונז מוחל זיין.|farvˈus ɡɛbt inz dɛr ˈajbərʃtər raxˈamim ˈirʦin ? vejɡn ajn sˈibə, vaːl mhut ɡətˈin avˈajrɔjs, in mdaf ʦˈikimən ʦim ˈajbərʃtn zul inz mˈɔjxajl zaːn.
238_166264_0038|קומט אויס אז וועגן די עבירות פון די פשוט'ע פשוט'ע מענטשן, קומט דער אייבערשטער אראפ צו אונז דא, און הערט אונז אויס,|kimt oʊs az vejɡn də avˈajrɔjs fin də pˈiʃətə pˈiʃətə mɛnʧn, kimt dɛr ˈajbərʃtər arˈup ʦi inz du, in hɛrt inz oʊs,
238_166264_0040|פירט אויס דער הייליגער חתם סופר טייערע ווערטער מיט אזוי פיל חיזוק וואס מ'דארף געדענקען, זאגט ער,|firt oʊs dɛr hˈajliɡər xˈasam sˈɔjfər tˈaːjərə vˈɛrtər mit azˈɔj fil xˈizək vus mdaf ɡədˈɛnkən, zuɡt ɛr,
238_166264_0042|די פשוט'ע מענטשן זענען נענטער און פאר ראשיכם שבטיכם,|də pˈiʃətə mɛnʧn zˈɛnən nˈɛntər in far rˈaʃixm ʒbtixm,
238_166264_0043|ווייל וועגן זיי איז די גאנצע אנדריי יעצט פון די מהרחמים ורצון, וועגן די עבירות וואס מ'טוט. איז טייערע צוהערער,|vaːl vejɡn zaj iz də ɡˈanʦə ˈundraj jɛʦt fin də mihuraxˈamim ˈirʦin, vejɡn də avˈajrɔjs vus mtit. iz tˈaːjərə ʦˈihərər,
238_166264_0044|ביים פרעזידענט האט נישט יעדער די זכיה אריינצוגיין, אבער ביים הייליגן באשעפער קען יעדער אריינגיין, יעדער איז דארטן. זאג נישט,|bam prəzidˈɛnt hut niʃt jˈɛdər də zxi arˈaːnʦiɡajn, ˈɔbər bam hˈajliɡn baʃˈɛfər kɛn jˈɛdər arˈaːnɡajn, jˈɛdər iz dɔrtn. zuɡ niʃt,
238_166264_0045|איך בין נישט גענוג גוט, מיך אויכעט? ווער ווייסט וואס איך האב אלץ געטון דורכ'ן גאנצן יאר? ניין, זאגט דער הייליגער חתם סופר, הדיוטים מתקרבים ביותר.|ix bin niʃt ɡənˈiɡ ɡit, mix ˈɔjxət ? vɛr vajst vus ix hub alʦ ɡətˈin dˈurəxn ɡanʦn jur ? najn, zuɡt dɛr hˈajliɡər xˈasam sˈɔjfər, hdjˈitim mskrbim bjˈɔjsajr.
238_166264_0046|ווי הערדיג דו פילסט, ביסטו נענטער צום באשעפער. די גאנצע אראפקומען, די מעין רחמים ורצון, די איש ה' במוצאו,|vi hˈɛrdiɡ di filst, bˈisti nˈɛntər ʦim baʃˈɛfər. də ɡˈanʦə arˈupkimən, də majn raxˈamim ˈirʦin, də iʃ haj bmˈiʦi,
238_166264_0047|איז נאר יעצט וועגן די עבירות וואס מ'טוט דאך די גאנצע יאר. איז טאקע, די גרויסע רבי'ס, זיי טרעפן זיך מיט'ן פרעזידענט, אבער אונז,|iz nɔr jɛʦt vejɡn də avˈajrɔjs vus mtit dɔx də ɡˈanʦə jur. iz tˈakə, də ɡrˈɔjsə rbis, zaj trɛfn zix mitn prəzidˈɛnt, ˈɔbər inz,
238_166264_0048|יעדער איינער צוזאמען, מיט'ן באשעפער איז יעדער איינער גלייך, יעדער איז נאנטלי קעגן דעם באשעפער,|jˈɛdər ˈajnər ʦizˈamən, mitn baʃˈɛfər iz jˈɛdər ˈajnər ɡlaːx, jˈɛdər iz nˈantli kejɡn dejm baʃˈɛfər,
238_166264_0049|און אלע האבן די זכיה צו זיין נאנט.|in ˈalə hubn də zxi ʦi zaːn nant.
238_166264_0052|און ס'קומט אריין אין אים אזא מין ניצוץ פון גאוה, אזוי וואו, קוק אן וואס איך טו אויף אויף דער וועלט.|in skimt arˈaːn in ejm azˈa min nˈiʦiʦ fin ɡi, azˈɔj vi, kik un vus ix ti oʊf oʊf dɛr vɛlt.
238_166264_0054|און ער טראכט צו זיך, יוי, וואס טו איך דא?|in ɛr traxt ʦi zix, jɔj, vus ti ix du ?
238_166264_0056|האט דער הייליגער ווילעדניקער געזאגט, וואו איז דער באשעפער?|hut dɛr hˈajliɡər vˈilədnikər ɡəzˈuɡt, vi iz dɛr baʃˈɛfər ?
238_166264_0057|ביי דעם שניידער, וואו ער שניידט דעם קלייד, וואו ער זיצט ביי זיך און האט געגועים צום אייבערשטן, ווייל דארטן רוהט די שכינה.|baː dejm ʃnˈajdər, vi ɛr ʃnajdt dejm klajd, vi ɛr ziʦt baː zix in hut ɡəɡˈiajm ʦim ˈajbərʃtn, vaːl dɔrtn rit də ʃxˈinə.
238_166264_0058|דער וואס בענקט, דער וואס פילט צוקלאפט, דער מחוטב עציך ועד שואב מימיך, דארטן איז דער הייליגער באשעפער.|dɛr vus bɛnkt, dɛr vus filt ʦˈiklaft, dɛr mxitb ˈɛʦix ˈiəd ʃˈiab mˈimix, dɔrtn iz dɛr hˈajliɡər baʃˈɛfər.
238_166264_0060|ס'איז דא א רב טענדלער, ער וואוינט אין שטאט תפרח אין ארץ ישראל, ער האט דארט געלערנט און ער וואוינט דארטן.|siz du a ruv tˈɛndlər, ɛr vɔjnt in ʃtut sfrx in ˈɛrəʦ jisrˈuəl, ɛr hut dɔrt ɡəlˈirnt in ɛr vɔjnt dɔrtn.
238_166264_0061|ער איז אן אור-אייניקל פון די גרויסע ראש ישיבה, הרב הגאון הצדיק ר' משה פיינשטיין זכר צדיק לברכה.|ɛr iz un ɔjr ˈajnikl fin də ɡrˈɔjsə rɔjʃ jəʃˈivə, harˈaːv hɡin hˈaʦadik rajʃ mˈɔjʃə fˈajnʃtajn zˈajxər ʦˈadik livrˈuxə.
238_166264_0063|בערך פאר פערצן יאר צוריק איז געווען א חתונה פון מיינס א חבר וואס איך האב מיך באטייליגט אין שטאט תפרח.|bəˈejrəx far fɛrʦn jur ʦirˈik iz ɡəvˈejn a xˈasənə fin majns a xˈavər vus ix hub mix batˈajliɡt in ʃtut sfrx.
238_166264_0064|דארטן ביי די חתונה איז דאך געטאנצן דער ראש ישיבה מיט דעם חתן.|dɔrtn baː də xˈasənə iz dɔx ɡətˈanʦn dɛr rɔjʃ jəʃˈivə mit dejm xusn.
238_166264_0065|און ווי ס'איז שוין אמאל געווען ביי אזא ליטווישע חתונה, ווען זיי טאנצן, ס'איז א גאנצע מצב וואס די ראש ישיבה טאנצט, ס'איז א מצב גדול מאוד.|in vi siz ʃɔjn amˈul ɡəvˈejn baː azˈa lˈitviʃə xˈasənə, vɛn zaj tanʦn, siz a ɡˈanʦə mˈaʦəv vus də rɔjʃ jəʃˈivə tanʦt, siz a mˈaʦəv ɡdil mid.
238_166264_0067|און ער געבט אים א רוף אריין אין די רינג אז ער זאל קומען טאנצן צוזאמען מיט אים מיט'ן חתן. ווער איז יענער געווען?|in ɛr ɡɛbt ejm a rif arˈaːn in də rinɡ az ɛr zul kˈimən tanʦn ʦizˈamən mit ejm mitn xusn. vɛr iz jˈɛnər ɡəvˈejn ?
238_166264_0068|יענער איז געווען א פעטער פון דעם חתן, געוואוינט אין פראנקרייך, נעבעך נישט ערליך.|jˈɛnər iz ɡəvˈejn a fˈɛtər fin dejm xusn, ɡəvˈɔjnt in frˈankrajx, nˈɛbəx niʃt ˈɛrləx.
238_166264_0069|מ'איז אפגעטאנצן, קול תשא וקול שמחה, קול חתן וקול כלה, די חתונה האט זיך געענדיגן.|miz ˈɔpɡətanʦn, kul tˈisu ˈikil sˈimxə, kul xusn ˈikil kˈalə, də xˈasənə hut zix ɡəˈɛndiɡn.
238_166264_0071|ס'האט זיי אויסגעקוקט ווי ס'איז עפעס א ניצוץ האט זיך אנגעצונדן אין אים, און אפשר איז כדאי אז דער ראש ישיבה זאל מאכן א שטיקל קשר מיט דעם פעטער.|səhˈut zaj ˈoʊzɡəkikt vi siz ˈɛpəs a nˈiʦiʦ hut zix ˈanɡəʦindn in ejm, in ˈɛfʃir iz kˈɛdaː az dɛr rɔjʃ jəʃˈivə zul maxn a ʃtikl kˈɛʃər mit dejm fˈɛtər.
238_166264_0072|מ'קען קיינמאל נישט וויסן. דער ראש ישיבה האט עס אוועקגעמאכט, און זיי האבן נישט אפגעלאזט. כאטשיג גערופן.|mˈɛkən kˈajnmul niʃt visn. dɛr rɔjʃ jəʃˈivə hut ɛs avˈɛkɡəmaxt, in zaj hubn niʃt ˈupɡəlɔzt. xˈaʧiɡ ɡərˈifn.
238_166264_0074|אזוי זאגט דער ראש ישיבה פאר דעם פעטער אויף די אנדערע זייט טרייבל, פון שטאט תפרח צו עפעס א פארווארפענע געגנט אין פראנקרייך.|azˈɔj zuɡt dɛr rɔjʃ jəʃˈivə far dejm fˈɛtər oʊf də ˈandərə zaːt trajbl, fin ʃtut sfrx ʦi ˈɛpəs a farvˈarfənə ɡɛɡnt in frˈankrajx.
238_166264_0075|חודש אלול, א פשוט'ער טאג אין חודש אלול, ימי רחמים ורצון, גארנישט פשוט.|xˈɔjdəʃ ˈɛləl, a fʃˈitər tuɡ in xˈɔjdəʃ ˈɛləl, jˈɛmaj raxˈamim ˈirʦin, ɡˈurniʃt pˈuʃit.
238_166264_0077|און ער ווינטשט אים אן א כתיבה וחתימה טובה, און לייגט אראפ דעם טרייבל, אראפגעלייגט דעם טעלעפאן.|in ɛr vinʧt ejm un a ksˈivə vaxasˈimə tˈɔjvə, in lajɡt arˈup dejm trajbl, arˈupɡəlajɡt dejm tˈɛləfan.
238_166264_0078|דאס איז עס.|dus iz ɛs.
238_166264_0079|דער חתן איז געבענטשט געווארן מיט א בן זכר א יאר שפעטער.|dɛr xusn iz ɡəbˈɛnʧt ɡəvˈɔrn mit a bɛn zˈajxər a jur ʃpˈejtər.
238_166264_0080|זאגט הרב טענדלער, איך בין געווען א כהן, איך בין געווען איינער פון די כהנים ביי די פדיון הבן.|zuɡt harˈaːv tˈɛndlər, ix bin ɡəvˈejn a kˈɔjhajn, ix bin ɡəvˈejn ˈajnər fin də xhnim baː də pˈidiən hˈabajn.
238_166264_0081|גייט דורך דרייצן יאר שפעטער, וואס איז ממש יעצט, איז געווען א בר מצוה.|ɡajt dˈɔrəx drajʦn jur ʃpˈejtər, vus iz mˈamiʃ jɛʦt, iz ɡəvˈejn a bar mˈiʦvə.
238_166264_0082|און צו די בר מצוה האט ער נאכאמאל גערופן זיין ראש ישיבה.|in ʦi də bar mˈiʦvə hut ɛr nˈuxamul ɡərˈifn zaːn rɔjʃ jəʃˈivə.
238_166264_0083|מיט הרב טענדלער איז ער מיטגעקומען, א גוטער ידיד מיט'ן טאטן פון דעם בר מצוה בחור איז ער מיטגעקומען. זענען זיי אנגעקומען צו די בר מצוה, און זיי זיצן דארטן.|mit harˈaːv tˈɛndlər iz ɛr mˈitɡəkimən, a ɡˈitər jˈɛdid mitn tatn fin dejm bar mˈiʦvə bˈuxər iz ɛr mˈitɡəkimən. zˈɛnən zaj ˈunɡəkimən ʦi də bar mˈiʦvə, in zaj ziʦn dɔrtn.
238_166264_0084|זיי זענען אנגעקומען אביסל פרי, ס'איז נאך די עולם נאך נישט דארט געווען, און זיי זענען זיך געזעצט אין די זייט לערנען. זיי לערנען געשמאק.|zaj zˈɛnən ˈunɡəkimən abˈisl pˈajrə, siz nux də ˈɔjləm nux niʃt dɔrt ɡəvˈejn, in zaj zˈɛnən zix ɡəzˈɛʦt in də zaːt lˈirnən. zaj lˈirnən ɡəʃmˈak.
238_166264_0085|א פאר מינוט אריין קומט איינער צו צו זיי, א איד מיט א פולן בארד, מיט קליינע קינדערלעך אין די זייט, און ער געבט שלום פאר דעם ראש ישיבה.|a far minˈit arˈaːn kimt ˈajnər ʦi ʦi zaj, a jid mit a filn bard, mit klˈajnə kˈindərləx in də zaːt, in ɛr ɡɛbt ʃˈuləm far dejm rɔjʃ jəʃˈivə.
238_166264_0086|און ער פרעגט, "קענסטו מיר אפשר? אתה מכירני?" זאגט דער ראש ישיבה, "ניין."|in ɛr frɛɡt, kˈɛnsti mir ˈɛfʃir ? ˈatu mxˈirni zuɡt dɛr rɔjʃ jəʃˈivə, najn
238_166264_0087|רופט ער זיך אן, "פערצן יאר צוריק האט מיך דער ראש ישיבה גערופן אין פראנקרייך, געבלאזן שופר אויפ'ן טעלעפאן, און געזאגט כתיבה וחתימה טובה.|rift ɛr zix un, fɛrʦn jur ʦirˈik hut mix dɛr rɔjʃ jəʃˈivə ɡərˈifn in frˈankrajx, ɡəblˈazn ʃˈɔjfər afn tˈɛləfan, in ɡəzˈuɡt ksˈivə vaxasˈimə tˈɔjvə.
238_166264_0088|אונז האבן ביידע אראפגעלייגט דעם טעלעפאן.|inz hubn bˈajdə arˈupɡəlajɡt dejm tˈɛləfan.
238_166264_0090|ביז איך האב מחליט געווען, דאס איז עס, איך לאז אפ דעם פראנקרייך און אלעס וואס איך האב דארטן. און איך בין ארויפגעפארן קיין ארץ ישראל,|biz ix hub mˈaxlit ɡəvˈejn, dus iz ɛs, ix laz ɔp dejm frˈankrajx in ˈaləs vus ix hub dɔrtn. in ix bin arˈoʊfɡəfarn kan ˈɛrəʦ jisrˈuəl,
238_166264_0091|איך האב מיך געזעצט לערנען אין א ישיבה, און איך בין געווארן א פולקאמער בעל תשובה און חתונה געהאט.|ix hub mix ɡəzˈɛʦt lˈirnən in a jəʃˈivə, in ix bin ɡəvˈɔrn a fˈilkamər baːl ʧˈivə in xˈasənə ɡəhˈat.
238_166264_0092|און ראש ישיבה, דא זענען די קינדער,|in rɔjʃ jəʃˈivə, du zˈɛnən də kˈindər,
238_166264_0094|טייערע צוהערער, אתם נצבים היום כולכם, אונז שטייען אלע נענטער צום באשעפער יעצט, נישט קיין חילוק וואס דיין מצב,|tˈaːjərə ʦˈihərər, ˈatɛm niʦˈuvim hˈaːəm xilxm, inz ʃtˈajən ˈalə nˈɛntər ʦim baʃˈɛfər jɛʦt, niʃt kan xˈilək vus daːn mˈaʦəv,
238_166264_0095|מחוטב עציך עד שואב מימיך, מיט א פאני טעיל, אן א פאני טעיל, אין די טעג יעדער איז נאנט צום באשעפער, און יעדער זאגט דער באשעפער, קום צו מיר,|mxitb ˈɛʦix ɛd ʃˈiab mˈimix, mit a fˈani tajl, un a fˈani tajl, in də tejɡ jˈɛdər iz nant ʦim baʃˈɛfər, in jˈɛdər zuɡt dɛr baʃˈɛfər, kim ʦi mir,
238_166264_0096|שובו בנים שובבים, איך דארף ענק האבן צו מיר, איך וויל זיין נאנט צו ענק.|ʃˈibi bnim ʃˈibim, ix daf ɛnk hubn ʦi mir, ix vil zaːn nant ʦi ɛnk.
238_166264_0097|זאל טאקע דער אייבערשטער העלפן אז ס'זאל קומען א כתיבה וחתימה טובה פאר יעדן איינעם. בכל מצב שהוא איז מען נאנט צו דעם באשעפער,|zul tˈakə dɛr ˈajbərʃtər hɛlfn az szul kˈimən a ksˈivə vaxasˈimə tˈɔjvə far jejdn ˈajnəm. bxul mˈaʦəv ʃhˈia iz mɛn nant ʦi dejm baʃˈɛfər,
238_166264_0098|און דער אייבערשטער איז נאנט צו אים, און מ'זאל זוכה זיין אז דער אייבערשטער זאל אננעמען אונזער סליחות לרחמים ולרצון.|in dɛr ˈajbərʃtər iz nant ʦi ejm, in mzul zˈixə zaːn az dɛr ˈajbərʃtər zul ˈunnəmən ˈinzər slˈixis lraxˈamim ˈilrʦin.
238_166264_0099|א לעכטיגן שבת קודש!|a lˈɛxtiɡn ʃˈabəs kˈɔjdəʃ !
253_162327_0001|שטייט אין הייליגן חתם סופר אין די דרשות, אז געווענליך "אין השכינה שורה", שטייט אין חז"ל, "לא מתוך עצבות, נאר מתוך שמחה של מצוה השכינה איז שורה", אויב רעדט מען דעם כלל.|ʃtajt in hˈajliɡn xˈasam sˈɔjfər in də drˈuʃɔjs, az ɡəvˈɛnləx in hʃxˈinə ʃˈirə ʃtajt in xazˈal, lɔj mˈitɔjx ˈaʦvis, nɔr mˈitɔjx sˈimxə ʃɛl mˈiʦvə hʃxˈinə iz ʃˈirə ɔjb rɛdt mɛn dejm klal.
253_162327_0003|און אז א איד וויינט, "דוחוי סתקבל עליינו", שטייט אין חז"ל, "כוכבים ומזלות בוכין כנגדו, שכינה כביכול איז בוכה כנגדו".|in az a jid vajnt, dˈixɔj skbl ˈɛlajni ʃtajt in xazˈal, xˈixbim imazˈulɔjs bˈixin xnɡdi, ʃxˈinə kavˈiuxl iz bˈixə xnɡdi
253_162327_0005|און דעמאלטס איז ושמעת בקולו. זאגט ער, וואס איז ושמעת בקולו? כביכול, דו וועסט הערן דעם אייבערשטנ'ס קול אויכעט,|in dˈɛmalʦ iz ˈiʃməs bkˈili. zuɡt ɛr, vus iz ˈiʃməs bkˈili ? kavˈiuxl, di vɛst hirn dejm ˈajbɛrʃətns kul ˈɔjxət,
253_162327_0006|ווייל כביכול דער אייבערשטער וויינט אויכעט דעם טאג בבכיה ובמספד.|vaːl kavˈiuxl dɛr ˈajbərʃtər vajnt ˈɔjxət dejm tuɡ bxi ibmsfd.
253_162327_0008|מ'קען זוכה זיין צו הערן די קול פונעם אייבערשטן. דער בת קול וואס איז דא יעדן טאג,|mˈɛkən zˈixə zaːn ʦi hirn də kul fˈinəm ˈajbərʃtn. dɛr bas kul vus iz du jejdn tuɡ,
253_162327_0009|וואס זאגט פאר אידישע קינדער "שובו בנים שובבים", אזוי געווענליך יעדן טאג איז עס נאר א בת קול, א ווידערקול,|vus zuɡt far jˈidiʃə kˈindər ʃˈibi bnim ʃˈibim azˈɔj ɡəvˈɛnləx jejdn tuɡ iz ɛs nɔr a bas kul, a vidˈɛrkul,
253_162327_0011|ווען מ'זיצט אויף די ערד און מ'וויינט אויף חורבן בית המקדש, און די שכינה יושב ובוכה כנגדו, ושמעת בקולו,|vɛn mziʦt oʊf də ɛrd in mvajnt oʊf xirbn bajs hamˈikduʃ, in də ʃxˈinə jˈɔjʃəv ˈibixə xnɡdi, ˈiʃməs bkˈili,
253_162327_0012|קען מען הערן די קול פונעם אייבערשטן, נישט א בת קול, נאר די קול אליין וואס זאגט "שובו בנים שובבים".|kɛn mɛn hirn də kul fˈinəm ˈajbərʃtn, niʃt a bas kul, nɔr də kul alˈajn vus zuɡt ʃˈibi bnim ʃˈibim
253_162327_0013|דער רמב"ם פסק'נט דאך אין הלכות תענית אז די עיקר פון די תעניתים וואס מ'האט געווען איז געווען אז אלע זאלן זיך מתעורר זיין בתשובה, תשובה ותיקון המעשים.|dɛr rˈambam pasknt dɔx in halˈuxɔjs tˈunəs az də ˈikər fin də taanˈisim vus mhut ɡəvˈejn iz ɡəvˈejn az ˈalə zɔln zix msˈɛirr zaːn bisʃˈivə, ʧˈivə ˈisikin hmˈɛʃim.
253_162327_0014|מ'דארף מתעורר זיין אז וואס איז געשען איז געשען, אויף וואס קלאגט מען און מ'וויינט, וואס וויל מען אז ס'זאל קומען אויף צוריק, וואס דארף זיך יעדער איינער פארבעסערן.|mdaf msˈɛirr zaːn az vus iz ɡəʃˈɛn iz ɡəʃˈɛn, oʊf vus klaɡt mɛn in mvajnt, vus vil mɛn az szul kˈimən oʊf ʦirˈik, vus daf zix jˈɛdər ˈajnər farbəsˈɛrn.
253_162327_0015|על ידי הרהורי תשובה, יעדער איינער ווייסט וואס ער דארף זיך פארבעסערן, די כלל וואס ער דארף זיך פארבעסערן אלס א כלל, און יעדער איינער אלס א פרט וואס ער דארף זיך פארבעסערן.|al ˈidi hrhˈiri ʧˈivə, jˈɛdər ˈajnər vajst vus ɛr daf zix farbəsˈɛrn, də klal vus ɛr daf zix farbəsˈɛrn ˈalis a klal, in jˈɛdər ˈajnər ˈalis a prat vus ɛr daf zix farbəsˈɛrn.
253_162327_0016|און אויף דעם דארף מען מתעורר ווערן ביי יעדן תענית, און בפרט אין דעם טאג תשעה באב.|in oʊf dejm daf mɛn msˈɛirr virn baː jejdn tˈunəs, in bfˈɛrət in dejm tuɡ tˈiʃə bab.
253_162327_0017|און אז מ'וויל אויפבויען צוריק דעם בית המקדש, ירושלים,|in az mvil ˈoʊfboʊən ʦirˈik dejm bajs hamˈikduʃ, jəruʃulˈajim,
253_162327_0018|הייבט זיך עס אן אז מ'בויעט אויף צוריק דעם בית המקדש ביי זיך, מ'בויעט אויף צוריק די אייגענע ירושלים. "תבנה חומות ירושלים".|hajbt zix ɛs un az mbˈɔjət oʊf ʦirˈik dejm bajs hamˈikduʃ baː zix, mbˈɔjət oʊf ʦirˈik də ˈajɡənə jəruʃulˈajim. tˈivnə xˈɔjmɔjs jəruʃulˈajim
253_162327_0019|דער רבי זאל זיין געזונט האט אמאל געזאגט, ירושלים ווייזט אויף ירושלים און אויף אמונה,|dɛr rˈɛbə zul zaːn ɡəzˈint hut amˈul ɡəzˈuɡt, jəruʃulˈajim vajzt oʊf jəruʃulˈajim in oʊf əmˈinə,
253_162327_0020|ווייל ירושלים איז דאך געבויט פון די צוויי ווערטער "יראה שלם".|vaːl jəruʃulˈajim iz dɔx ɡəbˈoʊt fin də ʦvaj vˈɛrtər ˈira ʃˈulajm
253_162327_0024|תפלה לחומת ירושלים, מ'בויעט אויף צו די חומת ירושלים, יעדער איינער בויעט אויף זיין ירושלים.|tfˈilə ləxˈɔjmas jəruʃulˈajim, mbˈɔjət oʊf ʦi də xˈɔjmas jəruʃulˈajim, jˈɛdər ˈajnər bˈɔjət oʊf zaːn jəruʃulˈajim.
253_162327_0026|די אידישע קינדער זענען מצפה, יעדער איינער אויף זיין גאולה פרטיות, און בפרט איז מען מצפה, און בכלל איז מען מצפה אויף די גאולה כללית,|də jˈidiʃə kˈindər zˈɛnən miʦˈapə, jˈɛdər ˈajnər oʊf zaːn ɡˈulə frtjis, in bfˈɛrət iz mɛn miʦˈapə, in bəxlˈaːl iz mɛn miʦˈapə oʊf də ɡˈulə xllis,
253_162327_0031|אלעס וואס מ'דארף קען מען דעמאלטס פועל'ן ביים אייבערשטן. ידוע וואס די מהרש"א ברענגט אין מסכת בכורות,|ˈaləs vus mdaf kɛn mɛn dˈɛmalʦ fˈiəln bam ˈajbərʃtn. jədˈiə vus də mahˈarʃə brɛnɡt in mˈasəxəs bxˈɔjrɔjs,
253_162327_0033|שטייט אין גלות אדם הקדושים אז פון דעם קומט אויס אז תשעה באב איז אנטקעגן שמיני עצרת, די צוויי און צוואנציגסטע טאג.|ʃtajt in ɡˈuləs udm hkdˈiʃim az fin dejm kimt oʊs az tˈiʃə bab iz ˈantkəɡn ʃmˈini aʦˈɛrɛs, də ʦvaj in ʦvˈanʦiɡstə tuɡ.
253_162327_0037|ס'איז אויך אין דער בחינה וואס ס'שטייט אויף שמיני עצרת, נאר דאס איז אויף די גוטע אופן, פאר די יוסף ביה מלכא,|siz ɔjx in dɛr bxˈinə vus sʃtajt oʊf ʃmˈini aʦˈɛrɛs, nɔr dus iz oʊf də ɡˈitə ɔjfn, far də jˈɔsəf bi mlxa,
253_162327_0038|תמור בן חיון ידו, און כל מי אתה בא ישראל ויאמו לי. איז שוין געווארן כביכול דריי,|smir bɛn xˈajvun ˈidi, in kɔl mi ˈatu bɔj jisrˈuəl ˈɔjami li. iz ʃɔjn ɡəvˈɔrn kavˈiuxl draj,
253_162327_0039|אזא בחינה וואס מ'האט געהערט כביכול דריי, איז אויך אין אזא בחינה,|azˈa bxˈinə vus mhut ɡəhˈirt kavˈiuxl draj, iz ɔjx in azˈa bxˈinə,
253_162327_0040|און די גרויסע חזק זאגט כביכול דריי איז שורה, און אזא פלאץ, אלע מלכים קומען ניגן מיט דעם.|in də ɡrˈɔjsə xˈazak zuɡt kavˈiuxl draj iz ʃˈirə, in azˈa plaːʦ, ˈalə mlˈuxim kˈimən niɡn mit dejm.
253_162327_0041|זיצט אזוי אויף דער ערד, און מ'איז אלעס פועל'ן ביים אייבערשטן.|ziʦt azˈɔj oʊf dɛr ɛrd, in miz ˈaləs fˈiəln bam ˈajbərʃtn.
253_162327_0042|דאס איז וואס ס'שטייט אויך אין די משנה אין סוף סוטה, "ושבת עד ה' אלקיך ושמעת בקולו".|dus iz vus sʃtajt ɔjx in də mˈiʃnə in sɔf sˈɔjtə, ˈiʃabəs ɛd haj ˈalkix ˈiʃməs bkˈili
253_162327_0043|מ'דארף אויסנוצן די זמן, מ'קען אזויפיל בויען ביים אייבערשטן, און בויען ביי זיך.|mdaf ˈoʊsniʦn də zman, mˈɛkən ˈazɔjfil bˈoʊən bam ˈajbərʃtn, in bˈoʊən baː zix.
253_162327_0046|נאכדעם וואס ער האט געליינט די קוויטל, פלעגט ער צוריקגעבן די קוויטל צו זען וואס זיי האבן אים געגעבן, און ער האט געזאגט, "יעצט ליינט איר, יעצט ליינט איר.|nuxdˈejm vus ɛr hut ɡəlˈajnt də kvitl, flɛɡt ɛr ʦirˈikɡəbən də kvitl ʦi zejn vus zaj hubn ejm ɡəɡˈɛbn, in ɛr hut ɡəzˈuɡt, jɛʦt lajnt ir, jɛʦt lajnt ir.
253_162327_0047|זעט ווי איר האט געבעטן, זעט ווי איר האט געבעטן, זעט זיך צוצושטעלן צו טון וואס מ'דארף צו טון אז מ'זאל קענען אנקומען צום יא פון די זאכן."|zejt vi ir hut ɡəbˈejtn, zejt vi ir hut ɡəbˈejtn, zejt zix ʦˈiʦiʃtəln ʦi tin vus mdaf ʦi tin az mzul kˈɛnən ˈunkimən ʦim ju fin də zaxn
253_162327_0048|ווייל די בחינה ווי צדיקים האבן געזאגט א לשון, ביים אייבערשטן קען מען גרינג פועל'ן, מ'דארף פועל'ן ביי זיך.|vaːl də bxˈinə vi ʦdˈikim hubn ɡəzˈuɡt a luʃn, bam ˈajbərʃtn kɛn mɛn ɡrinɡ fˈiəln, mdaf fˈiəln baː zix.
253_162327_0051|מ'דארף האבן אן אייגענע רפואה, מ'דארף האבן אן אייגענעם פלאסטער אויף יעדע אייגענע.|mdaf hubn un ˈajɡənə rəfˈiə, mdaf hubn un ˈajɡənəm flˈastər oʊf jˈɛdə ˈajɡənə.
253_162327_0052|אבער דער אייבערשטער זאגט, "דו ווילסט וויסן וואס דו ביסט אראפגעפאלן?|ˈɔbər dɛr ˈajbərʃtər zuɡt, di vilst visn vus di bist arˈupɡəfaln ?
253_162327_0053|דו ביסט גענומען געווארן פון דיר א מידה, אז דו האסט זיך צעקלאפט אלע אברים, און דו האסט גענומען דעם פלאסטער.|di bist ɡənˈimən ɡəvˈɔrn fin dir a mˈidə, az di hust zix ʦəklˈaft ˈalə ˈabrim, in di hust ɡənˈimən dejm flˈastər.
253_162327_0054|איין באלסם איז דא," זאגט דער אייבערשטער, "אז דו וועסט דיר ארויפלייגן אויף דעם, 'שובו אלי ואשובה אליכם', איין זאך בעט איך אייך, הערט זיך צו צו מיר, און אזוי וועלן זיך היילן אלע אברים אליין.|ajn balsm iz du zuɡt dɛr ˈajbərʃtər, az di vɛst dir arˈoʊflajɡn oʊf dejm, ʃˈibi ˈali ˈiaʃibə ˈalixm ajn zax bɛt ix aːx, hɛrt zix ʦi ʦi mir, in azˈɔj vɛln zix hajln ˈalə ˈabrim alˈajn.
253_162327_0056|די גרעסטע פלאסטער וואס מ'ציט צו אונז, איז דורך אריינציען אין זיך וואס אונזער נשמה וויל באמת. מ'זיצט אויף דער ערד מיט אביסל ישוב הדעת, מיט א התבוננות.|də ɡrˈɛstə flˈastər vus mʦit ʦi inz, iz dˈɔrəx arˈaːnʦiən in zix vus ˈinzər nəʃˈumə vil bəˈɛməs. mziʦt oʊf dɛr ɛrd mit abˈisl ˈiʃib hadˈaas, mit a hisbˈɔjnənus.
253_162327_0058|אז די קינדער זאלן זיך איבערקערן צו אים.|az də kˈindər zɔln zix ˈibərkərn ʦi ejm.
253_162327_0059|און דער אייבערשטער זאגט אונז צו הילף אז מיר וועלן תשובה טון, ווי ס'שטייט אין פסוק "ושבת עד ה' אלקיך", דער אייבערשטער זאגט אונז צו אז מיר וועלן תשובה טון.|in dɛr ˈajbərʃtər zuɡt inz ʦi hilf az mir vɛln ʧˈivə tin, vi sʃtajt in pˈusik ˈiʃabəs ɛd haj ˈalkix dɛr ˈajbərʃtər zuɡt inz ʦi az mir vɛln ʧˈivə tin.
253_162327_0060|מיר האבן אן הבטחה, מיר האבן די כח צו תשובה טון, און מיר וועלן תשובה טון.|mir hubn un haftˈuxə, mir hubn də kˈɔjəx ʦi ʧˈivə tin, in mir vɛln ʧˈivə tin.
253_162327_0061|און וואס דער אייבערשטער בעט פון אונז אין אונזער דור, בעט דער אייבערשטער...|in vus dɛr ˈajbərʃtər bɛt fin inz in ˈinzər dur, bɛt dɛr ˈajbərʃtər
253_162327_0064|שטייט אין די ספרים הקדושים אז דאס גייט ארויף ווען א איד ווערט נעבעך פארקויפט לגר תושב, לעקר משפחת גר.|ʃtajt in də sfˈurim hkdˈiʃim az dus ɡajt arˈoʊf vɛn a jid virt nˈɛbəx farkˈɔjft lɡɔjr tˈiʃuv, lɛkr miʃpˈaxas ɡɛr.
253_162327_0065|אידן זענען פארקויפט געווארן, מיר זענען אריין אין גלות צווישן די אומות העולם, עקר משפחת גר.|jidn zˈɛnən farkˈɔjft ɡəvˈɔrn, mir zˈɛnən arˈaːn in ɡˈuləs ʦviʃn də ˈimɔjs hˈɛilm, ˈukər miʃpˈaxas ɡɛr.
253_162327_0066|אבער מיר ווייסן "אחרי נמכר גאולה תהיה לו", מ'וועט זוכה זיין צו די גאולה.|ˈɔbər mir vajsn axˈaraj nmxr ɡˈulə tˈihjɛ li mvɛt zˈixə zaːn ʦi də ɡˈulə.
253_162327_0068|"דודו" איז אותיות דוד, "בן דודו" איז בן דוד, "או דודו או בן דודו יגאלנו". אזוי וועט זיין די גאולה.|dˈidi iz ɔjsˈijɔjs dˈuvid, bɛn dˈidi iz bɛn dˈuvid, i dˈidi i bɛn dˈidi ˈiɡalni azˈɔj vɛt zaːn də ɡˈulə.
253_162327_0070|די ספרים הקדושים מסביר, אין די פריערדיגע דורות איז נאך געווען אסאך יארן צו די גאולה, צו די זמן פון בעתה איז נאך געווען אסאך אסאך יארן.|də sfˈurim hkdˈiʃim mazbˈir, in də frˈiərdiɡə dˈɔjrɔjs iz nux ɡəvˈejn ˈasax jurn ʦi də ɡˈulə, ʦi də zman fin bˈituh iz nux ɡəvˈejn ˈasax ˈasax jurn.
253_162327_0071|והראיה, יעצט ווייסן מיר אז ס'איז געווען גאר אסאך יארן צו די זמן פון בעתה, ווייל מ'האלט שוין אזוי ווייט. אזויפיל פון חורבן בית המקדש.|ˈiraːə, jɛʦt vajsn mir az siz ɡəvˈejn ɡur ˈasax jurn ʦi də zman fin bˈituh, vaːl mhalt ʃɔjn azˈɔj vaːt. ˈazɔjfil fin xirbn bajs hamˈikduʃ.
253_162327_0073|אז ס'קומט די זמן פון בעתה, מיט א קלייניגקייט קען מען מאכן ס'זאל זיין אחישנה.|az skimt də zman fin bˈituh, mit a klˈajniɡkaːt kɛn mɛn maxn szul zaːn axiʃˈɛnə.
253_162327_0074|"וחשב לו כפי שניו ישיב את גאולתו", מ'קען היינט מיט אסאך קלענערע זאכן זוכה זיין צו מקרב זיין די גאולה.|ixʒb li kˈɛfi ʃnji ˈiʃib ɛs ɡˈilsi mˈɛkən haːnt mit ˈasax klˈɛnərə zaxn zˈixə zaːn ʦi mikˈɛrəv zaːn də ɡˈulə.
253_162327_0075|בפרט אז דער אייבערשטער האט אונז אריינגעשטעלט אין אזא דור וואס די נסיונות זענען גאר שווער, אין אלע מובנים, אלע סארטן נסיונות.|bfˈɛrət az dɛr ˈajbərʃtər hut inz arˈaːnɡəʃtəlt in azˈa dur vus də nisjˈɔjnɔjs zˈɛnən ɡur ʃvir, in ˈalə mˈibnim, ˈalə sartn nisjˈɔjnɔjs.
253_162327_0077|על כל צעד ושעל זענען דא אזויפיל שוועריגקייטן, אזויפיל נסיונות, און אז א איד שטארקט זיך, יעדע ביסל וואס ער שטארקט זיך, ווי חשוב דאס איז ביים אייבערשטן.|al kɔl ʦɛd ˈiʃəl zˈɛnən du ˈazɔjfil ʃvˈɛriɡkaːtn, ˈazɔjfil nisjˈɔjnɔjs, in az a jid ʃtarkt zix, jˈɛdə bisl vus ɛr ʃtarkt zix, vi xˈuʃiv dus iz bam ˈajbərʃtn.
253_162327_0078|די אמאליגע אידן האבן נישט געהאט די אלע נסיונות וואס אונז האבן מיר.|də ˈamuliɡə jidn hubn niʃt ɡəhˈat də ˈalə nisjˈɔjnɔjs vus inz hubn mir.
253_162327_0080|דערווייל האט מען געזאגט אז אלע וועט מען זיי געבן א צימער וואו זיי קענען איבערשלאפן די נאכט.|dərvˈaːl hut mɛn ɡəzˈuɡt az ˈalə vɛt mɛn zaj ɡejbn a ʦˈimər vi zaj kˈɛnən ˈibərʃlufn də naxt.
253_162327_0081|האט מען זיי געגעבן אין א האטעל נישט ווייט פון די לופטפעלד, נישט ווייט פון דעם עירפארט איז געווען דארטן א האטעל, מ'וועט געבן דארטן פאר יעדן איינעם א צימער.|hut mɛn zaj ɡəɡˈɛbn in a hˈatəl niʃt vaːt fin də lˈiftfəld, niʃt vaːt fin dejm ˈajrfart iz ɡəvˈejn dɔrtn a hˈatəl, mvɛt ɡejbn dɔrtn far jejdn ˈajnəm a ʦˈimər.
253_162327_0082|זאגט דער איד אז ער איז אריינגעגאנגען אין דעם צימער, ער האט זיך געמאכט א חשבון, ער האט נישט קיין מנין אפשר ווי צו דאווענען מעריב.|zuɡt dɛr jid az ɛr iz arˈaːnɡəɡanɡən in dejm ʦˈimər, ɛr hut zix ɡəmˈaxt a xˈɛʃbɔjn, ɛr hut niʃt kan mˈiniən ˈɛfʃir vi ʦi dˈavənən mˈaːrəv.
253_162327_0083|אין דעם פלאץ האט ער נישט געהאט קיין מנין, האט ער געדאווענט ביחידות.|in dejm plaːʦ hut ɛr niʃt ɡəhˈat kan mˈiniən, hut ɛr ɡədavˈɛnt bixˈidis.
253_162327_0084|שפעטער האט ער זיך געוואלט אוועקזעצן לערנען דעם בלעטל גמרא, דף היומי האט ער נאך נישט געהאט געלערנט יענעם טאג.|ʃpˈejtər hut ɛr zix ɡəvˈɔlt avˈɛkzəʦn lˈirnən dejm blɛtl ɡəmˈurə, daf hjˈimi hut ɛr nux niʃt ɡəhˈat ɡəlˈirnt jˈɛnəm tuɡ.
253_162327_0085|אבער ווי ער האט נאר פרובירט אנצוהייבן צו לערנען, איז ער געווארן זייער פארמאטערט. ער האט געפילט אז ער קען נישט ווייטער ציען די קאפ.|ˈɔbər vi ɛr hut nɔr prˈibirt ˈanʦihajbn ʦi lˈirnən, iz ɛr ɡəvˈɔrn zˈajər farmˈatərt. ɛr hut ɡəfˈilt az ɛr kɛn niʃt vˈaːtər ʦˈiən də kɔp.
253_162327_0086|ער האט געצויגן, אין אפאר שורות האט ער אנגעיאגט צו לערנען מיט רש"י, מער פון דעם האט ער נישט געקענט. ער האט געפילט ווי די אויגן קלעבן זיך אים.|ɛr hut ɡəʦˈɔjɡn, in apˈur ʃˈirɔjs hut ɛr ˈanɡajaɡt ʦi lˈirnən mit rˈaʃi, mɛr fin dejm hut ɛr niʃt ɡəkˈɛnt. ɛr hut ɡəfˈilt vi də ɔjɡn klɛbn zix ejm.
253_162327_0087|און ער האט זיך אנגעהויבן זייער צו באשולדיגן, וואו שטיי איך אויף דער וועלט? מיין טאטע און מיין זיידע וואלטן אזוי געטון?|in ɛr hut zix ˈunɡəhɔjbn zˈajər ʦi baʃˈildiɡn, vi ʃtaj ix oʊf dɛr vɛlt ? maːn tˈatə in maːn zˈajdə vɔltn azˈɔj ɡətˈin ?
253_162327_0088|זיי וואלטן געריסן שטיקער פון זיך און געבליבן וואך און געלערנט א בלאט גמרא, און איך קען דאס נישט באווייזן. ער האט זיך געפילט זייער אראפגעקלאפט ביי זיך.|zaj vɔltn ɡərˈisn ʃtˈikər fin zix in ɡəblˈibn vɔx in ɡəlˈirnt a blat ɡəmˈurə, in ix kɛn dus niʃt bavˈajzn. ɛr hut zix ɡəfˈilt zˈajər arˈupɡəklaft baː zix.
253_162327_0089|אבער ער האט זיך געגעבן א כאפ אינמיטן, אז א רגע, איך בין דאך דא אין א צימער, ס'איז דא דא עפעס א כלי. וואס?|ˈɔbər ɛr hut zix ɡəɡˈɛbn a xɔp ˈinmitn, az a rˈɛɡə, ix bin dɔx du in a ʦˈimər, siz du du ˈɛpəs a kˈajlə. vus ?
253_162327_0090|איך האב א יצר הרע וואס ער זאגט מיר, געב א קוועטש אויף א קנעפל, דו קענסט זען דא זאכן, אזעלכע זאכן, אנדערע זאכן, און איך טו עס נישט.|ix hub a iʦr hrə vus ɛr zuɡt mir, ɡɛb a kvɛʧ oʊf a knɛfl, di kɛnst zejn du zaxn, azˈɛlxə zaxn, ˈandərə zaxn, in ix ti ɛs niʃt.
253_162327_0093|מיינע זיידעס, זאגט ער, האבן נישט געהאט אזעלכע נסיונות, זיי האבן נישט געקענט צושטעלן פאר'ן אייבערשטן דעם נחת רוח.|mˈaːnə zˈajdəs, zuɡt ɛr, hubn niʃt ɡəhˈat azˈɛlxə nisjˈɔjnɔjs, zaj hubn niʃt ɡəkˈɛnt ʦˈiʃtəln farn ˈajbərʃtn dejm nˈaxəs rˈiəx.
253_162327_0100|שטייט פון שינאווער רב אין דברי יחזקאל, די זעלבע זאך שטייט אין תפארת שלמה פון ראדאמסקער,|ʃtajt fin ʃˈinavər ruv in dbri jxˈɛzkajl, də zˈɛlbə zax ʃtajt in tifˈɛrɛs ʃlˈɔjmə fin rˈadamskər,
253_162327_0101|אז לכאורה איז משמע אין דעם פסוק גאנץ א שווערע תנאי אויף צו זוכה זיין "ומצאת", צו טרעפן דעם אייבערשטן, דארף צו זיין "כי תדרשנו בכל לבבך ובכל נפשך",|az lixˈɔjrə iz mˈaʃmə in dejm pˈusik ɡanʦ a ʃvˈɛrə tənˈaj oʊf ʦi zˈixə zaːn umuʦˈusu ʦi trɛfn dejm ˈajbərʃtn, daf ʦi zaːn ki tidrəʃˈɛnu bxul lvˈuvxu ibxl nˈafʃəxu
253_162327_0102|אז מ'זאל דורש זיין דעם אייבערשטן מיט די גאנצע הארץ, מיט די גאנצע לב, און מיט די גאנצע נפש.|az mzul dirʃ zaːn dejm ˈajbərʃtn mit də ɡˈanʦə harʦ, mit də ɡˈanʦə lajv, in mit də ɡˈanʦə nˈejfiʃ.
253_162327_0103|ווייטער שטעלן זיי זיך, ווי איז שייך אז ס'איז "ומצאת" אויב ס'שטייט "ובקשתם"? אז מ'זוכט איז נישט קיין מציאה. וואס הייסט "ובקשתם ומצאת"?|vˈaːtər ʃtɛln zaj zix, vi iz ʃˈaːəx az siz umuʦˈusu ɔjb sʃtajt ivikˈaʃtəm az mzixt iz niʃt kan məʦˈiə. vus hajst ivikˈaʃtəm umuʦˈusu
253_162327_0106|ווי נידריג דו ביסט, שטעל זיך אוועק, דו זיצסט אויף דער ערד, "ובקשתם משם", הייב אן צו זוכן דעם אייבערשטן, א קליינע חיפוש,|vi nˈidriɡ di bist, ʃtɛl zix avˈɛk, di ziʦst oʊf dɛr ɛrd, ivikˈaʃtəm mˈiʃum hajb un ʦi zixn dejm ˈajbərʃtn, a klˈajnə xˈifiʃ,
253_162327_0108|מיט אמאל וועסטו טרעפן אז דיין הארץ ווערט אנגעפלאקערט, און "כי תדרשנו", דו האסט ביי זיך אין הארץ א דרישה אז דו ווילסט דורש זיין דעם אייבערשטן "בכל לבבך ובכל נפשך", דאס וועט זיין די מציאה,|mit amˈul vˈɛsti trɛfn az daːn harʦ virt ˈanɡəflakərt, in ki tidrəʃˈɛnu di hust baː zix in harʦ a drˈiʃə az di vilst dirʃ zaːn dejm ˈajbərʃtn bxul lvˈuvxu ibxl nˈafʃəxu dus vɛt zaːn də məʦˈiə,
253_162327_0110|אבער ס'הייבט זיך אן מיט דעם וואס א איד וויל עפעס בעסער ווערן, "ובקשתם משם", ער הייבט זיך אן ארומצוזוכן,|ˈɔbər shajbt zix un mit dejm vus a jid vil ˈɛpəs bˈɛsər virn, ivikˈaʃtəm mˈiʃum ɛr hajbt zix un arˈimʦizixn,
253_162327_0112|וואס קען איך זיך פארבעסערן, און אזוי אז ער זוכט דעם אייבערשטן איז ער זוכה צו "ומצאת", אז מ'איז זוכה צו א גרויסע מציאה,|vus kɛn ix zix farbəsˈɛrn, in azˈɔj az ɛr zixt dejm ˈajbərʃtn iz ɛr zˈixə ʦi umuʦˈusu az miz zˈixə ʦi a ɡrˈɔjsə məʦˈiə,
253_162327_0114|ווי ווייט חשוב ס'איז ביים אייבערשטן יעדע קלייניגקייט,|vi vaːt xˈuʃiv siz bam ˈajbərʃtn jˈɛdə klˈajniɡkaːt,
253_162327_0115|איז דאך ידוע די גמרא אין מסכת סנהדרין אז נבוכדנצר הרשע האט זוכה געווען צו וואס ער האט זוכה געווען ווייל ער איז געגאנגען דריי אדער פיר פסיעות,|iz dɔx jədˈiə də ɡəmˈurə in mˈasəxəs sanhˈədrin az nvixadnˈɛʦar harˈuʃə hut zˈixə ɡəvˈejn ʦi vus ɛr hut zˈixə ɡəvˈejn vaːl ɛr iz ɡəɡˈanɡən draj ˈɔdər fir fsˈiəis,
253_162327_0116|ער איז נאכגעלאפן ווען מ'האט געשיקט א בריוו צו חזקיהו המלך. און דער מלך,|ɛr iz nˈaxɡəlafn vɛn mhut ɡəʃˈikt a briv ʦi xizkijˈuhu hamˈɛlɛx. in dɛr mˈajləx,
253_162327_0117|נבוכדנצר איז געווען דעמאלטס דער משמש, ער איז געווען דער סופר, און מ'האט געשריבן דעם בריוו צו חזקיהו המלך.|nvixadnˈɛʦar iz ɡəvˈejn dˈɛmalʦ dɛr mʃˈamajʃ, ɛr iz ɡəvˈejn dɛr sˈɔjfər, in mhut ɡəʃrˈibn dejm briv ʦi xizkijˈuhu hamˈɛlɛx.
253_162327_0118|איז פונקט נבוכדנצר הרשע נישט געווען דארטן, און מ'האט געשריבן "שלום לך חזקיהו המלך",|iz pinkt nvixadnˈɛʦar harˈuʃə niʃt ɡəvˈejn dɔrtn, in mhut ɡəʃrˈibn ʃˈuləm ləxˈu xizkijˈuhu hamˈɛlɛx
253_162327_0119|און נאכדעם האט מען געשריבן "שלום לאלקה רבה".|in nuxdˈejm hut mɛn ɡəʃrˈibn ʃˈuləm lˈalkə rˈabu
253_162327_0120|די גמרא דערציילט דארטן אז מ'האט געזען א געוואלדיגע נס וואס דער אייבערשטער האט געמאכט פאר חזקיהו המלך, אז די זון האט געשיינט יענעם טאג צוויי און צוואנציג שעה,|də ɡəmˈurə dərʦˈajlt dɔrtn az mhut ɡəzˈejn a ɡəvˈaldiɡə nɛs vus dɛr ˈajbərʃtər hut ɡəmˈaxt far xizkijˈuhu hamˈɛlɛx, az də zin hut ɡəʃˈajnt jˈɛnəm tuɡ ʦvaj in ʦvˈanʦiɡ ʃu,
253_162327_0121|צען שעה מער ווי נארמאל האט געשיינט די זון. ס'האט משלים געווען די צען שעה וואס די זון האט נישט געשיינט ווען אחז איז נפטר געווארן, ווען אחז איז געשטארבן,|ʦɛn ʃu mɛr vi nˈarmal hut ɡəʃˈajnt də zin. səhˈut mʃlim ɡəvˈejn də ʦɛn ʃu vus də zin hut niʃt ɡəʃˈajnt vɛn ˈuxaz iz npˈatər ɡəvˈɔrn, vɛn ˈuxaz iz ɡəʃtˈarbn,
253_162327_0122|כדי מ'זאל אים נישט קענען מספיד זיין כראוי, האט יענעם טאג געשיינט די זון נאר צוויי שעה, האט געפעלט צען שעה, דאס איז נשלם געווארן בימי חזקיהו המלך.|kədˈaj mzul ejm niʃt kˈɛnən mˈaspəd zaːn xrɔj, hut jˈɛnəm tuɡ ɡəʃˈajnt də zin nɔr ʦvaj ʃu, hut ɡəfˈɛlt ʦɛn ʃu, dus iz nˈiʃlam ɡəvˈɔrn bˈimaj xizkijˈuhu hamˈɛlɛx.
253_162327_0124|ווען נבוכדנצר איז אנגעקומען, האט מען אים דערציילט אז מ'האט געשריבן א בריוו, האט ער אים געזאגט דעם נוסח. זאגט ער, "איך פארשטיי נישט, איר שרייבט 'שלום לאלקה רבה',|vɛn nvixadnˈɛʦar iz ˈunɡəkimən, hut mɛn ejm dərʦˈajlt az mhut ɡəʃrˈibn a briv, hut ɛr ejm ɡəzˈuɡt dejm nˈisax. zuɡt ɛr, ix farʃtˈaj niʃt, ir ʃraːbt ʃˈuləm lˈalkə rˈabu
253_162327_0127|גיי לויף נאך דעם שליח און טויש איבער דעם בריוו." ער האט אנגעהויבן צו לויפן דריי פיר טריט, האט אים גבריאל אפגעשטעלט, גבריאל המלאך. חז"ל זאגן,|ɡaj lɔjf nux dejm ʃulˈixa in tɔjʃ ˈibər dejm briv ɛr hut ˈunɡəhɔjbn ʦi lɔjfn draj fir trit, hut ejm ɡavrˈiəl ˈɔpɡəʃtəlt, ɡavrˈiəl hmlax. xazˈal zuɡn,
253_162327_0128|ווען ער וואלט געגאנגען מער, וואלט חס ושלום, ווער ווייסט וואס געקענט געשען.|vɛn ɛr vɔlt ɡəɡˈanɡən mɛr, vɔlt xas ˈiʃlim, vɛr vajst vus ɡəkˈɛnt ɡəʃˈɛn.
253_162327_0129|זעט מען פון דעם, אז נבוכדנצר, אפילו ער האט גארנישט אויפגעטון, ער איז צום סוף נישט אנגעקומען צו דעם שליח, מ'האט געשיקט דעם בריוו אזוי ווי ס'איז געשטאנען,|zejt mɛn fin dejm, az nvixadnˈɛʦar, afˈilə ɛr hut ɡˈurniʃt ˈoʊfɡətin, ɛr iz ʦim sɔf niʃt ˈunɡəkimən ʦi dejm ʃulˈixa, mhut ɡəʃˈikt dejm briv azˈɔj vi siz ɡəʃtˈanən,
253_162327_0131|און ער איז וועגן דעם געגאנגען דריי פיר טריט, האט ער זוכה געווען צו זיין א מושל בכיפה, און ליידער וואס ער האט געטון,|in ɛr iz vejɡn dejm ɡəɡˈanɡən draj fir trit, hut ɛr zˈixə ɡəvˈejn ʦi zaːn a mɔjʃl bxˈifə, in lˈajdər vus ɛr hut ɡətˈin,
253_162327_0132|אלס א רשע הייסט עס פאר אים א זכיה צו וואס ער האט נעבעך געטון פאר אידישע קינדער, פאר'ן בית המקדש,|ˈalis a rˈuʃə hajst ɛs far ejm a zxi ʦi vus ɛr hut nˈɛbəx ɡətˈin far jˈidiʃə kˈindər, farn bajs hamˈikduʃ,
253_162327_0133|קען זיך א איד פון דעם לערנען כל שכן וכל שכן. יעדע טריט וואס א איד גיט, יעדע קער וואס א איד איז פונה צום אייבערשטן, ווי חשוב דאס איז.|kɛn zix a jid fin dejm lˈirnən kɔl ʃuxn ixl ʃuxn. jˈɛdə trit vus a jid ɡit, jˈɛdə kɛr vus a jid iz fˈinə ʦim ˈajbərʃtn, vi xˈuʃiv dus iz.
253_162327_0134|שטייט טאקע וועגן דעם פון צדיקים, אז ווען מ'שטעלט זיך שמונה עשרה, אונזערע תפילות איז דאך במקום תמידין,|ʃtajt tˈakə vejɡn dejm fin ʦdˈikim, az vɛn mʃtɛlt zix ʃmˈɔjnə ˈɛʃrə, ˈinzərə tfˈilɔjs iz dɔx bmkim tmˈidin,
253_162327_0135|ווען מ'שטעלט זיך שמונה עשרה גייט מען דריי טריט פארדעם, דריי טריט נאכדעם, און מ'ענדיגט שיבנה בית המקדש במהרה בימינו.|vɛn mʃtɛlt zix ʃmˈɔjnə ˈɛʃrə ɡajt mɛn draj trit fardˈejm, draj trit nuxdˈejm, in mˈɛndiɡt ʃˈibnə bajs hamˈikduʃ bimhˈajrə bˈimini.
253_162327_0136|אויב נבוכדנצר הרשע האט זוכה געווען וועגן די דריי טריט צו חרוב מאכן דעם בית המקדש, אז א איד טוט עפעס, ער גרייט זיך צו צו א דאווענען,|ɔjb nvixadnˈɛʦar harˈuʃə hut zˈixə ɡəvˈejn vejɡn də draj trit ʦi xˈurəv maxn dejm bajs hamˈikduʃ, az a jid tit ˈɛpəs, ɛr ɡrajt zix ʦi ʦi a dˈavənən,
253_162327_0137|ער ענדיגט דעם דאווענען כעבד שקיבל פרס מרבו מיט א דרך ארץ, אפילו אויב אינמיטן דאווענען האט ער נישט אלעס מכוון געווען,|ɛr ˈɛndiɡt dejm dˈavənən xɛbd ʃkibl pˈurəs mrbi mit a dˈɛrəx ˈɛrəʦ, afˈilə ɔjb ˈinmitn dˈavənən hut ɛr niʃt ˈaləs məxˈavvajn ɡəvˈejn,
253_162327_0138|אבער כאטש די צוגאנג צו דעם דאווענען איז געווען וואו מ'דארף צוגיין צו א דאווענען, ער גייט אוועק פון דעם דאווענען וואו מ'דארף אוועקגיין פון א דאווענען,|ˈɔbər xɔʧ də ʦˈiɡanɡ ʦi dejm dˈavənən iz ɡəvˈejn vi mdaf ʦˈiɡajn ʦi a dˈavənən, ɛr ɡajt avˈɛk fin dejm dˈavənən vi mdaf avˈɛkɡajn fin a dˈavənən,
253_162327_0139|איז ער זוכה צו געוואלדיגע געוואלדיגע שכר וואס פאר א נחת רוח ער מאכט פון דעם פאר'ן אייבערשטן. זעט מען ווי יעדע קלייניגקייט איז "ובקשתם משם",|iz ɛr zˈixə ʦi ɡəvˈaldiɡə ɡəvˈaldiɡə sxar vus far a nˈaxəs rˈiəx ɛr maxt fin dejm farn ˈajbərʃtn. zejt mɛn vi jˈɛdə klˈajniɡkaːt iz ivikˈaʃtəm mˈiʃum
253_162327_0141|דא א מעשה אז דער הייליגער רוז'ינער, ווען ער האט זיך געטראפן מיט'ן בארדיטשובער רב, זכותם יגן עלינו ועל כל ישראל אמן, און מ'האט דערלאנגט דעמאלטס,|du a mˈaːsə az dɛr hˈajliɡər rˈizinər, vɛn ɛr hut zix ɡətrˈafn mitn bardˈiʧibər ruv, zxˈisum iɡn ulˈajni ˈiəl kɔl jisrˈuəl ˈumajn, in mhut dərlˈanɡt dˈɛmalʦ,
253_162327_0144|און דער הייליגער רוז'ינער האט געעפנט דעם פלוימע מיט'ן לעפל און געלייגט דעם לעפל אויפ'ן קערל און זיך אנגערופן, "און מיר זאגן א קערל צום אייבערשטן, א קערל צום אייבערשטן,|in dɛr hˈajliɡər rˈizinər hut ɡəˈɛfnt dejm flˈɔjmə mitn lɛfl in ɡəlˈajɡt dejm lɛfl afn kɛrl in zix ˈunɡərifn, in mir zuɡn a kɛrl ʦim ˈajbərʃtn, a kɛrl ʦim ˈajbərʃtn,
253_162327_0148|מארגן אינדערפרי ביי די כינוס איז דא אסאך פון די קינות וואס דאס האט אויסגעשטעלט רבי אלעזר הקליר,|mɔrɡn ˈindərfri baː də kˈinəs iz du ˈasax fin də kˈinɔjs vus dus hut ˈoʊzɡəʃtəlt rˈɛbə ˈaluzr hklir,
253_162327_0149|ער האט אויסגעשטעלט אסאך פון די קינות. וויל איך דא איבערזאגן בקיצור די נקודות פון דריי שטיקלעך קינות, י"ח,|ɛr hut ˈoʊzɡəʃtəlt ˈasax fin də kˈinɔjs. vil ix du ˈibərzuɡn bˈɛkiʦər də nkˈidɔjs fin draj ʃtˈikləx kˈinɔjs, jid xɛs,
253_162327_0152|א גאנצע קינה וואס ער רעדט זיך אפ, רבונו של עולם, האסט אונז צוגעזאגט אזעלכע הבטחות, און פארוואס איז נעבעך אזוי און אזוי? ער הייבט אן,|a ɡˈanʦə kˈinə vus ɛr rɛdt zix ɔp, rbˈini ʃɛl ˈɔjləm, hust inz ʦˈiɡəzuɡt azˈɛlxə havtˈuxɔjs, in farvˈus iz nˈɛbəx azˈɔj in azˈɔj ? ɛr hajbt un,
253_162327_0153|"ואתה אמרת", האסט דאך אונז געזאגט, "היטב איטיב עמך". האסט צוגעזאגט פאר משה רבינו, "ונפלינו אני ועמך",|vˈatə umˈartu hust dɔx inz ɡəzˈuɡt, hˈajtəv ˈitib ˈamxu hust ʦˈiɡəzuɡt far mˈɔjʃə rbˈini, ˈinflini ˈani ˈiəmx
253_162327_0155|דו האסט אונז מגדל געווען אלס דיינע קינדער, האסט אונז געגעבן "זבת חלב ודבש כאשר ישא האומן את היונק",|di hust inz mɡˈadajl ɡəvˈejn ˈalis dˈaːnə kˈindər, hust inz ɡəɡˈɛbn zˈuvas xˈajləv idbʃ xaʃr ˈiʃa himn ɛs hjink
253_162327_0157|"ואריה דנבוכדנצר דלייב גוריו לחנק", האט פרובירט צו דערשטיקן דיינע אידישע קינדער,|ˈiari dnbixdnʦr dlajb ɡˈirji ləxˈɛnək hut prˈibirt ʦi dərʃtˈikn dˈaːnə jˈidiʃə kˈindər,
253_162327_0158|און אזוי קלאגט ער די גאנצע קינה.|in azˈɔj klaɡt ɛr də ɡˈanʦə kˈinə.
253_162327_0159|אבער ער ענדיגט די לעצטע שטיקל איז, "ואתה צדיק על כל הבא", רבונו של עולם, אונז זענען מיר מצדיק אויף זיך די דין, "לך ה' הצדקה ונצדיקך בחיבה".|ˈɔbər ɛr ˈɛndiɡt də lˈɛʦtə ʃtikl iz, vˈatə ʦˈadik al kɔl hba rbˈini ʃɛl ˈɔjləm, inz zˈɛnən mir mʦdik oʊf zix də din, ləxˈu haj haʦdˈukə ˈinʦdikx bxˈibə
253_162327_0160|"ולמה נהינו", פארוואס זאלן מיר זיך אפרעדן, ווען "ולנו הדיבה, כי כל זאת באתנו בחובה",|ˈilmə nhˈini farvˈus zɔln mir zix ˈuprədn, vɛn ˈilni hdˈibə, ki kɔl zɔjs basnˈi bəxˈɔjvə
253_162327_0161|מיר האבן זיך עס אליין פארזינדיגט.|mir hubn zix ɛs alˈajn farzˈindiɡt.
253_162327_0163|גוי מקריב גוי לקחת במסעות, אונז לנו בושת הפנים, וואס אונז האבן מיר נעבעך געטון אזעלכע נישט גוטע זאכן און אזעלכע נישט גוטע זאכן.|ɡɔj mkrib ɡɔj lukˈaxas bmsˈɛis, inz lni bˈɔjʃəs hfnim, vus inz hubn mir nˈɛbəx ɡətˈin azˈɛlxə niʃt ɡˈitə zaxn in azˈɛlxə niʃt ɡˈitə zaxn.
253_162327_0165|צדיקים האבן געזאגט, למה יאמרו הגוים? א גוי, ער זאגט למה. א גוי וויל וויסן פארוואס. א איד ווייסט אויף וואס דער אייבערשטער טוט, דאס איז זיכער ריכטיג.|ʦdˈikim hubn ɡəzˈuɡt, lˈumə jˈamri hɡɔjm ? a ɡɔj, ɛr zuɡt lˈumə. a ɡɔj vil visn farvˈus. a jid vajst oʊf vus dɛr ˈajbərʃtər tit, dus iz zˈixər rˈixtiɡ.
253_162327_0166|נאר ס'קען זיין, חז"ל זאגן דאך עד בש, תשעה באב איז אנטקעגן די ערשטע נאכט יום טוב פסח,|nɔr skɛn zaːn, xazˈal zuɡn dɔx ɛd bɔjʃ, tˈiʃə bab iz ˈantkəɡn də ˈɛrʃtə naxt jɔjm tɔjv pˈajsəx,
253_162327_0167|התביאני במרורים וערבני לנה. די ערשטע נאכט פסח זעט מען אז מ'פרעגט קשיות. פארוואס? ווייל אז ס'גייט בדרך שאלה ותשובה,|hzbˈiani bmrˈirim ˈiərbni lnə. də ˈɛrʃtə naxt pˈajsəx zejt mɛn az mfrɛɡt kˈaʃjɔjs. farvˈus ? vaːl az sɡajt bˈɛdərəx ʃˈaːlə isʃˈivə,
253_162327_0169|די כלה וויל מ'זאל אים מצדיק זיין וואס דער אייבערשטער האט געטון, גייט עס מיט א לשון פון א קשיא. אבער אוודאי ואתה צדיק על כל הבא,|də kˈalə vil mzul ejm mʦdik zaːn vus dɛr ˈajbərʃtər hut ɡətˈin, ɡajt ɛs mit a luʃn fin a kˈaʃə. ˈɔbər avˈadə vˈatə ʦˈadik al kɔl hba,
253_162327_0171|און די דריטע קנאה נאכדעם, דאס איז קנאה כ', בעט ער די כלה,|in də drˈitə kna nuxdˈejm, dus iz kna kɔj bɛt ɛr də kˈalə,
253_162327_0173|ושמע שאגת עורריך האומרים ארו ארו עד היסוד שער השמים. די גאנצע קנאה בעט ער ביים אייבערשטן, הער זיך צו נאך אלעס,|ˈiʃmə ʃaˈaɡas ˈirrix hˈimrim ˈari ˈari ɛd hˈisid ʃˈaar hʃmim. də ɡˈanʦə kna bɛt ɛr bam ˈajbərʃtn, hɛr zix ʦi nux ˈaləs,
253_162327_0174|אפילו אונז האבן מיר זיך פארזינדיגט, אבער לא לנו ה' לא לנו כי לשמך תן כבוד. דיין נאמען ווערט דאך מחולל בין הגוים,|afˈilə inz hubn mir zix farzˈindiɡt, ˈɔbər lɔj lni haj lɔj lni ki lʃˈimxu tɛn kˈuvəd. daːn nˈumən virt dɔx mxˈɔjlajl bin hɡɔjm,
253_162327_0175|זיי פארשוועכן זיי מאכן חוזק, נעם אונז שוין ארויס פון די גלות. און ס'ליגט דא אויך א קנייטש אז אידישע קינדער זאגן דא, רבונו של עולם, אמת,|zaj farʃvˈɛxn zaj maxn xˈɔjzək, nɛm inz ʃɔjn arˈoʊs fin də ɡˈuləs. in sliɡt du ɔjx a knajʧ az jˈidiʃə kˈindər zuɡn du, rbˈini ʃɛl ˈɔjləm, ˈɛməs,
253_162327_0176|אונז האבן מיר זיך פארזינדיגט, אבער קוק אן וויאזוי להבדיל ולפלפי הבדלות דער גוי קוקט אויס, אקעגן דעם גוי זענען מיר דאך גאלד,|inz hubn mir zix farzˈindiɡt, ˈɔbər kik un vizˈɔj lˈɛhavdl ˈilflfi havdˈulɔjs dɛr ɡɔj kikt oʊs, akˈɛɡn dejm ɡɔj zˈɛnən mir dɔx ɡald,
253_162327_0177|אוודאי וואלטן מיר געוואלט מיר זאלן אונז נישט דארפן מייחס זיין אקעגן דעם גוי. ולא יצטרכו עמך בית ישראל לעם אחר, שטייט פון צדיקים,|avˈadə vɔltn mir ɡəvˈɔlt mir zɔln inz niʃt daːfn məjjˈaxus zaːn akˈɛɡn dejm ɡɔj. ˈila ˈiʦtrxi ˈamxu bajs jisrˈuəl lɛm ˈaxər, ʃtajt fin ʦdˈikim,
253_162327_0178|מיר זאלן זיי נישט דארפן מייחס זיין אקעגן אן עם. אבער אז ס'איז נישטא קיין ברירה,|mir zɔln zaj niʃt daːfn məjjˈaxus zaːn akˈɛɡn un ejm. ˈɔbər az siz niʃtˈu kan brˈajrə,
253_162327_0180|נאך א נקודה וואס איז דא אז מ'רעדט, אז יעדע זאך וואס א איד טוט, ער וויל זיך פארבעסערן,|nux a nəkˈidə vus iz du az mrɛdt, az jˈɛdə zax vus a jid tit, ɛr vil zix farbəsˈɛrn,
253_162327_0182|און ער וויל פארבעסערן חומות ירושלים ביי זיך, זיין מוח און הארץ, "דברו על לב ירושלים", חומות ירושלים, דאס איז דער מוח און די הארץ פון ירושלים, אז ס'זאל זיין ביי אים בשלימות.|in ɛr vil farbəsˈɛrn xˈɔjmɔjs jəruʃulˈajim baː zix, zaːn mˈɔjxa in harʦ, dbri al lajv jəruʃulˈajim xˈɔjmɔjs jəruʃulˈajim, dus iz dɛr mˈɔjxa in də harʦ fin jəruʃulˈajim, az szul zaːn baː ejm biʃlˈimis.
253_162327_0183|דארף מען אויך וויסן מחשיב צו זיין יעדן טאג, וויסן ווי חשוב יעדן טאג איז.|daf mɛn ɔjx visn maxˈaʃiv ʦi zaːn jejdn tuɡ, visn vi xˈuʃiv jejdn tuɡ iz.
253_162327_0184|א מענטש קען אמאל מאכן א חשבון, איך וויל ווערן גוט, אבער ס'ווארט מיר אפ א גאנץ לעבן, ס'איז נישט אזא גרינגע עבודה.|a mɛnʧ kɛn amˈul maxn a xˈɛʃbɔjn, ix vil virn ɡit, ˈɔbər svɔrt mir ɔp a ɡanʦ lejbn, siz niʃt azˈa ɡrˈinɡə avˈɔjdə.
253_162327_0185|א מענטש דארף אבער נישט טראכטן אזוי, ער דארף נאר טראכטן וועגן דעם יעצטיגן טאג.|a mɛnʧ daf ˈɔbər niʃt traxtn azˈɔj, ɛr daf nɔr traxtn vejɡn dejm jˈɛʦtiɡn tuɡ.
253_162327_0186|שטייט אין ערבי נחל אויפ'ן פסוק "וכל יצר מחשבות לבו רק רע כל היום",|ʃtajt in ˈɛrbi nˈaxal afn pˈusik ixl iʦr mˈaxʃəvɔjs lbi rak rɛ kɔl hˈaːəm
253_162327_0187|אז כביכול דער אייבערשטער זאגט, אמת, איך ווייס אז ס'איז "יצר מחשבות לבו רק רע",|az kavˈiuxl dɛr ˈajbərʃtər zuɡt, ˈɛməs, ix vajs az siz iʦr mˈaxʃəvɔjs lbi rak rɛ
253_162327_0188|אבער זיי האבן דאך אן עצה פון "כל היום", נאר איין טאג, זאל ער זיך אונטערנעמען נאר איין טאג. "שוב יום אחד", נעם זיך אונטער איין טאג,|ˈɔbər zaj hubn dɔx un ˈajʦə fin kɔl hˈaːəm nɔr ajn tuɡ, zul ɛr zix ˈintərnəmən nɔr ajn tuɡ. ʃib jɔjm ˈɛxud nɛm zix ˈintər ajn tuɡ,
253_162327_0189|קיינער ווייסט נישט וואס גייט זיין די קומענדיגע טאג, איין טאג ווילסטו זיין גוט.|kˈajnər vajst niʃt vus ɡajt zaːn də kˈiməndiɡə tuɡ, ajn tuɡ vˈilsti zaːn ɡit.
253_162327_0190|מ'זעט אז דער הייליגער תפארת שלמה שרייבט אז די גמרא ברענגט אין גיטין אז ר' צדוק האט געפאסט פערציג יאר אז דער בית המקדש זאל נישט חרוב ווערן.|mzejt az dɛr hˈajliɡər tifˈɛrɛs ʃlˈɔjmə ʃraːbt az də ɡəmˈurə brɛnɡt in ɡˈitin az rajʃ ʦˈudək hut ɡəpˈɔst fˈɛrʦiɡ jur az dɛr bajs hamˈikduʃ zul niʃt xˈurəv virn.
253_162327_0191|פרעגט דער הייליגער תפארת שלמה, לכאורה האט ער גארנישט אויפגעטון, ווייל בעוונותינו הרבים איז דער בית המקדש יא חרוב געווארן?|frɛɡt dɛr hˈajliɡər tifˈɛrɛs ʃlˈɔjmə, lixˈɔjrə hut ɛr ɡˈurniʃt ˈoʊfɡətin, vaːl baavɔjnɔjsˈajnu hrbim iz dɛr bajs hamˈikduʃ ju xˈurəv ɡəvˈɔrn ?
253_162327_0192|זאגט דער תפארת שלמה, אונז האבן מיר א טעות, אונז מיינען מיר אז ער האט געפאסט פערציג יאר? ס'זאל קיינמאל נישט חרוב ווערן. ניין!|zuɡt dɛr tifˈɛrɛs ʃlˈɔjmə, inz hubn mir a tˈuəs, inz mˈajnən mir az ɛr hut ɡəpˈɔst fˈɛrʦiɡ jur ? szul kˈajnmul niʃt xˈurəv virn. najn !
253_162327_0193|פערציג יאר האט ער געפאסט יעדן טאג אז היינט זאל עס נישט חרוב ווערן, און יעדן טאג האט ער גע'פועל'ט אז היינט איז נישט חרוב געווארן דער בית המקדש.|fˈɛrʦiɡ jur hut ɛr ɡəpˈɔst jejdn tuɡ az haːnt zul ɛs niʃt xˈurəv virn, in jejdn tuɡ hut ɛr ɡəfˈiəlt az haːnt iz niʃt xˈurəv ɡəvˈɔrn dɛr bajs hamˈikduʃ.
253_162327_0194|די זעלבע זאך שטייט אין מדרש איכה, זאגט דער תפארת שלמה, אז רבי אלעזר המודעי האט געדאוונט יעדן טאג אויף די היינטיגע טאג אז ס'זאל אדורכגיין בשלום.|də zˈɛlbə zax ʃtajt in mˈɛdrəʃ ˈixu, zuɡt dɛr tifˈɛrɛs ʃlˈɔjmə, az rˈɛbə ˈaluzr hmˈidaj hut ɡədˈavnt jejdn tuɡ oʊf də hˈajntiɡə tuɡ az szul adˈirxɡajn bəʃˈuləm.
253_162327_0196|נאר לעשות משפט עמו ישראל דבר יום ביומו. יעדן טאג דארף מען בעטן אויף די היינטיגע טאג אז מ'זאל ניצול ווערן פון די יצר הרע.|nɔr laˈasɔjs mˈiʃput ˈɛmi jisrˈuəl dˈuvur jɔjm bjˈimi. jejdn tuɡ daf mɛn bejtn oʊf də hˈajntiɡə tuɡ az mzul nˈiʦil virn fin də iʦr hrə.
253_162327_0197|מארגן זאל מען בעטן אויף מארגן, און מ'דארף אין דעם אויך האבן אמונה.|mɔrɡn zul mɛn bejtn oʊf mɔrɡn, in mdaf in dejm ɔjx hubn əmˈinə.
253_162327_0199|דארף ער אויכעט, היינט האסטו ברוך השם די כוחות צו דינען דעם אייבערשטן? האסט די מעגליכקייטן צו דינען דעם אייבערשטן?|daf ɛr ˈɔjxət, haːnt hˈusti bˈurəx haʃˈɛm də kˈɔjxəs ʦi dˈinən dejm ˈajbərʃtn ? hust də mˈɛɡlixkaːtn ʦi dˈinən dejm ˈajbərʃtn ?
253_162327_0200|טו דעם רצון השם, וואס דארפסטו טראכטן וואס וועט זיין מארגן?|ti dejm ruʦn haʃˈɛm, vus dˈarfsti traxtn vus vɛt zaːn mɔrɡn ?
253_162327_0201|אזוי ווי מ'מאכט יעדן טאג די ברכה שעשה לי כל צרכי, פארשטייט יעדער איינער אז אויף גשמיות גייט עס ארויף, שעשה לי כל צרכי, און ער דארף נישט טראכטן וועגן מארגן, היינט ברוך השם האב איך כל צרכי.|azˈɔj vi mmaxt jejdn tuɡ də brˈuxə ʃˈɛʃə li kɔl ʦrxi, farʃtˈajt jˈɛdər ˈajnər az oʊf ɡaʃmˈijus ɡajt ɛs arˈoʊf, ʃˈɛʃə li kɔl ʦrxi, in ɛr daf niʃt traxtn vejɡn mɔrɡn, haːnt bˈurəx haʃˈɛm hub ix kɔl ʦrxi.
253_162327_0202|אויך אין רוחניות, דער אייבערשטער, אסאך מאל איז דא אז א מענטש פילט אז ס'גייט אים שווערן אין עבודת השם, ווייל ער טראכט, האב איך די כוחות יעצט אויף א וואך, אויף א חודש, אויף א גאנץ יאר?|ɔjx in ruxənˈijus, dɛr ˈajbərʃtər, ˈasax mul iz du az a mɛnʧ filt az sɡajt ejm ʃvɛrn in avˈɔjdas haʃˈɛm, vaːl ɛr traxt, hub ix də kˈɔjxəs jɛʦt oʊf a vɔx, oʊf a xˈɔjdəʃ, oʊf a ɡanʦ jur ?
253_162327_0203|אבער דאס איז נישט די צרכים פון דעם היינטיגן טאג. שעשה לי כל צרכי פון דעם היינטיגן טאג, איז טראכטן וועגן די יעצטיגע טאג.|ˈɔbər dus iz niʃt də ʦrxim fin dejm hˈajntiɡn tuɡ. ʃˈɛʃə li kɔl ʦrxi fin dejm hˈajntiɡn tuɡ, iz traxtn vejɡn də jˈɛʦtiɡə tuɡ.
253_162327_0204|עכבו עמי עוד יום אחד, וואס האט מען פון דעם עוד יום אחד וואס מ'לייגט צו שמיני עצרת?|ˈɛxbi ˈɛmi id jɔjm ˈɛxud, vus hut mɛn fin dejm id jɔjm ˈɛxud vus mlajɡt ʦi ʃmˈini aʦˈɛrɛs ?
253_162327_0208|לאמיר זען די לשון הגמרא.|lˈɔmir zejn də luʃn hɡmra.
253_162327_0210|יעצט, למעשה, מיר ווייסן דאך, חז"ל זאגן דאך געוואלדיגע זאכן, גרויסע עבירות וואס וועגן דעם איז חרוב געווארן די בית המקדש.|jɛʦt, ləmˈaːsə, mir vajsn dɔx, xazˈal zuɡn dɔx ɡəvˈaldiɡə zaxn, ɡrˈɔjsə avˈajrɔjs vus vejɡn dejm iz xˈurəv ɡəvˈɔrn də bajs hamˈikduʃ.
253_162327_0213|ניין, קמצא איז געווען דער טאטע, דער בעל הבית וואס האט געלאדנט צו דער סעודה האט פארשעמט דעם בר קמצא. אבער שפעטער, וואס איז געווען?|najn, kmʦa iz ɡəvˈejn dɛr tˈatə, dɛr baːl habˈajis vus hut ɡəlˈadnt ʦi dɛr sˈidə hut farʃˈɛmt dejm bar kmʦa. ˈɔbər ʃpˈejtər, vus iz ɡəvˈejn ?
253_162327_0214|א תרנגול ותרנגולתא, געקומען חיילות פון דעם מלך, און זיי האבן גענומען די תרנגול ותרנגולתא, און מ'האט זיך געשלאגן מיט זיי.|a tˈarnəɡl ˈisrnɡilsa, ɡəkˈimən xˈajlis fin dejm mˈajləx, in zaj hubn ɡənˈimən də tˈarnəɡl ˈisrnɡilsa, in mhut zix ɡəʃlˈuɡn mit zaj.
253_162327_0216|חז"ל זאגן דאך אנדערע זאכן וואס וועגן דעם איז חרוב געווארן ירושלים.|xazˈal zuɡn dɔx ˈandərə zaxn vus vejɡn dejm iz xˈurəv ɡəvˈɔrn jəruʃulˈajim.
253_162327_0218|אבער חז"ל ווילן אונז לערנען, זיי נישט מזלזל אין קיין קלייניגקייטן.|ˈɔbər xazˈal viln inz lˈirnən, zaj niʃt mzˈalzajl in kan klˈajniɡkaːtn.
253_162327_0220|אבער על כל פנים,|ˈɔbər al kɔl pˈunəm,
253_162327_0221|חז"ל ווילן אונז לערנען, בפרט ווען ס'רעדט זיך מיט אנדערע מענטשן, ווי שטארק מ'דארף זיין זהיר בכבוד הזולת נישט צו פוגע זיין.|xazˈal viln inz lˈirnən, bfˈɛrət vɛn srɛdt zix mit ˈandərə mɛnʧn, vi ʃtark mdaf zaːn zhir bəkˈuvəd hzils niʃt ʦi fˈiɡə zaːn.
253_162327_0223|ווי ס'שטייט פון יסוד העבודה, "מוסר השם", די מוסר וואס דער אייבערשטער זאגט פאר א איד איז "בני", דו ביסט דאך מיין קינד, "אל תמאס", פארשמיר זיך נישט, טו נישט קיין זאכן וואס ס'פאסט נישט פאר א בן מלך.|vi sʃtajt fin jˈɛsud hˈɛbidə, misr haʃˈɛm də misr vus dɛr ˈajbərʃtər zuɡt far a jid iz bnaj di bist dɔx maːn kind, al smas farʃmˈir zix niʃt, ti niʃt kan zaxn vus spɔst niʃt far a bɛn mˈajləx.
253_162327_0224|אבער פונקט אזוי ווי ער דארף געדענקען אז ער איז א בן מלך, דארף ער דאך געדענקען אז דער אנדערער איד איז אויך א בן מלך, דארף ער זיך מתייחס זיין צום צווייטן איד אזוי ווי מ'איז זיך מתייחס צו א בן מלך.|ˈɔbər pinkt azˈɔj vi ɛr daf ɡədˈɛnkən az ɛr iz a bɛn mˈajləx, daf ɛr dɔx ɡədˈɛnkən az dɛr ˈandərər jid iz ɔjx a bɛn mˈajləx, daf ɛr zix msajxs zaːn ʦim ʦvajtn jid azˈɔj vi miz zix msajxs ʦi a bɛn mˈajləx.
253_162327_0228|ווייל זיי האבן כאילו פוגע געווען אין די כבוד המלוכה פונעם מלך.|vaːl zaj hubn kəjˈilə fˈiɡə ɡəvˈejn in də kˈuvəd hmlˈixə fˈinəm mˈajləx.
253_162327_0230|צוריקגעהאלטן פון צו טון.|ʦirˈikɡəhaltn fin ʦi tin.
253_162327_0232|און פארשטייט זיך, דער רב פון דער שטאט, דער בריסקער רב, האט פארשטאנען אז ס'קען ארויסקומען פון דעם אסאך מכשולות.|in farʃtˈajt zix, dɛr ruv fin dɛr ʃtut, dɛr brˈiskər ruv, hut farʃtˈanən az skɛn arˈoʊskimən fin dejm ˈasax mxʃˈilis.
253_162327_0233|האט ער צוזאמגערופן די ערליכע שוחטים וואס זיי האבן נישט עוסק געווען אין דעם,|hut ɛr ʦˈizamɡərifn də ˈɛrləxə ʃɔjxˈatim vus zaj hubn niʃt isk ɡəvˈejn in dejm,
253_162327_0234|און ער האט געוואלט מתקן זיין צוזאמען מיט זיי אן עצה וויאזוי מ'קען אכטונג געבן אז ס'זאל זיך נישט פארשפרייטן די שחיטה וואס ס'גייט פאר דא, וואס ס'ווערט געטון שלא על פי השגחת פון דעם רב אין שטאט.|in ɛr hut ɡəvˈɔlt msˈikun zaːn ʦizˈamən mit zaj un ˈajʦə vizˈɔj mˈɛkən ˈaxtinɡ ɡejbn az szul zix niʃt farʃprˈajtn də ʃxˈitə vus sɡajt far du, vus svirt ɡətˈin ʃˈɛlɔj al pi hʒɡxs fin dejm ruv in ʃtut.
253_162327_0235|דערווייל איז אנגעקומען דארטן איינער, אן אומגערופענער גאסט.|dərvˈaːl iz ˈunɡəkimən dɔrtn ˈajnər, un ˈimɡərifənər ɡast.
253_162327_0236|איינער פון די שוחטים וואס האט זיך יא מתעסק געווען אין די שווארצע שחיטה, ער איז אויך געקומען צו דער אסיפה.|ˈajnər fin də ʃɔjxˈatim vus hut zix ju misˈasajk ɡəvˈejn in də ʃvˈarʦə ʃxˈitə, ɛr iz ɔjx ɡəkˈimən ʦi dɛr asˈifə.
253_162327_0237|דער בריסקער רב איז אריינגעקומען צו דער אסיפה, ער האט ארומגעקוקט, ער האט געזען אז ס'זיצט דארטן אויכעט איינער וואס איז נישט גערופן, האט ער נישט גערעדט קיין ווארט.|dɛr brˈiskər ruv iz arˈaːnɡəkimən ʦi dɛr asˈifə, ɛr hut arˈimɡəkikt, ɛr hut ɡəzˈejn az sziʦt dɔrtn ˈɔjxət ˈajnər vus iz niʃt ɡərˈifn, hut ɛr niʃt ɡərˈɛt kan vɔrt.
253_162327_0238|מ'זיצט און מ'זיצט און מ'ווארט, ס'גייט אריבער פינף מינוט, צען מינוט, א פערטל שעה, אלע ווארטן. דער בריסקער רב האט זיי געלאזט רופן, מ'וויל עפעס הערן?|mziʦt in mziʦt in mvɔrt, sɡajt arˈibər finf minˈit, ʦɛn minˈit, a fɛrtl ʃu, ˈalə vartn. dɛr brˈiskər ruv hut zaj ɡəlˈɔzt rifn, mvil ˈɛpəs hirn ?
253_162327_0239|ער רעדט נישט. נאך א האלבע שעה, א דריי פערטל שעה, האבן זיי פארשטאנען אז ס'גייט גארנישט זיין.|ɛr rɛdt niʃt. nux a hˈalbə ʃu, a draj fɛrtl ʃu, hubn zaj farʃtˈanən az sɡajt ɡˈurniʃt zaːn.
253_162327_0240|זענען זיי אויפגעשטאנען, יעדער איינער איז זיך געגאנגען לדרכו, ס'האט זיך געענדיגט די אסיפה אן גארנישט.|zˈɛnən zaj ˈɔjfɡəʃtanən, jˈɛdər ˈajnər iz zix ɡəɡˈanɡən ldrxi, səhˈut zix ɡəˈɛndiɡt də asˈifə un ɡˈurniʃt.
253_162327_0241|מ'האט שפעטער געפרעגט דעם בריסקער רב, מאי האי? האט ער געזאגט, וואס האב איך געקענט טון? ווי קען איך רעדן ווען ס'זיצט דארטן א איד וואס ער טוט דאך יא דעם, איך וועל אים פארשעמען?|mhut ʃpˈejtər ɡəfrˈɛɡt dejm brˈiskər ruv, maː haː ? hut ɛr ɡəzˈuɡt, vus hub ix ɡəkˈɛnt tin ? vi kɛn ix rɛdn vɛn sziʦt dɔrtn a jid vus ɛr tit dɔx ju dejm, ix vɛl ejm farʃˈɛmən ?
253_162327_0242|ווי קען איך טון אזא זאך? האט מען אים געפרעגט, האט דאך דער רב געקענט מרמז זיין, אפשר זאל ער ארויסגיין? מ'האט דאך אים פארנישט גערופן.|vi kɛn ix tin azˈa zax ? hut mɛn ejm ɡəfrˈɛɡt, hut dɔx dɛr ruv ɡəkˈɛnt mrˈamajz zaːn, ˈɛfʃir zul ɛr arˈoʊzɡajn ? mhut dɔx ejm farnˈiʃt ɡərˈifn.
253_162327_0244|צום סוף האט ער געזאגט, ס'וואלט ממילא גארנישט גוטס געקענט ארויסקומען פון פארשעמען א איד. פון פארשעמען א איד קען קיין גוטס נישט ארויסקומען.|ʦim sɔf hut ɛr ɡəzˈuɡt, svɔlt mˈɛmajlə ɡˈurniʃt ɡiʦ ɡəkˈɛnt arˈoʊskimən fin farʃˈɛmən a jid. fin farʃˈɛmən a jid kɛn kan ɡiʦ niʃt arˈoʊskimən.
253_162327_0245|ענדערשער איז ער געזעצן ביז דער עולם האט פארשטאנען אז מ'דארף זיך צוגיין אבי נישט מבייש זיין א איד.|ˈɛndərʃər iz ɛr ɡəzˈɛʦn biz dɛr ˈɔjləm hut farʃtˈanən az mdaf zix ʦˈiɡajn ˈabi niʃt mbajʃ zaːn a jid.
253_162327_0246|אפילו איינער וואס האט לכאורה געטון אקעגן דעם רב אין שטאט, אפילו פאר דעם האט ער אים נישט געוואלט מבייש זיין.|afˈilə ˈajnər vus hut lixˈɔjrə ɡətˈin akˈɛɡn dejm ruv in ʃtut, afˈilə far dejm hut ɛr ejm niʃt ɡəvˈɔlt mbajʃ zaːn.
253_162327_0247|א איד האט מיר פריער געוויזן דא א מורא'דיגע מעשה וואס איז געשען היינטיגע צייטן, די לעצטע תקופות איז עס געשען, ס'איז נתפרסם געווארן לעצטנס די מעשה.|a jid hut mir frˈiər ɡəvˈizn du a mˈiradiɡə mˈaːsə vus iz ɡəʃˈɛn hˈajntiɡə ʦaːtn, də lˈɛʦtə tkˈifɔjs iz ɛs ɡəʃˈɛn, siz nispˈarsajm ɡəvˈɔrn lɛʦtns də mˈaːsə.
253_162327_0248|גוטע אידן האבן געזאגט אז ס'איז א מצוה לפרסם די מעשה.|ɡˈitə jidn hubn ɡəzˈuɡt az siz a mˈiʦvə lfˈarsajm də mˈaːsə.
253_162327_0249|די מעשה איז געשען מיט א היימישער יונגערמאן, א משפחה, וואס זענען געפארן אין די זומערדיגע טעג, אין די דאטשע טעג זענען זיי געפארן ערגעץ.|də mˈaːsə iz ɡəʃˈɛn mit a hˈajmiʃər jˈinɡərman, a miʃpˈuxə, vus zˈɛnən ɡəfˈarn in də zˈimərdiɡə tejɡ, in də dˈaʧə tejɡ zˈɛnən zaj ɡəfˈarn ˈɛrɡəʦ.
253_162327_0251|דער יונגערמאן מיט די בני בית מיט די קינדער, מ'האט מיטגענומען גענוג עסן און טרינקען אויף א גאנצע וועג.|dɛr jˈinɡərman mit də bnaj bajs mit də kˈindər, mhut mˈitɡənimən ɡənˈiɡ ɛsn in trˈinkən oʊf a ɡˈanʦə vejɡ.
253_162327_0252|און אינמיטן וועג האט זיך געמאכט אז איינער פון די קליינע קינדער האט געזאגט אז ער דארף ארויסגיין לצרכיו.|in ˈinmitn vejɡ hut zix ɡəmˈaxt az ˈajnər fin də klˈajnə kˈindər hut ɡəzˈuɡt az ɛr daf arˈoʊzɡajn lʦrxji.
253_162327_0253|דער טאטע האט פרובירט אפצושטעלן דעם אויטא ביי א פלאץ וואו ער זאל קענען דארטן זיך מפנה זיין אין א זייטיגע פלאץ,|dɛr tˈatə hut prˈibirt ˈafʦiʃtəln dejm ˈɔjta baː a plaːʦ vi ɛr zul kˈɛnən dɔrtn zix mfnə zaːn in a zˈajtiɡə plaːʦ,
253_162327_0254|אבער למעשה האט ער געזען אז ער טרעפט נישט און ער האט נישט קיין צייט צו ווארטן, האט ער זיך אפגעשטעלט ביי א פלאץ וואו ס'איז דא דארטן אפאר געשעפטן וואו מ'קען גיין קויפן,|ˈɔbər ləmˈaːsə hut ɛr ɡəzˈejn az ɛr trɛft niʃt in ɛr hut niʃt kan ʦaːt ʦi vartn, hut ɛr zix ˈɔpɡəʃtəlt baː a plaːʦ vi siz du dɔrtn apˈur ɡəʃˈɛftn vi mˈɛkən ɡajn kɔjfn,
253_162327_0255|און געווענליך איז דא דארטן א פלאץ וואו מ'קען זיך מפנה זיין.|in ɡəvˈɛnləx iz du dɔrtn a plaːʦ vi mˈɛkən zix mfnə zaːn.
253_162327_0256|ער האט אנגעהויבן צו זוכן צווישן די געשעפטן, וועלכע געשעפט האט א כשר'ע הכשר, א גוטע הכשר,|ɛr hut ˈunɡəhɔjbn ʦi zixn ʦviʃn də ɡəʃˈɛftn, vˈɛlxə ɡəʃˈɛft hut a xʃrə hˈɛxʃər, a ɡˈitə hˈɛxʃər,
253_162327_0257|אז ס'זאל נישט זיין קיין חילול השם אז א היימישער יונגערמאן גייט אריין אין אזא געשעפט אפילו ער גייט נישט דארטן קויפן עסן.|az szul niʃt zaːn kan xˈiləl haʃˈɛm az a hˈajmiʃər jˈinɡərman ɡajt arˈaːn in azˈa ɡəʃˈɛft afˈilə ɛr ɡajt niʃt dɔrtn kɔjfn ɛsn.
253_162327_0258|האט ער געטראפן איין געשעפט וואס האט געהאט א גוטן הכשר, און ער איז אריינגעגאנגען דארטן. אריינקומענדיג דארטן איז ער צוגעגאנגען,|hut ɛr ɡətrˈafn ajn ɡəʃˈɛft vus hut ɡəhˈat a ɡitn hˈɛxʃər, in ɛr iz arˈaːnɡəɡanɡən dɔrtn. arˈaːnkiməndiɡ dɔrtn iz ɛr ʦˈiɡəɡanɡən,
253_162327_0259|עס איז געווען דארטן איינער פון די ארבעטערס, און ער האט אים געפרעגט, אז ער טראכט נישט צו קויפן דא קיין עסן, ער וויל עס נאר נוצן פאר אפאר מינוט, זיין זון דארף ארויסגיין, צו ער קען עס נוצן. זאגט אים יענער,|ɛs iz ɡəvˈejn dɔrtn ˈajnər fin də ˈarbətərs, in ɛr hut ejm ɡəfrˈɛɡt, az ɛr traxt niʃt ʦi kɔjfn du kan ɛsn, ɛr vil ɛs nɔr niʦn far apˈur minˈit, zaːn zin daf arˈoʊzɡajn, ʦi ɛr kɛn ɛs niʦn. zuɡt ejm jˈɛnər,
253_162327_0260|פארוואס נישט? בחפץ לב. שוין, ער איז געגאנגען דארט מיט זיין זון.|farvˈus niʃt ? bəxˈajfɛʦ lajv. ʃɔjn, ɛr iz ɡəɡˈanɡən dɔrt mit zaːn zin.
253_162327_0261|און ווי ער קומט ארויס מיט'ן זון, און ער וויל ארויסגיין פון די געשעפט, באגעגנט זיי דער בעל הבית פון די געשעפט, באגעגנט זיי.|in vi ɛr kimt arˈoʊs mitn zin, in ɛr vil arˈoʊzɡajn fin də ɡəʃˈɛft, baɡˈɛɡnt zaj dɛr baːl habˈajis fin də ɡəʃˈɛft, baɡˈɛɡnt zaj.
253_162327_0262|און אים איז עס עפעס נישט געפאלן, ער האט גלייך פארשטאנען אז דער יונגערמאן איז נישט געקומען דא אויף צו... אויף צו קויפן עפעס עסן, נאר ער קומט דא נוצן. האט ער זיך אנגערופן,|in ejm iz ɛs ˈɛpəs niʃt ɡəfˈaln, ɛr hut ɡlaːx farʃtˈanən az dɛr jˈinɡərman iz niʃt ɡəkˈimən du oʊf ʦi oʊf ʦi kɔjfn ˈɛpəs ɛsn, nɔr ɛr kimt du niʦn. hut ɛr zix ˈunɡərifn,
253_162327_0263|וואס מיינסטו עפעס דא? דער געשעפט איז עפעס א פלאץ, א רשות הרבים, מ'קומט און מ'גייט?|vus mˈajnsti ˈɛpəs du ? dɛr ɡəʃˈɛft iz ˈɛpəs a plaːʦ, a rʃis hrbim, mkimt in mɡajt ?
253_162327_0264|דאס איז א געשעפט וואס איז געמאכט פאר מענטשן וואס זיי קומען דא קויפן עפעס צו עסן, קענען זיי נוצן דעם פלאץ, אבער ס'איז נישט קיין פלאץ וואס איז געמאכט געווארן פאר די גאנצע עולם.|dus iz a ɡəʃˈɛft vus iz ɡəmˈaxt far mɛnʧn vus zaj kˈimən du kɔjfn ˈɛpəs ʦi ɛsn, kˈɛnən zaj niʦn dejm plaːʦ, ˈɔbər siz niʃt kan plaːʦ vus iz ɡəmˈaxt ɡəvˈɔrn far də ɡˈanʦə ˈɔjləm.
253_162327_0265|וואס איז דאס מיט דיר? וואס איז דיר איינגעפאלן אזא זאך? און ער האט אים אנגעהויבן אזוי צו באזינגען.|vus iz dus mit dir ? vus iz dir ˈajnɡəfaln azˈa zax ? in ɛr hut ejm ˈunɡəhɔjbn azˈɔj ʦi bazˈinɡən.
253_162327_0266|דער איד האט געהאט א שווערע נסיון, מצד אחד, ס'איז אים געלעגן אויפ'ן צונג צו זאגן, וואס ווילסטו פון מיר? איך האב געבעטן רשות,|dɛr jid hut ɡəhˈat a ʃvˈɛrə nˈisɔjən, mˈiʦad ˈɛxud, siz ejm ɡəlˈɛɡn afn ʦinɡ ʦi zuɡn, vus vˈilsti fin mir ? ix hub ɡəbˈejtn rʃis,
253_162327_0267|איינער פון דיינע ארבעטערס האט מיר געזאגט אז איך קען דא אריינגיין, וואס ווילסטו? ווען איינער וואלט מיר געזאגט אז נישט, וואלט איך נישט געגאנגען דא. אבער שפעטער האט ער זיך געכאפט,|ˈajnər fin dˈaːnə ˈarbətərs hut mir ɡəzˈuɡt az ix kɛn du arˈaːnɡajn, vus vˈilsti ? vɛn ˈajnər vɔlt mir ɡəzˈuɡt az niʃt, vɔlt ix niʃt ɡəɡˈanɡən du. ˈɔbər ʃpˈejtər hut ɛr zix ɡəxˈapt,
253_162327_0268|קומט אויס אז ער וויל זיך ראטעווען זיינע בזיונות מיט דעם וואס ער גייט עס אוועקלייגן אויף א צווייטן. און יענער איז געווען אן ערליכער יונגערמאן, ער האט געלערנט חפץ חיים,|kimt oʊs az ɛr vil zix rˈatəvən zˈaːnə bizjˈɔjnɔjs mit dejm vus ɛr ɡajt ɛs avˈɛklajɡn oʊf a ʦvajtn. in jˈɛnər iz ɡəvˈejn un ˈɛrləxər jˈinɡərman, ɛr hut ɡəlˈirnt xˈajfəʦ xˈajim,
253_162327_0269|האט ער געטראכט ביי זיך, איך קען דאך אפילו אז ער טאר נישט מיט די לשון הרע? אויב ער וועט זאגן ווער דאס איז, קען זיין רכילות אז דער בעל הבית וועט האבן טענות יעצט אויף דער ארבעטער,|hut ɛr ɡətrˈaxt baː zix, ix kɛn dɔx afˈilə az ɛr tur niʃt mit də luʃn hrə ? ɔjb ɛr vɛt zuɡn vɛr dus iz, kɛn zaːn rxˈilis az dɛr baːl habˈajis vɛt hubn taˈanɔjs jɛʦt oʊf dɛr ˈarbətər,
253_162327_0270|וואס האסטו טאקע געגעבן רשות, וואס פאלט דיר איין צו געבן רשות. און תוך כדי האט ער אים פארט עפעס אזוי זייער זייער באזונגען,|vus hˈusti tˈakə ɡəɡˈɛbn rʃis, vus falt dir ajn ʦi ɡejbn rʃis. in tɔx kədˈaj hut ɛr ejm fɔrt ˈɛpəs azˈɔj zˈajər zˈajər bazˈinɡən,
253_162327_0271|האט ער זיך געגעבן א רוף אן, ער האט געוואלט אז יענער זאל נישט האבן קיין קפידא און קיין טענות. זאגט ער, וואס פאלט אריין אז איך בין געקומען דא אויף בחנם? מיינסטו דו ביסט סתם געקומען דא?|hut ɛr zix ɡəɡˈɛbn a rif un, ɛr hut ɡəvˈɔlt az jˈɛnər zul niʃt hubn kan kpˈajdə in kan taˈanɔjs. zuɡt ɛr, vus falt arˈaːn az ix bin ɡəkˈimən du oʊf bxˈinum ? mˈajnsti di bist stam ɡəkˈimən du ?
253_162327_0272|אוודאי וויל איך דא עפעס קויפן צו עסן, פאר מיר מיט די משפחה. קודם איז מיין זון ארויסגעגאנגען, אבער אוודאי האב איך יעצט א פלאן צו קויפן דא עפעס צו עסן.|avˈadə vil ix du ˈɛpəs kɔjfn ʦi ɛsn, far mir mit də miʃpˈuxə. kˈɔjdəm iz maːn zin arˈoʊzɡəɡanɡən, ˈɔbər avˈadə hub ix jɛʦt a plaːn ʦi kɔjfn du ˈɛpəs ʦi ɛsn.
253_162327_0273|און ער הייסט דעם יונגל גיין צוריק צו דעם אויטא, רופן די רעבעצין מיט די קינדער, מ'גייט דא עפעס קויפן צו עסן.|in ɛr hajst dejm jinɡl ɡajn ʦirˈik ʦi dejm ˈɔjta, rifn də rˈɛbəʦin mit də kˈindər, mɡajt du ˈɛpəs kɔjfn ʦi ɛsn.
253_162327_0274|דער איד אין זיין לעבן האט נישט געקויפט עפעס צו עסן אינדרויסן פון שטוב, און אוודאי זיך נישט אוועקזעצן אין אזא פלאץ עסן.|dɛr jid in zaːn lejbn hut niʃt ɡəkˈɔjft ˈɛpəs ʦi ɛsn ˈindroʊsn fin ʃtib, in avˈadə zix niʃt avˈɛkzəʦn in azˈa plaːʦ ɛsn.
253_162327_0275|דער חינוך וואס ער האט געגעבן פאר די קינדער איז געווען אז מען גיבט נישט אויס קיין געלט סתם אויף נארישקייטן, און אוודאי זיך נישט אוועקזעצן עסן אין אזא פלאץ.|dɛr xˈinəx vus ɛr hut ɡəɡˈɛbn far də kˈindər iz ɡəvˈejn az mɛn ɡibt niʃt oʊs kan ɡɛlt stam oʊf nˈariʃkaːtn, in avˈadə zix niʃt avˈɛkzəʦn ɛsn in azˈa plaːʦ.
253_162327_0276|אבער דא האט ער פארשטאנען אז יענער האט טענות אויף אים, ס'קען אפשר זיין א שטיקל חילול השם אויף א היימישער יונגערמאן,|ˈɔbər du hut ɛr farʃtˈanən az jˈɛnər hut taˈanɔjs oʊf ejm, skɛn ˈɛfʃir zaːn a ʃtikl xˈiləl haʃˈɛm oʊf a hˈajmiʃər jˈinɡərman,
253_162327_0278|האט ער געהאלטן אז זיי דארפן אויך כדי ס'זאל נישט אויסקומען קיין בזיון פאר דער וואס האט אים אריינגעלאזט,|hut ɛr ɡəhˈaltn az zaj daːfn ɔjx kədˈaj szul niʃt ˈoʊskimən kan bˈizɔjən far dɛr vus hut ejm arˈaːnɡəlɔzt,
253_162327_0279|פאר די ארבעטער וואס האט געזאגט אז ער קען אריינגיין.|far də ˈarbətər vus hut ɡəzˈuɡt az ɛr kɛn arˈaːnɡajn.
253_162327_0280|שוין, ער האט באשטעלט דארטן עפעס צו עסן, נישט קיין גרויסע זאכן, און ער האט געוואוסט אז ס'וועט אים אפווארטן א טייערע חשבון, ווייל געווענליך אין די געשעפטן אז מ'באשטעלט נאר א גלעזל וואסער קען עס קאסטן. ס'קען קאסטן זייער טייער יעדע קלייניגקייט. שוין, די קינדער האבן זיך זייער געוואונדערט גלייך אין אנהייב, דער טאטע רופט זיי אריין אזא זאך,|ʃɔjn, ɛr hut baʃtˈɛlt dɔrtn ˈɛpəs ʦi ɛsn, niʃt kan ɡrˈɔjsə zaxn, in ɛr hut ɡəvˈist az svɛt ejm ˈafvartn a tˈaːjərə xˈɛʃbɔjn, vaːl ɡəvˈɛnləx in də ɡəʃˈɛftn az mbaʃtˈɛlt nɔr a ɡlɛzl vˈasər kɛn ɛs kastn. skɛn kastn zˈajər tˈajər jˈɛdə klˈajniɡkaːt. ʃɔjn, də kˈindər hubn zix zˈajər ɡəvˈindərt ɡlaːx in ˈanhajb, dɛr tˈatə rift zaj arˈaːn azˈa zax,
253_162327_0281|אין די לעבן עסן זיי נישט אין אזא פלאץ, מ'קויפט אפילו נישט אין אזא פלאץ, אבער פארט, ס'האט געהאט א גוטע הכשר, פארוואס נישט? אז דער טאטע האט געזאגט,|in də lejbn ɛsn zaj niʃt in azˈa plaːʦ, mkɔjft afˈilə niʃt in azˈa plaːʦ, ˈɔbər fɔrt, səhˈut ɡəhˈat a ɡˈitə hˈɛxʃər, farvˈus niʃt ? az dɛr tˈatə hut ɡəzˈuɡt,
253_162327_0282|האבן זיי דארטן געגעסן. ס'איז געקומען צום באצאלן, איז ער גייט ער צו, און ער האט זיך שוין געהאט גערעכנט אז ס'וועט קאסטן א מטבע,|hubn zaj dɔrtn ɡəɡˈɛsn. siz ɡəkˈimən ʦim baʦˈuln, iz ɛr ɡajt ɛr ʦi, in ɛr hut zix ʃɔjn ɡəhˈat ɡərˈɛxnt az svɛt kastn a matbˈajə,
253_162327_0283|ער באקומט דעם חשבון, שטייט דארטן יעדע זאך וויפיל ס'קאסט, און אונטן שטייט אויפ'ן חשבון אז ער דארף גארנישט באצאלן, אפס. ס'מיינט אלעס איז באצאלט,|ɛr bakˈimt dejm xˈɛʃbɔjn, ʃtajt dɔrtn jˈɛdə zax vˈifil skɔst, in intn ʃtajt afn xˈɛʃbɔjn az ɛr daf ɡˈurniʃt baʦˈuln, afs. smajnt ˈaləs iz baʦˈalt,
253_162327_0284|ער איז גארנישט גארנישט שולדיג. האט ער זיך זייער געוואונדערט, ער האט געפרעגט וואס איז? קומט אים אקעגן דער בעל הבית און ער זאגט אים,|ɛr iz ɡˈurniʃt ɡˈurniʃt ʃˈildiɡ. hut ɛr zix zˈajər ɡəvˈindərt, ɛr hut ɡəfrˈɛɡt vus iz ? kimt ejm akˈɛɡn dɛr baːl habˈajis in ɛr zuɡt ejm,
253_162327_0285|דא אין געשעפט נעמט מען נאר געלט פון מענטשן וואס זיי עסן דא, פון מלאכים נעמט מען נישט קיין געלט דא אין געשעפט, דא נעמט מען נאר געלט פון מענטשן, נישט פון מלאכים.|du in ɡəʃˈɛft nɛmt mɛn nɔr ɡɛlt fin mɛnʧn vus zaj ɛsn du, fin mlˈaxim nɛmt mɛn niʃt kan ɡɛlt du in ɡəʃˈɛft, du nɛmt mɛn nɔr ɡɛlt fin mɛnʧn, niʃt fin mlˈaxim.
253_162327_0286|און ער זאגט אים, דערווייל בין איך שוין געוואויר געווארן וואס ס'האט זיך געטון דא. זאלסט וויסן אז דער ארבעטער וואס דו האסט אים נישט געוואלט פארשעמען,|in ɛr zuɡt ejm, dərvˈaːl bin ix ʃɔjn ɡəvˈɔjr ɡəvˈɔrn vus səhˈut zix ɡətˈin du. zulst visn az dɛr ˈarbətər vus di hust ejm niʃt ɡəvˈɔlt farʃˈɛmən,
253_162327_0287|איז געשטאנען אין די ווינקל און שפעטער און געוויינט. איך האב געפרעגט פארוואס ער וויינט, בין איך געוואויר געווארן די גאנצע מעשה.|iz ɡəʃtˈanən in də vinkl in ʃpˈejtər in ɡəvˈajnt. ix hub ɡəfrˈɛɡt farvˈus ɛr vajnt, bin ix ɡəvˈɔjr ɡəvˈɔrn də ɡˈanʦə mˈaːsə.
253_162327_0288|ער האט געזאגט אז ער וויינט פשוט פון התרגשות. ווען אין די לעבן האט זיך איינער אזוי גערעכנט מיט זיין כבוד,|ɛr hut ɡəzˈuɡt az ɛr vajnt pˈuʃit fin hisrˈaɡʃis. vɛn in də lejbn hut zix ˈajnər azˈɔj ɡərˈɛxnt mit zaːn kˈuvəd,
253_162327_0289|נישט צו פוגע זיין בכבודו, ער האט זיך אזוי גערעכנט מיט אים אז ער זאל נישט מבוזה ווערן אזוי ווי דער היימישער איד, דער פרומער איד האט געטון,|niʃt ʦi fˈiɡə zaːn bxbˈidi, ɛr hut zix azˈɔj ɡərˈɛxnt mit ejm az ɛr zul niʃt məvˈizə virn azˈɔj vi dɛr hˈajmiʃər jid, dɛr frˈimər jid hut ɡətˈin,
253_162327_0290|און פון גרויס התרגשות איז ער געשטאנען און געוויינט, און ווען דער בעל הבית האט פארשטאנען אז דער איד האט אין זיין לעבן נישט געטראכט דא צו קויפן,|in fin ɡrɔjs hisrˈaɡʃis iz ɛr ɡəʃtˈanən in ɡəvˈajnt, in vɛn dɛr baːl habˈajis hut farʃtˈanən az dɛr jid hut in zaːn lejbn niʃt ɡətrˈaxt du ʦi kɔjfn,
253_162327_0291|און אלעס וואס ער טוט דא איז נאר כדי מחמת שלום, קיינער זאל נישט פארשעמט ווערן, אלעס זאלן זיין. האמת והשלום אהבו,|in ˈaləs vus ɛr tit du iz nɔr kədˈaj majxˈamas ʃˈuləm, kˈajnər zul niʃt farʃˈɛmt virn, ˈaləs zɔln zaːn. hˈɛməs ˈiʃlim ˈabi,
253_162327_0292|ער איז געווען גרייט צו גיין אקעגן אפילו די נארמאלע חינוך וואס ער לערנט די קינדער, אז מ'גייט נישט אין אזא פלאץ, מ'עסט נישט אין אזא פלאץ,|ɛr iz ɡəvˈejn ɡrajt ʦi ɡajn akˈɛɡn afˈilə də nˈarmalə xˈinəx vus ɛr lirnt də kˈindər, az mɡajt niʃt in azˈa plaːʦ, mɛst niʃt in azˈa plaːʦ,
253_162327_0293|אבער אלעס כדי ס'זאל נישט זיין קיין עגמת נפש און קיין חילול השם. און קיין בזיונות האט ער פון אים קיין געלט נישט געוואלט נעמען. ער האט אים געזאגט, דא צאלט מען, דא נעמט מען געלט פון מענטשן,|ˈɔbər ˈaləs kədˈaj szul niʃt zaːn kan ˈuɡmas nˈejfiʃ in kan xˈiləl haʃˈɛm. in kan bizjˈɔjnɔjs hut ɛr fin ejm kan ɡɛlt niʃt ɡəvˈɔlt nˈɛmən. ɛr hut ejm ɡəzˈuɡt, du ʦalt mɛn, du nɛmt mɛn ɡɛlt fin mɛnʧn,
253_162327_0295|צוזאמען מיט דעם וואס מ'וויינט אויף אין חורבן,|ʦizˈamən mit dejm vus mvajnt oʊf in xirbn,
253_162327_0296|איז דאך אבער דא די געוואלדיגע תקוה וואס אידישע קינדער ווייסן וואס די תורה הקדושה האט אונז צוגעזאגט אז משיח וועט קומען און ער וועט אונז אויסלייזן.|iz dɔx ˈɔbər du də ɡəvˈaldiɡə tˈikvə vus jˈidiʃə kˈindər vajsn vus də tˈɔjrə hkdˈiʃə hut inz ʦˈiɡəzuɡt az mˈuʃiəx vɛt kˈimən in ɛr vɛt inz ˈoʊslajzn.
253_162327_0297|און טאקע דער טאג תשעה באב איז א טאג וואס ס'ווערט, מ'באקט איין אין זיך די אמונה נאך און נאך.|in tˈakə dɛr tuɡ tˈiʃə bab iz a tuɡ vus svirt, mbakt ajn in zix də əmˈinə nux in nux.
253_162327_0298|איינע פון די דרייצן עיקרים ווי דער רמב"ם שטעלט אוועק איז אני מאמין באמונה שלמה בביאת המשיח. און דער רמב"ם ווען ער שרייבט אין הלכות מלכים,|ˈajnə fin də drajʦn ˈajkrim vi dɛr rˈambam ʃtɛlt avˈɛk iz ˈani mˈaːmən bəəmˈinə ʃlˈɔjmə bvˈias hamuʃˈixa. in dɛr rˈambam vɛn ɛr ʃraːbt in halˈuxɔjs mlˈuxim,
253_162327_0299|ווען ער איז מסביר די מצוה פון אמונה בביאת המשיח, שרייבט דער רמב"ם אזא לשון:|vɛn ɛr iz mazbˈir də mˈiʦvə fin əmˈinə bvˈias hamuʃˈixa, ʃraːbt dɛr rˈambam azˈa luʃn :
253_162327_0301|ווער ס'איז נישט מחכה לביאת המשיח, חס ושלום, ס'הייסט חוץ פון דעם וואס ער שרייבט אז מ'דארף גלייבן אין ביאת המשיח,|vɛr siz niʃt mxˈakə lvˈias hamuʃˈixa, xas ˈiʃlim, shajst xiʦ fin dejm vus ɛr ʃraːbt az mdaf ɡlaːbn in bˈias hamuʃˈixa,
253_162327_0303|דער רמב"ם שטעלט אוועק אז א חלק פון די י"ג עיקרים איז נישט נאר גלייבן אין ביאת המשיח, נאר מחכה זיין לביאתו, און וועגן דעם טאקע,|dɛr rˈambam ʃtɛlt avˈɛk az a xˈajlək fin də jid ɡiml ˈajkrim iz niʃt nɔr ɡlaːbn in bˈias hamuʃˈixa, nɔr mxˈakə zaːn lbˈiasi, in vejɡn dejm tˈakə,
253_162327_0306|וואס איז דאס? ווייל אויב א איד גלייבט באמת אז משיח גייט קומען, און ווי גוט ס'גייט זיין דעמאלטס פאר אידישע קינדער,|vus iz dus ? vaːl ɔjb a jid ɡlaːbt bəˈɛməs az mˈuʃiəx ɡajt kˈimən, in vi ɡit sɡajt zaːn dˈɛmalʦ far jˈidiʃə kˈindər,
253_162327_0307|ווי שיין ס'וועט זיין כביכול כבוד שמים, ווי שיין ס'וועט זיין, ווי שיין ס'וועט זיין פאר כלל ישראל, וואס פאר א לעכטיגע וועלט ס'וועט זיין, א בית המקדש,|vi ʃajn svɛt zaːn kavˈiuxl kˈuvəd ʃmim, vi ʃajn svɛt zaːn, vi ʃajn svɛt zaːn far klal jisrˈuəl, vus far a lˈɛxtiɡə vɛlt svɛt zaːn, a bajs hamˈikduʃ,
253_162327_0308|אלעס וועט זיין אויפ'ן בעסטן און שענסטן אופן, ברוחניות ובגשמיות, יעדע יעדע זאך. ס'וועט נישט זיין קיין שום שוועריגקייט ביי קיין שום איד נישט.|ˈaləs vɛt zaːn afn bɛstn in ʃɛnstn ɔjfn, bəruxənˈijus uvəɡaʃmˈijus, jˈɛdə jˈɛdə zax. svɛt niʃt zaːn kan ʃim ʃvˈɛriɡkaːt baː kan ʃim jid niʃt.
253_162327_0309|ווען א מענטש טראכט אריין וואס ס'ווארט אונז אפ, ווי קען ער זיין נישט אויסווארטן אויף דעם?|vɛn a mɛnʧ traxt arˈaːn vus svɔrt inz ɔp, vi kɛn ɛr zaːn niʃt ˈoʊsvartn oʊf dejm ?
253_162327_0310|אויב ער ווארט נישט אויס איז א סימן אז ס'פעלט חס ושלום עפעס אביסל אין די אמונה אין ביאת המשיח, אין די אמונה אין די גוטסקייט וואס ווארט אונז אפ ווען משיח גייט קומען,|ɔjb ɛr vɔrt niʃt oʊs iz a sˈimən az sfɛlt xas ˈiʃlim ˈɛpəs abˈisl in də əmˈinə in bˈias hamuʃˈixa, in də əmˈinə in də ɡˈiʦkaːt vus vɔrt inz ɔp vɛn mˈuʃiəx ɡajt kˈimən,
253_162327_0311|ווייל ווען ער האט די קלארע אמונה אז משיח גייט קומען און ווי גוט ס'גייט זיין,|vaːl vɛn ɛr hut də klˈarə əmˈinə az mˈuʃiəx ɡajt kˈimən in vi ɡit sɡajt zaːn,
253_162327_0312|אוודאי ברענגט ער מסיצה די אחכה לו בכל יום שיבוא.|avˈadə brɛnɡt ɛr msˈiʦə də axˈakə li bxul jɔjm ʃˈibia.
253_162327_0313|און דאס איז א חלק ווי די גמרא ברענגט אין מסכת חגיגה. די גמרא דערציילט דא אז רבי יהושע בן חנניא איז אמאל געשטאנען ביים קיסר,|in dus iz a xˈajlək vi də ɡəmˈurə brɛnɡt in mˈasəxəs xaɡˈiɡə. də ɡəmˈurə dərʦˈajlt du az rˈɛbə jəhˈɔjʃiə bɛn xanˈanju iz amˈul ɡəʃtˈanən bam kˈajsər,
253_162327_0314|און ס'איז געווען דארטן א מין אפיקורס, און זיי האבן נישט גערעדט צווישן זיך, זיי האבן נאר געוויזן אזא שפראך וואס מ'רופט אן א שטום שפראך,|in siz ɡəvˈejn dɔrtn a min apˈikɔjrəs, in zaj hubn niʃt ɡərˈɛt ʦviʃn zix, zaj hubn nɔr ɡəvˈizn azˈa ʃprax vus mrift un a ʃtim ʃprax,
253_162327_0316|איר זענט אזא פאלק וואס ענקער קעניג, ענקער האר האט אוועקגעדרייט זיין פנים פון אייך.|ir zɛnt azˈa falk vus ˈɛnkər kˈɛniɡ, ˈɛnkər har hut avˈɛkɡədrajt zaːn pˈunəm fin aːx.
253_162327_0317|האט ער אים געוויזן "ידו נטויה עלינו", זיין האנט איז נאך נטויה עלינו.|hut ɛr ejm ɡəvˈizn ˈidi ntˈɔjə ulˈajni zaːn hant iz nux ntˈɔjə ulˈajni.
253_162327_0318|רבי יהושע בן חנניא, וואס האט געלעבט אין יענע תקופה וואס אידישע קינדער זענען אריבער אזויפיל צרות און יסורים, אבער ער האט געוואוסט צו זאגן פאר דעם מין, דו מיינסט "אל הדרוני מרי לאפי מיניה"?|rˈɛbə jəhˈɔjʃiə bɛn xanˈanju, vus hut ɡəlˈejbt in jˈɛnə tkˈifə vus jˈidiʃə kˈindər zˈɛnən arˈibər ˈazɔjfil ʦˈurɔjs in jəsˈirim, ˈɔbər ɛr hut ɡəvˈist ʦi zuɡn far dejm min, di majnst al hdrˈini mri lˈafi mˈini
253_162327_0319|ניין, ס'איז "ידו נטויה עלינו".|najn, siz ˈidi ntˈɔjə ulˈajni
253_162327_0320|אידן ווייסן און זיי גלייבן אז משיח וועט קומען, און "אחכה לו בכל יום שיבוא", בפרט יעצט ווען מ'האלט שוין אזוי נאנט צו די גאולה.|jidn vajsn in zaj ɡlaːbn az mˈuʃiəx vɛt kˈimən, in axˈakə li bxul jɔjm ʃˈibia bfˈɛrət jɛʦt vɛn mhalt ʃɔjn azˈɔj nant ʦi də ɡˈulə.
253_162327_0321|האבן מיר גערעדט פריער, אז מ'טראכט אמאל אז מ'וויל זיך פארבעסערן יעדן טאג, יעדן טאג. ס'קען דאך שוין זיין אז מארגן וועט שוין משיח זיין.|hubn mir ɡərˈɛt frˈiər, az mtraxt amˈul az mvil zix farbəsˈɛrn jejdn tuɡ, jejdn tuɡ. skɛn dɔx ʃɔjn zaːn az mɔrɡn vɛt ʃɔjn mˈuʃiəx zaːn.
253_162327_0322|וואס בעט מען פון דיר?|vus bɛt mɛn fin dir ?
253_162327_0323|מ'בעט איין טאג זאלסטו זיין גוט, ווייל מארגן קומט שוין משיח, "אחכה לו בכל יום שיבוא".|mbɛt ajn tuɡ zˈalsti zaːn ɡit, vaːl mɔrɡn kimt ʃɔjn mˈuʃiəx, axˈakə li bxul jɔjm ʃˈibia
253_162327_0327|נאר חז"ל... מיין טאטע זאל זיין געזונט האט מיר געזאגט אז פשט קען אפשר זיין, אזוי ווי ביי משנכנס אב ממעטין בשמחה איז אבער נישט קיין בכיה וואס אידישע קינדער זענען ממעט בשמחה ווייל זיי וויינען מיט א יאוש.|nɔr xazˈal maːn tˈatə zul zaːn ɡəzˈint hut mir ɡəzˈuɡt az pʃat kɛn ˈɛfʃir zaːn, azˈɔj vi baː miʃənˈixnas ab mmˈɛtin bsˈimxə iz ˈɔbər niʃt kan bxi vus jˈidiʃə kˈindər zˈɛnən mmɛt bsˈimxə vaːl zaj vˈajnən mit a jiʃ.
253_162327_0328|נאר ווי צדיקים האבן געטייטשט, "ותפתח ותראהו", זיי האבן געזען "והנה נער בוכה", "ותאמר מילדי העברים זה".|nɔr vi ʦdˈikim hubn ɡətˈajʧt, vatˈiftax vatirˈajhi zaj hubn ɡəzˈejn ˈinə nɛr bˈixə vatˈɔjmɛr mˈildi hˈɛbrim zɛ
253_162327_0329|מ'זעט א בכיה פון א איד, זעט מען אז ס'איז א בכיה מיט א תקוה. ווייל ווען חס ושלום וואלט נישט געווען קיין תקוה, וואס האט מען צו וויינען?|mzejt a bxi fin a jid, zejt mɛn az siz a bxi mit a tˈikvə. vaːl vɛn xas ˈiʃlim vɔlt niʃt ɡəvˈejn kan tˈikvə, vus hut mɛn ʦi vˈajnən ?
253_162327_0330|ס'איז געווען איז געווען, און דערנאך, אויב ס'גייט חס ושלום מער נישט זיין עפעס א זאך, וואס האסטו צו וויינען אויף דעם?|siz ɡəvˈejn iz ɡəvˈejn, in dərnˈux, ɔjb sɡajt xas ˈiʃlim mɛr niʃt zaːn ˈɛpəs a zax, vus hˈusti ʦi vˈajnən oʊf dejm ?
253_162327_0334|איינע פון די ענינים וואס מ'זוכט זיך צו פארבעסערן אין די ענין פון שנאת חינם, פון לשון הרע, זען גוטס אויפ'ן צווייטן,|ˈajnə fin də ˈɛninim vus mzixt zix ʦi farbəsˈɛrn in də ˈinjən fin sˈinas xˈinum, fin luʃn hrə, zejn ɡiʦ afn ʦvajtn,
253_162327_0336|מ'זעט דאך אויף די צוויי אותיות טוט זיך ביי די איכה ע' פ', ביי די ערשטע קינה גייט עס על הסדר ס' ע' פ' צ', ביי די צווייטע און ביי די דריטע גייט ס' פ' ע' צ'. חז"ל רעדן שוין וועגן דעם פארוואס איז איבערגעדרייט געווארן די סדר, די פ' איז פאר די עין, ווייל זיי האבן גערעדט זאכן וואס זיי האבן נישט געזען מיט די אויגן, מ'האט געהערט,|mzejt dɔx oʊf də ʦvaj ɔjsˈijɔjs tit zix baː də ˈixu ɛ f baː də ˈɛrʃtə kˈinə ɡajt ɛs al hasˈajdɛr sˈaməx ɛ f ʦˈadək baː də ʦvˈajtə in baː də drˈitə ɡajt sˈaməx f ɛ ʦˈadək xazˈal rɛdn ʃɔjn vejɡn dejm farvˈus iz ˈibərɡədrajt ɡəvˈɔrn də sˈajdər, də f iz far də ˈaːən, vaːl zaj hubn ɡərˈɛt zaxn vus zaj hubn niʃt ɡəzˈejn mit də ɔjɡn, mhut ɡəhˈirt,
253_162327_0337|מ'האט נאכגעזאגט, ס'איז געווען זאכן וואס מ'האט געהערט שמועות, זיי האבן גערעדט די פ' האט מען מקדים געווען פאר די עין.|mhut nˈuxɡəzuɡt, siz ɡəvˈejn zaxn vus mhut ɡəhˈirt ʃmiˈɛɔjs, zaj hubn ɡərˈɛt də f hut mɛn mkdim ɡəvˈejn far də ˈaːən.
253_162327_0338|אבער די צוויי איברים זענען דאך די עיקר איברים וואס א מענטש דארף צו האבן אויף זיך אויסצוארבעטן אין בין אדם לחבירו, די צוויי איברים.|ˈɔbər də ʦvaj ˈibrim zˈɛnən dɔx də ˈikər ˈibrim vus a mɛnʧ daf ʦi hubn oʊf zix ˈoʊsʦiarbətn in bin udm laxavˈajrɔj, də ʦvaj ˈibrim.
253_162327_0339|שטייט פון בארדיטשובער רב אין די לקוטים, ס'עפ"צ ס'איז סגור, פארמאך, מאכט ער אות,|ʃtajt fin bardˈiʧibər ruv in də lkˈitim, sˈaməx ˈajən paj ʦˈadik siz zɡir, farmˈax, maxt ɛr ɔjs,
253_162327_0340|ארום און ארום גענומען. מאך א חומר, אזוי ווי חומת ירושלים, תבנה חומת ירושלים, מאך א חומר מיט א מחיצה,|arˈim in arˈim ɡənˈimən. max a xˈɔjmər, azˈɔj vi xˈɔjmas jəruʃulˈajim, tˈivnə xˈɔjmas jəruʃulˈajim, max a xˈɔjmər mit a məxˈiʦə,
253_162327_0341|ארום די עין אין פה, ארום די אויגן אין די מויל וועסטו זיין א צדיק. כפשוטו מיינט עס, נישט קוקן וואו מ'דארף נישט, נישט רעדן וואס מ'דארף נישט.|arˈim də ˈaːən in pˈɔjə, arˈim də ɔjɡn in də moʊl vˈɛsti zaːn a ʦˈadik. kəpʃˈitə majnt ɛs, niʃt kikn vi mdaf niʃt, niʃt rɛdn vus mdaf niʃt.
253_162327_0342|ולענינו פון בלעדים לחבירו מיינט עס, נישט זיין קיין עין רע, נאר פארגינען אן עין טובה, און די פה זאל רעדן דיבורים טובים.|ˈilənini fin blˈɛdim laxavˈajrɔj majnt ɛs, niʃt zaːn kan ˈaːən rɛ, nɔr farɡˈinən un ˈaːən tˈɔjvə, in də pˈɔjə zul rɛdn dˈibirim tˈibim.
253_162327_0343|נראה כל אחד מעלת חברינו ולא חסרונם. בלעם הרשע, ער איז געווען די דוגמא פון אן עין רע. וואס שטייט טאקע ביי בלעם הרשע?|nra kɔl ˈɛxud maˈalas xavajrˈajnu ˈila xəsrˈɔjnum. bˈiləm harˈuʃə, ɛr iz ɡəvˈejn də dˈiɡmə fin un ˈaːən rɛ. vus ʃtajt tˈakə baː bˈiləm harˈuʃə ?
253_162327_0344|ביי בלעם שטייט אז ער איז געווען יודע דעת עליון, זאגן חז"ל אז דו קענסט מכון זיין די שעה וואס דער אייבערשטער איז זוים. חס ושלום אויף אידישע קינדער,|baː bˈiləm ʃtajt az ɛr iz ɡəvˈejn jədˈajə dˈaas ˈɛliən, zuɡn xazˈal az di kɛnst mxin zaːn də ʃu vus dɛr ˈajbərʃtər iz zɔjm. xas ˈiʃlim oʊf jˈidiʃə kˈindər,
253_162327_0345|ער האט געקענט מכוון זיין די שעה. וויפיל צייט א טאג איז דאס? איין רגע, איין רגע איז דאס.|ɛr hut ɡəkˈɛnt məxˈavvajn zaːn də ʃu. vˈifil ʦaːt a tuɡ iz dus ? ajn rˈɛɡə, ajn rˈɛɡə iz dus.
253_162327_0346|חוץ פון די רגע איז כביכול דער אייבערשטער א גאנצע טאג נאר מיט הארת פנים צו אידישע קינדער. חסד קל כל היום,|xiʦ fin də rˈɛɡə iz kavˈiuxl dɛr ˈajbərʃtər a ɡˈanʦə tuɡ nɔr mit hars pˈunəm ʦi jˈidiʃə kˈindər. xˈɛsəd kal kɔl hˈaːəm,
253_162327_0347|א גאנצן טאג איז חסד קל. ס'איז דא די בחינה פון קל זועם בכל יום, איין רגע אין טאג איז דא א זעם,|a ɡanʦn tuɡ iz xˈɛsəd kal. siz du də bxˈinə fin kal zˈiəm bxul jɔjm, ajn rˈɛɡə in tuɡ iz du a zɛm,
253_162327_0348|אבער חסד קל דאס איז כל היום.|ˈɔbər xˈɛsəd kal dus iz kɔl hˈaːəm.
253_162327_0349|און דאס איז געווען דער כח פון בלעם, אזא עין, ער טרעפט די רגע וואס דער אייבערשטער איז זועם.|in dus iz ɡəvˈejn dɛr kˈɔjəx fin bˈiləm, azˈa ˈaːən, ɛr trɛft də rˈɛɡə vus dɛr ˈajbərʃtər iz zˈiəm.
253_162327_0351|דער אייבערשטער קוקט גוטס אויף אידישע קינדער, אבער ער איז מצליח צו טרעפן די איין רגע וואס דעמאלטס איז דער אייבערשטער זועם. פארשטייט זיך,|dɛr ˈajbərʃtər kikt ɡiʦ oʊf jˈidiʃə kˈindər, ˈɔbər ɛr iz maʦlˈixa ʦi trɛfn də ajn rˈɛɡə vus dˈɛmalʦ iz dɛr ˈajbərʃtər zˈiəm. farʃtˈajt zix,
253_162327_0352|יענע טעג האט טאקע דער אייבערשטער זועם געווען. שטייט אין חז"ל, ער האט געוואלט זאגן "כלם", דער אייבערשטער האט איבערגעדרייט אויף "מלך",|jˈɛnə tejɡ hut tˈakə dɛr ˈajbərʃtər zˈiəm ɡəvˈejn. ʃtajt in xazˈal, ɛr hut ɡəvˈɔlt zuɡn xlm dɛr ˈajbərʃtər hut ˈibərɡədrajt oʊf mˈajləx
253_162327_0354|דער אייבערשטער וויל ווייזן פאר דעם רשע בלעם, א גרויסע חכמה צו טרעפן די רגע? קוק,|dɛr ˈajbərʃtər vil vajzn far dejm rˈuʃə bˈiləm, a ɡrˈɔjsə xˈuxmə ʦi trɛfn də rˈɛɡə ? kik,
253_162327_0356|דא אמאל איינער האט אזא בחינה, אמאל קען זיין יעדער איד איז דאך אזוי גוט. מעלת חברינו איז דאך אזוי פיל. ס'איז דא א טייטש פון גרויסן מגיד פון מעזריטש,|du amˈul ˈajnər hut azˈa bxˈinə, amˈul kɛn zaːn jˈɛdər jid iz dɔx azˈɔj ɡit. maˈalas xavajrˈajnu iz dɔx azˈɔj fil. siz du a tajʧ fin ɡrɔjsn mˈaɡəd fin mˈɛzriʧ,
253_162327_0357|"מעולם לא ראתה חמה פגימתה של לבנה". טייטשט דער גרויסע מגיד, חמה מיינט כביכול דער אייבערשטער, לבנה מיינט כלל ישראל.|mˈɛilm lɔj ruˈasu xˈamu fɡˈimsə ʃɛl lˈɛvɔnə tajʧt dɛr ɡrˈɔjsə mˈaɡəd, xˈamu majnt kavˈiuxl dɛr ˈajbərʃtər, lˈɛvɔnə majnt klal jisrˈuəl.
253_162327_0358|דער אייבערשטער כביכול קוקט נישט אויף די פגם פון אידישע קינדער, אפילו ער ווייסט אז ס'איז דא פגמים, אבער "לא ראתה חמה פגימתה של לבנה".|dɛr ˈajbərʃtər kavˈiuxl kikt niʃt oʊf də pɡum fin jˈidiʃə kˈindər, afˈilə ɛr vajst az siz du fɡmim, ˈɔbər lɔj ruˈasu xˈamu fɡˈimsə ʃɛl lˈɛvɔnə
253_162327_0360|א גרויסע חכמה צו קענען טרעפן די שוואכע נקודה ביים יענעם, די נקודת התורפה,|a ɡrˈɔjsə xˈuxmə ʦi kˈɛnən trɛfn də ʃvˈaxə nəkˈidə bam jˈɛnəm, də nkids hsˈirfə,
253_162327_0362|און ווען ס'קומט בנוגע וועגן רעדן, שטייט פון צדיקים א מורא'דיגע זאך. אוודאי דארף מען זיך זען צו מחזק זיין אין דער ענין פון שנאת חינם,|in vɛn skimt bənəɡˈajə vejɡn rɛdn, ʃtajt fin ʦdˈikim a mˈiradiɡə zax. avˈadə daf mɛn zix zejn ʦi mxˈazajk zaːn in dɛr ˈinjən fin sˈinas xˈinum,
253_162327_0363|און דער חפץ חיים איז מסביר אז דאס גייט ארויף אויף לשון הרע, אז מ'זאל בכלל נישט רעדן קיין לשון הרע.|in dɛr xˈajfəʦ xˈajim iz mazbˈir az dus ɡajt arˈoʊf oʊf luʃn hrə, az mzul bəxlˈaːl niʃt rɛdn kan luʃn hrə.
253_162327_0364|פון די שווערע עבודות, חז"ל זאגן "כולן באבק לשון הרע", אבער אז מ'לערנט און מ'דאווענט צום אייבערשטן, קען מען דאך זוכה זיין אז מ'זאל ווערן ניצול פון דעם אויכעט. אבער על כל פנים,|fin də ʃvˈɛrə avˈɔjdɔjs, xazˈal zuɡn xiln babk luʃn hrə ˈɔbər az mlirnt in mdavˈɛnt ʦim ˈajbərʃtn, kɛn mɛn dɔx zˈixə zaːn az mzul virn nˈiʦil fin dejm ˈɔjxət. ˈɔbər al kɔl pˈunəm,
253_162327_0365|וואס דער נביא לערנט אונז דא אין איכה, אז די פ' זאל נישט זיין פאר די ע', דאס הייסט,|vus dɛr nˈuvi lirnt inz du in ˈixu, az də f zul niʃt zaːn far də ɛ dus hajst,
253_162327_0366|ווען א מענטש וואלט ווען כאטשיג געמאכט אז א זאך וואס ער האט נישט געזען רעדט ער נישט, פון וויפיל לשון הרע וואלט מען ניצול געווארן, פון וויפיל רכילות.|vɛn a mɛnʧ vɔlt vɛn xˈaʧiɡ ɡəmˈaxt az a zax vus ɛr hut niʃt ɡəzˈejn rɛdt ɛr niʃt, fin vˈifil luʃn hrə vɔlt mɛn nˈiʦil ɡəvˈɔrn, fin vˈifil rxˈilis.
253_162327_0367|כאטשיג וואס דו האסט נישט געזען, אוודאי וואס דו האסט געזען זאלסטו אויכעט נישט רעדן,|xˈaʧiɡ vus di hust niʃt ɡəzˈejn, avˈadə vus di hust ɡəzˈejn zˈalsti ˈɔjxət niʃt rɛdn,
253_162327_0368|אבער כאטשיג ווען א מענטש וואלט זיך געקענט אונטערנעמען אז וואס ער האט נישט געזען וועגן דעם זאל ער נישט רעדן. וואס ווייסטו? איינער האט דיר געזאגט אהער און אהין,|ˈɔbər xˈaʧiɡ vɛn a mɛnʧ vɔlt zix ɡəkˈɛnt ˈintərnəmən az vus ɛr hut niʃt ɡəzˈejn vejɡn dejm zul ɛr niʃt rɛdn. vus vˈajsti ? ˈajnər hut dir ɡəzˈuɡt ahˈɛr in ahˈin,
253_162327_0369|אבער אז דו האסט נישט געזען דארפסטו דאס נישט רעדן. וואלטן אסאך פון די לשון הרע, וואלט נחסך געווארן פון לשון הרע און רכילות,|ˈɔbər az di hust niʃt ɡəzˈejn dˈarfsti dus niʃt rɛdn. vɔltn ˈasax fin də luʃn hrə, vɔlt nxsx ɡəvˈɔrn fin luʃn hrə in rxˈilis,
253_162327_0372|און איך גיי ארויסברענגען א מורא'דיגע סיפור וואס איך האב אמאל געליינט,|in ix ɡaj arˈoʊzbrejnɡən a mˈiradiɡə sˈipər vus ix hub amˈul ɡəlˈajnt,
253_162327_0373|וויפיל מ'קען אויפטון מיט א גוט ווארט וואס מ'קען זאגן פאר א צווייטן, וויפיל מ'קען אויפטון.|vˈifil mˈɛkən ˈoʊftin mit a ɡit vɔrt vus mˈɛkən zuɡn far a ʦvajtn, vˈifil mˈɛkən ˈoʊftin.
253_162327_0374|ס'איז נישט דא, מיין איך, היינט א איד אין די וועלט וואס ווייסט נישט וואס ס'מיינט ארטסקראל. ארטסקראל האט ארויסגעגעבן אזויפיל ספרים, ש"ס,|siz niʃt du, maːn ix, haːnt a jid in də vɛlt vus vajst niʃt vus smajnt ˈarʦkral. ˈarʦkral hut arˈoʊzɡəɡejbn ˈazɔjfil sfˈurim, ʃas,
253_162327_0375|בבלי, ירושלמי, מדרשים, משניות, און אזויפיל אנדערע ספרים,|bˈavli, jəriʃˈalmi, mdrʃim, miʃnˈujɔjs, in ˈazɔjfil ˈandərə sfˈurim,
253_162327_0376|מורא'דיג מורא'דיג אסאך ספרים וואס ארטסקראל האט ארויסגעגעבן, אין ענגליש קודם,|mˈiradiɡ mˈiradiɡ ˈasax sfˈurim vus ˈarʦkral hut arˈoʊzɡəɡejbn, in ˈɛnɡliʃ kˈɔjdəm,
253_162327_0377|שפעטער אין לשון קודש,|ʃpˈejtər in luʃn kˈɔjdəʃ,
253_162327_0378|מסביר געווען בטוב טעם ודעת. וויפיל טויזנטער טויזנטער, אפשר צענדליגער טויזנטער אידן זענען צוגעבינדן צו א בלאט גמרא א דאנק די ספרים זייערע. וויאזוי האט זיך דאס אלעס אנגעהויבן?|mazbˈir ɡəvˈejn btib tam vədˈaas. vˈifil tˈoʊzntər tˈoʊzntər, ˈɛfʃir ʦəndlˈiɡər tˈoʊzntər jidn zˈɛnən ʦˈiɡəbindn ʦi a blat ɡəmˈurə a dank də sfˈurim zˈajərə. vizˈɔj hut zix dus ˈaləs ˈunɡəhɔjbn ?
253_162327_0379|געווען א איד אין א האט געהייסן רבי מאיר זלאטאוויץ. ער איז געווען דער מייסד פון ארטסקראלל. ווי אזוי האט זיך עס אנגעהויבן?|ɡəvˈejn a jid in a hut ɡəhˈajsn rˈɛbə mˈajər zlˈataviʦ. ɛr iz ɡəvˈejn dɛr majzd fin ˈarʦkrall. vi azˈɔj hut zix ɛs ˈunɡəhɔjbn ?
253_162327_0380|זיין מאמע איז נפטר געווארן, און נאכדעם וואס זיין מאמע איז אוועק האט ער געוואלט עפעס טון לעילוי נשמתה.|zaːn mˈamə iz npˈatər ɡəvˈɔrn, in nuxdˈejm vus zaːn mˈamə iz avˈɛk hut ɛr ɡəvˈɔlt ˈɛpəs tin lˈajlɔj niʃmˈusuh.
253_162327_0381|האט ער געטראכט אז ער וועט ארויסגעבן מגילת אסתר, און ער וועט עס מאכן אויף ענגליש.|hut ɛr ɡətrˈaxt az ɛr vɛt arˈoʊzɡəbən mɡˈilas ˈɛstajr, in ɛr vɛt ɛs maxn oʊf ˈɛnɡliʃ.
253_162327_0382|דעמאלטס איז נאך נישט געווען אזא זאך אז מ'זאל נעמען עפעס א חומש צו א מגילה, עפעס, און זיך ערלויבן עס איבערצוטייטשן אויף ענגליש.|dˈɛmalʦ iz nux niʃt ɡəvˈejn azˈa zax az mzul nˈɛmən ˈɛpəs a xˈiməʃ ʦi a məɡˈilə, ˈɛpəs, in zix ˈɛrlɔjbn ɛs ˈibərʦitajʧn oʊf ˈɛnɡliʃ.
253_162327_0383|האט ער גענומען די מגילת אסתר, ער האט עס איבערגעטייטשט אויף ענגליש.|hut ɛr ɡənˈimən də mɡˈilas ˈɛstajr, ɛr hut ɛs ˈibərɡətajʧt oʊf ˈɛnɡliʃ.
253_162327_0384|ער האט געטראכט צו מאכן פון דעם צוויי, דריי הונדערט שטיק מיט א ווייכע דעקל, און עס אויסטיילן פאר די משפחה, נאנטע, ס'זאל זיין לעילוי נשמת זיין מאמע.|ɛr hut ɡətrˈaxt ʦi maxn fin dejm ʦvaj, draj hˈindərt ʃtik mit a vˈajxə dɛkl, in ɛs ˈoʊstajln far də miʃpˈuxə, nˈantə, szul zaːn lˈajlɔj nˈiʃmas zaːn mˈamə.
253_162327_0385|ער האט עס געשיקט צו איינער פון די חשוב'ע רבנים אין זיין דור, און יענער האט עס באקומען.|ɛr hut ɛs ɡəʃˈikt ʦi ˈajnər fin də xaʃˈivə rˈabunim in zaːn dur, in jˈɛnər hut ɛs bakˈimən.
253_162327_0386|יענער האט אים צוריקגעשריבן א בריוו, און ער זאגט אים, "דו טראכסט דאס צו מאכן מיט א ווייכע דעקל? דו טראכסט פון דעם צו מאכן נאר אפאר הונדערט שטיק?|jˈɛnər hut ejm ʦirˈikɡəʃribn a briv, in ɛr zuɡt ejm, di traxst dus ʦi maxn mit a vˈajxə dɛkl ? di traxst fin dejm ʦi maxn nɔr apˈur hˈindərt ʃtik ?
253_162327_0387|ווייסט אז כלל ישראל דארף האבן אזא מגילת אסתר אויף ענגליש?"|vajst az klal jisrˈuəl daf hubn azˈa mɡˈilas ˈɛstajr oʊf ˈɛnɡliʃ
253_162327_0388|און ער האט אים געשטופט ער זאל נישט מורא האבן, דרוק עס אפ אין א הארטע דעקל און פארקויף עס אין די געשעפטן.|in ɛr hut ejm ɡəʃtˈift ɛr zul niʃt mˈɔjrə hubn, drik ɛs ɔp in a hˈartə dɛkl in farkˈɔjf ɛs in də ɡəʃˈɛftn.
253_162327_0389|ס'האט נישט גענומען קיין פאר חדשים, ס'האט שוין געהאלטן איבער צוואנציג טויזנט שטיק האט זיך פארקויפט, און פון דעם איז ער געגאנגען צו די אנדערע מגילות, ביז צום סוף איז עס אנגעקומען ש"ס בבלי, ווי מ'האלט שוין היינט אלע זאכן.|səhˈut niʃt ɡənˈimən kan far xadˈuʃim, səhˈut ʃɔjn ɡəhˈaltn ˈibər ʦvˈanʦiɡ toʊznt ʃtik hut zix farkˈɔjft, in fin dejm iz ɛr ɡəɡˈanɡən ʦi də ˈandərə mɡˈilɔjs, biz ʦim sɔf iz ɛs ˈunɡəkimən ʃas bˈavli, vi mhalt ʃɔjn haːnt ˈalə zaxn.
253_162327_0390|אלץ פון איין גוט ווארט וואס איינער האט געזאגט פאר א צווייטן, אז דאס איז נישט קיין זאך וואס דארף בלייבן נאר פאר צוויי, דריי הונדערט אידן.|alʦ fin ajn ɡit vɔrt vus ˈajnər hut ɡəzˈuɡt far a ʦvajtn, az dus iz niʃt kan zax vus daf blaːbn nɔr far ʦvaj, draj hˈindərt jidn.
253_162327_0392|וויפיל מ'קען בויען, "בעשרה מאמרות נברא העולם", מ'קען בויען וועלטן קען מען בויען מיט יעדע מאמר.|vˈifil mˈɛkən bˈoʊən, bˈɛʃrə mˈamris nbra hˈɛilm mˈɛkən bˈoʊən vɛltn kɛn mɛn bˈoʊən mit jˈɛdə mˈaːmər.
253_162327_0393|מיט איין גוט ווארט וויפיל מ'קען בויען. אקעגן דעם קען דאך ליידער זיין, ווי צדיקים זאגן, "כי באפם הרגו איש", מיט א דריי פון די נאז קען מען חס ושלום הרג'ענען א מענטש.|mit ajn ɡit vɔrt vˈifil mˈɛkən bˈoʊən. akˈɛɡn dejm kɛn dɔx lˈajdər zaːn, vi ʦdˈikim zuɡn, ki bafm hˈarɡi iʃ mit a draj fin də nɔz kɛn mɛn xas ˈiʃlim hˈarɡənən a mɛnʧ.
253_162327_0394|אבער וויפיל מ'קען מיט איין גוט ווארט, וויפיל מ'קען בויען, עולמות קען מען בויען מיט א גוט ווארט.|ˈɔbər vˈifil mˈɛkən mit ajn ɡit vɔrt, vˈifil mˈɛkən bˈoʊən, ɔjlˈumɔjs kɛn mɛn bˈoʊən mit a ɡit vɔrt.
253_162327_0396|די מעשה ווערט געברענגט אין ספר מאמר מרדכי פון רבי מאטל סלאנימער זכר צדיק לברכה.|də mˈaːsə virt ɡəbrˈɛnɡt in sˈajfər mˈaːmər mˈurtxə fin rˈɛbə matl slˈanimər zˈajxər ʦˈadik livrˈuxə.
253_162327_0397|ער ברענגט א מורא'דיגע מעשה, אז ס'איז געווען א איד, א תלמיד חכם, א רב אין א שטעטל, וואס האט געמאכט תקיעת כף מיט זיין חבר, אז נאכדעם|ɛr brɛnɡt a mˈiradiɡə mˈaːsə, az siz ɡəvˈejn a jid, a tˈalmid xˈuxəm, a ruv in a ʃtɛtl, vus hut ɡəmˈaxt tkˈias kuf mit zaːn xˈavər, az nuxdˈejm
253_162327_0398|וועט ער אים קומען דערציילן מה נעשה בדינו. אריבערגעגאנגען א שטיק צייט, איז ער געקומען דערציילן זיין חבר אין חלום, ער זאגט אים אזוי, זאלסט וויסן,|vɛt ɛr ejm kˈimən dərʦˈajln mɛ nˈɛʃə bdˈini. arˈibərɡəɡanɡən a ʃtik ʦaːt, iz ɛr ɡəkˈimən dərʦˈajln zaːn xˈavər in xˈuləm, ɛr zuɡt ejm azˈɔj, zulst visn,
253_162327_0399|איך בין אנגעקומען אויבן אין הימל, אבער ס'איז געווען אויף מיר א גרויסע טענה. איך בין געווען א דיין, און איך האב איינמאל גענומען שוחד. די סיבה איז געווען,|ix bin ˈunɡəkimən ɔjbn in himl, ˈɔbər siz ɡəvˈejn oʊf mir a ɡrˈɔjsə tˈaːnə. ix bin ɡəvˈejn a daːn, in ix hub ˈajnmul ɡənˈimən ʃˈɔjxəd. də sˈibə iz ɡəvˈejn,
253_162327_0400|ס'איז געווען א דין תורה, און איינער פון די בעלי דינים האט מיר אריינגערוקט שוחד. די מצב ביי מיר אין שטוב איז געווען דעמאלטס אזוי שווער, די עניות ודחקות,|siz ɡəvˈejn a din tˈɔjrə, in ˈajnər fin də baˈali dˈinim hut mir arˈaːnɡərikt ʃˈɔjxəd. də mˈaʦəv baː mir in ʃtib iz ɡəvˈejn dˈɛmalʦ azˈɔj ʃvir, də anˈijus ˈidxkis,
253_162327_0401|איך האב נישט געקענט עומד זיין בנסיון, איך האב גענומען די שוחד. איך האב פרובירט צו פסק'ענען ווי די תורה זאגט. איך ווייס נישט צו איך האב יא געפסק'נט ריכטיג צו נישט,|ix hub niʃt ɡəkˈɛnt imd zaːn bnsjin, ix hub ɡənˈimən də ʃˈɔjxəd. ix hub prˈibirt ʦi pˈaskənən vi də tˈɔjrə zuɡt. ix vajs niʃt ʦi ix hub ju ɡəpˈasknt rˈixtiɡ ʦi niʃt,
253_162327_0402|אבער על כל פנים די איסור פון לא תיקח שוחד האב איך עובר געווען, און אויף דעם האט מען מיר אריינגעשטעלט אין גיהנום. ס'איז געווען געפערליך אין גיהנום,|ˈɔbər al kɔl pˈunəm də ˈisər fin lɔj tikx ʃˈɔjxəd hub ix ibr ɡəvˈejn, in oʊf dejm hut mɛn mir arˈaːnɡəʃtəlt in ɡˈinim. siz ɡəvˈejn ɡəfˈɛrləx in ɡˈinim,
253_162327_0403|איך בין געווען דארטן טעג און וואכן, איך האב עס נישט געקענט אויסהאלטן.|ix bin ɡəvˈejn dɔrtn tejɡ in vɔxn, ix hub ɛs niʃt ɡəkˈɛnt ˈoʊshaltn.
253_162327_0404|איין טאג זאגט מיר א מלאך, ווייסטו וואס? אויב דו ווילסט ארויסגיין פון די געהיצן גיהנום, זעסט דא אינדרויסן איז דא א גרויסע מגדל,|ajn tuɡ zuɡt mir a mˈaləx, vˈajsti vus ? ɔjb di vilst arˈoʊzɡajn fin də ɡəhˈiʦn ɡˈinim, zɛst du ˈindroʊsn iz du a ɡrˈɔjsə mɡˈadajl,
253_162327_0405|א גרויסע טורעם, א גרויסע מגדל וואס איז געבויט. זאלסט וויסן אז דער מגדל איז געבויט געווארן, פון דיין נעמען שוחד איז דאס געבויט געווארן.|a ɡrˈɔjsə tˈirəm, a ɡrˈɔjsə mɡˈadajl vus iz ɡəbˈoʊt. zulst visn az dɛr mɡˈadajl iz ɡəbˈoʊt ɡəvˈɔrn, fin daːn nˈɛmən ʃˈɔjxəd iz dus ɡəbˈoʊt ɡəvˈɔrn.
253_162327_0406|אויב דו וועסט גיין צוברעכן דעם מגדל, וועט זיין א סימן אז דו ביסט נתכפר געווארן, וועסטו קענען אריינגיין אין גן עדן.|ɔjb di vɛst ɡajn ʦˈibrəxn dejm mɡˈadajl, vɛt zaːn a sˈimən az di bist niskˈapajr ɡəvˈɔrn, vˈɛsti kˈɛnən arˈaːnɡajn in ɡan ɛdn.
253_162327_0407|און דער מלאך פון די גיהנום דארטן געבט אים א קליין האמערל, א קליין האמערל, ער זאגט אים, מיט דעם האמערל קענסטו צוברעכן דעם מגדל.|in dɛr mˈaləx fin də ɡˈinim dɔrtn ɡɛbt ejm a klajn hˈamərl, a klajn hˈamərl, ɛr zuɡt ejm, mit dejm hˈamərl kˈɛnsti ʦˈibrəxn dejm mɡˈadajl.
253_162327_0408|ער זאגט, איך האב זיך אוועקגעזעצט לעבן דעם מגדל, איך האב געטראכט ביי מיר, אוי לי ואוי לנפשי,|ɛr zuɡt, ix hub zix avˈɛkɡəzəʦt lejbn dejm mɡˈadajl, ix hub ɡətrˈaxt baː mir, ɔj li ˈiɔj lnfʃi,
253_162327_0409|ס'וועט מיר נעמען צענדליגער יארן צו מער צו צוברעכן אזא מגדל מיט אזא קליינע האמערל. וואס ווארט מען אפ?|svɛt mir nˈɛmən ʦəndlˈiɡər jurn ʦi mɛr ʦi ʦˈibrəxn azˈa mɡˈadajl mit azˈa klˈajnə hˈamərl. vus vɔrt mɛn ɔp ?
253_162327_0410|אזויפיל דארף איך זיך מוטשענען וועגן די איין שוחד וואס איך האב גענומען? איך האב ממש אנגעהויבן צו וויינען. נאך א שטיק צייט וואס איך האב געוויינט, האב איך זיך געגעבן א כאפ, איך האב געזאגט,|ˈazɔjfil daf ix zix mˈiʧənən vejɡn də ajn ʃˈɔjxəd vus ix hub ɡənˈimən ? ix hub mˈamiʃ ˈunɡəhɔjbn ʦi vˈajnən. nux a ʃtik ʦaːt vus ix hub ɡəvˈajnt, hub ix zix ɡəɡˈɛbn a xɔp, ix hub ɡəzˈuɡt,
253_162327_0411|א רגע, איך האב דאך צוגעוואוינט מיין גאנץ לעבן אז איך דין דעם אייבערשטן, איך דין דעם אייבערשטן מיט א תמימות, מיט א פשטות. וואס ער זאגט טו איך,|a rˈɛɡə, ix hub dɔx ʦˈiɡəvɔjnt maːn ɡanʦ lejbn az ix din dejm ˈajbərʃtn, ix din dejm ˈajbərʃtn mit a tmˈimɔjs, mit a pˈaʃtis. vus ɛr zuɡt ti ix,
253_162327_0412|פארשטיי איך, פארשטיי איך נישט, טו איך אויכעט, און אפילו ווען איך פארשטיי ווייס איך אז אסאך מער ווי איך פארשטיי. איך האב נישט פארשטאנען.|farʃtˈaj ix, farʃtˈaj ix niʃt, ti ix ˈɔjxət, in afˈilə vɛn ix farʃtˈaj vajs ix az ˈasax mɛr vi ix farʃtˈaj. ix hub niʃt farʃtˈanən.
253_162327_0413|איך האב געגעסן מצה פסח ווייל אזוי הייסט דער אייבערשטער, איך האב געלייגט תפילין יעדן טאג ווייל אזוי הייסט דער אייבערשטער, אזוי האב איך געטון אלעס. נו,|ix hub ɡəɡˈɛsn mˈaʦə pˈajsəx vaːl azˈɔj hajst dɛr ˈajbərʃtər, ix hub ɡəlˈajɡt tfiln jejdn tuɡ vaːl azˈɔj hajst dɛr ˈajbərʃtər, azˈɔj hub ix ɡətˈin ˈaləs. ni,
253_162327_0414|אויב יעצט וויל דער אייבערשטער פון מיר אז מיין תפקיד זאל זיין איך זאל צוברעכן דעם מגדל מיט דעם האמערל, און דאס איז די ציווי השם וואס דער אייבערשטער וויל פון מיר, פארשטיי איך יא,|ɔjb jɛʦt vil dɛr ˈajbərʃtər fin mir az maːn tˈafkid zul zaːn ix zul ʦˈibrəxn dejm mɡˈadajl mit dejm hˈamərl, in dus iz də ʦˈivi haʃˈɛm vus dɛr ˈajbərʃtər vil fin mir, farʃtˈaj ix ju,
253_162327_0415|פארשטיי איך נישט. און אזוי איז ער צוגעגאנגען מיט א ברען, און ער האט גענומען דעם האמערל און האט אנגעהויבן צוקלאפן. און ווי האט ער געגעבן איין זעץ מיט דעם האמערל?|farʃtˈaj ix niʃt. in azˈɔj iz ɛr ʦˈiɡəɡanɡən mit a brɛn, in ɛr hut ɡənˈimən dejm hˈamərl in hut ˈunɡəhɔjbn ʦˈiklafn. in vi hut ɛr ɡəɡˈɛbn ajn zɛʦ mit dejm hˈamərl ?
253_162327_0416|איז די גאנצע מגדל האט זיך צעברעקלט, און ס'איז געווארן אינגאנצן אויס. און ער איז געקומען דערציילן דאס פאר זיין חבר בחלום, אז א איד,|iz də ɡˈanʦə mɡˈadajl hut zix ʦəbrˈɛklt, in siz ɡəvˈɔrn inɡˈanʦn oʊs. in ɛr iz ɡəkˈimən dərʦˈajln dus far zaːn xˈavər baxˈalɔjm, az a jid,
253_162327_0417|אז ער האט געוויינט זיך צו תמים תהיה עם ה' אלקיך, ער דינט דעם אייבערשטן מיט א תמימות, טראכט יעדן טאג וועגן די היינטיגע טאג, וואס האב איך יעצט צו טון?|az ɛr hut ɡəvˈajnt zix ʦi tˈumim tˈihjɛ ejm haj ˈalkix, ɛr dint dejm ˈajbərʃtn mit a tmˈimɔjs, traxt jejdn tuɡ vejɡn də hˈajntiɡə tuɡ, vus hub ix jɛʦt ʦi tin ?
253_162327_0418|ער טוט עס מיט א פשיטות און מיט א תמימות, איז ער זוכה אז אזוי באגלייט אים עס אויך נאך הונדערט און צוואנציג,|ɛr tit ɛs mit a fʃˈitis in mit a tmˈimɔjs, iz ɛr zˈixə az azˈɔj baɡlˈajt ejm ɛs ɔjx nux hˈindərt in ʦvˈanʦiɡ,
253_162327_0420|מסיים זיין מיט א מעשה. פאר איך דערצייל די מעשה,|msajm zaːn mit a mˈaːsə. far ix dˈɛrʦajl də mˈaːsə,
253_162327_0421|וויל איך איבערזאגן וואס ס'שטייט, דער נביא זאגט אין ירמיה אז ט' בתמוז איז געשפאלטן געווארן חומת ירושלים,|vil ix ˈibərzuɡn vus sʃtajt, dɛr nˈuvi zuɡt in ˈirmi az t bsˈamiz iz ɡəʃpˈaltn ɡəvˈɔrn xˈɔjmas jəruʃulˈajim,
253_162327_0422|הובקעה העיר איז געווען ט' בתמוז. די גמרא פרעגט שוין, אז אונז ווייסן מיר אז שבעה עשר בתמוז, דעמאלטס איז געווען הובקעה העיר,|hˈibkə hajr iz ɡəvˈejn t bsˈamiz. də ɡəmˈurə frɛɡt ʃɔjn, az inz vajsn mir az ʒbə ɛʃr bsˈamiz, dˈɛmalʦ iz ɡəvˈejn hˈibkə hajr,
253_162327_0423|סיי ביי בית המקדש הראשון, סיי ביי בית המקדש השני,|saj baː bajs hamˈikduʃ hˈuriʃn, saj baː bajs hamˈikduʃ hʃni,
253_162327_0424|און די גמרא וויל זאגן אין בבלי אז נאר בית המקדש השני איז געווען י"ז תמוז. אבער אין ירושלמי ענטפערט די גמרא אז ניין,|in də ɡəmˈurə vil zuɡn in bˈavli az nɔr bajs hamˈikduʃ hʃni iz ɡəvˈejn jid zˈajən tˈamiz. ˈɔbər in jəriʃˈalmi ˈɛntfərt də ɡəmˈurə az najn,
253_162327_0425|אין אמת'ן אריין איז אויך ביי בית ראשון געווען י"ז בתמוז. נאר וויבאלד אידן זענען דעמאלטס אריבער אזויפיל צרות, האבן זיי פארלוירן די חשבון פון די טעג,|in ˈɛməsn arˈaːn iz ɔjx baː bajs riʃn ɡəvˈejn jid zˈajən bsˈamiz. nɔr vˈibald jidn zˈɛnən dˈɛmalʦ arˈibər ˈazɔjfil ʦˈurɔjs, hubn zaj farlˈɔjrn də xˈɛʃbɔjn fin də tejɡ,
253_162327_0426|נתקלקל החשבון זאגט דער ירושלמי, און וועגן דעם האבן זיי געמיינט אז ס'איז געווען ט' תמוז,|nsklkl haxˈɛʃbɔjn zuɡt dɛr jəriʃˈalmi, in vejɡn dejm hubn zaj ɡəmˈajnt az siz ɡəvˈejn t tˈamiz,
253_162327_0427|מ'האט פארלוירן חשבון אויף די טעג פון אזויפיל צרות אין יסורים וואס אידישע קינדער זענען אריבער.|mhut farlˈɔjrn xˈɛʃbɔjn oʊf də tejɡ fin ˈazɔjfil ʦˈurɔjs in jəsˈirim vus jˈidiʃə kˈindər zˈɛnən arˈibər.
253_162327_0429|און צו ווייזן אז וויבאלד יודן האבן עס קובע געווען אויף דעם טאג, טאקע מחמת די געוואלדיגע צרות וואס זיי זענען אריבער,|in ʦi vajzn az vˈibald jidn hubn ɛs kˈibə ɡəvˈejn oʊf dejm tuɡ, tˈakə majxˈamas də ɡəvˈaldiɡə ʦˈurɔjs vus zaj zˈɛnən arˈibər,
253_162327_0430|האט די תורה געוואלט אז ס'זאל בלייבן פארשריבן אויף דעם טאג. אבער דא געבט אונז דער נביא ארויס וויפיל שטארקע יסורים אידישע קינדער זענען אריבער.|hut də tˈɔjrə ɡəvˈɔlt az szul blaːbn farʃrˈibn oʊf dejm tuɡ. ˈɔbər du ɡɛbt inz dɛr nˈuvi arˈoʊs vˈifil ʃtˈarkə jəsˈirim jˈidiʃə kˈindər zˈɛnən arˈibər.
253_162327_0431|למעשה איז געווען אין אמעריקע איז געווען א יוד ער האט געהייסן רבי דוד אלעווסקי, ער איז געווען א גערער חסיד, און ער האט געבויעט,|ləmˈaːsə iz ɡəvˈejn in amˈɛrikə iz ɡəvˈejn a jid ɛr hut ɡəhˈajsn rˈɛbə dˈuvid ˈaləvski, ɛr iz ɡəvˈejn a ɡərˈɛr xˈusid, in ɛr hut ɡəbˈɔjət,
253_162327_0432|אין אמעריקע האט ער געבויעט א גערער ישיבה, און ער איז אנגעקומען צו א איד,|in amˈɛrikə hut ɛr ɡəbˈɔjət a ɡərˈɛr jəʃˈivə, in ɛr iz ˈunɡəkimən ʦi a jid,
253_162327_0433|און דער איד איז געווען א איד וואס האט דורכגעלעבט די שואה, נעבעך פארלוירן דארטן די בני בית מיט די אלע קינדער זיינע,|in dɛr jid iz ɡəvˈejn a jid vus hut dˈirxɡəlejbt də ʃˈia, nˈɛbəx farlˈɔjrn dɔrtn də bnaj bajs mit də ˈalə kˈindər zˈaːnə,
253_162327_0434|און ער האט גערינט ביי אים א שיינע נתינה, יענער האט געגעבן א שטאק. פאר דעם בנין וואס מ'האט געבויעט דארטן,|in ɛr hut ɡərˈint baː ejm a ʃˈajnə nəsˈinə, jˈɛnər hut ɡəɡˈɛbn a ʃtak. far dejm bˈiniən vus mhut ɡəbˈɔjət dɔrtn,
253_162327_0435|די נייע ישיבה האט ער געגעבן א שטאק. ס'איז געקומען און מ'איז געגאנגען מחנך זיין דעם בנין פון די ישיבה,|də nˈaːjə jəʃˈivə hut ɛr ɡəɡˈɛbn a ʃtak. siz ɡəkˈimən in miz ɡəɡˈanɡən maxanˈɛxu zaːn dejm bˈiniən fin də jəʃˈivə,
253_162327_0436|האט אים רבי דוד געלאזט רופן דעם איד וואס האט אוועקגעגעבן פון זיין געלט אז מ'זאל קענען בויען א גאנצע שטאק. און ער האט אים געזאגט, קוק, איך וויל אויפהענגען א גרויסע טבל,|hut ejm rˈɛbə dˈuvid ɡəlˈɔzt rifn dejm jid vus hut avˈɛkɡəɡejbn fin zaːn ɡɛlt az mzul kˈɛnən bˈoʊən a ɡˈanʦə ʃtak. in ɛr hut ejm ɡəzˈuɡt, kik, ix vil ˈɔjfhənɡən a ɡrˈɔjsə tbl,
253_162327_0437|דארט זאל שטיין אז דו האסט מנדב געווען, און לזכרון עולם בהיכל ה', מ'זאל אים מנצח זיין דארטן. דיין רעבעצין, דיינע קינדער,|dɔrt zul ʃtajn az di hust mənˈadəv ɡəvˈejn, in ləzˈikurn ˈɔjləm bhixl haj mzul ejm mnaʦˈajxa zaːn dɔrtn. daːn rˈɛbəʦin, dˈaːnə kˈindər,
253_162327_0438|האט ער אים אנגעהויבן צו בעטן ער זאל אים זאגן די נעמען.|hut ɛr ejm ˈunɡəhɔjbn ʦi bejtn ɛr zul ejm zuɡn də nˈɛmən.
253_162327_0439|און דער איד קומט אריבער, און ער הייבט אן צו שמועסן מיט אים. קודם זאגט ער דעם נאמען פון זיין פרוי, שרייבט ער אראפ דעם נאמען פון זיין געוועזענע פרוי. שפעטער זאגט ער, נו,|in dɛr jid kimt arˈibər, in ɛr hajbt un ʦi ʃmˈiəsn mit ejm. kˈɔjdəm zuɡt ɛr dejm nˈumən fin zaːn frɔj, ʃraːbt ɛr arˈup dejm nˈumən fin zaːn ɡəvˈɛzənə frɔj. ʃpˈejtər zuɡt ɛr, ni,
253_162327_0440|לאמיר גיין, וויפיל קינדער האסטו געהאט? זעקס קינדער. וואו האט געהייסן די ערשטע קינד? זאגט ער אים זיין נאמען. פרעגט ער אים, וואו האט געהייסן די צווייטע קינד?|lˈɔmir ɡajn, vˈifil kˈindər hˈusti ɡəhˈat ? zɛks kˈindər. vi hut ɡəhˈajsn də ˈɛrʃtə kind ? zuɡt ɛr ejm zaːn nˈumən. frɛɡt ɛr ejm, vi hut ɡəhˈajsn də ʦvˈajtə kind ?
253_162327_0441|און דער איד בלייבט שטיל. ער ענטפערט נישט, און ער פרובירט זיך צו דערמאנען, און ער זעט אז ס'גייט נישט. זאגט אים רבי דוד,|in dɛr jid blaːbt ʃtil. ɛr ˈɛntfərt niʃt, in ɛr prˈibirt zix ʦi dərmˈanən, in ɛr zejt az sɡajt niʃt. zuɡt ejm rˈɛbə dˈuvid,
253_162327_0442|דו געדענקסט נישט ווי דיין צווייטע קינד האט געהייסן? זאגט ער, ניין. און דיין דריטע קינד? זאגט ער, איך געדענק נישט. און דיין פערטע קינד?|di ɡədˈɛnkst niʃt vi daːn ʦvˈajtə kind hut ɡəhˈajsn ? zuɡt ɛr, najn. in daːn drˈitə kind ? zuɡt ɛr, ix ɡədˈɛnk niʃt. in daːn fˈɛrtə kind ?
253_162327_0443|אזוי נעבעך האט דער איד געזאגט.|azˈɔj nˈɛbəx hut dɛr jid ɡəzˈuɡt.
253_162327_0444|זאגט אים רבי דוד, קענסטו מיר מסביר זיין וואס דאס מיינט? זאגט ער אויף צוריק,|zuɡt ejm rˈɛbə dˈuvid, kˈɛnsti mir mazbˈir zaːn vus dus majnt ? zuɡt ɛr oʊf ʦirˈik,
253_162327_0445|דו האסט א השגה וואספארא עינוים אונז זענען מיר אריבערגעגאנגען דארטן ביי די שואה? דאס אז איך בין געבליבן ביים זינען איז א נס!|di hust a hasˈuɡə vˈasfara ˈajnɔjm inz zˈɛnən mir arˈibərɡəɡanɡən dɔrtn baː də ʃˈia ? dus az ix bin ɡəblˈibn bam zˈinən iz a nɛs !
253_162327_0446|וואונדערסטו זיך אז איך געדענק נישט די נעמען פון מיינע קליינע קינדער? און אזוי האבן זיי אנגעהויבן ביידע צו וויינען, וואספארא צרות און יסורים אידישע קינדער זענען אריבער. נתקלקל,|vˈindərsti zix az ix ɡədˈɛnk niʃt də nˈɛmən fin mˈaːnə klˈajnə kˈindər ? in azˈɔj hubn zaj ˈunɡəhɔjbn bˈajdə ʦi vˈajnən, vˈasfara ʦˈurɔjs in jəsˈirim jˈidiʃə kˈindər zˈɛnən arˈibər. nsklkl,
253_162327_0447|דער גאנצער מוח איז צערודערט געווארן. האט אבער שפעטער רבי דוד'ל לעלובער געזאגט, רבונו של עולם,|dɛr ɡˈanʦər mˈɔjxa iz ʦərˈidərt ɡəvˈɔrn. hut ˈɔbər ʃpˈejtər rˈɛbə didl lˈɛlibər ɡəzˈuɡt, rbˈini ʃɛl ˈɔjləm,
253_162327_0450|רבונו של עולם, דיין נאמען האבן מיר נישט פארגעסן.|rbˈini ʃɛl ˈɔjləm, daːn nˈumən hubn mir niʃt faːrɡˈɛsn.
253_162327_0451|אידישע קינדער אין יעדן מצב ווען זיי זענען געקומען דארטן, ווי שוואך אידן זענען נאר געווען,|jˈidiʃə kˈindər in jejdn mˈaʦəv vɛn zaj zˈɛnən ɡəkˈimən dɔrtn, vi ʃvax jidn zˈɛnən nɔr ɡəvˈejn,
253_162327_0453|אידישע קינדער האבן געוואוסט אין יעדן צייט אז דער אייבערשטער איז מיט זיי. אידן זיצן און מ'קלאגט אויף'ן חורבן,|jˈidiʃə kˈindər hubn ɡəvˈist in jejdn ʦaːt az dɛr ˈajbərʃtər iz mit zaj. jidn ziʦn in mklaɡt ɔjfn xirbn,
253_162327_0454|זיי ווייסן אז דער אייבערשטער האט נישט פארגעסן פון אונז. דער אייבערשטער איז מיט אידישע קינדער, "עוד ידו נטויה עלינו", ער זאל אונז אויסלייזן. "שמך לא שכחנו",|zaj vajsn az dɛr ˈajbərʃtər hut niʃt faːrɡˈɛsn fin inz. dɛr ˈajbərʃtər iz mit jˈidiʃə kˈindər, id ˈidi ntˈɔjə ulˈajni ɛr zul inz ˈoʊslajzn. ʃˈimxu lɔj ʃxni
253_162327_0456|האט דער רבי ז"ל געטייטשט, יעדער איד דארף זיך פרעגן, ווען וועל איך בויען מיין חלק אין בנין בית המקדש השלישי,|hut dɛr rˈɛbə zal ɡətˈajʧt, jˈɛdər jid daf zix frɛɡn, vɛn vɛl ix bˈoʊən maːn xˈajlək in bˈiniən bajs hamˈikduʃ hʃlˈiʃi,
253_162327_0457|שיבנה במהרה בימינו בביאת משיח צדקינו, אמן.|ʃˈibnə bimhˈajrə bˈimini bvˈias mˈuʃiəx ʦdkˈini, ˈumajn.
254_126332_0000|די היינטיגע שיעור איז נדבת הרב החסיד ר' מאיר חיים גרינבוים ומשפחתו שיחיו. האלטן מיר דא שיעור אור החיים הקדוש פרשת צו.|də hˈajntiɡə ʃˈiər iz ndbs harˈaːv haxˈusid rajʃ mˈajər xˈajim ɡrˈinbɔjm ˈimʃpxsi ʃɛjixˈɛju. haltn mir du ʃˈiər ɔjr haxˈajim hakˈudəʃ pˈarʃis ʦi.
254_126332_0002|און אינמיטן, ביי די צווייטע שטיקל, פאנגט זיך אן א שטיקל "בדרך רמז תרמוז".|in ˈinmitn, baː də ʦvˈajtə ʃtikl, fanɡt zix un a ʃtikl bˈɛdərəx rˈɛməz srmiz
254_126332_0003|האט ער דא א שטיקל פאר זיך, א שיינע יסוד'דיגע שטיקל אין אור החיים הקדוש, וואס ער איז מרמז אין די פסוקים די גאנצע מצב פון אונזער גלות וגאולה.|hut ɛr du a ʃtikl far zix, a ʃˈajnə ˈisidiɡə ʃtikl in ɔjr haxˈajim hakˈudəʃ, vus ɛr iz mrˈamajz in də psˈikim də ɡˈanʦə mˈaʦəv fin ˈinzər ɡˈuləs ˈiɡilə.
254_126332_0004|דאס איז טאקע דבר בעתו, צו איז אלעמאל פאר פסח, וואס די גאנצע ענין פון פסח איז מן החירותינו, מ'גייט אריין אין מצרים, מתחילה עובדי עבודה זרה היו אבותינו, מ'גייט אריין אין א גלות הגוף, אין א גלות הנשמה, און שפעטער ועכשיו קרבנו, מ'קומט ארויס פון דארט.|dus iz tˈakə dˈuvur bˈitɔj, ʦi iz ˈaləmal far pˈajsəx, vus də ɡˈanʦə ˈinjən fin pˈajsəx iz min haxajrisˈajni, mɡajt arˈaːn in miʦrˈajim, masxˈilə ˈibdi avˈɔjdə zˈurə hji avɔjsˈajni, mɡajt arˈaːn in a ɡˈuləs hɡif, in a ɡˈuləs hanʃˈumə, in ʃpˈejtər ˈiəxʃji krbni, mkimt arˈoʊs fin dɔrt.
254_126332_0006|ס'קומט אונז טרייסטן און מחזק זיין פון די צובראכנקייט אין וואס מיר געפינען זיך. "כי כל איש ישראל מאן הוא ינחם נפשו", ווער איז דער וואס וועט אים טרייסטן?|skimt inz trajstn in mxˈazajk zaːn fin də ʦˈibraxnkaːt in vus mir ɡəfˈinən zix. ki kɔl iʃ jisrˈuəl mun hˈia jnˈaxajm nfʃi vɛr iz dɛr vus vɛt ejm trajstn ?
254_126332_0007|יעדער אידיש קינד, ער וויל זיך נישט מנחם זיין, ס'איז שווער זיך צו טרייסטן, "בראותו אורח הגלות". מ'זעט און מ'קוקט זיך צו אורח הגלות.|jˈɛdər jˈidiʃ kind, ɛr vil zix niʃt mnˈaxajm zaːn, siz ʃvir zix ʦi trajstn, brˈisi ɔjrˈajxa hˈaɡlɔjs mzejt in mkikt zix ʦi ɔjrˈajxa hˈaɡlɔjs.
254_126332_0008|"נראה למי דומה", לאמיר זען צו וועלכע גלות איז אונזער גלות דומה. "למצרים ת'", מצרים איז געווען פיר הונדערט יאר מיט אלע חשבונות צוזאמען. "לבבל ע'", נאך זיבעציג.|nra lmi dˈimə lˈɔmir zejn ʦi vˈɛlxə ɡˈuləs iz ˈinzər ɡˈuləs dˈimə. lmʦrim tuf miʦrˈajim iz ɡəvˈejn fir hˈindərt jur mit ˈalə xɛʃbˈɔjnɔjs ʦizˈamən. ləbˈuvəl ɛ nux zˈibəʦiɡ.
254_126332_0009|"לשניהם יחד ת"ע", איז געווען סך הכל פיר הונדערט זיבעציג.|lʃnim jˈaxad tuf ˈajən iz ɡəvˈejn sax hakl fir hˈindərt zˈibəʦiɡ.
254_126332_0010|"והנה היום אלף ותרע"ב", און היינט האלט מען שוין טויזנט זעקס הונדערט און צוויי און זיבעציג.|ˈinə hˈaːəm alf vuv tuf rajʃ ˈajən bajs in haːnt halt mɛn ʃɔjn toʊznt zɛks hˈindərt in ʦvaj in zˈibəʦiɡ.
254_126332_0011|דאס איז ווען דער אור החיים הקדוש שרייבט עס, אומגעפער א גוטע דריי הונדערט יאר צוריק. "מה איחל עוד", ווי לאנג וועל איך ווארטן און האפן?|dus iz vɛn dɛr ɔjr haxˈajim hakˈudəʃ ʃraːbt ɛs, ˈumɡəfər a ɡˈitə draj hˈindərt jur ʦirˈik. mɛ ixl id vi laːnɡ vɛl ix vartn in hafn ?
254_126332_0013|וואס טראכט מען? מ'זעט "כי שפת אמת לא הוכרעה בקינות והאריכה לשון שקר". איז ער בויעט עס דא,|vus traxt mɛn ? mzejt ki sfas ˈɛməs lɔj hˈixrə bəkˈinɔjs ˈiharixə luʃn ʃˈɛkər iz ɛr bˈɔjət ɛs du,
254_126332_0014|ס'איז בלשון מליצה אויפ'ן פסוק אין משלי י"ב וואס שטייט "שפת אמת תכון לעד".|siz blʃin məlˈiʦə afn pˈusik in mˈiʃlə jid bajs vus ʃtajt sfas ˈɛməs tˈikiən lɛd
254_126332_0015|דאס איז על פי די זוהר הקדוש וואס איז אזוי מסביר אז "שפת אמת תכון לעד" שטייט אלעמאל, "ועד ארגיעה לשון שקר".|dus iz al pi də zˈɔjər hakˈudəʃ vus iz azˈɔj mazbˈir az sfas ˈɛməs tˈikiən lɛd ʃtajt ˈaləmal, ˈiəd ˈarɡiə luʃn ʃˈɛkər
254_126332_0016|דאס מיינט אז מענטשן זעען אז די שפת אמת איז נישט אוועקגעשטעלט. און ווייטער, די שקר, דאס איז מאריך, והריחה לשון שקר. די שקר,|dus majnt az mɛnʧn zˈɛən az də sfas ˈɛməs iz niʃt avˈɛkɡəʃtəlt. in vˈaːtər, də ʃˈɛkər, dus iz mˈaːrəx, ˈirixə luʃn ʃˈɛkər. də ʃˈɛkər,
254_126332_0017|אונז זענען מיר יעצט אין אן עולם פון שקר, און ווי לאנג גייט מען נאך זיין איינגעזונקען אזוי? "ובא הצופה ומעבד הצופה".|inz zˈɛnən mir jɛʦt in un ˈɔjləm fin ʃˈɛkər, in vi laːnɡ ɡajt mɛn nux zaːn ˈajnɡəzinkən azˈɔj ? ˈiba hʦˈifə ˈiməbd hʦˈifə
254_126332_0019|"והודיע למשה נזרעו ישראל", ער האט זיי געלאזט וויסן אז מ'זאל אנזאגן אידישע קינדער בראשם, פאר וועמען? בני תורה.|ˈihidiə lmˈɔjʃə nzrˈɛi jisrˈuəl ɛr hut zaj ɡəlˈɔzt visn az mzul ˈunzuɡn jˈidiʃə kˈindər braʃm, far vˈɛmən ? bnaj tˈɔjrə.
254_126332_0020|"שפתי כהן", די וואס האבן די שפראך, שפתי מיינט די שפתים, די ליפן, וואס זיי קענען משפיע זיין און לערנען תורה, מרביץ תורה זיין מיט אידישע קינדער.|sfˈusaj kˈɔjhajn də vus hubn də ʃprax, sfˈusaj majnt də ʃpsim, də lipn, vus zaj kˈɛnən mʃpˈiə zaːn in lˈirnən tˈɔjrə, mrbiʦ tˈɔjrə zaːn mit jˈidiʃə kˈindər.
254_126332_0021|"אשר תורה יבקשו מפיהם", וואס מ'פרעגט און מ'הערט פון זיי תורה און חיזוק, וואס דאס איז דעמאלטס געווען אהרן ובניו, האט ער זיי געבעטן, גיי זאג זיי "להודיע לדורות את הדבר הזה".|ˈuʃər tˈɔjrə ˈibkʃi mfim vus mfrɛɡt in mhɛrt fin zaj tˈɔjrə in xˈizək, vus dus iz dˈɛmalʦ ɡəvˈejn arn ˈibnji, hut ɛr zaj ɡəbˈejtn, ɡaj zuɡ zaj lhˈidiə ladˈɔjrɔjs ɛs hadˈuvur hˈazə
254_126332_0022|לאמיר הערן וואס ער זאגט.|lˈɔmir hirn vus ɛr zuɡt.
254_126332_0023|און דאס איז וואס דער אייבערשטער זאגט פאר משה רבינו זאל איבערגעבן "צו את אהרן ואת בניו לאמר", פאר די וואס גייען משפיע זיין. זאגט ער, "זאת תורת העולה".|in dus iz vus dɛr ˈajbərʃtər zuɡt far mˈɔjʃə rbˈini zul ˈibərɡəbən ʦi ɛs arn vɛs bnji lˈajmər far də vus ɡˈajən mʃpˈiə zaːn. zuɡt ɛr, zɔjs tˈɔjras hˈɛilə
254_126332_0024|וואס מיינט עס? "אמר זאת", ער גייט ארויף אויף די לעצטע גלות, "למעט כל העליות שאין כמוה".|vus majnt ɛs ? ˈumar zɔjs ɛr ɡajt arˈoʊf oʊf də lˈɛʦtə ɡˈuləs, lmɛt kɔl hˈɛljis ʃaːn xmi
254_126332_0025|עולה, ס'איז נישט דא נאך א צווייטער וואס איז ראוי אז ס'איז אליינס עולה, ווייל ווער גייט ארויס פון גלות?|ˈilə, siz niʃt du nux a ʦvˈajtər vus iz rˈuə az siz alˈajns ˈilə, vaːl vɛr ɡajt arˈoʊs fin ɡˈuləs ?
254_126332_0026|מ'קומט ארויף צוריק קיין ארץ ישראל, מ'מאכט אן עליה, "וקמת ועלית", די לעצטע גלות, וואס דארט גייען מיר שוין בסיעתא דשמיא פון דארט ארויפגיין קיין ארץ ישראל.|mkimt arˈoʊf ʦirˈik kan ˈɛrəʦ jisrˈuəl, mmaxt un ˈɛli, ikms ˈiəlis də lˈɛʦtə ɡˈuləs, vus dɔrt ɡˈajən mir ʃɔjn bisjˈatu dʃmˈia fin dɔrt arˈoʊfɡajn kan ˈɛrəʦ jisrˈuəl.
254_126332_0028|דאס איז די אידן וואס זענען שוין ארויפגעגאנגען, דכתיב "מי זאת עולה מן המדבר?"|dus iz də jidn vus zˈɛnən ʃɔjn arˈoʊfɡəɡanɡən, dˈixsiv mi zɔjs ˈilə min hamˈidbur
254_126332_0029|דאס מיינט, מ'איז שוין ארויסגעגאנגען פון גלות מצרים, וואס ס'שטייט אויף די יוצאי מצרים שטייט "מי זאת עולה", און דאס איז טאקע "היא העולה".|dus majnt, miz ʃɔjn arˈoʊzɡəɡanɡən fin ɡˈuləs miʦrˈajim, vus sʃtajt oʊf də jˈiʦaː miʦrˈajim ʃtajt mi zɔjs ˈilə in dus iz tˈakə hˈia hˈɛilə
254_126332_0032|אונז זענען מיר געשלאגן מיט פארשידענע יסורים און שוועריגקייטן. איז כנגד התורה אמר "על מוקדה", שנמשלה התורה לאש. אונז זענען מיר אין א מצב פון מוקדה,|inz zˈɛnən mir ɡəʃlˈuɡn mit farʃˈidənə jəsˈirim in ʃvˈɛriɡkaːtn. iz knˈɛɡəd hatˈɔjrə ˈumar al mˈikdə ʃənˈimʃəlu hatˈɔjrə laʃ. inz zˈɛnən mir in a mˈaʦəv fin mˈikdə,
254_126332_0034|קעגן די גלות און אלע פראבלעמען ארום און ארום, אמר "על המזבח". כי היסורים מתייחסים עם שם מזבח להיותם כפרה.|kejɡn də ɡˈuləs in ˈalə prˈɔbləmən arˈim in arˈim, ˈumar al hamizbˈajxa ki hˈisirim msˈajxsim ejm ʃɛm mizbˈajxa lhjism kapˈurə.
254_126332_0035|יסורים הייסט א מזבח כפרה, וכן בלשון חכמים ווערט עס אנגערופן אזוי.|jəsˈirim hajst a mizbˈajxa kapˈurə, ixn blʃin xˈaxumim virt ɛs ˈunɡərifn azˈɔj.
254_126332_0036|איז ער וויל רעדן יעצט פון כלל ישראל, וואס זיי זענען ספעציעל מיט די צוויי זאכן. און משום זה, ווי קומט אריין דא די גלות מיט די תורה? והודיע הכתוב, די תורה לאזט אונז וויסן,|iz ɛr vil rɛdn jɛʦt fin klal jisrˈuəl, vus zaj zˈɛnən sfˈɛʦiəl mit də ʦvaj zaxn. in mˈiʃim zɛ, vi kimt arˈaːn du də ɡˈuləs mit də tˈɔjrə ? ˈihidiə hakˈusiv, də tˈɔjrə lɔzt inz visn,
254_126332_0038|וועט טאקע זיין אונזער ארויפגיין קיין ארץ ישראל און אונזער אויסגעלייזט ווערן, וועט זיין באשטימט בהפלגות המעלות,|vɛt tˈakə zaːn ˈinzər arˈoʊfɡajn kan ˈɛrəʦ jisrˈuəl in ˈinzər ˈoʊzɡəlajzt virn, vɛt zaːn baʃtˈimt bhflɡis hamaˈalɔjs,
254_126332_0041|ובאור, זאגט ער, עד מתי יהיו ישראל בגדר ב' דברים אלו? ביז ווי לאנג וועט מען זיין, אונז ווייסן, אונז זענען מיר צווישן די גוים,|ibˈir, zuɡt ɛr, ɛd mˈati ˈihji jisrˈuəl bɡˈudajr ba dvˈurim ˈali ? biz vi laːnɡ vɛt mɛn zaːn, inz vajsn, inz zˈɛnən mir ʦviʃn də ɡɔjm,
254_126332_0042|און מ'וועט זען אונזערע סימנים איז, וויאזוי זעט מען א איד? מ'דערקענט א איד איינס מיט תורה, נישטא קיין תורה ביי א גוי, תורה בגוים אל תאמין, צווייטנס ליידער דורך אונזערע יסורים, יא?|in mvɛt zejn ˈinzərə sˈimnim iz, vizˈɔj zejt mɛn a jid ? mdərkˈɛnt a jid ajns mit tˈɔjrə, niʃtˈu kan tˈɔjrə baː a ɡɔj, tˈɔjrə bɡɔjm al taˈamin, ʦvajtns lˈajdər dˈɔrəx ˈinzərə jəsˈirim, ju ?
254_126332_0043|אזוי האט ער געזאגט, "על מוקדה" מיינט תורה, "על המזבח" מיינט יסורים. ווי לאנג גייט אנגיין די שפיל? "כל הלילה", א גאנצע גלות. במשך ימי הגלות גייט מען זיך האלטן אין גלות דורך תורה,|azˈɔj hut ɛr ɡəzˈuɡt, al mˈikdə majnt tˈɔjrə, al hamizbˈajxa majnt jəsˈirim. vi laːnɡ ɡajt ˈunɡajn də ʃpil ? kɔl hlˈilə a ɡˈanʦə ɡˈuləs. bˈɛməʃəx jˈɛmaj hˈaɡlɔjs ɡajt mɛn zix haltn in ɡˈuləs dˈɔrəx tˈɔjrə,
254_126332_0044|און ליידער וועט זיין א מצב אמאל פון יסורים.|in lˈajdər vɛt zaːn a mˈaʦəv amˈul fin jəsˈirim.
254_126332_0046|ווי לאנג וועט נאך ציען די נאכט? זעט מען אז דאס איז טאקע לילה מיינט מען גלות. וכן בפסוק שטייט "לינו הלילה" דרשו ז"ל על הגלות,|vi laːnɡ vɛt nux ʦˈiən də naxt ? zejt mɛn az dus iz tˈakə lˈilə majnt mɛn ɡˈuləs. ixn bfsik ʃtajt lˈini hlˈilə drʃi zal al hˈaɡlɔjs,
254_126332_0047|איז דא א דרשה פון חז"ל, דאס איז אין זוהר חדש אויף רות, אז ס'גייט על הגלות עד הבקר, זאגט ווייטער דער פסוק, שהוא זמן וואס דעמאלטס וועט קומען די גאולה,|iz du a drˈuʃə fin xazˈal, dus iz in zˈɔjər xˈuduʃ oʊf ris, az sɡajt al hˈaɡlɔjs ɛd habˈukɛr, zuɡt vˈaːtər dɛr pˈusik, ʃhˈia zman vus dˈɛmalʦ vɛt kˈimən də ɡˈulə,
254_126332_0048|שיאיר עלינו כבודו, דער אייבערשטער וועט משפיע זיין און ווייזן אויף אונז אסאך כבוד, ואתה בקר, ס'וועט קומען,|ʃˈiaːr ulˈajni xbˈidi, dɛr ˈajbərʃtər vɛt mʃpˈiə zaːn in vajzn oʊf inz ˈasax kˈuvəd, vˈatə bˈukur, svɛt kˈimən,
254_126332_0049|ווי דער נביא זאגט טאקע "אתה בקר וגם לילה".|vi dɛr nˈuvi zuɡt tˈakə ˈatu bˈukur iɡm lˈilə
254_126332_0050|והזמן, ווען וועט זיין דער זמן? איז אינטערעסאנט, מ'ווייסט אז גדולי הצדיקים האבן מגלה געווען פארשידענע זמני פקידה, ווען ס'איז מסוגל אז משיח זאל קומען.|izmn, vɛn vɛt zaːn dɛr zman ? iz intərəsˈant, mvajst az ɡdˈili hʦdˈikim hubn mɡˈalə ɡəvˈejn farʃˈidənə zmni fkˈidə, vɛn siz mˈɛsiɡl az mˈuʃiəx zul kˈimən.
254_126332_0051|און ליידער, "עבר קציר כלה קיץ ואנחנו לא נושענו", ס'איז שוין דורך אזויפיל זמנים, "זה עידן ועידנים תהיה". רש"י ברענגט דאך אין ספר דניאל אזוי,|in lˈajdər, ˈuvər kʦir kˈalə kiʦ vaanˈaxni lɔj nˈiʃəni siz ʃɔjn dˈɔrəx ˈazɔjfil zmnim, zɛ ajdn ˈiajdnim tˈihjɛ rˈaʃi brɛnɡt dɔx in sˈajfər danˈiəl azˈɔj,
254_126332_0052|אז אסאך מאל זאגט מען א זמן ווען משיח דארף קומען און ער קען קומען, און ס'געשעט נישט, אבער מ'זאל זיך נישט מייאש זיין, זאגט רש"י, "ואנו נוחל",|az ˈasax mul zuɡt mɛn a zman vɛn mˈuʃiəx daf kˈimən in ɛr kɛn kˈimən, in sɡəʃˈɛt niʃt, ˈɔbər mzul zix niʃt mˈajaʃ zaːn, zuɡt rˈaʃi, ˈiani nixl
254_126332_0054|על כל פנים, דא זאגט ער יעצט א זמן, והזמן הוא אחר עבור ת"ק לאלף הששי,|al kɔl pˈunəm, du zuɡt ɛr jɛʦt a zman, izmn hˈia ˈaxər əbˈir tuf kif lalf hʃi,
254_126332_0055|ביז ס'וועט דורכגיין פינף הונדערט יאר אין די אלף הששי. און דאס איז טאקע בערך ווען דער אור החיים הקדוש האט געלעבט,|biz svɛt dˈirxɡajn finf hˈindərt jur in də alf hʃi. in dus iz tˈakə bəˈejrəx vɛn dɛr ɔjr haxˈajim hakˈudəʃ hut ɡəlˈejbt,
254_126332_0056|דאס איז אין די צייטן פון דעם בעל שם טוב ותלמידיו, ות"ק, מ'רעדט דא פון באלד א דריי הונדערט יאר צוריק.|dus iz in də ʦaːtn fin dejm baːl ʃɛm tɔjv vəsalmˈidujv, vuv tuf kif, mrɛdt du fin bald a draj hˈindərt jur ʦirˈik.
254_126332_0057|לפי מה, לאמיר זען ווי מאכט ער א חשבון אויף ת"ק, לפי מה שקדמונו דבריהם ז"ל שטייט אין מדרש, כי יומו של הקב"ה אלף שנה, יא, "כי אלף שנים בעיניך כיום אתמול". אויב אזוי,|lˈɛfi mɛ, lˈɔmir zejn vi maxt ɛr a xˈɛʃbɔjn oʊf tuf kif, lˈɛfi mɛ ʃkdmˈini dbrim zal ʃtajt in mˈɛdrəʃ, ki jˈimi ʃɛl haj kif bajs haj alf ʃˈunə, ju, ki alf ʃnim bˈajnix xjim ˈasmil ɔjb azˈɔj,
254_126332_0058|ווי די חז"ל זאגן אז זעקס טויזנט יאר שטייט די וועלט, מיינט עס זעקס טעג פאר'ן אייבערשטן. אויב אזוי, אזוי ווי ביי אונז איז דא א טאג וואס איז פיר און צוואנציג שעה,|vi də xazˈal zuɡn az zɛks toʊznt jur ʃtajt də vɛlt, majnt ɛs zɛks tejɡ farn ˈajbərʃtn. ɔjb azˈɔj, azˈɔj vi baː inz iz du a tuɡ vus iz fir in ʦvˈanʦiɡ ʃu,
254_126332_0059|די ערשטע צוועלף שעה איז נאכט, און די צווייטע צוועלף שעה איז טאג. די זעלבע זאך,|də ˈɛrʃtə ʦvɛlf ʃu iz naxt, in də ʦvˈajtə ʦvɛlf ʃu iz tuɡ. də zˈɛlbə zax,
254_126332_0060|אז יעדע אלף דארף מען צוטיילן כביכול ביים אייבערשטן די ערשטע פינף הונדערט יאר, וואס דאס איז דאך א האלבע טאג פאר אים, ווייל א גאנצע טאג איז טויזנט יאר.|az jˈɛdə alf daf mɛn ʦˈitajln kavˈiuxl bam ˈajbərʃtn də ˈɛrʃtə finf hˈindərt jur, vus dus iz dɔx a hˈalbə tuɡ far ejm, vaːl a ɡˈanʦə tuɡ iz toʊznt jur.
254_126332_0062|די צווייטע פינף הונדערט יאר פון יענע אלף איז די טאג שעות ביים אייבערשטן.|də ʦvˈajtə finf hˈindərt jur fin jˈɛnə alf iz də tuɡ ʃˈuəs bam ˈajbərʃtn.
254_126332_0064|והודיע ה', לאזט אונז דער אייבערשטער וויסן, דא איז מרומז אין פסוק "כי עד הבקר", ער זאגט אז ס'זאל זיין "זאת תורת העולה היא העולה על מוקדה על המזבח", א גאנצע גלות, "כל הלילה עד הבקר". ער לאזט אונז וויסן "כי עד הבקר",|ˈihidiə haj lɔzt inz dɛr ˈajbərʃtər visn, du iz mrimz in pˈusik ki ɛd habˈukɛr ɛr zuɡt az szul zaːn zɔjs tˈɔjras hˈɛilə hˈia hˈɛilə al mˈikdə al hamizbˈajxa a ɡˈanʦə ɡˈuləs, kɔl hlˈilə ɛd habˈukɛr ɛr lɔzt inz visn ki ɛd habˈukɛr
254_126332_0066|אבער איין זאך, איך ווייס נישט פונקטליך וועלכע בוקר. דער בוקר איז "אני יודע אם בוקר של אלף החמישי או בוקר של אלף הששי". אונז זענען מיר שוין אין די אלף הששי.|ˈɔbər ajn zax, ix vajs niʃt fˈinktləx vˈɛlxə bikr. dɛr bikr iz ˈani jədˈajə im bikr ʃɛl alf haxamˈiʃi i bikr ʃɛl alf hʃi inz zˈɛnən mir ʃɔjn in də alf hʃi.
254_126332_0067|ס'וואלט אבער געווען א מעגליכקייט, ס'איז שוין נישט שייך ווייל דער אור החיים הקדוש אליין שרייבט עס שוין ווען מ'איז אין די אלף הששי, אבער ווען מ'וואלט זוכה געווען, וואלט מען געקענט נאך אפאר יאר נאכן חורבן, וואלט מען געקענט שוין האבן א גאולה.|svɔlt ˈɔbər ɡəvˈejn a mˈɛɡlixkaːt, siz ʃɔjn niʃt ʃˈaːəx vaːl dɛr ɔjr haxˈajim hakˈudəʃ alˈajn ʃraːbt ɛs ʃɔjn vɛn miz in də alf hʃi, ˈɔbər vɛn mvɔlt zˈixə ɡəvˈejn, vɔlt mɛn ɡəkˈɛnt nux apˈur jur nuxn xirbn, vɔlt mɛn ɡəkˈɛnt ʃɔjn hubn a ɡˈulə.
254_126332_0068|דער חורבן איז געווען הונדערט צוויי און זיבעציג יאר פאר ס'האט זיך אנגעפאנגען די אלף החמישי.|dɛr xirbn iz ɡəvˈejn hˈindərt ʦvaj in zˈibəʦiɡ jur far səhˈut zix ˈanɡəfanɡən də alf haxamˈiʃi.
254_126332_0069|איז דער אייבערשטער זאגט, לאמיר זען וואס ער זאגט: "אין בין בוקר של אלף החמישי ובוקר של אלף הששי, כי באלף הרביעי", סוף פון די אלף הרביעי, "גלו כבוד ישראל בעקבו".|iz dɛr ˈajbərʃtər zuɡt, lˈɔmir zejn vus ɛr zuɡt : in bin bikr ʃɛl alf haxamˈiʃi ˈibikr ʃɛl alf hʃi, ki balf hrbˈiaj sɔf fin də alf hrbˈiaj, ɡli kˈuvəd jisrˈuəl bˈɛkbi
254_126332_0070|סוף פון די אלף הרביעי איז געווען חורבן בית המקדש.|sɔf fin də alf hrbˈiaj iz ɡəvˈejn xirbn bajs hamˈikduʃ.
254_126332_0072|און נאכדעם קומט א בוקר, איך ווייס אבער נישט וועלכע בוקר.|in nuxdˈejm kimt a bikr, ix vajs ˈɔbər niʃt vˈɛlxə bikr.
254_126332_0073|ס'קען זיין דער בוקר פון יענער אלף, מ'גייט אריין באלד אין דער אלף החמישי, אדער דער נעקסטער.|skɛn zaːn dɛr bikr fin jˈɛnər alf, mɡajt arˈaːn bald in dɛr alf haxamˈiʃi, ˈɔdər dɛr nˈɛkstər.
254_126332_0075|מ'בעט דעם אייבערשטן, "היה זרועם", זיי שטארק פאר זיי, "לב' בקרים", "לבוקר ב' אם לא לבוקר א'". הלוואי וואלטן זיי זוכה געווען צו בוקר אלף, אבער אז נישט, כאטשיג שטארק זיי ביז דעמאלטס.|mbɛt dejm ˈajbərʃtn, hi zrˈiəm zaj ʃtark far zaj, lajv bkrim lbikr ba im lɔj lbikr a hlvaː vɔltn zaj zˈixə ɡəvˈejn ʦi bikr alf, ˈɔbər az niʃt, xˈaʧiɡ ʃtark zaj biz dˈɛmalʦ.
254_126332_0077|זאגט ער, "ואולי כי לזה רמז הנביא באומרו, 'אז אמר השומר'", דער אייבערשטער, דער שומר, ענטפערט, "'אתה בוקר'". פשוט מיינט עס, ס'וועט נאך קומען די גאולה, "וגם לילה", דערווייל מוז אבער זיין נאכט.|zuɡt ɛr, ˈiili ki lˈuzə rˈɛməz hanˈuvi bˈimri, az ˈumar hʃimr dɛr ˈajbərʃtər, dɛr ʃˈɔjmər, ˈɛntfərt, ˈatu bikr pˈuʃit majnt ɛs, svɛt nux kˈimən də ɡˈulə, iɡm lˈilə dərvˈaːl miz ˈɔbər zaːn naxt.
254_126332_0078|אבער דא זאגט ער, אן "אתה בוקר", ס'איז שוין געקומען איין בוקר וואס ס'וואלט געווען א פאטענציאל אז מ'זאל ווערן אויסגעלייזט, אבער ליידער איז נאכגעקומען און נאכגעפאלגט די לילה.|ˈɔbər du zuɡt ɛr, un ˈatu bikr siz ʃɔjn ɡəkˈimən ajn bikr vus svɔlt ɡəvˈejn a fˈatənʦial az mzul virn ˈoʊzɡəlajzt, ˈɔbər lˈajdər iz nˈaxɡəkimən in nˈaxɡəfalɡt də lˈilə.
254_126332_0079|יעצט וועט מען אויסווארטן צום נעקסטן בוקר.|jɛʦt vɛt mɛn ˈoʊsvartn ʦim nɛkstn bikr.
254_126332_0081|ואולי כי אלו ישראל היו שלמים היו נגאלים בבוקר ראשון". ווען זיי וואלטן זוכה געווען, אילמלא זכינו וואלט עס געשען, אבער ליידער בעוונותינו איז עס נישט געשען און מ'האלט מיר דא.|ˈiili ki ˈali jisrˈuəl hji ʃlmim hji nɡˈalim bikr riʃn vɛn zaj vɔltn zˈixə ɡəvˈejn, ˈilmla zxˈini vɔlt ɛs ɡəʃˈɛn, ˈɔbər lˈajdər baavɔjnɔjsˈajnu iz ɛs niʃt ɡəʃˈɛn in mhalt mir du.
254_126332_0084|איז וואס וואלט געדארפט זיין? לאמיר געדענקען, ער זאגט אז די גאולה וועט קומען אלעמאל אינדערפרי.|iz vus vɔlt ɡədˈarft zaːn ? lˈɔmir ɡədˈɛnkən, ɛr zuɡt az də ɡˈulə vɛt kˈimən ˈaləmal ˈindərfri.
254_126332_0085|אינדערפרי מיינט אז ווען מ'קומט אן צו א געוויסע אלף, דארף קודם דורכגיין פינף הונדערט יאר, וואס דאס איז אזוי גערופענע נאכט שעות, און שפעטער קומט אריין אין די טאג שעות.|ˈindərfri majnt az vɛn mkimt un ʦi a ɡəvˈisə alf, daf kˈɔjdəm dˈirxɡajn finf hˈindərt jur, vus dus iz azˈɔj ɡərˈifənə naxt ʃˈuəs, in ʃpˈejtər kimt arˈaːn in də tuɡ ʃˈuəs.
254_126332_0086|איז לאמיר געדענקען, סוף פון די אלף הרביעי איז געווען די חורבן. קודם דארף מען אויסווארטן הונדערט צוויי און זיבעציג יאר ביז ס'פאנגט זיך אן אלף החמישי, וואס מוז זיין בוקר.|iz lˈɔmir ɡədˈɛnkən, sɔf fin də alf hrbˈiaj iz ɡəvˈejn də xirbn. kˈɔjdəm daf mɛn ˈoʊsvartn hˈindərt ʦvaj in zˈibəʦiɡ jur biz sfanɡt zix un alf haxamˈiʃi, vus miz zaːn bikr.
254_126332_0087|נאכדעם דארף מען ווארטן נאך פינף הונדערט יאר, ס'זאל דורכגיין די נאכט שעות.|nuxdˈejm daf mɛn vartn nux finf hˈindərt jur, szul dˈirxɡajn də naxt ʃˈuəs.
254_126332_0088|נאכדעם "היה זרועם לבקרים", ס'זאל זיין א ישועה בבוקר, און מיר האבן פינף הונדערט מיט נאך הונדערט צוויי און זיבעציג.|nuxdˈejm hi zrˈiəm lbkrim szul zaːn a jəʃˈiə bikr, in mir hubn finf hˈindərt mit nux hˈindərt ʦvaj in zˈibəʦiɡ.
254_126332_0089|וואס דאס מיינט, זעקס הונדערט צוויי און זיבעציג יאר וואלט געדארפט דורכגיין, און נאכדעם וואלטן מיר געקענט געהאלפן ווערן.|vus dus majnt, zɛks hˈindərt ʦvaj in zˈibəʦiɡ jur vɔlt ɡədˈarft dˈirxɡajn, in nuxdˈejm vɔltn mir ɡəkˈɛnt ɡəhˈalfn virn.
254_126332_0090|אבער דאס מיינט אז מ'וואלט געווען אין גלות טאקע נאר זעקס הונדערט פונקטליך יאר, ליידער זענען מיר אסאך מער.|ˈɔbər dus majnt az mvɔlt ɡəvˈejn in ɡˈuləs tˈakə nɔr zɛks hˈindərt fˈinktləx jur, lˈajdər zˈɛnən mir ˈasax mɛr.
254_126332_0092|אבער ליידער, ולצד מעשינו הרעים עוכב, ויהי בוקר ב', ער האט באשטימט די צווייטע בוקר, דאס מיינט נאך טויזנט יאר.|ˈɔbər lˈajdər, ilʦd mˈɛʃini hrajm ixb, vˈaːhi bikr ba ɛr hut baʃtˈimt də ʦvˈajtə bikr, dus majnt nux toʊznt jur.
254_126332_0093|אזויווי אונז זענען מיר היינט שוין טויזנט ניין הונדערט אין די מיטעלע פופציגער יארן, דאס הייסט נענטער, ווייניגער ווי אביסל פערציג יאר מיט אביסל איז שוין צוויי טויזנט יאר, וועט זיין די סך הכל.|ˈazɔjvi inz zˈɛnən mir haːnt ʃɔjn toʊznt najn hˈindərt in də mˈitələ fˈifʦiɡər jurn, dus hajst nˈɛntər, vˈajniɡər vi abˈisl fˈɛrʦiɡ jur mit abˈisl iz ʃɔjn ʦvaj toʊznt jur, vɛt zaːn də sax hakl.
254_126332_0095|על כל פנים, דאס איז די חשבון וואס ער מאכט.|al kɔl pˈunəm, dus iz də xˈɛʃbɔjn vus ɛr maxt.
254_126332_0097|אבל על כל פנים, "היה זרועם לבקרים", כאטשיג אזויפיל, כשיעברו שניהם, ווען ביידע בקרים גייען דורך, מ'קומט שוין צו די צווייטע בוקר, "עד בקר", זאל מען שוין דעמאלטס געהאלפן ווערן.|uvl al kɔl pˈunəm, hi zrˈiəm lbkrim xˈaʧiɡ ˈazɔjfil, xʃˈiəbri ʃnim, vɛn bˈajdə bkrim ɡˈajən dˈɔrəx, mkimt ʃɔjn ʦi də ʦvˈajtə bikr, ɛd bˈukur zul mɛn ʃɔjn dˈɛmalʦ ɡəhˈalfn virn.
254_126332_0099|איז דערווייל פארשטייען מיר שוין וואס מיינט, דער אייבערשטער זאגט נאכאמאל, "צו את אהרן ואת בניו לאמר", די וואס גייען משפיע זיין און רעדן צו אידישע קינדער, אז מ'זאל זיי מחזק זיין, אז "זאת תורת העולה", אידישע קינדער זענען אין גלות, זיי גייען ארויפגיין.|iz dərvˈaːl farʃtˈajən mir ʃɔjn vus majnt, dɛr ˈajbərʃtər zuɡt nˈuxamul, ʦi ɛs arn vɛs bnji lˈajmər də vus ɡˈajən mʃpˈiə zaːn in rɛdn ʦi jˈidiʃə kˈindər, az mzul zaj mxˈazajk zaːn, az zɔjs tˈɔjras hˈɛilə jˈidiʃə kˈindər zˈɛnən in ɡˈuləs, zaj ɡˈajən arˈoʊfɡajn.
254_126332_0100|היא העולה, זיי זענען שוין ארויפגעקומען איינמאל פון מצרים. און ס'גייט ארויפקומען נאכאמאל. דערווייל זענען זיי אין א מצב פון מוקדא על המזבח, ס'איז דא תורה און ס'איז דא יסורים. ליידער, ס'איז כל הלילה.|hˈia hˈɛilə, zaj zˈɛnən ʃɔjn arˈoʊfɡəkimən ˈajnmul fin miʦrˈajim. in sɡajt arˈoʊfkimən nˈuxamul. dərvˈaːl zˈɛnən zaj in a mˈaʦəv fin mˈikda al hamizbˈajxa, siz du tˈɔjrə in siz du jəsˈirim. lˈajdər, siz kɔl hlˈilə.
254_126332_0101|עד הבוקר, ביז ס'איז געקומען דער באקאנטער בוקר, נישט דער ערשטער, אבער דער צווייטער וואס מ'קוקט ארויס. און יעצט האלט מען ביי די המשך. וואס שטייט ווייטער? "ואש המזבח תוקד בו".|ɛd hbikr, biz siz ɡəkˈimən dɛr bakˈantər bikr, niʃt dɛr ˈɛrʃtər, ˈɔbər dɛr ʦvˈajtər vus mkikt arˈoʊs. in jɛʦt halt mɛn baː də hˈɛmʃəx. vus ʃtajt vˈaːtər ? ˈiaʃ hamizbˈajxa tˈikad bi
254_126332_0103|אוי וועט מען מאכן מיט די אומות העולם וואס האבן מצער געווען כלל ישראל ווען ס'וועט קומען יענער בוקר.|ɔj vɛt mɛn maxn mit də ˈimɔjs hˈɛilm vus hubn mʦɛr ɡəvˈejn klal jisrˈuəl vɛn svɛt kˈimən jˈɛnər bikr.
254_126332_0105|"בני עולה, ויסרוני ביסורי נקמה", און זיי האבן אונז מיסר געווען. "ובפרט בני המערב הפנימי",|bnaj ˈilə, ˈoʊsrini bˈisiri nkˈumə in zaj hubn inz misr ɡəvˈejn. ibfrt bnaj hmɛrb hfnˈimi
254_126332_0106|און דא ווערט ער אביסל פערזענליך, זאגט דער אור החיים הקדוש, בפרט די ארצות המערב, ער מיינט דא אין אפריקע, צפון מערב אפריקע,|in du virt ɛr abˈisl fˈɛrzənləx, zuɡt dɛr ɔjr haxˈajim hakˈudəʃ, bfˈɛrət də ˈarʦis hmɛrb, ɛr majnt du in ˈafrikə, ʦufn mˈaːrəv ˈafrikə,
254_126332_0107|אזא שטייגער ווי מאראקא און אנדערע לענדער. ס'איז דא די מערב החיצון, וואס דאס איז טוניסיע און אנדערע אין די געגנט,|azˈa ʃtˈajɡər vi mˈaraka in ˈandərə lˈɛndər. siz du də mˈaːrəv hxˈiʦin, vus dus iz tˈinisiə in ˈandərə in də ɡɛɡnt,
254_126332_0108|און יעצט רעדט ער פון די מערב הפנימי ווי ער רופט עס אן, און דארט איז דא אסאך צרות וואס מ'האט מיטגעמאכט.|in jɛʦt rɛdt ɛr fin də mˈaːrəv hfnˈimi vi ɛr rift ɛs un, in dɔrt iz du ˈasax ʦˈurɔjs vus mhut mˈitɡəmaxt.
254_126332_0109|מ'זעט אלעמאל די צדיקים, יעדער האט גערעדט פון זיינע צרות. די פוילישע רבי'ס האבן געזאגט אז "הלכה בידוע עשו שונא ליעקב" איז בקבלה אז ס'מיינט די פאלאקן, די פוילישע גוים.|mzejt ˈaləmal də ʦdˈikim, jˈɛdər hut ɡərˈɛt fin zˈaːnə ʦˈurɔjs. də pˈɔjliʃə rbis hubn ɡəzˈuɡt az halˈuxə bˈidiə ˈajsəv sˈɔjnə lˈiəkb iz bkabˈulə az smajnt də fˈalakn, də pˈɔjliʃə ɡɔjm.
254_126332_0110|און סתם די וואס זענען געווען אין ארצות ישמעאל האבן געזאגט אז ס'מיינט ישמעאל, און יעדער קומט פון זיין קוק ווינקל. זאגט ער, וואס ער, ר' שריה אחסד, דער אור החיים הקדוש, וואוינענדיג דארט אין מאראקא, איז זאגט ער,|in stam də vus zˈɛnən ɡəvˈejn in ˈarʦis ˈiʃməul hubn ɡəzˈuɡt az smajnt ˈiʃməul, in jˈɛdər kimt fin zaːn kik vinkl. zuɡt ɛr, vus ɛr, rajʃ ʃri axzd, dɛr ɔjr haxˈajim hakˈudəʃ, vˈɔjnəndiɡ dɔrt in mˈaraka, iz zuɡt ɛr,
254_126332_0111|דאס איז וואס ער האט מיטגעמאכט, "אין לך כוס מר שלא הטעימו תמיד", ס'איז נישט דא א ביטערע כוס וואס זיי האבן נישט סערווירט און אנגעטרונקען כלל ישראל, אלע סארטן צרות.|dus iz vus ɛr hut mˈitɡəmaxt, in ləxˈu kɔjs mar ʃˈɛlɔj htˈajmi tˈumid siz niʃt du a bˈitərə kɔjs vus zaj hubn niʃt sˈɛrvirt in ˈanɡətrinkən klal jisrˈuəl, ˈalə sartn ʦˈurɔjs.
254_126332_0115|ס'איז געבויט אויף א זוהר הקדוש וואס טייטשט א פסוק אין ישעיה ס"ו, "והיו דראון לכל בשר". וואס מיינט דראון?|siz ɡəbˈoʊt oʊf a zˈɔjər hakˈudəʃ vus tajʧt a pˈusik in jəʃˈaːə sˈaməx vuv, ˈihji drin lˈɛkul bˈusər vus majnt drin ?
254_126332_0116|דראון איז צוזאמענגעשטעלט "לומר די ראות עליוני עליונים למטה למטה". דער אייבערשטער האט דאך גענוג שוין געטון מיט כלל ישראל, אונז זענען מיר געווען|drin iz ʦizˈamənɡəʃtəlt limr də ris ˈɛljini ˈɛljinim lmˈatə lmˈatə dɛr ˈajbərʃtər hut dɔx ɡənˈiɡ ʃɔjn ɡətˈin mit klal jisrˈuəl, inz zˈɛnən mir ɡəvˈejn
254_126332_0118|זיי זעען שוין די מפלה כביכול, די נפילה, די ירידה פון די אידן וואס זיי פארגינען אזוי נישט, אבער ניין, זיי זענען קיינמאל נישט צופרידן.|zaj zˈɛən ʃɔjn də mapˈulə kavˈiuxl, də nfˈilə, də jərˈidə fin də jidn vus zaj farɡˈinən azˈɔj niʃt, ˈɔbər najn, zaj zˈɛnən kˈajnmul niʃt ʦˈifridn.
254_126332_0120|אין דייה ראות, אז עליונה עליונים, אידישע קינדער פון די הייעך, איז למטה מטה. און נאך אלץ די גוים האבן זיך נישט גערעכנט מיט דעם,|in dˈajə ris, az ˈɛljinə ˈɛljinim, jˈidiʃə kˈindər fin də hˈajəx, iz lmˈatə matˈajə. in nux alʦ də ɡɔjm hubn zix niʃt ɡərˈɛxnt mit dejm,
254_126332_0121|ווי דער אייבערשטער איז שוין געווען אזוי שטרענג צו אונז און האט אונז אזוי מעניש געווען, און זיי האבן נאך צוגעלייגט זאלץ צו די וואונדן. און צוליב די אלע זאכן, צוליב די אלע צרות וואס מיר האבן אונז אנגעמאכט,|vi dɛr ˈajbərʃtər iz ʃɔjn ɡəvˈejn azˈɔj ʃtrɛnɡ ʦi inz in hut inz azˈɔj mˈɛniʃ ɡəvˈejn, in zaj hubn nux ʦˈiɡəlajɡt zalʦ ʦi də vindn. in ʦilˈib də ˈalə zaxn, ʦilˈib də ˈalə ʦˈurɔjs vus mir hubn inz ˈunɡəmaxt,
254_126332_0122|וואס וועט זיין? אש מזבח זה תוקד בו בנעלם הנעלמים - דער באשעפער זאל ברענען פון כעס כביכול. נעלם הנעלמים מיינט דער אייבערשטער,|vus vɛt zaːn ? aʃ mizbˈajxa zɛ tˈikad bi bnɛlm hnˈɛlmim dɛr baʃˈɛfər zul brˈɛnən fin kas kavˈiuxl. nɛlm hnˈɛlmim majnt dɛr ˈajbərʃtər,
254_126332_0125|טוט ווייזן אויף בחינת הדין, כי יתעוררו הדינים ויתגברו קעגן די גוים, והוא סוד אמרו תוקד בו, אז ס'ברענט אין אים, והבן.|tit vajzn oʊf bxˈinas hdin, ki ˈisəirri hdˈinim ˈoʊzɡbri kejɡn də ɡɔjm, ˈihia sud ˈamri tˈikad bi, az sbrɛnt in ejm, ibn.
254_126332_0126|איז דאס א מורא'דיגע שטיקל ווי דער אור החיים הקדוש לייגט אונז אראפ אביסל וואס דער אייבערשטער וועט זיך נוקם זיין אין די אומות העולם. אבער די עיקר איז,|iz dus a mˈiradiɡə ʃtikl vi dɛr ɔjr haxˈajim hakˈudəʃ lajɡt inz arˈup abˈisl vus dɛr ˈajbərʃtər vɛt zix nikm zaːn in də ˈimɔjs hˈɛilm. ˈɔbər də ˈikər iz,
254_126332_0127|אידישע קינדער זענען נישט געבויט אוועקגעשטעלט אויף נקמה. די עיקר איז אונז מחזק צו זיין, און מ'זאל זאגן פאר אהרן ובניו, אז דער רבי זאל רעדן צו אידישע קינדער, אז מ'זאל געדענקען באחרית הימים, ווייסטו,|jˈidiʃə kˈindər zˈɛnən niʃt ɡəbˈoʊt avˈɛkɡəʃtəlt oʊf nkˈumə. də ˈikər iz inz mxˈazajk ʦi zaːn, in mzul zuɡn far arn ˈibnji, az dɛr rˈɛbə zul rɛdn ʦi jˈidiʃə kˈindər, az mzul ɡədˈɛnkən baxˈaris hˈimim, vˈajsti,
254_126332_0128|אשר יקרא אתכם. דאס וואס ס'וועט געשען, שרייבן צדיקים, יקרא שטייט מיט אן אל"ף צום סוף. מקרה, געשען, וואלט געדארפט שטיין מיט א ה"א צום סוף.|ˈuʃər ˈikru ˈɛsxəm. dus vus svɛt ɡəʃˈɛn, ʃraːbn ʦdˈikim, ˈikru ʃtajt mit un ˈaləf ʦim sɔf. mˈikrə, ɡəʃˈɛn, vɔlt ɡədˈarft ʃtajn mit a haj ʦim sɔf.
254_126332_0129|יקרא מיינט מ'זאל וויסן וויאזוי עס אפצוליינען, וואס דער אייבערשטער וויל פון אונז, מה ה' דורש ממך. און אויך דער הייליגער רוז'ינער האט געזאגט יקרא אתכם, וואס ס'וועט אונז קאלט ווערן באחרית הימים,|ˈikru majnt mzul visn vizˈɔj ɛs ˈafʦilajnən, vus dɛr ˈajbərʃtər vil fin inz, mɛ haj dirʃ mimˈɛxu. in ɔjx dɛr hˈajliɡər rˈizinər hut ɡəzˈuɡt ˈikru ˈɛsxəm, vus svɛt inz kalt virn baxˈaris hˈimim,
254_126332_0130|איז יקבצו ושמעו, האספו ואגידה לכם. מ'דארף זיך צוזאמנעמען און לערנען אזא שטיקל אור החיים הקדוש צו זען אז יא, נאך אביסל, אמר שומר אתא בקר וגם לילה.|iz ˈikbʦi ˈiʃməi, hˈasfi ˈiaɡidə lˈuxəm. mdaf zix ʦˈizamnəmən in lˈirnən azˈa ʃtikl ɔjr haxˈajim hakˈudəʃ ʦi zejn az ju, nux abˈisl, ˈumar ʃˈɔjmər ˈasa bˈukur iɡm lˈilə.
254_126332_0131|ס'שטייט אין די הייליגע טעג פון די יום טוב פסח, מה נשתנה הלילה הזה? דער אור החיים הקדוש ברענגט דאך דא, אמר שומר, אונז פרעגן מיר, שומר מה מלילה? וואס וועט זיין מיט די לילה, די לאנגע גלות?|sʃtajt in də hˈajliɡə tejɡ fin də jɔjm tɔjv pˈajsəx, mɛ niʃtˈanə hlˈilə hˈazə ? dɛr ɔjr haxˈajim hakˈudəʃ brɛnɡt dɔx du, ˈumar ʃˈɔjmər, inz frɛɡn mir, ʃˈɔjmər mɛ mlˈilə ? vus vɛt zaːn mit də lˈilə, də lˈanɡə ɡˈuləs ?
254_126332_0136|ס'וועט קומען די זמן פון פרעון החוב,|svɛt kˈimən də zman fin frˈɛin haxˈɔjv,
254_126332_0137|און מ'וועט דיר באצאלן.|in mvɛt dir baʦˈuln.
254_126332_0138|דאס איז דער יום טוב פסח איז זמן חירותינו, און ס'איז אויך צו געדענקען אז דער אייבערשטער וועט נישט שולדיג בלייבן פאר קיין איין גוי, פאר קיין איין אומה ולשון, שפוך חמתך אל הגוים אשר לא ידעוך, דאס האט אוועקגעשטעלט דער יום טוב פסח. אונז צו געדענקען אז אלע גוים האבן אונז געוואלט פארלענדן, שלא אחד בלבד, די ישועות מלכו. רבי יהושע קוטנער זאגט אזוי,|dus iz dɛr jɔjm tɔjv pˈajsəx iz zman xajrisˈajni, in siz ɔjx ʦi ɡədˈɛnkən az dɛr ˈajbərʃtər vɛt niʃt ʃˈildiɡ blaːbn far kan ajn ɡɔj, far kan ajn ˈimə ˈilʃin, ʃpix xamˈusxu al hɡɔjm ˈuʃər lɔj ˈidəix, dus hut avˈɛkɡəʃtəlt dɛr jɔjm tɔjv pˈajsəx. inz ʦi ɡədˈɛnkən az ˈalə ɡɔjm hubn inz ɡəvˈɔlt farlˈɛndn, ʃˈɛlɔj ˈɛxud bˈilvad, də jʃiˈɛɔjs mlxi. rˈɛbə jəhˈɔjʃiə kˈitnər zuɡt azˈɔj,
254_126332_0140|ס'איז דא גוים וואס זענען גוט, פיינע וואוילע גוים. פארוואס זאגסטו עפעס שבכל דור ודור, עפעס אזוי ראסיסטיש, עומדים עלינו לכלותינו, אוועקגעמאכט אלע גוים?|siz du ɡɔjm vus zˈɛnən ɡit, fˈajnə vˈɔjlə ɡɔjm. farvˈus zˈaɡsti ˈɛpəs ʃˈɛbxul dur idˈir, ˈɛpəs azˈɔj rˈasistiʃ, ˈimdim ulˈajni lxalɔjsˈajni, avˈɛkɡəmaxt ˈalə ɡɔjm ?
254_126332_0143|און דער זעלבער לבן איז "ביקש לעקור את הכל". דא זאגט ער, "צא ולמד", דו וועסט פרעגן פארוואס איך האב גערעדט אזוי ווילד, "שבכל דור ודור עומדים עלינו",|in dɛr zˈɛlbər lˈuvun iz bikʃ ləkˈir ɛs hakl du zuɡt ɛr, ʦa ilmd di vɛst frɛɡn farvˈus ix hub ɡərˈɛt azˈɔj vild, ʃˈɛbxul dur idˈir ˈimdim ulˈajni
254_126332_0144|איז "צא ולמד" כי כלבן. ס'איז דא שמייכלדיגע גוים. און ס'איז דא אנדערע וואס זענען אפן, אזוי ווי בלק וואס האט זוכה געווען צו א פרשה אין די תורה, ווייל ער איז אן אמת'דיגער גוי,|iz ʦa ilmd ki kˈɛlɛvn. siz du ʃmˈajxldiɡə ɡɔjm. in siz du ˈandərə vus zˈɛnən afn, azˈɔj vi bˈuluk vus hut zˈixə ɡəvˈejn ʦi a pˈarʃə in də tˈɔjrə, vaːl ɛr iz un ˈɛməzdiɡər ɡɔj,
254_126332_0145|ער באלאנגט אין תורתינו, תורת אמת, ווייל ער זאגט דעם אמת, ער וויל שעלטן אידן. ס'איז דא אזעלכע גוים, אזעלכע גוים, אבער סוף כל סוף קומט עס אלעס צוריק צו דעם.|ɛr balˈanɡt in tvrusˈajnu, tˈɔjras ˈɛməs, vaːl ɛr zuɡt dejm ˈɛməs, ɛr vil ʃɛltn jidn. siz du azˈɛlxə ɡɔjm, azˈɛlxə ɡɔjm, ˈɔbər sɔf kɔl sɔf kimt ɛs ˈaləs ʦirˈik ʦi dejm.
254_126332_0146|און דאס איז די עבודה פון די הייליגע טעג פון פסח, אז מ'רעדט פון גאולה, מ'רעדט פון גלות און גאולה. מ'זעט צדיקים האבן געלעבט מיט דעם.|in dus iz də avˈɔjdə fin də hˈajliɡə tejɡ fin pˈajsəx, az mrɛdt fin ɡˈulə, mrɛdt fin ɡˈuləs in ɡˈulə. mzejt ʦdˈikim hubn ɡəlˈejbt mit dejm.
254_126332_0147|צדיקים האבן געווארט און געלעכצט פאר גאולה, נישט דווקא ווייל אונז האבן פערזענליכע פראבלעמען. א איד איז געקומען צו ר' שלמה'קע זוועהילער, ער האט אים געזאגט אלע זיינע צרות.|ʦdˈikim hubn ɡəvˈɔrt in ɡəlˈɛxʦt far ɡˈulə, niʃt dˈavkə vaːl inz hubn fˈɛrzənləxə prˈɔbləmən. a jid iz ɡəkˈimən ʦi rajʃ ʃlɔjmˈɔjhkə zvˈɛhilər, ɛr hut ejm ɡəzˈuɡt ˈalə zˈaːnə ʦˈurɔjs.
254_126332_0148|זאגט ער אינמיטן, "אוי רבי, ווען וועט שוין משיח קומען?" האט ער זיך אנגערופן ר' שלמה'קע זוועהילער, "מישט נישט אויס משיח מיט דיינע צרות." זאגט ער, "צוויי דינים איז דא דא.|zuɡt ɛr ˈinmitn, ɔj rˈɛbə, vɛn vɛt ʃɔjn mˈuʃiəx kˈimən hut ɛr zix ˈunɡərifn rajʃ ʃlɔjmˈɔjhkə zvˈɛhilər, miʃt niʃt oʊs mˈuʃiəx mit dˈaːnə ʦˈurɔjs zuɡt ɛr, ʦvaj dˈinim iz du du.
254_126332_0149|משיח דארף קומען ווייל ער דארף קומען, ווייל שכינתא בגלותא, און דו דארפסט אויך געהאלפן ווערן פון דיינע צרות.|mˈuʃiəx daf kˈimən vaːl ɛr daf kˈimən, vaːl ʃxˈintu bɡulˈisu, in di darfst ɔjx ɡəhˈalfn virn fin dˈaːnə ʦˈurɔjs.
254_126332_0150|און אוודאי, איינס האט מיטן אנדערן, אז משיח וועט קומען, וועט יעדער געהאלפן ווערן פון זיינע צרות, ובלע המות לנצח, און אלע פראבלעמען וועט אראפגיין פון טיש.|in avˈadə, ajns hut mitn ˈandərn, az mˈuʃiəx vɛt kˈimən, vɛt jˈɛdər ɡəhˈalfn virn fin zˈaːnə ʦˈurɔjs, ˈiblə hamˈuvɛs lunˈɛʦax, in ˈalə prˈɔbləmən vɛt arˈupɡajn fin tiʃ.
254_126332_0151|אבער אונז זענען מיר נאך אין דעם מצב ווי ס'איז מתוך שלא לשמה, אונז קוקט מען ארויס אויף השתא הכא, לשנה הבאה בני חורין, דאס איז ווייל אונז דארף מען האבן א ישועה פרטית, און דאס זאל ברענגען א ישועה כללית.|ˈɔbər inz zˈɛnən mir nux in dejm mˈaʦəv vi siz mˈitɔjx ʃˈɛlɔj lˈiʃmu, inz kikt mɛn arˈoʊs oʊf hˈaʃtu hxa, laʃˈunu hba bnaj xˈɔjrin, dus iz vaːl inz daf mɛn hubn a jəʃˈiə prˈutis, in dus zul brˈejnɡən a jəʃˈiə xllis.
254_126332_0152|ווייל מ'זעט ווי צדיקים האבן געלעבט מיט די גאולה, מ'האט נישט נאר אני מאמין, מ'האט געזאגט, פיין, א חק לי בכל יום, מ'האט באמת געלעבט מיט דעם.|vaːl mzejt vi ʦdˈikim hubn ɡəlˈejbt mit də ɡˈulə, mhut niʃt nɔr ˈani mˈaːmən, mhut ɡəzˈuɡt, faːn, a xɔjk li bxul jɔjm, mhut bəˈɛməs ɡəlˈejbt mit dejm.
254_126332_0154|האט ער געזאגט, "ס'איז נאך אביסל קומט משיח, און זענען מיר דאך לוים, זאלן מיר וויסן וויאזוי צו קענען האבן דעם כינור, די כלי זמר אין בית המקדש." ס'מיינט, מ'האט געלעבט מיט דעם.|hut ɛr ɡəzˈuɡt, siz nux abˈisl kimt mˈuʃiəx, in zˈɛnən mir dɔx lɔjm, zɔln mir visn vizˈɔj ʦi kˈɛnən hubn dejm xinˈir, də kˈajlə zˈamur in bajs hamˈikduʃ smajnt, mhut ɡəlˈejbt mit dejm.
254_126332_0155|דער ויגד יעקב, דער פאפא רב האט אמאל געזען א שיינע פערד דורכפארן, האט ער זיך אינטערעסירט ביי דעם בעל הסוס וויפיל ס'האט געקאסט.|dɛr ɔjɡd jˈankəv, dɛr fˈafa ruv hut amˈul ɡəzˈejn a ʃˈajnə fɛrd dˈirxfarn, hut ɛr zix ˈintərəsirt baː dejm baːl hsis vˈifil səhˈut ɡəkˈɔst.
254_126332_0156|האט מען אים שפעטער געפרעגט, וואס איז ער מכוון געווען סודות מיט יחודים מיט די פערד? וויפיל ס'קאסט, וואס האט ער מיט דעם?|hut mɛn ejm ʃpˈejtər ɡəfrˈɛɡt, vus iz ɛr məxˈavvajn ɡəvˈejn sˈɔjdəs mit jixˈidim mit də fɛrd ? vˈifil skɔst, vus hut ɛr mit dejm ?
254_126332_0157|זאגט ער, "מהרה יבנה המקדש, און אויב איינער וועט מקדיש זיין א פערד פאר בדק הבית, וועט מען קומען פרעגן א שאלה, וויפיל בערך קאסט א פערד? וויפיל דארף מען צאלן? וויפיל געלט דארף מען איינגעבן דארט?|zuɡt ɛr, məhˈajru jˈavnə hamˈikduʃ, in ɔjb ˈajnər vɛt mkdiʃ zaːn a fɛrd far bdk habˈajis, vɛt mɛn kˈimən frɛɡn a ʃˈaːlə, vˈifil bəˈejrəx kɔst a fɛrd ? vˈifil daf mɛn ʦuln ? vˈifil ɡɛlt daf mɛn ˈaːnɡəbən dɔrt ?
254_126332_0158|וויל איך האבן אביסל אן אנהאלטן וואס דאס איז."|vil ix hubn abˈisl un ˈunhaltn vus dus iz
254_126332_0159|און ווען ס'קומט טאקע צו די יום טוב פסח, אין ספר באר יוסף אין סאלאנט, ברענגט ער אז ס'איז געווען אן אלטע מנהג פון אנשי ירושלים.|in vɛn skimt tˈakə ʦi də jɔjm tɔjv pˈajsəx, in sˈajfər bar jˈɔsəf in salˈant, brɛnɡt ɛr az siz ɡəvˈejn un ˈaltə mˈinhəɡ fin ˈanʃə jəruʃulˈajim.
254_126332_0161|ווייל מ'זאגט "ונאכל שם מן הזבחים", אויף נאך היי יאר, "השתא" נאך דאס יאר, איז וואס? וועט מען זיין אין ירושלים? וואס מוז מען דאך עסן די קרבן פסח בתוך החומה?|vaːl mzuɡt ˈinaxl ʃɛm min hazvˈuxim oʊf nux haj jur, hˈaʃtu nux dus jur, iz vus ? vɛt mɛn zaːn in jəruʃulˈajim ? vus miz mɛn dɔx ɛsn də kurbn pˈajsəx bsɔjx haxˈɔjmu ?
254_126332_0163|פלעגט מען דינגען א דירה, מ'דארף נישט האבן קיין בעלות אין א דירה, מ'דארף האבן א פלאץ וואו מ'קען זיין ס'זאל זיין ריאליסטיש, ס'זאל זיין אויף הלכה למעשה, מ'זאל קענען עסן די קרבן פסח.|flɛɡt mɛn dˈinɡən a dˈirə, mdaf niʃt hubn kan baˈalɔjs in a dˈirə, mdaf hubn a plaːʦ vi mˈɛkən zaːn szul zaːn rˈialistiʃ, szul zaːn oʊf halˈuxə ləmˈaːsə, mzul kˈɛnən ɛsn də kurbn pˈajsəx.
254_126332_0164|און דאס איז יודן וואס האבן טאקע געלעבט באמת מיט גאולה, און דאס איז וואס מיר זעען ווי דער אור החיים הקדוש זאגט, "ווארט, ווארט, ווייל דו האסט אין וואס צו ווארטן.|in dus iz jidn vus hubn tˈakə ɡəlˈejbt bəˈɛməs mit ɡˈulə, in dus iz vus mir zˈɛən vi dɛr ɔjr haxˈajim hakˈudəʃ zuɡt, vɔrt, vɔrt, vaːl di hust in vus ʦi vartn.
254_126332_0166|ולישועתך קוינו כל היום איז נישט סתם וואס מ'זאגט, נאר ס'דארף טאקע זיין ומצפים לישועה. ומקומך מלכנו תופיע, וואס זאגן מיר?|ˈiliʃiəsx kˈɔjni kɔl hˈaːəm iz niʃt stam vus mzuɡt, nɔr sdaf tˈakə zaːn ˈimʦfim lˈiʃiə. ˈimkimx mlxni sˈifiə, vus zuɡn mir ?
254_126332_0167|כי מחכים אנחנו לך. דארף עס טאקע זיין הלכה למעשה, אומר ועושה, אז אונז האבן מיר אויף וואס צו ווארטן,|ki mxˈakim anˈaxni ləxˈu. daf ɛs tˈakə zaːn halˈuxə ləmˈaːsə, imr ˈiəiʃə, az inz hubn mir oʊf vus ʦi vartn,
254_126332_0168|אונז קוקן מיר ארויס אויף די גאולה העתידה בשלימות במהרה אמן.|inz kikn mir arˈoʊs oʊf də ɡˈulə huasˈidu biʃlˈimis bimhˈajrə ˈumajn.
286_165946_0000|א גוטן מארגן, מאנטאג פרשת נצבים וילך.|a ɡitn mɔrɡn, mˈɔntik pˈarʃis niʦˈuvim vaˈajiləx.
286_165946_0003|מיר מאכן מיט די זאכן פון עולם, וואס עס טוט זיך מן המצב מיט ראש השנה, טאקע מענטשן פרעגן פון אלע זייטן.|mir maxn mit də zaxn fin ˈɔjləm, vus ɛs tit zix min hamˈaʦuv mit rɔjʃ haʃˈunə, tˈakə mɛnʧn frɛɡn fin ˈalə zajtn.
286_165946_0004|איז אזוי, עס קען נאך געשען, דער אויבערשטער קען נאך מאכן דעם "הכל יכול", אלעס קען זיך נאך ארומדרייען.|iz azˈɔj, ɛs kɛn nux ɡəʃˈɛn, dɛr ˈɔjbərʃtər kɛn nux maxn dejm hakl ˈixil ˈaləs kɛn zix nux arˈimdrajən.
286_165946_0006|אויב עפעס מאכט זיך עפעס, איינער וואס זאגט אז "בכל מועדיך" בין איך גרייט אז עס זאל זיין דארטן א חק שיעור אין אומאן, קען עס נאך געשען.|ɔjb ˈɛpəs maxt zix ˈɛpəs, ˈajnər vus zuɡt az bxul mˈiədix bin ix ɡrajt az ɛs zul zaːn dɔrtn a xɔjk ʃˈiər in ˈiman, kɛn ɛs nux ɡəʃˈɛn.
286_165946_0007|איז דארף מען זיך דערמאנען יעצט, היינט, ווייל מארגן גייט שוין זיין די הודעה און די החלטה וואו מען איז.|iz daf mɛn zix dərmˈanən jɛʦt, haːnt, vaːl mɔrɡn ɡajt ʃɔjn zaːn də hɔjdˈuə in də hˈixltə vi mɛn iz.
286_165946_0010|זענען מיר געווען צוזאמען אין מאד אין אונגארן.|zˈɛnən mir ɡəvˈejn ʦizˈamən in mad in ˈinɡarn.
286_165946_0012|עס איז געווען אין סערענטש, איך געדענק עס איז געווען אין סערענטש. עס איז געווען אין קערעסטיר.|ɛs iz ɡəvˈejn in sˈɛrənʧ, ix ɡədˈɛnk ɛs iz ɡəvˈejn in sˈɛrənʧ. ɛs iz ɡəvˈejn in kərəstˈir.
286_165946_0013|עס האבן א סך פארברענגט דארטן ביי קברי צדיקים, דעם הייליגן "קול אריה", זיין זיידע.|ɛs hubn a sax farbrˈɛnɡt dɔrtn baː kbri ʦdˈikim, dejm hˈajliɡn kul arˈiə zaːn zˈajdə.
286_165946_0015|אפשר זאל מען עס אריינלייגן, מען בעט שמעון ער זאל עס אריינלייגן.|ˈɛfʃir zul mɛn ɛs arˈaːnlajɡn, mɛn bɛt ʃˈimən ɛr zul ɛs arˈaːnlajɡn.
286_165946_0016|גוט שבת, גוט שבת. גוט שבת, גוט שבת, אוי גוט שבת,|ɡit ʃˈabəs, ɡit ʃˈabəs. ɡit ʃˈabəs, ɡit ʃˈabəs, ɔj ɡit ʃˈabəs,
286_165946_0017|גוט שבת,|ɡit ʃˈabəs,
286_165946_0018|גוט שבת.|ɡit ʃˈabəs.
286_165946_0019|קערעסטירער אידעלעך, גוט שבת, גוט שבת. מאדע אידעלעך, גוט שבת, גוט שבת. אלע אידן אין דעם שטעטעלע,|kərəstˈirər ˈidələx, ɡit ʃˈabəs, ɡit ʃˈabəs. mˈadə ˈidələx, ɡit ʃˈabəs, ɡit ʃˈabəs. ˈalə jidn in dejm ʃtˈɛtələ,
286_165946_0020|גוט שבת, גוט שבת.|ɡit ʃˈabəs, ɡit ʃˈabəs.
286_165946_0021|די היינטיגע שיעור איז געספאנסערט דורך מיין ידיד נפשי, וואס הייסט שלעסקי, חזקי שלעזינגער, מ'רופט אים שלעסקי,|də hˈajntiɡə ʃˈiər iz ɡəsfˈansərt dˈɔrəx maːn jˈɛdid nfʃi, vus hajst ʃlˈɛski, xˈizki ʃlˈɛzinɡər, mrift ejm ʃlˈɛski,
286_165946_0022|אנשטאט חזקי רופט מען אים שלעסקי. דער שלעסקי, חוץ פון דעם וואס ער איז זייער מוזיקאליש, איז עס א האבי פאר אים,|ˈanʃtat xˈizki rift mɛn ejm ʃlˈɛski. dɛr ʃlˈɛski, xiʦ fin dejm vus ɛr iz zˈajər mˈuzikaliʃ, iz ɛs a hˈabi far ejm,
286_165946_0024|מענטשן האבן היינט איבעראל קעמערעס, וואו מ'גייט, וואו מ'שטייט, ס'איז דא קעמערעס וואס כאפן אפ, וואס כאפן אויף, וואס רעדן ארום, אלעס איז דא. אבער מענטשן, זיי האבן,|mɛnʧn hubn haːnt ˈibəral kˈɛmərəs, vi mɡajt, vi mʃtajt, siz du kˈɛmərəs vus xapn ɔp, vus xapn oʊf, vus rɛdn arˈim, ˈaləs iz du. ˈɔbər mɛnʧn, zaj hubn,
286_165946_0025|ס'ארבעט, אבער ס'איז נישטא קיינער וואס מאניטארט דאס. ס'כאפט אפ. למעשה, יעצט וואס דער גוי שטייט לויפט אוועק, איין מינוט, ווארט, דינסטאג גיי איך עס טשעקן. סאו זיי, ער האט א טיעם, א קרו,|sˈarbət, ˈɔbər siz niʃtˈu kˈajnər vus mˈanitart dus. sxɔft ɔp. ləmˈaːsə, jɛʦt vus dɛr ɡɔj ʃtajt lɔjft avˈɛk, ajn minˈit, vɔrt, dˈinstaɡ ɡaj ix ɛs ʧɛkn. sɔ zaj, ɛr hut a tˈiəm, a kri,
286_165946_0026|וואס מאניטארט די גאנצע צייט. ס'איז יעצט געווען עפעס א גרויסע גניבה, עפעס א קאנסטראקשן סייט, מ'האט אוועקגענומען דארטן שווערע הונדערטער טויזנטער דאלאר ווערט, און נאר צוליב דעם וואס ס'איז געווארן אפגעכאפט,|vus mˈanitart də ɡˈanʦə ʦaːt. siz jɛʦt ɡəvˈejn ˈɛpəs a ɡrˈɔjsə ɡnˈibə, ˈɛpəs a kˈanstrakʃn sajt, mhut avˈɛkɡənimən dɔrtn ʃvˈɛrə hˈindərtər tˈoʊzntər dˈɔlar virt, in nɔr ʦilˈib dejm vus siz ɡəvˈɔrn ˈupɡəxapt,
286_165946_0027|האט מען עס געקענט, ווען מ'האט עס געמאניטארט, האט מען עס געקענט גלייך קענען ראטעווען. און נאכדעם איז געווען מעשיות וואס איז געווען פארקערט, אז מ'איז ארויסגעגאנגען פון עקסטערע גרויסע שווערע דאס.|hut mɛn ɛs ɡəkˈɛnt, vɛn mhut ɛs ɡəmˈanitart, hut mɛn ɛs ɡəkˈɛnt ɡlaːx kˈɛnən rˈatəvən. in nuxdˈejm iz ɡəvˈejn mˈaːsəs vus iz ɡəvˈejn farkˈɛrt, az miz arˈoʊzɡəɡanɡən fin ˈɛkstərə ɡrˈɔjsə ʃvˈɛrə dus.
286_165946_0029|און קודם כל, קומען מיר דא, שלום עליכם. קוק, ער האט מיר געברענגט דא א תהלים הבהיר. וואו!|in kˈɔjdəm kɔl, kˈimən mir du, ʃˈuləm ˈɛlixm. kik, ɛr hut mir ɡəbrˈɛnɡt du a təhˈilim hbhir. vi !
286_165946_0030|דאס איז א נייע ספר וואס איז נאכנישט ארויסגעקומען. יעצט וועלן מיר רעדן וועגן דעם, זאגסטו? יא, נעקסטע מאל גייען מיר רעדן וועגן דעם. איך קען שוין יעצט רעדן וועגן דעם,|dus iz a nˈaːjə sˈajfər vus iz nˈuxniʃt arˈoʊzɡəkimən. jɛʦt vɛln mir rɛdn vejɡn dejm, zˈaɡsti ? ju, nˈɛkstə mul ɡˈajən mir rɛdn vejɡn dejm. ix kɛn ʃɔjn jɛʦt rɛdn vejɡn dejm,
286_165946_0031|איך האב עס נאכנישט געזען אינעווייניג. היינט וועל איך פארלערנען פון דא אינעווייניג, ווייסט? די תהלים. איך האב נאר געזען א קליין חלק פון דעם, ער מאכט תיקון כלים יעצט.|ix hub ɛs nˈuxniʃt ɡəzˈejn ˈinəvajniɡ. haːnt vɛl ix farlˈirnən fin du ˈinəvajniɡ, vajst ? də təhˈilim. ix hub nɔr ɡəzˈejn a klajn xˈajlək fin dejm, ɛr maxt tikn kˈajlim jɛʦt.
286_165946_0032|און ער וויל עס טאקע, ער וויל דרוקן יעצט צען טויזנט שטיק, און ער זוכט נאך אן אדווערטייזמענט. סאו ווער ס'וויל קענען, הערליכע הערליכע, קוקטס אריין דא ווי שיין די דרוק איז,|in ɛr vil ɛs tˈakə, ɛr vil drikn jɛʦt ʦɛn toʊznt ʃtik, in ɛr zixt nux un advərtajzmˈɛnt. sɔ vɛr svil kˈɛnən, hˈɛrləxə hˈɛrləxə, kikʦ arˈaːn du vi ʃajn də drik iz,
286_165946_0034|דארף מען איינער עס קענען מאניטארן. זיין קאמפאני מאניטארט דאס עבודה, איך מיין ער האט א פאון נאמבער דא, לאמיר זען.|daf mɛn ˈajnər ɛs kˈɛnən mˈanitarn. zaːn kˈamfani mˈanitart dus avˈɔjdə, ix maːn ɛr hut a foʊn nˈambər du, lˈɔmir zejn.
286_165946_0036|דארף מען וויסן אז ס'קען ראטעווען ממש, ס'האט שוין געראטעוועט אסאך מענטשן, זייער קאמפאני, זייער קאנסטראקשן,|daf mɛn visn az skɛn rˈatəvən mˈamiʃ, səhˈut ʃɔjn ɡərˈatəvət ˈasax mɛnʧn, zˈajər kˈamfani, zˈajər kˈanstrakʃn,
286_165946_0037|די פראפערטי, מענטשן גייען אוועק אויף יעצט, מ'לאזט איבער די הויז אויף די ווינט, די סאמער האום. און אהין, ס'איז ממש,|də frˈafərti, mɛnʧn ɡˈajən avˈɛk oʊf jɛʦt, mlɔzt ˈibər də hoʊz oʊf də vint, də sˈamər him. in ahˈin, siz mˈamiʃ,
286_165946_0038|ס'איז נישט קיין גרויסע קאסטס, אבער די סעיווינגס וואס מ'קען האבן איז א געוואלדיגע זאך,|siz niʃt kan ɡrˈɔjsə kasʦ, ˈɔbər də sˈajvinɡs vus mˈɛkən hubn iz a ɡəvˈaldiɡə zax,
286_165946_0039|איז דער עולם קען ארויפגיין און מ'קען דארטן רופן און קאלן און זען וויאזוי מ'קען געראטעוועט ווערן מיט דעם.|iz dɛr ˈɔjləm kɛn arˈoʊfɡajn in mˈɛkən dɔrtn rifn in kaln in zejn vizˈɔj mˈɛkən ɡərˈatəvət virn mit dejm.
286_165946_0041|איך וועל עס ארויפלייגן דא. עניוועי, סאו דא האבן מיר אונז היינט, וואו גייען מיר פארלערנען א שיינע תהלים דא? שכוח, שכוח, שכוח פאר'ן ברענגען דאס,|ix vɛl ɛs arˈoʊflajɡn du. ˈɛnivaj, sɔ du hubn mir inz haːnt, vi ɡˈajən mir farlˈirnən a ʃˈajnə təhˈilim du ? ʃkvax, ʃkvax, ʃkvax farn brˈejnɡən dus,
286_165946_0042|איז א מתנה אויכעט פאר מיר נאכדעם? סאו מיר רעדן מיט'ן נאכדעם? אקעי, געוואלדיג, פלוצלינג וועל איך דאס... איך וועל פארלערנען פון דעם היינט, אקעי.|iz a matˈunə ˈɔjxət far mir nuxdˈejm ? sɔ mir rɛdn mitn nuxdˈejm ? ˈɔkaj, ɡəvˈaldiɡ, plˈiʦlinɡ vɛl ix dus ix vɛl farlˈirnən fin dejm haːnt, ˈɔkaj.
286_165946_0043|סאו לאמיר גיין קודם יעצט דא די הייליגע תורה הקדושה, קאפיטל כ"ט, פסוק ט"ו.|sɔ lˈɔmir ɡajn kˈɔjdəm jɛʦt du də hˈajliɡə tˈɔjrə hkdˈiʃə, kˈapitl xuf tɛs, pˈusik tɛs vuv.
286_165946_0044|פארוואס שנייבט עטס א בונד מיט אונז, רבונו של עולם, פארוואס שנייבט עטס א בונד מיטן אייבערשטן? כי אתם ידעתם, ווייל עטס ווייסטו דאך שוין, עטס האטס שוין געזען וואס רעדט פאר דא. את אשר ישבנו בארץ מצרים,|farvˈus ʃnajbt ɛʦ a bind mit inz, rbˈini ʃɛl ˈɔjləm, farvˈus ʃnajbt ɛʦ a bind mitn ˈajbərʃtn ? ki ˈatɛm jədˈatɛm, vaːl ɛʦ vˈajsti dɔx ʃɔjn, ɛʦ haʦ ʃɔjn ɡəzˈejn vus rɛdt far du. ɛs ˈuʃər ˈiʒbni barʦ miʦrˈajim,
286_165946_0045|דא רעדט מען פון די אלע וואס זענען נאך געווען יונטער און צוואנציג, נאך דעמאלטס וואס מ'איז ארויסגעגאנגען פון מצרים, און מ'האט נאך געדענקט, עטס איז נאך קריגיג איבערגעלעבט, עטס האטס נאך געזען וואס איז פארגעקומען.|du rɛdt mɛn fin də ˈalə vus zˈɛnən nux ɡəvˈejn jˈintər in ʦvˈanʦiɡ, nux dˈɛmalʦ vus miz arˈoʊzɡəɡanɡən fin miʦrˈajim, in mhut nux ɡədˈɛnkt, ɛʦ iz nux krˈiɡiɡ ˈibərɡəlejbt, ɛʦ haʦ nux ɡəzˈejn vus iz farɡəkˈimən.
286_165946_0046|עטס האטס געזען ווי מ'איז ארויסגעגאנגען פון מצרים, וואס השובבנו בקרב הגוים אשר עבדתם, וואס מ'איז אריבערגעגאנגען צווישן די פעלקער. דאס רעדט מען פון שיחון און פון|ɛʦ haʦ ɡəzˈejn vi miz arˈoʊzɡəɡanɡən fin miʦrˈajim, vus hʃˈibni bkˈɛrəv hɡɔjm ˈuʃər ɛbdsm, vus miz arˈibərɡəɡanɡən ʦviʃn də fˈɛlkər. dus rɛdt mɛn fin sˈixuən in fin
286_165946_0050|"עֵץ וָאֶבֶן" - איר האט נאר געזען די האלץ און די שטיינער, דאס האלטן זיי אינדרויסן, ווייל דאס קען נאך די רעגן, דאס קען זיין נאך אינדרויסן, זיי קענען זיך ערלויבן אז מ'זאל עס גנב'ענען.|ɛ ʦˈadək i a ba nin ir hut nɔr ɡəzˈejn də halʦ in də ʃtˈajnər, dus haltn zaj ˈindroʊsn, vaːl dus kɛn nux də rɛɡn, dus kɛn zaːn nux ˈindroʊsn, zaj kˈɛnən zix ˈɛrlɔjbn az mzul ɛs ɡnbˈɛnən.
286_165946_0051|ס'איז אזא מין סילי גאט אז מ'דארף האבן סעקיוריטי אז מ'זאל עס נישט גנב'ענען. דו דארפסט האבן די יומען זאל וואטשן אז די גאט זאל נישט גע'גנב'עט ווערן.|siz azˈa min sˈili ɡɔt az mdaf hubn sˈɛkjiriti az mzul ɛs niʃt ɡnbˈɛnən. di darfst hubn də jˈimən zul vaʧn az də ɡɔt zul niʃt ɡəɡnbˈɛt virn.
286_165946_0052|אזוי ווייטער, "כֶּסֶף וְזָהָב אֲשֶׁר עִמָּהֶם" - די זילבער און גאלד האבן זיי געהאלטן ביי זיך אין זייערע סעיפס, און זיי האבן זיי געמוזט באהאלטן זייער אסאך און צושליסן, ווייל זיי האבן מורא געהאט אז דער גנב'ל וועט גנב'ענען דעם גאט.|azˈɔj vˈaːtər, kɔj sˈaməx f i zˈaːən haj ba a ʃ rajʃ ɛ mɛm haj mɛm də zˈilbər in ɡald hubn zaj ɡəhˈaltn baː zix in zˈajərə sajfs, in zaj hubn zaj ɡəmˈizt bahˈaltn zˈajər ˈasax in ʦˈiʃlisn, vaːl zaj hubn mˈɔjrə ɡəhˈat az dɛr ɡnbl vɛt ɡnbˈɛnən dejm ɡɔt.
286_165946_0053|כאפט וואס גייט פאר דא?|xɔft vus ɡajt far du ?
286_165946_0054|איר האט געזען די אלע זאכן, מחזיתון, איר האט געזען, חזי חזי, איר האט געזען, ית שיקוציהון, די שקוצים, ית גילוליהון, די אלע תפחות, אעא ואבנא, די האלץ און די שטיין, כספא ודהבא די עמהון, די זילבער און גאלד וואס איז געווען מיט זיי.|ir hut ɡəzˈejn də ˈalə zaxn, mxzˈisin, ir hut ɡəzˈejn, xˈazi xˈazi, ir hut ɡəzˈejn, is ʃˈikiʦihin, də ʃkˈiʦim, is ɡˈililihin, də ˈalə sfxis, ˈaəa ˈiabna, də halʦ in də ʃtajn, xsfa ˈidhba də ˈɛmhin, də zˈilbər in ɡald vus iz ɡəvˈejn mit zaj.
286_165946_0057|און אפילו נישט אייך אליין זענען געצן דינערס, נאר איר האט אימפלענטעד אפילו א סיד אז ס'זאל ארויסוואקסן אז דער נעקסטער דור זאל ארויסקומען פון געצן דינערס, ווייל פונעם זיידן האט ער געהערט אפילו א ווארט אזוי.|in afˈilə niʃt aːx alˈajn zˈɛnən ɡɛʦn dˈinərs, nɔr ir hut ˈimfləntəd afˈilə a sid az szul arˈoʊsvaksn az dɛr nˈɛkstər dur zul arˈoʊskimən fin ɡɛʦn dˈinərs, vaːl fˈinəm zajdn hut ɛr ɡəhˈirt afˈilə a vɔrt azˈɔj.
286_165946_0062|דאס מיינט צו זאגן אז כאטשיג ביז יעצט האב איך מוחל געווען אויף עבירות בשוגג, אבער יעצט וועל איך אים באשטראפן אויף שוגג פונקט אזוי ווי א מזיד.|dus majnt ʦi zuɡn az xˈaʧiɡ biz jɛʦt hub ix mˈɔjxajl ɡəvˈejn oʊf avˈajrɔjs bəʃˈɔjɡəɡ, ˈɔbər jɛʦt vɛl ix ejm baʃtrˈafn oʊf ʃˈɔjɡəɡ pinkt azˈɔj vi a mzid.
286_165946_0064|גייען מיר אריין אין נביא יעצט, דאס איז פון די לעצטע פון די שבעה דנחמתא.|ɡˈajən mir arˈaːn in nˈuvi jɛʦt, dus iz fin də lˈɛʦtə fin də ʒbə dnəxəmˈusu.
286_165946_0065|גייען מיר אריין אין ישעיה קאפיטל ס"ב פסוק ה', אז ס'איז דא אזא זאך, ס'איז דא אפאר מיני מערידזשעס, ווי מ'זאגט.|ɡˈajən mir arˈaːn in jəʃˈaːə kˈapitl sˈaməx bajs pˈusik haj az siz du azˈa zax, siz du apˈur mˈini mˈɛriʤəs, vi mzuɡt.
286_165946_0066|ס'איז דא א מענטש, עפעס אזא מין שידוך אזוי בערך, ס'איז געשען אזוי, נישט קיין געהעריגע עפעס, מ'האט עפעס צוזאמגעקומען, מ'האט צוזאמגעטראכט, ס'איז געשען.|siz du a mɛnʧ, ˈɛpəs azˈa min ʃˈidəx azˈɔj bəˈejrəx, siz ɡəʃˈɛn azˈɔj, niʃt kan ɡəhˈɛriɡə ˈɛpəs, mhut ˈɛpəs ʦˈizamɡəkimən, mhut ʦˈizamɡətraxt, siz ɡəʃˈɛn.
286_165946_0067|וואס? ס'איז געשען אין מאד, דאס איז ס"ם מ"ם, יא.|vus ? siz ɡəʃˈɛn in mad, dus iz sˈaməx mɛm mɛm, ju.
286_165946_0068|ס'מאכט זיך אמאל אזעלכע זאכן, ס'מאכט זיך אזעלכע זאכן.|smaxt zix amˈul azˈɛlxə zaxn, smaxt zix azˈɛlxə zaxn.
286_165946_0069|א ריכטיגע שידוך איז ווען א שיינע שידוך, דער בחור האט חתונה געהאט מיט דעם מיידל, און ס'איז געווען א חתן מיט א כלה, ס'איז געווען א געהעריגע שידוך, למעלה קידושין, א שיינע חופה, אלעס געטון ווי ס'דארף צו זיין.|a rˈixtiɡə ʃˈidəx iz vɛn a ʃˈajnə ʃˈidəx, dɛr bˈuxər hut xˈasənə ɡəhˈat mit dejm majdl, in siz ɡəvˈejn a xusn mit a kˈalə, siz ɡəvˈejn a ɡəhˈɛriɡə ʃˈidəx, ləmˈaːlə kidˈiʃin, a ʃˈajnə xˈɔjfɛ, ˈaləs ɡətˈin vi sdaf ʦi zaːn.
286_165946_0070|דאס איז א מערידזש וואס איז לעדזשיטימעט, און ס'איז עכט, און ס'בלייבט, און ס'איז זיין "אם והגפן", דבר נאה ומתקבל.|dus iz a mˈɛriʤ vus iz lˈɛʤitimət, in siz ɛxt, in sblaːbt, in siz zaːn im iɡfn dˈuvur nˈuə imskbl.
286_165946_0071|דאס איז ביז היינט געווען אז די ארץ ישראל האט געהאט אזעלכע מעטשן, ווי מ'זאגט, מענטשן האבן זיך אריינגעזעצט,|dus iz biz haːnt ɡəvˈejn az də ˈɛrəʦ jisrˈuəl hut ɡəhˈat azˈɛlxə mɛʧn, vi mzuɡt, mɛnʧn hubn zix arˈaːnɡəzəʦt,
286_165946_0072|די אומות האבן פרובירט זיך אריינצוזעצן, דאס איז אונזער, אונזער, אונזער. אבער דער אמת'ער שידוך פאר ארץ ישראל איז קודשא בריך הוא, אורייתא, וישראל.|də ˈimɔjs hubn prˈibirt zix arˈaːnʦizəʦn, dus iz ˈinzər, ˈinzər, ˈinzər. ˈɔbər dɛr ˈɛməsər ʃˈidəx far ˈɛrəʦ jisrˈuəl iz kˈidʃa brix hˈia, urˈajjsu, ˈoʊʃral.
286_165946_0073|דער אייבערשטער, די תורה, מיט די אידישע קינדער קומען זיך צוזאם מיט ארץ ישראל און ירושלים, מיט ציון קומען זיי זיך צוזאם.|dɛr ˈajbərʃtər, də tˈɔjrə, mit də jˈidiʃə kˈindər kˈimən zix ʦˈizam mit ˈɛrəʦ jisrˈuəl in jəruʃulˈajim, mit ʦjin kˈimən zaj zix ʦˈizam.
286_165946_0075|אזוי ווי א בחור מיט א מיידל האבן חתונה אזוי ווי ס'דארף צו זיין, אזוי וועלן דיינע קינדער זיין ווען זיי וועלן אהיימקומען צוריק שוין קיין ארץ ישראל, קיין ירושלים, גייט עס זיין א געהעריגע, קאמפליט שידוך, און די שמחה וועט זיין "וּמְשׂוֹשׂ חָתָן עַל כַּלָּה".|azˈɔj vi a bˈuxər mit a majdl hubn xˈasənə azˈɔj vi sdaf ʦi zaːn, azˈɔj vɛln dˈaːnə kˈindər zaːn vɛn zaj vɛln ahˈajmkimən ʦirˈik ʃɔjn kan ˈɛrəʦ jisrˈuəl, kan jəruʃulˈajim, ɡajt ɛs zaːn a ɡəhˈɛriɡə, kˈamflit ʃˈidəx, in də sˈimxə vɛt zaːn i mɛm ʃ i ʃ x tuf nin ɛ lˈaməd kɔj lˈaməd haj
286_165946_0081|אויף דיינע מויערן, ירושלים, כאטשיג מ'איז געווען אין גלות, האט מען דאך אלץ געדארפט פראטעקטן די הייליגקייט פון ירושלים, האב איך געשטעלט אויף דעם שומרים. ווער זענען די שומרים?|oʊf dˈaːnə mˈɔjərn, jəruʃulˈajim, xˈaʧiɡ miz ɡəvˈejn in ɡˈuləs, hut mɛn dɔx alʦ ɡədˈarft frˈatəktn də hˈajliɡkaːt fin jəruʃulˈajim, hub ix ɡəʃtˈɛlt oʊf dejm ʃˈimrim. vɛr zˈɛnən də ʃˈimrim ?
286_165946_0090|אם אתן את דגנך עוד מאכל לאויביך, איך וועל נאך נעמען פון אונז די תבואה און געבן פאר ענקערע שונאים, פאר די פיינט?|im asn ɛs dɡnx id maːxl lˈɔjbix, ix vɛl nux nˈɛmən fin inz də tvˈiə in ɡejbn far ˈɛnkərə ʃˈinaːm, far də fajnt ?
286_165946_0093|איז חלילה וחס אז ווען מ'זינדיגט און מ'טוט נישט די ריכטיגע רצון השם, געשעט אז די אלע דגנך ותירושך גייען פאר די בני נכר, די גוים נעמען אוועק די השפעות.|iz xalˈilə vxus az vɛn mzˈindiɡt in mtit niʃt də rˈixtiɡə ruʦn haʃˈɛm, ɡəʃˈɛt az də ˈalə dɡnx ˈisiriʃx ɡˈajən far də bnaj nxr, də ɡɔjm nˈɛmən avˈɛk də haʃpˈuɔjs.
286_165946_0096|יעצט גייען מיר אריין אין תהלים קאפיטל מ"ה פסוק י"ז.|jɛʦt ɡˈajən mir arˈaːn in təhˈilim kˈapitl mɛm haj pˈusik jid zˈajən.
286_165946_0101|דיינע עלטערן האבן זיך אריינגעלייגט אזוי פיל כוחות.|dˈaːnə ˈɛltərn hubn zix arˈaːnɡəlajɡt azˈɔj fil kˈɔjxəs.
286_165946_0102|מ'רעדט דא פון דוד המלך אויכעט, אז דיינע קינדער וועלן ווייטער, די מלכות ביי דוד וועט גיין ווייטער, און ס'זאל זיין אזוי שטארק, "תשיתמו לשרים בכל הארץ".|mrɛdt du fin dˈuvid hamˈɛlɛx ˈɔjxət, az dˈaːnə kˈindər vɛln vˈaːtər, də mˈalxis baː dˈuvid vɛt ɡajn vˈaːtər, in szul zaːn azˈɔj ʃtark, sʃˈismi lʃrim bxul harʦ
286_165946_0103|דער אייבערשטער וועט שטעלן אז דיינע קינדערלעך וועלן ווערן אזוי גרויס, אז זיי וועלן זיין שרים און מושלים מיט אויפרעגן, מיט וועלן מ'וועט זיך אנפרעגן אויף זיי, מ'וועט וועלן הערן וואס זייער דעה איז אין גאנצן לאנד, "בכל הארץ" אין גאנצן לאנד.|dɛr ˈajbərʃtər vɛt ʃtɛln az dˈaːnə kˈindərləx vɛln virn azˈɔj ɡrɔjs, az zaj vɛln zaːn ʃrim in mˈiʃlim mit ˈɔjfrəɡn, mit vɛln mvɛt zix ˈanfrəɡn oʊf zaj, mvɛt vɛln hirn vus zˈajər dˈajə iz in ɡanʦn land, bxul harʦ in ɡanʦn land.
286_165946_0104|"אזכירה שמך בכל דור ודור", מ'וועט דערמאנען דעם נאמען יעדן דור און דור, "על כן עמים יהודוך לעולם ועד".|ˈazxirə ʃˈimxu bxul dur idˈir mvɛt dərmˈanən dejm nˈumən jejdn dur in dur, al kajn ˈɛmim ˈihidix ləˈɔjləm ˈiəd
286_165946_0105|ס'איז אנגעקומען אזוי ווייט אז די אידן וועלן טון דעם רצון המקום, אז די אלע פעלקער וועלן זאגן, וואו, דאס איז די ריכטיגע זאך וואס מ'דארף טון, זיי וועלן אלע דיך לויבן פאר אייביג און פאר אייביג, און זיי וועלן דיך מקבל זיין אלס מלך, "והיה ה' למלך על כל הארץ".|siz ˈunɡəkimən azˈɔj vaːt az də jidn vɛln tin dejm ruʦn hmkim, az də ˈalə fˈɛlkər vɛln zuɡn, vi, dus iz də rˈixtiɡə zax vus mdaf tin, zaj vɛln ˈalə dix lɔjbn far ˈajbiɡ in far ˈajbiɡ, in zaj vɛln dix mkˈabajl zaːn ˈalis mˈajləx, ˈihi haj ləmˈɛlɛx al kɔl harʦ
286_165946_0107|יעצט גייען מיר אריין אין קאפיטל מ"ו. קאפיטל מ"ו שטייט דא אז ס'איז געזאגט געווארן מיט רוח הקודש אז די אידן וועלן ניצול ווערן במלחמת גוג ומגוג אין די זמן פון די גאולה, און דא האלטן מיר אונז יעצט.|jɛʦt ɡˈajən mir arˈaːn in kˈapitl mɛm vuv. kˈapitl mɛm vuv ʃtajt du az siz ɡəzˈuɡt ɡəvˈɔrn mit rˈiəx hkidʃ az də jidn vɛln nˈiʦil virn bmlxms ɡiɡ ˈimɡiɡ in də zman fin də ɡˈulə, in du haltn mir inz jɛʦt.
286_165946_0110|עֲלָמוֹת איז געווען אן אינסטרומענט וואס האט געהייסן עֲלָמוֹת, און ס'שטייט אז יעדע מאל פאר מ'האט געזינגען דאס איז געשטאנען די ערשטע נאוט אויף וועלכע אינסטרומענט זאל זיין די ליד אינסטרומענט פאר די מזמור.|ɛ lˈaməd mi tuf iz ɡəvˈejn un instrimˈɛnt vus hut ɡəhˈajsn ɛ lˈaməd mi tuf, in sʃtajt az jˈɛdə mul far mhut ɡəzˈinɡən dus iz ɡəʃtˈanən də ˈɛrʃtə nit oʊf vˈɛlxə instrimˈɛnt zul zaːn də lid instrimˈɛnt far də mzmir.
286_165946_0111|איז דאס געווען די עֲלָמוֹת. די עֲלָמוֹת, מיט דעם האט מען עס געזינגען אין בית המקדש. זאגט ער, וואס טאקע וואס?|iz dus ɡəvˈejn də ɛ lˈaməd mi tuf. də ɛ lˈaməd mi tuf, mit dejm hut mɛn ɛs ɡəzˈinɡən in bajs hamˈikduʃ. zuɡt ɛr, vus tˈakə vus ?
286_165946_0118|שכוח. וואס איז נאך א דודא? שיינע תפלות. אקעי, מ'גייט מיט'ן שוין ארומרידערן, אבער מער פון דעם.|ʃkvax. vus iz nux a dˈida ? ʃˈajnə tfˈilɔjs. ˈɔkaj, mɡajt mitn ʃɔjn arˈimridərn, ˈɔbər mɛr fin dejm.
286_165946_0120|סיעתא, זייער שטארק. מ'האט געפונען זייער שטארק. אקעי,|sijˈatu, zˈajər ʃtark. mhut ɡəfˈinən zˈajər ʃtark. ˈɔkaj,
286_165946_0121|משנה גייען מיר לערנען מסכת ב' פרק ד', און דאס איז אינגאנצן זיבן משנות, ס'רעדט זיך פון יום טוב. און מיר גייען מיר לערנען אזוי:|mˈiʃnə ɡˈajən mir lˈirnən mˈasəxəs ba pˈajrək dˈalət in dus iz inɡˈanʦn zibn mʃnis, srɛdt zix fin jɔjm tɔjv. in mir ɡˈajən mir lˈirnən azˈɔj :
286_165946_0122|יום טוב, ס'קומט יום טוב וואס פרייט זיך, מ'ברענגט וויין פון איין פלאץ צום צווייטן. ס'איז דא צוויי וועגן וויאזוי מ'קען ברענגען וויין. דו קענסט ברענגען וויין מיט א הענט טראק און מיט א גאנצע זאך,|jɔjm tɔjv, skimt jɔjm tɔjv vus frajt zix, mbrɛnɡt vaːn fin ajn plaːʦ ʦim ʦvajtn. siz du ʦvaj vejɡn vizˈɔj mˈɛkən brˈejnɡən vaːn. di kɛnst brˈejnɡən vaːn mit a hɛnt trak in mit a ɡˈanʦə zax,
286_165946_0123|ס'קוקט אויס גוי'איש, ס'קוקט אויס וואכנטליך. יום טוב דארפסטו ברענגען בכבוד'יג,|skikt oʊs ɡˈɔjaːʃ, skikt oʊs vˈaxntləx. jɔjm tɔjv dˈarfsti brˈejnɡən bxbˈidiɡ,
286_165946_0124|דו קענסט ברענגען מיט די האנט אזוי. קענסטו ברענגען אזוי, קענסטו ברענגען אז ס'איז וויין פאר יום טוב.|di kɛnst brˈejnɡən mit də hant azˈɔj. kˈɛnsti brˈejnɡən azˈɔj, kˈɛnsti brˈejnɡən az siz vaːn far jɔjm tɔjv.
286_165946_0125|זאגט ער, ברענג ער נישט אריבער אזוי מיט אזעלכע קעיסעס, מיט קרעיטס, מיט וואס, ברענג ער נישט קיין וואכנדיגע וועג. המביא כד יין,|zuɡt ɛr, brɛnɡ ɛr niʃt arˈibər azˈɔj mit azˈɛlxə kˈajsəs, mit krajʦ, mit vus, brɛnɡ ɛr niʃt kan vˈaxndiɡə vejɡ. hmbˈia kad jˈajin,
286_165946_0126|מ'רעדט דאך פון הונדערט תחום, און די אלע זאכן, יא, און די עירה, אלעס וואס מ'דארף האבן, עירוב תחומין, וואס איז דאס? עירוב תבשילים, וואס איז דאס? אבער די וועג וואס דאס זאל געטון געווען.|mrɛdt dɔx fin hˈindərt txim, in də ˈalə zaxn, ju, in də ˈajrə, ˈaləs vus mdaf hubn, ˈajrəv txˈimin, vus iz dus ? ˈajrəv zbʃˈilim, vus iz dus ? ˈɔbər də vejɡ vus dus zul ɡətˈin ɡəvˈejn.
286_165946_0128|לא יפשיל את הכפיפה לאחוריו זאל ער אויך נישט טון אזא וואכעדיגע וועג פון עס לייגן אין די בעק אזוי, אבל מביאה בידו, ער קען עס ברענגען זיין האנט בכבוד'דיג, ומתחילין בערימת התבן|lɔj ˈifʃil ɛs hxfˈifə lˈaxirji zul ɛr ɔjx niʃt tin azˈa vˈaxədiɡə vejɡ fin ɛs lajɡn in də bɛk azˈɔj, uvl mbˈia bˈidi, ɛr kɛn ɛs brˈejnɡən zaːn hant bxbˈidiɡ, ˈimsxilin bˈɛrims hatˈɛvən
286_165946_0129|און ער קען אויך אנהייבן. ער הייבט אן די שטרוי, די הויפן שטרוי צו הייצן און צו עסן פאר א בהמה,|in ɛr kɛn ɔjx ˈunhajbn. ɛr hajbt un də ʃtrɔj, də hoʊfn ʃtrɔj ʦi hajʦn in ʦi ɛsn far a bəhˈajmu,
286_165946_0130|וואס ס'קוקט אויס ווי א וואכענדיגע זאך, קען עס טון אפילו אין יום טוב, אבל לא בעצים שבמוקצה, אבער נישט אן עצה פון העלצער וואס ס'איז אוועקגעלייגט פאר קאנסטראקשן אדער וואס,|vus skikt oʊs vi a vˈaxəndiɡə zax, kɛn ɛs tin afˈilə in jɔjm tɔjv, uvl lɔj bˈɛʦim ʒbmˈikʦə, ˈɔbər niʃt un ˈajʦə fin hˈɛlʦər vus siz avˈɛkɡəlajɡt far kˈanstrakʃn ˈɔdər vus,
286_165946_0131|אדער פאר מאכן א רעילינג, האפן אויק וואו, ס'קען ברענען זייער גוט. אבער דאס איז מוקצה פון חסרון כיס. דאס הייסט מוקצה פון חסרון כיס ווייל ס'איז ווערט זייער סאך.|ˈɔdər far maxn a rˈajlinɡ, hafn ɔjk vi, skɛn brˈɛnən zˈajər ɡit. ˈɔbər dus iz mˈikʦə fin xˈɛsrɔjn kis. dus hajst mˈikʦə fin xˈɛsrɔjn kis vaːl siz virt zˈajər sax.
286_165946_0132|זאגט די משנה ווייטער, אין נוטלין עצים מן הסוכה. סוכה מיינט נישט דוקא דא סוכות, ס'מיינט דא קען זיין פסח און שבועות אויכעט. ס'מיינט מען עסט אויטדאורס,|zuɡt də mˈiʃnə vˈaːtər, in nˈitlin ˈɛʦim min hsˈixə. sˈikə majnt niʃt dˈika du sˈikəs, smajnt du kɛn zaːn pˈajsəx in ʃvˈiəs ˈɔjxət. smajnt mɛn ɛst ɔjtdˈirs,
286_165946_0133|מען האט אזא באד און מען לייגט ארויף אויף דעם אזא סכך צו פראטעקטן פון די זון אדער וואס, אלא מן הסמוך לה, עפעס וואס איז אנגעלאנט אין די זייט,|mɛn hut azˈa bad in mɛn lajɡt arˈoʊf oʊf dejm azˈa sxax ʦi frˈatəktn fin də zin ˈɔdər vus, ˈala min hsmix luh, ˈɛpəs vus iz anɡəlˈant in də zaːt,
286_165946_0135|פון די ארומגעגעטע פלאץ וואס מעג מען נעמען, אפילו מן המפוזר, אפילו ס'איז געווען אויסגעשפרייטערט די האלץ. איזהו קרפף? גייט ער מסביר זיין, כל שסמוך לעיר, ס'דארף זיין צוויי זאכן: ארומגעצוימט דעם פלאץ,|fin də arˈimɡəɡətə plaːʦ vus mejɡ mɛn nˈɛmən, afˈilə min hmfizr, afˈilə siz ɡəvˈejn ˈoʊzɡəʃprajtərt də halʦ. ˈizhi krf ? ɡajt ɛr mazbˈir zaːn, kɔl ʃsmix lajr, sdaf zaːn ʦvaj zaxn : arˈimɡəʦɔjmt dejm plaːʦ,
286_165946_0136|און ס'דארף זיין סעקיור. דברי רבי יהודה זלט רבי יהודה. רבי יוסי אמר, כל שנכנסין לו בפתחת, יעדע ארומגענומענע זאך, מ'גייט אריין דורך א טיר מיט א שליסל, אפילו בתוך תחום שבת,|in sdaf zaːn səkjˈir. dbri rˈɛbə jəhˈidə zlt rˈɛbə jəhˈidə. rˈɛbə jˈisi ˈumar, kɔl ʃnxnsin li bfsxs, jˈɛdə arˈimɡənimənə zax, mɡajt arˈaːn dˈɔrəx a tir mit a ʃlisl, afˈilə bsɔjx txim ʃˈabəs,
286_165946_0137|אפילו ס'איז אונזער תחום שבת, קען מען סתם נאמן.|afˈilə siz ˈinzər txim ʃˈabəs, kɛn mɛn stam nˈɛmən.
286_165946_0138|משנה ג', אין מבקעין עצים, מ'טאר נישט אין יום טוב צוהאקן האלץ, לא מן הקורות, נישט פון קיין קלעצער, ולא מן הקורה שנשברה ביום טוב, און אפילו נישט פון קיין קלאץ וואס איז געווארן צובראכן אין יום טוב. נאר וואס דען?|mˈiʃnə ɡiml in mbkajn ˈɛʦim, mtur niʃt in jɔjm tɔjv ʦˈihakn halʦ, lɔj min hakˈɔjrɔjs, niʃt fin kan klˈɛʦər, ˈila min hkˈirə ʃənˈiʒbəru bjim tɔjv, in afˈilə niʃt fin kan klaʦ vus iz ɡəvˈɔrn ʦˈibraxn in jɔjm tɔjv. nɔr vus dɛn ?
286_165946_0139|מ'דארף זיין וואס איז שוין געווארן צובראכן פאר יום טוב. ואין מבקעין, מ'טאר נישט אין יום טוב צוהאקן אזעלכע האלץ וואס מ'מעג שוין יא צוהאקן צוהאצן,|mdaf zaːn vus iz ʃɔjn ɡəvˈɔrn ʦˈibraxn far jɔjm tɔjv. ˈiaːn mbkajn, mtur niʃt in jɔjm tɔjv ʦˈihakn azˈɛlxə halʦ vus mmejɡ ʃɔjn ju ʦˈihakn ʦˈihaʦn,
286_165946_0141|נישט מיט קיין שניי מעסער, נאר וואס דען? ס'זאל זיין א האקמעסער וואס מ'נוצט צו האקן פלייש, אדער אן אנדערע טול, ס'זאל זיין א שינוי.|niʃt mit kan ʃnaj mˈɛsər, nɔr vus dɛn ? szul zaːn a hˈakməsər vus mniʦt ʦi hakn flajʃ, ˈɔdər un ˈandərə til, szul zaːn a ʃˈinə.
286_165946_0143|דא רעדט מען אז די ציגל איז ארומגענומען מיט א ציגל אין א שעד וואס האט נישט קיין ליים, ס'איז נאר אזוי ווי א געיטעד, ס'איז נישט אזוי שטארק. נוטל ממקום הפחת, מעג מען נעמען,|du rɛdt mɛn az də ʦiɡl iz arˈimɡənimən mit a ʦiɡl in a ʃɛd vus hut niʃt kan lajm, siz nɔr azˈɔj vi a ɡˈajtəd, siz niʃt azˈɔj ʃtark. nitl mmkim hfxs, mejɡ mɛn nˈɛmən,
286_165946_0144|ס'איז גארנישט צובראכן א חלק, דארט מעג מען פון דארטן ארויסנעמען. רבי מאיר זאגט, ניין, אף פוחסין את הנער, מען מעג דאך פון דארטן אראפנעמען עטליכע ציגל, ונוטל און נעמען פרוכט פון דארטן.|siz ɡˈurniʃt ʦˈibraxn a xˈajlək, dɔrt mejɡ mɛn fin dɔrtn arˈoʊsnəmən. rˈɛbə mˈajər zuɡt, najn, ɔp fˈixsin ɛs hnɛr, mɛn mejɡ dɔx fin dɔrtn arˈupnəmən ˈɛtləxə ʦiɡl, ˈinitl in nˈɛmən frixt fin dɔrtn.
286_165946_0145|משנה ד' אין פוחסין את הנער, מען טאר נישט עפענען יום טוב א לעמפעלע, מה שעושה כלי ווייל מען מאכט א כלי. אנדערע זאגן,|mˈiʃnə dˈalət in fˈixsin ɛs hnɛr, mɛn tur niʃt ˈɛfənən jɔjm tɔjv a lˈɛmfələ, mɛ ʃˈɛiʃə kˈajlə vaːl mɛn maxt a kˈajlə. ˈandərə zuɡn,
286_165946_0146|אין פוחסין את הנער מיינט צו זאגן צו נעמען כלי. און אריינקוועטשן און מאכן פון דעם א לעמפל אריינצולייגן אויל דארטן וואס זאל קענען ברענען.|in fˈixsin ɛs hnɛr majnt ʦi zuɡn ʦi nˈɛmən kˈajlə. in arˈaːnkvəʧn in maxn fin dejm a lɛmfl arˈaːnʦilajɡn ɔjl dɔrtn vus zul kˈɛnən brˈɛnən.
286_165946_0147|סאו ער נעמט אביסל קלעי, ער לייגט אריין די פינגער אזוי ס'ווערט פון אים א כלי, זאל עס נישט טון ווייל דאס וועט מען מאכן א כלי. ואין עושין פחמין, מ'טאר נישט מאכן קיין קולים ביום טוב. ואין חדכין,|sɔ ɛr nɛmt abˈisl klaj, ɛr lajɡt arˈaːn də fˈinɡər azˈɔj svirt fin ejm a kˈajlə, zul ɛs niʃt tin vaːl dus vɛt mɛn maxn a kˈajlə. ˈiaːn ˈiʃin fxmin, mtur niʃt maxn kan kˈilim bjim tɔjv. ˈiaːn xdxin,
286_165946_0148|מ'טאר נישט איבערשניידן זיין פסולת שנים. אז ער האט א לעמפל, ער האט נאר איין לאנגע קנויט, אדער ער האט א לעכטל צו צוויי קנויטן, זאל ער נישט איבערשניידן מיט א שערל אדער מיט א מעסער.|mtur niʃt ˈibərʃnajdn zaːn psˈɔjləs ʃnim. az ɛr hut a lɛmfl, ɛr hut nɔr ajn lˈanɡə knɔjt, ˈɔdər ɛr hut a lɛxtl ʦi ʦvaj knɔjtn, zul ɛr niʃt ˈibərʃnajdn mit a ʃɛrl ˈɔdər mit a mˈɛsər.
286_165946_0149|נאר וואס רבי יהודה אומר, חדכה, מ'קען עס נישט שניידן אין אן אנדערע אופן. וויאזוי ביעור, מיט פייער, מיט פייער. ער לייגט עס אריין אינמיטן פייער, און ס'צינדט זיך אן ביידע, און דורך דעם אויטאמאטיש ווערט עס צושניטן אויף צוויי.|nɔr vus rˈɛbə jəhˈidə imr, xdxə, mˈɛkən ɛs niʃt ʃnajdn in un ˈandərə ɔjfn. vizˈɔj bˈiəir, mit fˈajər, mit fˈajər. ɛr lajɡt ɛs arˈaːn ˈinmitn fˈajər, in sʦindt zix un bˈajdə, in dˈɔrəx dejm ˈɔjtamatiʃ virt ɛs ʦˈiʃnitn oʊf ʦvaj.
286_165946_0153|מ'טאר נישט צושטעלן שתי חבית, אזעלכע צוויי פעסער איינס צום צווייטן, לשפות אליין ארויפצולערן אויף זיי, אזעלכע קדירה, דעם טאפ וואס הייסט געבויעט. ואין סומכה, אזעלכע קדירה בין בעל כעס,|mtur niʃt ʦˈiʃtəln ʃtaj xbis, azˈɛlxə ʦvaj fˈɛsər ajns ʦim ʦvajtn, lʃpis alˈajn arˈoʊfʦilərn oʊf zaj, azˈɛlxə kdˈirə, dejm tap vus hajst ɡəbˈɔjət. ˈiaːn sˈimxə, azˈɛlxə kdˈirə bin baːl kas,
286_165946_0154|מ'טאר נישט אונטערליינען דעם טאפ מיט א שטיקל האלץ, ווייל יום טוב מעג מען מתהאלטן זיין די האלץ נאר צום הייצן. וכן בדלת,|mtur niʃt ˈintərlajnən dejm tap mit a ʃtikl halʦ, vaːl jɔjm tɔjv mejɡ mɛn mshaltn zaːn də halʦ nɔr ʦim hajʦn. ixn bdls,
286_165946_0155|אזוי איז די הלכה ביי א טיר, מ'טאר נישט אונטערלייגן די שיקל האלץ, ואין מנהיגין את הבהמה במקל, מ'טאר נישט פירן א בהמה מיט אזא שטעקן ביי יום טוב אין יום טוב, צו שטרייבן די בהמה מיט אזא שטעקן,|azˈɔj iz də halˈuxə baː a tir, mtur niʃt ˈintərlajɡn də ʃikl halʦ, ˈiaːn mnhˈiɡin ɛs habhˈajmə bmkl, mtur niʃt firn a bəhˈajmu mit azˈa ʃtɛkn baː jɔjm tɔjv in jɔjm tɔjv, ʦi ʃtrajbn də bəhˈajmu mit azˈa ʃtɛkn,
286_165946_0156|ווייל ס'זעט אויס אז מ'פירט אים א מארק צו פארקויפן. רבי אלעזר ר' שמעון, מתיר.|vaːl szejt oʊs az mfirt ejm a mark ʦi farkˈɔjfn. rˈɛbə ˈaluzr rajʃ ʃˈimən, mˈatir.
286_165946_0158|ווייל וואו איך גיי, ווייס איך אז דאס איז איינע פון די וויכטיגסטע זאכן וואס איך פרעג די וועיטער, די ערשטע זאך. מ'קומט אן אין גריכנלאנד, פרעג איך אים, וויאזוי זאגט מען גוט מארגן אויף גריכיש? כאטש איך ווייס קאלימערא.|vaːl vi ix ɡaj, vajs ix az dus iz ˈajnə fin də vˈixtiɡstə zaxn vus ix frɛɡ də vˈajtər, də ˈɛrʃtə zax. mkimt un in ɡrˈixnland, frɛɡ ix ejm, vizˈɔj zuɡt mɛn ɡit mɔrɡn oʊf ɡrˈixiʃ ? xɔʧ ix vajs kˈaliməra.
286_165946_0159|אבער קודם פרעג איך, וויאזוי זאגט מען א טוטפיק? זאג איך, אגלאדאדאפידא. ס'איז א שווערע ווארט, איך ווייס עס. דאס דארף איך קענען. יעדן וועיטער, אגלאדאדאפידא, שנעל, ראשל.|ˈɔbər kˈɔjdəm frɛɡ ix, vizˈɔj zuɡt mɛn a tˈitfik ? zuɡ ix, ˈaɡladadafida. siz a ʃvˈɛrə vɔrt, ix vajs ɛs. dus daf ix kˈɛnən. jejdn vˈajtər, ˈaɡladadafida, ʃnɛl, raʃl.
286_165946_0160|דאס איז א וויכטיגע זאך.|dus iz a vˈixtiɡə zax.
286_165946_0161|נוטל אדם קיסם משלפניו, אויב ס'איז אין פראנט פון אים מעג ער עס נעמען און עס נוצן לחצוץ בו שיניו.|nitl udm kism mʃlfnji, ɔjb siz in frant fin ejm mejɡ ɛr ɛs nˈɛmən in ɛs niʦn lxʦiʦ bi ʃˈinji.
286_165946_0162|זעט אויס רבי אליעזר האט פארשטאנען וואס דאס מיינט אז ס'בלייבט סטאק א שטיקל פלייש אין די ציינער דארטן.|zejt oʊs rˈɛbə əlˈiəzər hut farʃtˈanən vus dus majnt az sblaːbt stak a ʃtikl flajʃ in də ʦˈajnər dɔrtn.
286_165946_0163|ומגבב מן החצר, מ'מעג צוזאמקלויבן פון הויף, ומדליק, און זיי אנצינדן, שכל מה שבחצר מוכן הוא, ווייל אלעס וואס איז אין הויף הייסט עס כאילו ס'איז אנגעגרייט.|imɡb min hxʦr, mmejɡ ʦˈizamklɔjbn fin hɔjf, ˈimdlik, in zaj ˈanʦindn, sajxl mɛ ʒbxʦr mixn hˈia, vaːl ˈaləs vus iz in hɔjf hajst ɛs kəjˈilə siz ˈunɡəɡrajt.
286_165946_0166|היינט האט מען שוין א פייער לייטער, יעצט האט מען מעטשעס, אבער דעמאלטס איז געווען א סיסטעם, אדער האט מען גענומען שטיינער, אדער האט מען גענומען די ערד, אזוי.|haːnt hut mɛn ʃɔjn a fˈajər lˈajtər, jɛʦt hut mɛn mˈɛʧəs, ˈɔbər dˈɛmalʦ iz ɡəvˈejn a sˈistəm, ˈɔdər hut mɛn ɡənˈimən ʃtˈajnər, ˈɔdər hut mɛn ɡənˈimən də ɛrd, azˈɔj.
286_165946_0169|והתיר רבי אליעזר, עומד אדם על המוקצה, א מענטש קען זיך אוועקשטעלן ביי די פירות וואס ליגט דארטן ביי די אפגעשיידטע פלאץ, ערב שבת בשביעית, ערב שבת אין א שמיטה יאר, ואומר, און ער זאגט, מכאן אני אוכל למחר, פון דא וועל איך עסן מארגן אין שבת.|isˈir rˈɛbə əlˈiəzər, imd udm al hmˈikʦə, a mɛnʧ kɛn zix avˈɛkʃtəln baː də pˈajrɔjs vus liɡt dɔrtn baː də ˈɔpɡəʃajdtə plaːʦ, ɛrb ʃˈabəs baʃvˈiis, ɛrb ʃˈabəs in a ʃmˈitə jur, ˈiimr, in ɛr zuɡt, mxan ˈani ixl lmˈuxur, fin du vɛl ix ɛsn mɔrɡn in ʃˈabəs.
286_165946_0170|וחכמים אומרים, עד שירשום ויאמר, ער דארף אנצייכענען, און ער זאגט, מכאן ועד כאן, פון דא ביז דא קען איך עסן. אזוי האט ער אפגעמאכט און ער האט עס אנגעגרייט.|ˈixmim ˈimrim, ɛd ʃˈirʃim ˈɔjamr, ɛr daf ˈanʦajxənən, in ɛr zuɡt, mxan ˈiəd xun, fin du biz du kɛn ix ɛsn. azˈɔj hut ɛr ˈupɡəmaxt in ɛr hut ɛs ˈunɡəɡrajt.
286_165946_0171|זאגט די גמרא אין מסכת ביצה דף ל"ב ע"א, אמר רב, ואין עושין פחמין ביום טוב, מ'טאר נישט מאכן יום טוב קוילן, ווייל ס'ווערט באטראכט ווי א כלי פאר די גאלד ארבעטערס.|zuɡt də ɡəmˈurə in mˈasəxəs bˈiʦə daf lˈaməd bajs ˈajən ˈaləf, ˈumar ruv, ˈiaːn ˈiʃin fxmin bjim tɔjv, mtur niʃt maxn jɔjm tɔjv kɔjln, vaːl svirt batrˈaxt vi a kˈajlə far də ɡald ˈarbətərs.
286_165946_0172|מ'טאר נישט מאכן א כלי אין יום טוב. פרעגט די גמרא פשיטא, ס'איז דאך פשוט, מ'טאר נישט מאכן אין יום טוב, ס'איז א פשוט'ע זאך. למאי חזי? וואס קען עס דינען פאר א צורך אוכל נפש?|mtur niʃt maxn a kˈajlə in jɔjm tɔjv. frɛɡt də ɡəmˈurə fʃˈita, siz dɔx pˈuʃit, mtur niʃt maxn in jɔjm tɔjv, siz a pˈiʃətə zax. lˈɛmaː xˈazi ? vus kɛn ɛs dˈinən far a ʦˈɔjrəx ixl nˈejfiʃ ?
286_165946_0173|ער קען דאך נישט מאכן קיין גאלד יעצט. אמר רב יהודה אמר רב, לא נצרכה אלא למותן לעוללין ולבא ביום.|ɛr kɛn dɔx niʃt maxn kan ɡald jɛʦt. ˈumar ruv jəhˈidə ˈumar ruv, lɔj nʦrxə ˈala lumˈuvɛsn lˈɛillin ˈilba bjim.
286_165946_0174|ס'איז דא מענטשן וואס האבן שוויץ בעדער, און דארט דארף מען אנהייבן געוויסע קוילן און ווייניגער דארטן.|siz du mɛnʧn vus hubn ʃviʦ bədˈɛr, in dɔrt daf mɛn ˈunhajbn ɡəvˈisə kɔjln in vˈajniɡər dɔrtn.
286_165946_0175|איז פארדעם, אזא פאל וואס דער מענטש מיינט צו מאכן די קול און עס איבערצוגעבן דעם זעלבן טאג נאכדעם צו די בדר וואס ווארעמען הייס וואסער. פרעגט די גמרא, ביום שרי?|iz fardˈejm, azˈa fal vus dɛr mɛnʧ majnt ʦi maxn də kul in ɛs ˈibərʦiɡəbn dejm zɛlbn tuɡ nuxdˈejm ʦi də bdr vus vˈarəmən hajs vˈasər. frɛɡt də ɡəmˈurə, bjim ʃri ?
286_165946_0176|אין יום טוב אליינס מעג מען מיט דעם ווארעם וואסער זיך צו באדן? מ'האט דאך גוזר געווען אז מ'טאר זיך נישט באדן אפילו אין ווארעם וואסער וואס מ'האט געווארעמט אין ערב יום טוב.|in jɔjm tɔjv alˈajns mejɡ mɛn mit dejm vˈarəm vˈasər zix ʦi badn ? mhut dɔx ɡizr ɡəvˈejn az mtur zix niʃt badn afˈilə in vˈarəm vˈasər vus mhut ɡəvˈarəmt in ɛrb jɔjm tɔjv.
286_165946_0177|איז דאך א פשיטא אז צו ווארעמען וואסער אין יום טוב צו באדן איז אסור אפילו פאר די גזירה.|iz dɔx a fʃˈita az ʦi vˈarəmən vˈasər in jɔjm tɔjv ʦi badn iz asˈir afˈilə far də ɡzˈajrə.
286_165946_0178|ענטפערט די גמרא, כדאמר רבא, להזיע, מ'האט געמאכט קודם מענטשן זאלן קענען אריינגיין פון שוויצן, וקודם גזירה, ס'איז דאך פאר מ'האט געמאכט די גזירה.|ˈɛntfərt də ɡəmˈurə, xdamr rba, lhzˈiə, mhut ɡəmˈaxt kˈɔjdəm mɛnʧn zɔln kˈɛnən arˈaːnɡajn fin ʃviʦn, ˈikidm ɡzˈajrə, siz dɔx far mhut ɡəmˈaxt də ɡzˈajrə.
286_165946_0179|והכא נמי להזיע, דא רעדט מען אויך אז ס'איז שוויצן, וקודם גזירה, און פאר די גזירה.|ˈixa nmi lhzˈiə, du rɛdt mɛn ɔjx az siz ʃviʦn, ˈikidm ɡzˈajrə, in far də ɡzˈajrə.
286_165946_0180|אויב אין די משנה שטייט, ואין חותכין את הפתילה לשנים, מ'טאר נישט יום טוב צו שניידן א קנויט פון לעכט אויף צוויי חלקים, מאי שנא בסכין דלא? פארוואס טאר מען נישט מיט א מעסער?|ɔjb in də mˈiʃnə ʃtajt, ˈiaːn xˈisxin ɛs hfsˈilə lʃnim, mtur niʃt jɔjm tɔjv ʦi ʃnajdn a knɔjt fin lɛxt oʊf ʦvaj xalˈukim, maː ʃna bsxin dla ? farvˈus tur mɛn niʃt mit a mˈɛsər ?
286_165946_0182|ער לייגט אריין ביידע זייטן פון די קנויטן צוויי לאכטערס, און ער צינדט אן די קנויט אינמיטן.|ɛr lajɡt arˈaːn bˈajdə zajtn fin də knɔjtn ʦvaj lˈaxtərs, in ɛr ʦindt un də knɔjt ˈinmitn.
286_165946_0183|קען נישט טראכטן אז ער טוט צו מאכן פון דעם איין לעכט צוויי לעכט, נאר וועט עס זאגן אז דער מענטש האט סתם אנגעצינדן די לעכט.|kɛn niʃt traxtn az ɛr tit ʦi maxn fin dejm ajn lɛxt ʦvaj lɛxt, nɔr vɛt ɛs zuɡn az dɛr mɛnʧ hut stam ˈanɡəʦindn də lɛxt.
286_165946_0184|זאגט די גמרא, אמר רב נתן, אמר רב, מוחטין, מ'מעג רייניגן את הפתילה די קנויט ביום טוב. מאי מוחטין? וואס מיינט דאס מוחטין?|zuɡt də ɡəmˈurə, ˈumar ruv nusn, ˈumar ruv, mˈixtin, mmejɡ rˈajniɡn ɛs hfsˈilə də knɔjt bjim tɔjv. maː mˈixtin ? vus majnt dus mˈixtin ?
286_165946_0186|ס'טייטשט אזוי, ס'איז דא אין די קנויט איז דא אזא גרויסע קויל דארטן, און ס'מאכט נישט ברענען גוט, ס'מאכט טונקל די שיין פון די ליכט, מעג מען עס אראפנעמען כאטשיג ס'גייט אויסלעשן דעם קויל דא.|stajʧt azˈɔj, siz du in də knɔjt iz du azˈa ɡrˈɔjsə kɔjl dɔrtn, in smaxt niʃt brˈɛnən ɡit, smaxt tinkl də ʃajn fin də lixt, mejɡ mɛn ɛs arˈupnəmən xˈaʧiɡ sɡajt ˈoʊsləʃn dejm kɔjl du.
286_165946_0188|להחמיר איז וואס אין גודלין אותו לכתחלה ביום טוב, מ'טאר נישט לעכטן א קנויט לכתחלה אין יום טוב. וואין מהבהבין אותו ביום טוב, מ'טאר נישט אפברענען די קנויט אין יום טוב מיט פורים פסח.|lhxmir iz vus in ɡˈidlin ˈɔjsɔj lxsxlə bjim tɔjv, mtur niʃt lɛxtn a knɔjt lxsxlə in jɔjm tɔjv. vaːn mhbhbin ˈɔjsɔj bjim tɔjv, mtur niʃt ˈafbrənən də knɔjt in jɔjm tɔjv mit pˈirim pˈajsəx.
286_165946_0190|ושורר בשם, מ'מעג עס ווייגן אין אויל. וחותכה בעיר, בפי שתי נר, מ'מעג עס די קונגען, אזוי ווי מ'האט יעצט גערעדט. דורכברענען צו מאכן צוויי פייערן.|ˈiʃirr bʃajm, mmejɡ ɛs vajɡn in ɔjl. ˈixisxə bajr, bfi ʃtaj najr, mmejɡ ɛs də kˈinɡən, azˈɔj vi mhut jɛʦt ɡərˈɛt. dˈirxbrənən ʦi maxn ʦvaj fˈajərn.
286_165946_0191|אמר רבי יהושע בן לוי אמר רב, אנשי בבל, די ישיבה פון בבא, ידעה גיהנום, זיי האבן נישט קיין רחמנות צו טון צדקה, ווייל מיט גייען זיי אריין אין גיהנום.|ˈumar rˈɛbə jəhˈɔjʃiə bɛn lɔj ˈumar ruv, ˈanʃə bˈuvəl, də jəʃˈivə fin ba, ˈidə ɡˈinim, zaj hubn niʃt kan rˈaxmunəs ʦi tin ʦdˈukə, vaːl mit ɡˈajən zaj arˈaːn in ɡˈinim.
286_165946_0192|כי הלא שבתאי בר מרונא את עקל לבבא, דער שבתאי בר מרונא איז אנגעקומען צו בבא, ער האט שוין געהאט קיין געלט, בואו מן העיסקא, האט ער געבעטן, יעצט מיר אפיסל געלט, איך זאל קענען מאכן ביזנעס פון דעם וואס איך זאל קענען פארקויפן.|ki hla ʃˈabəsaː bar mrˈina ɛs ɛkl lba, dɛr ʃˈabəsaː bar mrˈina iz ˈunɡəkimən ʦi ba, ɛr hut ʃɔjn ɡəhˈat kan ɡɛlt, bˈui min hˈajska, hut ɛr ɡəbˈejtn, jɛʦt mir ˈafisl ɡɛlt, ix zul kˈɛnən maxn bˈiznəs fin dejm vus ix zul kˈɛnən farkˈɔjfn.
286_165946_0193|ולא העוולי, און קיינער פון די סוכנים האט נישט געוואלט אים געבן מזוני, האט ער געבעטן עסן, מייז נמלא, זיי האבן אים נישט געגעבן קיין עסן אויך נישט.|ˈila hˈɛvli, in kˈajnər fin də sˈixnim hut niʃt ɡəvˈɔlt ejm ɡejbn mzˈini, hut ɛr ɡəbˈejtn ɛsn, majz nmla, zaj hubn ejm niʃt ɡəɡˈɛbn kan ɛsn ɔjx niʃt.
286_165946_0194|אמר הנא מערב רב כסא, דאס זענען נישט קיין פון זרעו של ישראל, אז זיי זענען אייניקלעך פון אברהם אבינו, אז זיי האבן נישט קיין רחמנות אין זיך.|ˈumar hna mˈaːrəv ruv xsa, dus zˈɛnən niʃt kan fin zrˈɛi ʃɛl jisrˈuəl, az zaj zˈɛnən ˈajnikləx fin ˈavrum ˈabini, az zaj hubn niʃt kan rˈaxmunəs in zix.
286_165946_0196|זעט מען אז דיינע קינדער דארפן זיין אז דו ביסט פון אברהם, יצחק און יעקב, דעמאלטס האסטו נישט די אכזריות. איז אלא מאי, עפעס טויג נישט דא.|zejt mɛn az dˈaːnə kˈindər daːfn zaːn az di bist fin ˈavrum, jˈiʦxuk in jˈankəv, dˈɛmalʦ hˈusti niʃt də axzərˈijus. iz ˈala maː, ˈɛpəs tɔjɡ niʃt du.
286_165946_0200|"ידע כי נכון בידו יום חשך", דער מענטש ווייסט אז ביי אים, ער ווייסט אז זיינע טעג זענען פארפינצטערטע. רב חסדא אמר, אף חייו אינם חיים, אויך זיין לעבן איז קיין לעבן נישט.|ˈidə ki nxin bˈidi jɔjm xˈɔjʃəx dɛr mɛnʧ vajst az baː ejm, ɛr vajst az zˈaːnə tejɡ zˈɛnən farfˈinʦtərtə. ruv xˈisdu ˈumar, ɔp xˈajujv inm xˈajim, ɔjx zaːn lejbn iz kan lejbn niʃt.
286_165946_0202|המצפה לשלחן חבירו, איינער וואס האט נישט קיין עסן און ער ווארט נאר אויס אז אנדערע זאלן אים געבן, ער לעבט נעבעך נאר אויף דעם חשבון אז אנדערע זאלן אים געבן. ומי שאשתו מושלת עליו, איינער וואס זיין ווייב קאנטראלט אים.|hmʦfə lʃlxajn xavˈajrɔj, ˈajnər vus hut niʃt kan ɛsn in ɛr vɔrt nɔr oʊs az ˈandərə zɔln ejm ɡejbn, ɛr lejbt nˈɛbəx nɔr oʊf dejm xˈɛʃbɔjn az ˈandərə zɔln ejm ɡejbn. ˈimi ʃˈaʃsi miʃls ˈɛlji, ˈajnər vus zaːn vaːb kˈantralt ejm.
286_165946_0203|דאס מיינט צו זאגן אז די עבודה איז אז א מאן דארף זיין מאסקולין, ער דארף זיין דער משפיע, ער דארף זיין דער וואס ברענגט פרנסה.|dus majnt ʦi zuɡn az də avˈɔjdə iz az a mun daf zaːn mˈaskilin, ɛr daf zaːn dɛr mʃpˈiə, ɛr daf zaːn dɛr vus brɛnɡt pˈarnusə.
286_165946_0204|און טאמער ס'איז נישט אזוי, קומט אויס אז די ווייב ווערט מושלת עליו, און ס'מיינט אז ס'פארדרייט די יוצרות.|in tˈamər siz niʃt azˈɔj, kimt oʊs az də vaːb virt miʃls ˈɛlji, in smajnt az sfardrˈajt də jˈɔjʦrɔjs.
286_165946_0205|ער פארלירט זיין מאסקוליניטי, און זי ווערט די מאסקולין, אזוי צו דרייט, אז זיין לעבן איז קיין לעבן נישט.|ɛr farlˈirt zaːn mˈaskiliniti, in zi virt də mˈaskilin, azˈɔj ʦi drajt, az zaːn lejbn iz kan lejbn niʃt.
286_165946_0206|ומי שיסורים מושלים בגופו אויכעט, מענטשן וואס ליידן אז די יסורים קאנטראלן זיין לעבן.|ˈimi ʃˈisirim mˈiʃlim bɡˈifi ˈɔjxət, mɛnʧn vus lajdn az də jəsˈirim kˈantraln zaːn lejbn.
286_165946_0207|ס'איז דא יסורים וואס איז א חוב של אהבה, וואס א מענטש קען אננעמען ווייל ער קען נאך אלץ לערנען, אבער איינער וואס קען נישט לעבן אזוי, ער קען נישט לערנען אזוי, דאס רעדט מען דא, דאס איז יסורים מושלים בגופו.|siz du jəsˈirim vus iz a xɔjv ʃɛl ˈabə, vus a mɛnʧ kɛn ˈunnəmən vaːl ɛr kɛn nux alʦ lˈirnən, ˈɔbər ˈajnər vus kɛn niʃt lejbn azˈɔj, ɛr kɛn niʃt lˈirnən azˈɔj, dus rɛdt mɛn du, dus iz jəsˈirim mˈiʃlim bɡˈifi.
286_165946_0208|ויש אומרים אף מי שאין לו אלא חלוק אחד, ער האט נאר איין העמד, ער קען עס אפילו נישט אויסוואשן, ס'קומט לייז דארטן, ער קען אפילו נישט קיין עצה געבן, ער האט ווען צוויי וואלט ער געקענט אויסוואשן איינס.|oʊʃ ˈimrim ɔp mi ʃaːn li ˈala xˈulik ˈɛxud, ɛr hut nɔr ajn hɛmd, ɛr kɛn ɛs afˈilə niʃt ˈoʊsvaʃn, skimt lajz dɔrtn, ɛr kɛn afˈilə niʃt kan ˈajʦə ɡejbn, ɛr hut vɛn ʦvaj vɔlt ɛr ɡəkˈɛnt ˈoʊsvaʃn ajns.
286_165946_0209|אזא איינער נעבעך האט קיין לעבן נישט. ותנא קמא, פארוואס האט דער תנא קמא פאר די יש אומרים האט נישט אויסגערעכנט דעם? וואלט ער געהאלטן, אפשר למים במים, ער קען איבערקוקן זיין העמד,|azˈa ˈajnər nˈɛbəx hut kan lejbn niʃt. ˈisna kma, farvˈus hut dɛr tˈunu kma far də iʃ ˈimrim hut niʃt ˈoʊzɡərəxnt dejm ? vɔlt ɛr ɡəhˈaltn, ˈɛfʃir lmim bmim, ɛr kɛn ˈibərkikn zaːn hɛmd,
286_165946_0210|ער קען עס אויסרייניגן, ער קען עס אויסשאקלען. ס'איז דא א וועג וויאזוי ער קען עס טון, ער מוז נישט ממש טראגן זיין לעבן.|ɛr kɛn ɛs ˈoʊsrajniɡn, ɛr kɛn ɛs ˈoʊsʃaklən. siz du a vejɡ vizˈɔj ɛr kɛn ɛs tin, ɛr miz niʃt mˈamiʃ truɡn zaːn lejbn.
286_165946_0211|זאגט דער הייליגער זוהר הקדוש, דער זוהר הקדוש גייט רעדן יעצט דא אין פרשת ויקהל דף י"ח עמוד ב', אז די כוונת השופר, אז די שופר איז א מורא'דיגע כח ווען מ'האט די ריכטיגע כוונות,|zuɡt dɛr hˈajliɡər zˈɔjər hakˈudəʃ, dɛr zˈɔjər hakˈudəʃ ɡajt rɛdn jɛʦt du in pˈarʃis vaiˈakhəl daf jid xɛs ˈuməd ba az də kavvˈunas hʃifr, az də ʃˈɔjfər iz a mˈiradiɡə kˈɔjəx vɛn mhut də rˈixtiɡə kavvˈunɔjs,
286_165946_0212|און מ'האט די ריכטיגע שליח ציבור וואס קומט מיט א צעבראכנקייט און מיט אן ערליכקייט, און ער איז א שליח פאר'ן ציבור, קען ער פון אים זוכה זיין,|in mhut də rˈixtiɡə ʃulˈixa ʦˈibər vus kimt mit a ʦəbrˈaxnkaːt in mit un ˈɛrlixkaːt, in ɛr iz a ʃulˈixa farn ʦˈibər, kɛn ɛr fin ejm zˈixə zaːn,
286_165946_0213|ער קען מאכן אז די גאנצע אידן דארטן זאלן זוכה זיין צו פועל'ן מורא'דיגע ישועות. און ווידער אין פארקערט, חלילה וחס,|ɛr kɛn maxn az də ɡˈanʦə jidn dɔrtn zɔln zˈixə zaːn ʦi fˈiəln mˈiradiɡə jʃiˈɛɔjs. in vˈidər in farkˈɛrt, xalˈilə vxus,
286_165946_0214|אויב מ'נעמט איינער וואס איז נישט די ריכטיגע, קען עס ברענגען אויף פארקערט, אז מ'זאל דערמאנען אלע עוונות פונעם ציבור.|ɔjb mnɛmt ˈajnər vus iz niʃt də rˈixtiɡə, kɛn ɛs brˈejnɡən oʊf farkˈɛrt, az mzul dərmˈanən ˈalə avˈɔjnɔjs fˈinəm ʦˈibər.
286_165946_0215|און ער ברענגט א ראיה אז די לוים אין בית המקדש האט מען אויך געטשוזט דאס ווייל זיי זענען געווען ערליכע.|in ɛr brɛnɡt a rˈaːə az də lɔjm in bajs hamˈikduʃ hut mɛn ɔjx ɡəʧˈizt dus vaːl zaj zˈɛnən ɡəvˈejn ˈɛrləxə.
286_165946_0217|די ידעין וואס זיי ווייסן לכוונה רעותא לגבי מאריהון, צו מכוון זיין זייער רצון פאר זייער האר, וידעין לתקנא עלמא,|də ˈidajn vus zaj vajsn lxvnə rˈɛisa ləɡabˈaj mˈarihin, ʦi məxˈavvajn zaːn zˈajər ruʦn far zˈajər har, ˈɔjdajn lskna ˈɛlma,
286_165946_0218|וואס זיי ווייסן צו מאכן תיקון עולם, דורך די כוונות בההוא יומא בקל שופר, אין יענעם טאג אין ראש השנה בקול שופר. ועל דא כתיב,|vus zaj vajsn ʦi maxn tikn ˈɔjləm, dˈɔrəx də kavvˈunɔjs bhhˈia jˈɔjmə bkl ʃˈɔjfər, in jˈɛnəm tuɡ in rɔjʃ haʃˈunə bkil ʃˈɔjfər. ˈiəl du ksiv,
286_165946_0221|זאגט דער הייליגער זוהר, בההוא יומא בעי עמא לאשכחא בר נש שלים מכלום, אין יענעם טאג דארף מען טרעפן א מענטש וואס זאל קומען דארטן, וואס ער זאל זיין א מושלם פון אלעם,|zuɡt dɛr hˈajliɡər zˈɔjər, bhhˈia jˈɔjmə baj ˈɛma lˈaʃxa bar nuʃ ʃlim mxlim, in jˈɛnəm tuɡ daf mɛn trɛfn a mɛnʧ vus zul kˈimən dɔrtn, vus ɛr zul zaːn a miʃlm fin ˈaləm,
286_165946_0222|דידע אורחוי דמלכא, ער זאל פארשטיין און וויסן די דרך פון די מלך, וואס מיינט אזוי וויסן די חכמת הכוונה? דידע בקרא דמלכא,|dˈidə ˈirxɔj dmlxa, ɛr zul farʃtˈajn in visn də dˈɛrəx fin də mˈajləx, vus majnt azˈɔj visn də xˈuxmas hxvnə ? dˈidə bkra dmlxa,
286_165946_0223|ער זאל וויסן דעם כבוד המלך, דיבעי ליה בהאי יומא, ער זאל זיין דער וואס איז געקומען בעטן אין יענעם טאג, ולזמנא כל שופרא בקרי עלמא, און אז ער ווייסט די אלע כוחות,|ɛr zul visn dejm kˈuvəd hamˈɛlɛx, dˈibaj li bhaː jˈɔjmə, ɛr zul zaːn dɛr vus iz ɡəkˈimən bejtn in jˈɛnəm tuɡ, ˈilzmna kɔl ʃˈifra bkri ˈɛlma, in az ɛr vajst də ˈalə kˈɔjxəs,
286_165946_0224|ער ווייסט די אלע עולמות, ער ווייסט די אלע כוונות,|ɛr vajst də ˈalə ɔjlˈumɔjs, ɛr vajst də ˈalə kavvˈunɔjs,
286_165946_0225|מיט דעם וועט ער מאכן אז ער בלאזט שופר וועט ער קענען אנרירן אלע וועלטן בכוונה דלבא. מיט אלע כוונות,|mit dejm vɛt ɛr maxn az ɛr bluzt ʃˈɔjfər vɛt ɛr kˈɛnən ˈanrirn ˈalə vɛltn bəkavˈunə dlba. mit ˈalə kavvˈunɔjs,
286_165946_0226|בחכמתא, אזוי ווי ס'שטייט אז דאס איז א חכמה ואין מלוכה, דער שופר. ס'מיינט נישט סתם א חכמה, אזא וויזדאם טייטש,|bxmsa, azˈɔj vi sʃtajt az dus iz a xˈuxmə ˈiaːn məlˈixə, dɛr ʃˈɔjfər. smajnt niʃt stam a xˈuxmə, azˈa vˈizdam tajʧ,
286_165946_0228|בגין דיסתלק דינא על ידו מן עלמא, דורך דעם וואס ער וויל וויסן אלע כוונות, וועט ער קענען טאקע ממתיק זיין אלע דינים, און אלע דינים וועלן אוועקגיין פון די וועלט דורך אים,|bɡin dislk dˈina al ˈidi min ˈɛlma, dˈɔrəx dejm vus ɛr vil visn ˈalə kavvˈunɔjs, vɛt ɛr kˈɛnən tˈakə mˈamtik zaːn ˈalə dˈinim, in ˈalə dˈinim vɛln avˈɛkɡajn fin də vɛlt dˈɔrəx ejm,
286_165946_0229|און ער וועט קענען ממתיק זיין און מבטל זיין אלע דינים.|in ɛr vɛt kˈɛnən mˈamtik zaːn in mvˈatajl zaːn ˈalə dˈinim.
286_165946_0234|טאמער די שליח איז א צדיק וואס דארף צו זיין, זכותא נמי דהוא לעמא, איז דאס א זכות פאר דעם פאלק, וכל דינין מסתלקין מניה על ידוי, וואס אלע דינים גייען אוועק דורך אים. כל שכן כהנא, דער כהן וואס מאכט די עבודה,|tˈamər də ʃulˈixa iz a ʦˈadik vus daf ʦi zaːn, zəxˈusu nmi dhˈia lˈɛma, iz dus a zxis far dejm falk, ixl dˈinin mslkin mni al ˈidɔj, vus ˈalə dˈinim ɡˈajən avˈɛk dˈɔrəx ejm. kɔl ʃuxn xhna, dɛr kˈɔjhajn vus maxt də avˈɔjdə,
286_165946_0236|אמר רבי אלעזר, האט רבי אלעזר געזאגט, בגין דא, וועגן דעם, כהן ולוי עד לא יסלקון לעבודה,|ˈumar rˈɛbə ˈaluzr, hut rˈɛbə ˈaluzr ɡəzˈuɡt, bɡin du, vejɡn dejm, kˈɔjhajn ˈilɔj ɛd lɔj ˈislkin lˈɛbidə,
286_165946_0237|דער כהן און דער לוי ווילאנג פאר זיי גייען ארויף פאר די עבודה, בדקין לבתראה, מ'בודק פון זיי, וידעין אורחוי דעבידתא,|dɛr kˈɔjhajn in dɛr lɔj vˈilanɡ far zaj ɡˈajən arˈoʊf far də avˈɔjdə, bdkin lbsra, mbidk fin zaj, ˈɔjdajn ˈirxɔj dˈɛbidsa,
286_165946_0238|מ'דארף וויסן זיינע וועגן, זיינע מעשים. וואי לאו, לא יסלקון לעבודה, שיקט מען אים נישט ארויף צו די עבודה.|mdaf visn zˈaːnə vejɡn, zˈaːnə mˈaːsim. vaː li, lɔj ˈislkin lˈɛbidə, ʃikt mɛn ejm niʃt arˈoʊf ʦi də avˈɔjdə.
286_165946_0240|אויב געפינט ער זיך וואס דארף צו זיין דער כהן, יהבין ליה חומרתא דמקדשא, געבט מען אים איבער אלע חומרים פון דעם בית המקדש. וואי לאו, לא יסלקון לעבודה, שיקט מען אים נישט ארויף צו די עבודה.|ɔjb ɡəfˈint ɛr zix vus daf ʦi zaːn dɛr kˈɔjhajn, ˈibin li xˈimrsa dmkdʃa, ɡɛbt mɛn ejm ˈibər ˈalə xˈimrim fin dejm bajs hamˈikduʃ. vaː li, lɔj ˈislkin lˈɛbidə, ʃikt mɛn ejm niʃt arˈoʊf ʦi də avˈɔjdə.
286_165946_0244|מ'האט אים אויספרובירט ביי דעם עגל. ווער האט זיך נישט אריינגעטון אין דעם עגל? די לוויים. אפילו אהרן הכהן האט ער געוואלט אריינווארפן אלע גאלד אין פייער אריין,|mhut ejm ˈoʊspribirt baː dejm ajɡl. vɛr hut zix niʃt arˈaːnɡətin in dejm ajɡl ? də lvajm. afˈilə arn hakˈɔjhajn hut ɛr ɡəvˈɔlt arˈaːnvarfn ˈalə ɡald in fˈajər arˈaːn,
286_165946_0245|ער האט נישט געוואוסט אז ס'וועט ארויסקומען פון דעם אן עגל, נאר די עגל האט אים אריינגעווארפן א פלעט אזוי, אבער פארדעם האט ער אויך געוואלט אומברענגען די אלע גאלד. סאו על כל פנים,|ɛr hut niʃt ɡəvˈist az svɛt arˈoʊskimən fin dejm un ajɡl, nɔr də ajɡl hut ejm arˈaːnɡəvarfn a flɛt azˈɔj, ˈɔbər fardˈejm hut ɛr ɔjx ɡəvˈɔlt ˈimbrənɡən də ˈalə ɡald. sɔ al kɔl pˈunəm,
286_165946_0246|דעמאלטס זענען געווארן געטעסטעט די לוויים, די כהנים, די לוויים, כדי "יורו משפטיך ליעקב ותורתך לישראל ישימו קטורה באפך" צו אפשטעלן די רוגז,|dˈɛmalʦ zˈɛnən ɡəvˈɔrn ɡətˈɛstət də lvajm, də xhnim, də lvajm, kədˈaj jˈiri mʃptix lˈiəkb ˈisirsx lˈiʃral ˈiʃimi ktˈirə bafx ʦi ˈafʃtəln də rˈɔjɡəz,
286_165946_0248|און ס'זאל זיך געפינען נאר ברכות אין אלע וועלטן. כדי און דעמאלטס "ברך ה' חילו", אז דער אייבערשטער וועט בענטשן אונז אלע,|in szul zix ɡəfˈinən nɔr brˈuxəs in ˈalə vɛltn. kədˈaj in dˈɛmalʦ bˈɛrɛx haj xˈajlɔj az dɛr ˈajbərʃtər vɛt bɛnʧn inz ˈalə,
286_165946_0249|וועט מען האבן גע'פועל'ט אלע גוטע געבענטשטע יארן.|vɛt mɛn hubn ɡəfˈiəlt ˈalə ɡˈitə ɡəbˈɛnʧtə jurn.
286_165946_0251|וואס יעדע פון די גרופעס האט דריי, "של שלשה שלשה", דריי דריי פערזאנען, "אין רשאין לחלוק", און נאכדעם וואס זיי זענען זיך צוגעגאנגען, טארן זיי זיך נישט אפטיילן און בענטשן עקסטער,|vus jˈɛdə fin də ɡrˈifəs hut draj, ʃɛl ʃlˈɔjʃə ʃlˈɔjʃə draj draj fˈɛrzanən, in rʃaːn laxˈalɔjk in nuxdˈejm vus zaj zˈɛnən zix ʦˈiɡəɡanɡən, tarn zaj zix niʃt ˈaftajln in bɛnʧn ˈɛkstər,
286_165946_0252|נאר יעדער מוז צוריקגיין צו זיינע צוויי און זיי זאלן בענטשן מיט זימון. "ואם כבר זימן כל אחד ואחד", און אויב זיי האבן שוין מקיים געווען די מצוה פון זימון יעדער ביי זיין גרופע, "בחבורה שלו", "רשאין לחלוק", מעג מען זיך שוין אפטיילן,|nɔr jˈɛdər miz ʦirˈikɡajn ʦi zˈaːnə ʦvaj in zaj zɔln bɛnʧn mit zˈimin. ˈiam kvur zimn kɔl ˈɛxud vˈɛxud in ɔjb zaj hubn ʃɔjn mkajm ɡəvˈejn də mˈiʦvə fin zˈimin jˈɛdər baː zaːn ɡrˈifə, bxbˈirə ʃli rʃaːn laxˈalɔjk mejɡ mɛn zix ʃɔjn ˈaftajln,
286_165946_0253|"ואין חייבין בזימון שכבר זימנו עליהם", זיי דארפן נישט בענטשן נאכאמאל מיט זימון, ווייל מ'האט שוין מיט זיי געבענטשט מיט זימון.|ˈiaːn xˈajjvin bzˈimin ʃəkvˈur zˈimni ˈɛlim zaj daːfn niʃt bɛnʧn nˈuxamul mit zˈimin, vaːl mhut ʃɔjn mit zaj ɡəbˈɛnʧt mit zˈimin.
286_165946_0254|"שלשה שישבו לאכול פת, אפילו שכל אחד ואחד אוכל משלו, אין רשאין לחלוק", דריי מענטשן האבן זיך געזעצט עסן ברויט, אפילו יעדער עסט פון זיין אייגענע ברויט, פונדעסטוועגן טארן זיי זיך נישט אפטיילן, און זיי מוזן בענטשן אלע דריי מיט זימון.|ʃlˈɔjʃə ʃˈiʒbi lˈaxil pas, afˈilə sajxl ˈɛxud vˈɛxud ixl mʃli, in rʃaːn laxˈalɔjk draj mɛnʧn hubn zix ɡəzˈɛʦt ɛsn brɔjt, afˈilə jˈɛdər ɛst fin zaːn ˈajɡənə brɔjt, fˈindəstvəɡn tarn zaj zix niʃt ˈaftajln, in zaj mizn bɛnʧn ˈalə draj mit zˈimin.
286_165946_0257|ווערן ביידע גרופעס גערעכנט ווי איינס, און ביידע גרופעס קענען בענטשן מיט איין זימון. "ואף על פי שאין בקצתן רואין אלו את אלו", אפילו זיי זעען נישט די אנדערע,|virn bˈajdə ɡrˈifəs ɡərˈɛxnt vi ajns, in bˈajdə ɡrˈifəs kˈɛnən bɛnʧn mit ajn zˈimin. ˈiaf al pi ʃaːn bkʦsn rˈiaːn ˈali ɛs ˈali afˈilə zaj zˈɛən niʃt də ˈandərə,
286_165946_0258|"והוא שישמעו שתיהן כל דברי המברך בבירור", אבער זיי וועלן קענען קלאר הערן וויאזוי די איינער ענטפערן. ממילא, אפילו ס'איז אין אן אנדערע עק רום און מ'קען זיך נישט זען, אבער ס'איז דא א וועיטער וואס גייט פון די זייט און פון יענע זייט,|ˈihia ʃˈiʃməi ʃtˈiən kɔl dbri hmbrx birˈir ˈɔbər zaj vɛln kˈɛnən klur hirn vizˈɔj də ˈajnər ˈɛntfərn. mˈɛmajlə, afˈilə siz in un ˈandərə ɛk rim in mˈɛkən zix niʃt zejn, ˈɔbər siz du a vˈajtər vus ɡajt fin də zaːt in fin jˈɛnə zaːt,
286_165946_0260|יענער זאגט, דעמאלטס קען מען זיך מצדד זיין אין די צווייטע.|jˈɛnər zuɡt, dˈɛmalʦ kɛn mɛn zix mʦd zaːn in də ʦvˈajtə.
286_165946_0262|דאס איז אן עבירה וואס מ'טאר נישט טון. פארשטייט זיך, איך מאך היינט א פוינט, אבער צו זיצן און משמח זיין חתן וכלה און משמח זיין אידן איז פונקט פארקערט, ס'איז די גרעסטע מצוה.|dus iz un ˈavajrə vus mtur niʃt tin. farʃtˈajt zix, ix max haːnt a fɔjnt, ˈɔbər ʦi ziʦn in məsamˈajxa zaːn xusn ˈixlə in məsamˈajxa zaːn jidn iz pinkt farkˈɛrt, siz də ɡrˈɛstə mˈiʦvə.
286_165946_0263|און דאס אפצושאצן ווער דער איז דער ריכטיגער, און וואס דאס מיינט לץ, און וואס דאס מיינט משמח זיין, ס'איז זייער א האקעלע זאך וואס א פשוט'ער מענטש קען נישט משיג זיין אזוי שנעל.|in dus ˈafʦiʃaʦn vɛr dɛr iz dɛr rˈixtiɡər, in vus dus majnt lajʦ, in vus dus majnt məsamˈajxa zaːn, siz zˈajər a hˈakələ zax vus a fʃˈitər mɛnʧ kɛn niʃt mʃiɡ zaːn azˈɔj ʃnɛl.
286_165946_0264|דער הייליגער סאסובער רבי זכותו יגן עלינו האט אמאל געהאט, ס'איז אנגעקומען צו אים שמואל'ע דזשיגאן.|dɛr hˈajliɡər sˈasibər rˈɛbə zxˈisɔj iɡn ulˈajni hut amˈul ɡəhˈat, siz ˈunɡəkimən ʦi ejm ʃmˈialə ʤˈiɡan.
286_165946_0266|און ער איז אנגעקומען צום סאסובער רבי, און די מענטשן ארום האבן געוואלט אים ארויסווארפן פון דארטן. אה, א לץ קומט זיך אן, ער איז נישט געווען קיין פרומער איד, און ווייט פון א פרומער איד.|in ɛr iz ˈunɡəkimən ʦim sˈasibər rˈɛbə, in də mɛnʧn arˈim hubn ɡəvˈɔlt ejm arˈoʊsvarfn fin dɔrtn. a, a lajʦ kimt zix un, ɛr iz niʃt ɡəvˈejn kan frˈimər jid, in vaːt fin a frˈimər jid.
286_165946_0267|אבער דער סאסובער רבי האט געזאגט, קום, זעץ אים אראפ, ברענג אים טיי. ער האט אים אויסגעהערט, ער האט געשמייכלט, ער האט אים געלאזט זאגן ווערטלעך, ער האט אים צוגעהערט.|ˈɔbər dɛr sˈasibər rˈɛbə hut ɡəzˈuɡt, kim, zɛʦ ejm arˈup, brɛnɡ ejm taj. ɛr hut ejm ˈoʊzɡəhirt, ɛr hut ɡəʃmˈajxlt, ɛr hut ejm ɡəlˈɔzt zuɡn vˈɛrtləx, ɛr hut ejm ʦˈiɡəhirt.
286_165946_0268|האבן די אידן זיך געוואונדערט וויאזוי דער סאסובער רבי האט אים אזוי מקרב געווען.|hubn də jidn zix ɡəvˈindərt vizˈɔj dɛr sˈasibər rˈɛbə hut ejm azˈɔj mikˈɛrəv ɡəvˈejn.
286_165946_0269|האט דער סאסובער רבי ווען ער איז ארויסגעגאנגען געזאגט, עטס וואונדערטס ענק אוודאי פארוואס איך האב אים מקרב געווען און איך האב אים געגעבן דעם טיי און אלעס.|hut dɛr sˈasibər rˈɛbə vɛn ɛr iz arˈoʊzɡəɡanɡən ɡəzˈuɡt, ɛʦ vˈindərʦ ɛnk avˈadə farvˈus ix hub ejm mikˈɛrəv ɡəvˈejn in ix hub ejm ɡəɡˈɛbn dejm taj in ˈaləs.
286_165946_0271|אזא איינעם, ווער זענען מיר אונז צו דזשאדזשן אזאנס? ווער זענען מיר אונז צו דזשאדזשן אזאנס?|azˈa ˈajnəm, vɛr zˈɛnən mir inz ʦi ʤaʤn ˈazans ? vɛr zˈɛnən mir inz ʦi ʤaʤn ˈazans ?
286_165946_0272|דער הייליגער סאסובער רבי האט געהאט א מורא'דיגע בליק צו קענען זאגן, אונז האבן נישט קיין השגה וואס עובד אין הימל דאס מיינט, וואס מאכט עס אן אנדערע איד.|dɛr hˈajliɡər sˈasibər rˈɛbə hut ɡəhˈat a mˈiradiɡə blik ʦi kˈɛnən zuɡn, inz hubn niʃt kan hasˈuɡə vus ibd in himl dus majnt, vus maxt ɛs un ˈandərə jid.
286_165946_0274|ווייל ללא דבר שטייט ער, און ער האט נישט קיין חתן. וואס מיינט ללא דבר? ער האט נישט קיין ריזן. ווען ער זעט א צובראכענער מענטש און איז משמח איז איין זאך, ער האט נישט קיין שום ריזן, נאר ער מאכט סתם אזוי, ער מאכט ליצנות דארטן.|vaːl lla dˈuvur ʃtajt ɛr, in ɛr hut niʃt kan xusn. vus majnt lla dˈuvur ? ɛr hut niʃt kan rizn. vɛn ɛr zejt a ʦˈibraxənər mɛnʧ in iz məsamˈajxa iz ajn zax, ɛr hut niʃt kan ʃim rizn, nɔr ɛr maxt stam azˈɔj, ɛr maxt lajʦˈunis dɔrtn.
286_165946_0276|אסאך מאל וואס ער האט אפילו נישט געווען זיין שולד, ער האט זיך אנגעטרונקען ביי שיכרות, און די שיכרות ברענגט אים צו, ווי ס'שטייט "לץ היין הומה שכר וכל שוגה בו לא יחכם".|ˈasax mul vus ɛr hut afˈilə niʃt ɡəvˈejn zaːn ʃild, ɛr hut zix ˈanɡətrinkən baː ʃɛjˈuxərus, in də ʃɛjˈuxərus brɛnɡt ejm ʦi, vi sʃtajt lajʦ hajn hˈimə sxar ixl ʃˈiɡə bi lɔj ixm
286_165946_0277|פירוש, לץ איש היין, ס'איז דא א זאך וואס לץ איש היין, הומה איז איש שכר, כל שוגה בו לא יחכם.|pˈajrəʃ, lajʦ iʃ hajn, siz du a zax vus lajʦ iʃ hajn, hˈimə iz iʃ sxar, kɔl ʃˈiɡə bi lɔj ixm.
286_165946_0278|דער מענטש וואס איז איינגעוואוינט צו טרינקען און ער איז געווארן א שיכור, ער וועט נישט קלוגער, נאר וואס דען, ער הייבט עס צו פלאפלען, עס קומט ארויס ווערטער פון זיין מויל, כמו "ואני תפלה".|dɛr mɛnʧ vus iz ˈajnɡəvɔjnt ʦi trˈinkən in ɛr iz ɡəvˈɔrn a ʃixˈir, ɛr vɛt niʃt klˈiɡər, nɔr vus dɛn, ɛr hajbt ɛs ʦi flˈaflən, ɛs kimt arˈoʊs vˈɛrtər fin zaːn moʊl, kmɔj ˈiani tfˈilə
286_165946_0279|אזוי ווי מ'זאגט "ואני תפלה" מיינט צו זאגן איך בין די פרעיער, איך בין איש תפלה, איך בין א מענטש וואס דאוונט. ורוצה, ער מיינט צו זאגן, כי משתה היין גורם לשלשה דברים רעים.|azˈɔj vi mzuɡt ˈiani tfˈilə majnt ʦi zuɡn ix bin də frˈajər, ix bin iʃ tfˈilə, ix bin a mɛnʧ vus davnt. ˈiriʦə, ɛr majnt ʦi zuɡn, ki mˈiʃtɛ hajn ɡirm lʃlʃə dvˈurim rajm.
286_165946_0280|צו טרינקען וויין מער ווי מ'טאר נישט, ס'טייטשט מער ווי ס'איז "יין ישמח לבב אנוש", דאס איז אביסל. אבער מ'גייט איבער די גרעניץ, דאס קומט צו צו דריי שלעכטע זאכן: האחד, להיות האיש מתלוצץ,|ʦi trˈinkən vaːn mɛr vi mtur niʃt, stajʧt mɛr vi siz jˈajin jsmax ləvˈav ˈaniʃ dus iz abˈisl. ˈɔbər mɡajt ˈibər də ɡrˈɛniʦ, dus kimt ʦi ʦi draj ʃlˈɛxtə zaxn : haxd, lˈihjɔjs haːʃ msliʦ,
286_165946_0281|דער מענטש הייבט אן אפצולאכן און אפשפעטן פון יעדע זאך. והשני, להיות הומה בעל דברים, ער טרינקט וויין, שרייט ער, און ברימט, און ער רעדט פיל זאכן וואס פעלט נישט אויס. ווייל אין חז"ל, כל המרבה דברים מביא חטא.|dɛr mɛnʧ hajbt un ˈafʦilaxn in ˈafʃpətn fin jˈɛdə zax. ˈiʃni, lˈihjɔjs hˈimə baːl dvˈurim, ɛr trinkt vaːn, ʃrajt ɛr, in brimt, in ɛr rɛdt fil zaxn vus fɛlt niʃt oʊs. vaːl in xazˈal, kɔl hamˈarbɛ dvˈurim mbˈia xɛt.
286_165946_0282|אז מ'קומט שוין צו, קומט שוין צו צו די אנדערע זינד. ונאמר, וכל כסיל ברוב דברים. והשלישי, די דריטע זאך איז "כל שוגה בו לא יחכם". א מענטש וואס האט זיך איינגעוואוינט צו וויין טרינקען, וועט נישט קלוג ווערן,|az mkimt ʃɔjn ʦi, kimt ʃɔjn ʦi ʦi də ˈandərə zind. ˈinamr, ixl xsil brib dvˈurim. ˈiʃliʃi, də drˈitə zax iz kɔl ʃˈiɡə bi lɔj ixm a mɛnʧ vus hut zix ˈajnɡəvɔjnt ʦi vaːn trˈinkən, vɛt niʃt kliɡ virn,
286_165946_0283|ער וועט קיינמאל נישט קענען זיך לערנען, ער וועט קיינמאל נישט קענען איינזאמלען תורה און נאך קלוגשאפט, זאל ער זיין ביזי און נאר טרינקען און נאכאמאל און רעדן.|ɛr vɛt kˈajnmul niʃt kˈɛnən zix lˈirnən, ɛr vɛt kˈajnmul niʃt kˈɛnən ˈajnzamlən tˈɔjrə in nux klˈiɡʃaft, zul ɛr zaːn bˈizi in nɔr trˈinkən in nˈuxamul in rɛdn.
286_165946_0284|ודע, און דו דארפסט וויסן, כי לא יהיה מנהג הלצנות קבוע בנפש אדם, אז די אפלאכן פון זאכן און אפלאכן פון הייליגקייטן, דאס טאר נישט זיין א שטענדיגע זאך ביי א מענטש,|ˈidə, in di darfst visn, ki lɔj ˈihi mˈinhəɡ hlʦnis kbˈiə bnˈɛfəʃ udm, az də ˈaflaxn fin zaxn in ˈaflaxn fin hˈajliɡkaːtn, dus tur niʃt zaːn a ʃtˈɛndiɡə zax baː a mɛnʧ,
286_165946_0287|חכמים האבן אייביג געווארנט זייערע תלמידים, שלא להתלוצץ גם על דרך מקרה ואראי, זיי זאלן נישט אפלאכן חלילה פון קיין שום זאך פון הייליגקייטן, אפילו נישט קיין צופאליג, און אפילו נישט ביי א צופאל,|xˈaxumim hubn ˈajbiɡ ɡəvˈarnt zˈajərə talmˈidim, ʃˈɛlɔj lhsliʦ ɡam al dˈɛrəx mˈikrə ˈiaraː, zaj zɔln niʃt ˈaflaxn xalˈilə fin kan ʃim zax fin hˈajliɡkaːtn, afˈilə niʃt kan ʦˈifaliɡ, in afˈilə niʃt baː a ʦˈifal,
286_165946_0288|ער זאל היטן דיין מויל נישט חלילה אוועקצושפעטן פון דברים עליונים און הייליגע זאכן. והחלק הזה הוצרך להזהיר, אויף דעם חלק פון נצחה,|ɛr zul hitn daːn moʊl niʃt xalˈilə avˈɛkʦiʃpətn fin dvˈurim ˈɛljinim in hˈajliɡə zaxn. ixlk hˈazə hiʦrx lhzhir, oʊf dejm xˈajlək fin nʦxə,
286_165946_0289|די חכמים האבן געדארפט שטארק ווארענען, כי רבים יכשלו בו על דרך מקרה, מ'כאפט נישט דארף מען זיך אפהיטן אויף דעם שטארק.|də xˈaxumim hubn ɡədˈarft ʃtark vˈarənən, ki rˈabim ˈixʃli bi al dˈɛrəx mˈikrə, mxɔft niʃt daf mɛn zix ˈafhitn oʊf dejm ʃtark.
286_165946_0290|ברוך השם לעולם אמן ואמן.|bˈurəx haʃˈɛm ləˈɔjləm ˈumajn ˈiamn.
301_165727_0000|די שאלה די וואך איז אזוי: איינער וואס ער האלט די זמנים ווי די גאונים. יעדער ווייסט דא, ווען ס'קומט צו צאת הכוכבים,|də ʃˈaːlə də vɔx iz azˈɔj : ˈajnər vus ɛr halt də zmnim vi də ɡˈinim. jˈɛdər vajst du, vɛn skimt ʦi ʦajs hxˈixbim,
301_165727_0001|ווען ס'ווערט נאכט, איז דא די זמן פון די גאונים און ס'איז דא די זמן פון רבינו תם. פארשטייט זיך, אין די זמנים איז אויך דא אנדערע שיטות,|vɛn svirt naxt, iz du də zman fin də ɡˈinim in siz du də zman fin rbˈini tam. farʃtˈajt zix, in də zmnim iz ɔjx du ˈandərə ʃˈitɔjs,
301_165727_0002|אבער בעיקר איז די זמן פון די גאונים און די זמן פון רבינו תם. איז ער האלט אלעס, אזוי האט ער מקובל פון זיינע רבי'ס,|ˈɔbər bˈɛjikər iz də zman fin də ɡˈinim in də zman fin rbˈini tam. iz ɛr halt ˈaləs, azˈɔj hut ɛr mˈɛkibl fin zˈaːnə rbis,
301_165727_0003|מ'גייט אלעס מיט די גאונים. אבער די מעשה איז געווען אז איין טאג איז ער געווען פאריאגט,|mɡajt ˈaləs mit də ɡˈinim. ˈɔbər də mˈaːsə iz ɡəvˈejn az ajn tuɡ iz ɛr ɡəvˈejn farˈiaɡt,
301_165727_0004|פארפלאגט, און ס'איז נישט אויסגעקומען צו לייגן רבינו תם'ס תפילין. האט ער געזאגט, "בעצם, איך האלט דאך די גאונים, יעצט איז שוין נאכט,|farflˈaɡt, in siz niʃt ˈoʊzɡəkimən ʦi lajɡn rbˈini tams tfiln. hut ɛr ɡəzˈuɡt, bˈɛʦəm, ix halt dɔx də ɡˈinim, jɛʦt iz ʃɔjn naxt,
301_165727_0005|אבער לויט רבינו תם איז דאך יעצט נאך טאג, און רבינו תם ווערט נאכט שפעטער. איז לכאורה קען איך יעצט לייגן תפילין,|ˈɔbər loʊt rbˈini tam iz dɔx jɛʦt nux tuɡ, in rbˈini tam virt naxt ʃpˈejtər. iz lixˈɔjrə kɛn ix jɛʦt lajɡn tfiln,
301_165727_0006|ווייל פאר מיר איז נאכט, אבער לויט רבינו תם איז נאך טאג, קען מען נאך לייגן רבינו תם'ס תפילין."|vaːl far mir iz naxt, ˈɔbər loʊt rbˈini tam iz nux tuɡ, kɛn mɛn nux lajɡn rbˈini tams tfiln
301_165727_0007|סאו דאס איז די שאלה, צו איז ער גערעכט, אז מ'קען עס ארויפלייגן ביי די שבת טיש? צו זאג איך אז ביי דיר איז נאכט, איז נאכט,|sɔ dus iz də ʃˈaːlə, ʦi iz ɛr ɡərˈɛxt, az mˈɛkən ɛs arˈoʊflajɡn baː də ʃˈabəs tiʃ ? ʦi zuɡ ix az baː dir iz naxt, iz naxt,
301_165727_0008|דו קענסט שוין נישט לייגן קיין תפילין, מ'לייגט נישט קיין תפילין ביינאכט, צו לילה זמן תפילין, לילה לאו זמן תפילין. על כל פנים,|di kɛnst ʃɔjn niʃt lajɡn kan tfiln, mlajɡt niʃt kan tfiln bˈajnaxt, ʦi lˈilə zman tfiln, lˈilə li zman tfiln. al kɔl pˈunəm,
301_165727_0009|ס'שטייט פון אר"י הקדוש גראדע זייער שטארק, זייער הארב, אז מ'זאל נישט. דאס איז די שאלה, א מינוט.|sʃtajt fin ˈari hakˈudəʃ ɡrˈadə zˈajər ʃtark, zˈajər harb, az mzul niʃt. dus iz də ʃˈaːlə, a minˈit.
301_165727_0010|סאו די שאלה איז צו מ'קען זאגן אז היות דאס איז נאר רבינו תם'ס תפילין, לויט רבינו תם איז דאך יעצט טאג,|sɔ də ʃˈaːlə iz ʦi mˈɛkən zuɡn az hˈajɔjs dus iz nɔr rbˈini tams tfiln, loʊt rbˈini tam iz dɔx jɛʦt tuɡ,
301_165727_0011|אדער זאג איך ניין אז יעצט איז די שאלה?|ˈɔdər zuɡ ix najn az jɛʦt iz də ʃˈaːlə ?
301_165727_0012|מיר וועלן אנהייבן מיט א... ס'איז דא א תשובת נודע ביהודה.|mir vɛln ˈunhajbn mit a siz du a ʧˈivas nˈidə bˈihidə.
301_165727_0013|דער נודע ביהודה האט א תשובה וואס מ'פרעגט אים אז פארוואס איז רבינו תם'ס תפילין מאכט מען אזוי ווי רש"י'ס תפילין?|dɛr nˈidə bˈihidə hut a ʧˈivə vus mfrɛɡt ejm az farvˈus iz rbˈini tams tfiln maxt mɛn azˈɔj vi rajʃ ʃin jid sˈaməx tfiln ?
301_165727_0014|מ'טוישט א מחלוקת צו ס'איז הויות כסדרן. רש"י זאגט אז די פרשה פון והיה, די צוויי פרשיות פון והיה, איז כסדרן,|mtɔjʃt a mˈaxlɔjkəs ʦi siz hˈɔjis ksˈidrun. rˈaʃi zuɡt az də pˈarʃə fin ˈihi, də ʦvaj puruʃˈijɔjs fin ˈihi, iz ksˈidrun,
301_165727_0015|און רבינו תם זאגט אז די הויות איז באמצע. אבער בעצם איז דא די גמרא אין מסכת מנחות מיט די פיקטשער,|in rbˈini tam zuɡt az də hˈɔjis iz bamʦˈə. ˈɔbər bˈɛʦəm iz du də ɡəmˈurə in mˈasəxəs mənˈuxɔjs mit də fˈikʧər,
301_165727_0016|ס'איז זייער אינטערעסאנט, מ'זאל עס ארויסנעמען ביי די סעודה, ווייזן אז ס'איז דא א פיקטשער אין די גמרא.|siz zˈajər intərəsˈant, mzul ɛs arˈoʊsnəmən baː də sˈidə, vajzn az siz du a fˈikʧər in də ɡəmˈurə.
301_165727_0017|אין מנחות דף ל"ג ע"א איז דא א גמרא וואס די גמרא זאגט אז א מזוזה וואס מ'מאכט אזוי ווי א נגר איז פסול, און מ'דארף עס...|in mənˈuxɔjs daf laɡ ˈajən ˈaləf iz du a ɡəmˈurə vus də ɡəmˈurə zuɡt az a məzˈizə vus mmaxt azˈɔj vi a nɡr iz psil, in mdaf ɛs
301_165727_0018|רש"י זאגט אז ס'מיינט אז די מזוזה וואס מ'לייגט ליגעדיג איז פסול, און מ'דארף עס לייגן שטייענדיג.|rˈaʃi zuɡt az smajnt az də məzˈizə vus mlajɡt lˈiɡədiɡ iz psil, in mdaf ɛs lajɡn ʃtˈajəndiɡ.
301_165727_0019|אין תוספות דא זאגט רבינו תם אז ניין, מ'דארף עס לייגן ליגעדיג.|in tɔjsˈufɔjs du zuɡt rbˈini tam az najn, mdaf ɛs lajɡn lˈiɡədiɡ.
301_165727_0020|און דאס איז א מחלוקת ביי ספרים, תפילין, און מזוזות, ביי סת"ם, נישט נאר ביי מזוזות, ביי תפילין אויכעט.|in dus iz a mˈaxlɔjkəs baː sfˈurim, tfiln, in mzˈizɔjs, baː sˈaməx tuf mɛm, niʃt nɔr baː mzˈizɔjs, baː tfiln ˈɔjxət.
301_165727_0021|סאו קומט אויס אז יענער פרעגט דעם נודע ביהודה אז בעצם קומט אז דער רבינו תם'ס תפילין זאל מען לייגן ליגעדיג, דער רש"י'ס תפילין טאקע זאל זיין שטייענדיג, אבער דער רבינו תם'ס תפילין זאל מען לייגן ליגעדיג.|sɔ kimt oʊs az jˈɛnər frɛɡt dejm nˈidə bˈihidə az bˈɛʦəm kimt az dɛr rbˈini tams tfiln zul mɛn lajɡn lˈiɡədiɡ, dɛr rajʃ ʃin jid sˈaməx tfiln tˈakə zul zaːn ʃtˈajəndiɡ, ˈɔbər dɛr rbˈini tams tfiln zul mɛn lajɡn lˈiɡədiɡ.
301_165727_0022|און די תורה וועגן די שטייענדיג און די ליגעדיג איז א באקאנטע ווארט פון רבי אלימלך, לעצטנס איז געווארן זייער באקאנט די מחלוקת רש"י-רבינו תם, רבי אלימלך זאגט אז די מזוזה לייגט מען שיף.|in də tˈɔjrə vejɡn də ʃtˈajəndiɡ in də lˈiɡədiɡ iz a bakˈantə vɔrt fin rˈɛbə əlˈimajləx, lɛʦtns iz ɡəvˈɔrn zˈajər bakˈant də mˈaxlɔjkəs rˈaʃi rbˈini tam, rˈɛbə əlˈimajləx zuɡt az də məzˈizə lajɡt mɛn ʃif.
301_165727_0023|פארוואס לייגט מען די מזוזה שיף? ווייל רש"י זאגט ס'זאל זיין שטייענדיג, און רבינו תם זאגט ס'זאל זיין ליגעדיג, מאכט מען א פשרה און מען מאכט עס שיף.|farvˈus lajɡt mɛn də məzˈizə ʃif ? vaːl rˈaʃi zuɡt szul zaːn ʃtˈajəndiɡ, in rbˈini tam zuɡt szul zaːn lˈiɡədiɡ, maxt mɛn a pʃˈurə in mɛn maxt ɛs ʃif.
301_165727_0024|איך מיין, ס'קען זיין ער זאגט עס נאך פון איינעם, ער זאגט עס אליינס, ר' אלימלך. אויב אזוי, פארוואס פונקט דא מאכט מען א פשרה? פונקט ביי די מזוזה?|ix maːn, skɛn zaːn ɛr zuɡt ɛs nux fin ˈajnəm, ɛr zuɡt ɛs alˈajns, rajʃ əlˈimajləx. ɔjb azˈɔj, farvˈus pinkt du maxt mɛn a pʃˈurə ? pinkt baː də məzˈizə ?
301_165727_0026|זאגט ער, ניין, א מענטש קומט אריין אין שטוב, דו גייסט אריינקומען, פאר דו קומסט אריין אין שטוב דערמאן דיך, מ'דארף מאכן א פשרה.|zuɡt ɛr, najn, a mɛnʧ kimt arˈaːn in ʃtib, di ɡajst arˈaːnkimən, far di kimst arˈaːn in ʃtib dərmˈan dix, mdaf maxn a pʃˈurə.
301_165727_0027|איך זאג אזוי, אזוי, אונז דארפן מאכן א פשרה.|ix zuɡ azˈɔj, azˈɔj, inz daːfn maxn a pʃˈurə.
301_165727_0028|דער אמת איז, אז ס'איז נישט נאר ביי מזוזות.|dɛr ˈɛməs iz, az siz niʃt nɔr baː mzˈizɔjs.
301_165727_0029|דער אמת איז אז א ספר תורה איז אויך אזוי, ביי די ספרדישע בימות זענען פשוט, זיי האבן שטייענדיגע ספרי תורות.|dɛr ˈɛməs iz az a sˈajfər tˈɔjrə iz ɔjx azˈɔj, baː də sfˈardiʃə bˈimis zˈɛnən pˈuʃit, zaj hubn ʃtˈajəndiɡə sfri tˈɔjrɔjs.
301_165727_0030|אונזערע בימות זענען שיף, די זעלבע זאך ווי די מזוזה, און די ספר תורה לייגט מען שיף, און ס'איז די זעלבע פשרה, מ'לייגט עס אזוי האלב וועג, נישט שטייענדיג און נישט ליגעדיג.|ˈinzərə bˈimis zˈɛnən ʃif, də zˈɛlbə zax vi də məzˈizə, in də sˈajfər tˈɔjrə lajɡt mɛn ʃif, in siz də zˈɛlbə pʃˈurə, mlajɡt ɛs azˈɔj halb vejɡ, niʃt ʃtˈajəndiɡ in niʃt lˈiɡədiɡ.
301_165727_0031|אבער על כל פנים, נחזור לענינינו, אה, סאו האט ער געפרעגט דעם נודע ביהודה, פארוואס מאכט מען נישט די רבינו תם תפילין ליגעדיג?|ˈɔbər al kɔl pˈunəm, nxzir lˈɛninini, a, sɔ hut ɛr ɡəfrˈɛɡt dejm nˈidə bˈihidə, farvˈus maxt mɛn niʃt də rbˈini tam tfiln lˈiɡədiɡ ?
301_165727_0032|האט דער נודע ביהודה געזאגט אז מ'לייגט בכלל נישט קיין רבינו תם'ס תפילין וועגן רבינו תם.|hut dɛr nˈidə bˈihidə ɡəzˈuɡt az mlajɡt bəxlˈaːl niʃt kan rbˈini tams tfiln vejɡn rbˈini tam.
301_165727_0035|און תוספות גייט דורך רב האי גאון, רבינו יוסף טוב עלם ברענגט א תשובת הגאונים, און תוספות ברענגט נאך שיטות וואס האלטן אזוי ווי רבינו תם.|in tɔjsˈufɔjs ɡajt dˈɔrəx ruv haː ɡˈuən, rbˈini jˈɔsəf tɔjv ɛlm brɛnɡt a ʧˈivas hɡˈinim, in tɔjsˈufɔjs brɛnɡt nux ʃˈitɔjs vus haltn azˈɔj vi rbˈini tam.
301_165727_0036|סאו זאגט דער נודע ביהודה, ווען ס'איז ווען נאר רבינו תם וואס ער האלט אז מ'זאל לייגן די תפילין אזוי, וואלט איך געגאנגען מיט רש"י.|sɔ zuɡt dɛr nˈidə bˈihidə, vɛn siz vɛn nɔr rbˈini tam vus ɛr halt az mzul lajɡn də tfiln azˈɔj, vɔlt ix ɡəɡˈanɡən mit rˈaʃi.
301_165727_0037|ס'איז נאר דא איין שיטה יחידאה פון רבינו תם אז אזוי דארף מען מאכן תפילין, וואלט מען קיינמאל נישט געגאנגען די תפילין.|siz nɔr du ajn ʃˈitə ˈixida fin rbˈini tam az azˈɔj daf mɛn maxn tfiln, vɔlt mɛn kˈajnmul niʃt ɡəɡˈanɡən də tfiln.
301_165727_0038|גראדע הייסט עס רבינו תם'ס תפילין, ווייל די תוספות אויף די בלאט ברענגט רבינו תם, ווערט עס אנגערופן על שמו.|ɡrˈadə hajst ɛs rbˈini tams tfiln, vaːl də tɔjsˈufɔjs oʊf də blat brɛnɡt rbˈini tam, virt ɛs ˈunɡərifn al ʃmi.
301_165727_0039|אבער ס'איז נישט רבינו תם'ס תפילין, ס'איז אן אנדערע שיטה אין תפילין וואס אסאך גאונים און אסאך ראשונים האבן געהאט.|ˈɔbər siz niʃt rbˈini tams tfiln, siz un ˈandərə ʃˈitə in tfiln vus ˈasax ɡˈinim in ˈasax riʃˈɔjnim hubn ɡəhˈat.
301_165727_0040|און נאך מער, דער נודע ביהודה זאגט נישט דער חלק, ס'איז סתם רוב פון די ראשונים וואס האלטן רבינו תם'ס תפילין, האלטן די זמן הגאונים.|in nux mɛr, dɛr nˈidə bˈihidə zuɡt niʃt dɛr xˈajlək, siz stam rɔv fin də riʃˈɔjnim vus haltn rbˈini tams tfiln, haltn də zman hɡˈinim.
301_165727_0041|ס'איז סתם אן אגב'דיגע זאך.|siz stam un ˈaɡbdiɡə zax.
301_165727_0042|עס קומט אויס, די רבינו תם'ס תפילין וואס מען לייגט, אזוי שרייבט דער נודע ביהודה, ער שרייבט עס לגבי אן אנדערע זאך, אבער מען לייגט עס נישט אלס שיטת רבינו תם, מען לייגט עס דייקא נישט אלס שיטת רבינו תם.|ɛs kimt oʊs, də rbˈini tams tfiln vus mɛn lajɡt, azˈɔj ʃraːbt dɛr nˈidə bˈihidə, ɛr ʃraːbt ɛs ləɡabˈaj un ˈandərə zax, ˈɔbər mɛn lajɡt ɛs niʃt ˈalis ʃiʦ rbˈini tam, mɛn lajɡt ɛs dˈajka niʃt ˈalis ʃiʦ rbˈini tam.
301_165727_0043|ממילא קענסטו נישט קומען זאגן, מאכן על די שיטתיה, רבינו תם הייסט לייגן ליגעדיגע תפילין, זאל מען מאכן די רבינו תם תפילין ליגעדיגע אויכעט.|mˈɛmajlə kˈɛnsti niʃt kˈimən zuɡn, maxn al də ʃˈiʦi, rbˈini tam hajst lajɡn lˈiɡədiɡə tfiln, zul mɛn maxn də rbˈini tam tfiln lˈiɡədiɡə ˈɔjxət.
301_165727_0044|און ממילא דאס איז די תשובה פאר אונזער שאלה אויך, אז ס'איז זייער שיין אז דו האסט געהערט אמאל א ווארט רבינו תם זמן און רבינו תם תפילין.|in mˈɛmajlə dus iz də ʧˈivə far ˈinzər ʃˈaːlə ɔjx, az siz zˈajər ʃajn az di hust ɡəhˈirt amˈul a vɔrt rbˈini tam zman in rbˈini tam tfiln.
301_165727_0045|יעצט, איך האב געזאגט פאר איינעם די וואך אז איך גיי רעדן פון די נושא. האט ער געזאגט, וואו, ס'איז אזוי אינטערעסאנט, ווייסטו, איך טו עס יעדן טאג.|jɛʦt, ix hub ɡəzˈuɡt far ˈajnəm də vɔx az ix ɡaj rɛdn fin də nˈɔjsə. hut ɛr ɡəzˈuɡt, vi, siz azˈɔj intərəsˈant, vˈajsti, ix ti ɛs jejdn tuɡ.
301_165727_0046|ס'איז טאקע אינטערעסאנט, ווייל דו ווייסט, אייביג די שבת שאלה איז עפעס מער אן אינטערעסאנטע זאך.|siz tˈakə intərəsˈant, vaːl di vajst, ˈajbiɡ də ʃˈabəs ʃˈaːlə iz ˈɛpəs mɛr un ˈintərəsantə zax.
301_165727_0047|אמאל דארף מען רעדן די פשוט'ע זאך אז ס'איז נוגע יעדן טאג.|amˈul daf mɛn rɛdn də pˈiʃətə zax az siz nˈiɡə jejdn tuɡ.
301_165727_0049|אבער דער אמת איז אז דער מסילת ישרים שרייבט עס שוין, די הקדמה פון די מסילת ישרים שרייבט אז די זאכן וואס זענען די מערסטע ידוע,|ˈɔbər dɛr ˈɛməs iz az dɛr msˈilas ˈiʃrim ʃraːbt ɛs ʃɔjn, də haɡdˈumə fin də msˈilas ˈiʃrim ʃraːbt az də zaxn vus zˈɛnən də mˈɛrstə jədˈiə,
301_165727_0050|די זאכן פארלירט מען, קיינער לערנט מען נישט. איז קודם דארף מען מאכן א שטיקל עדווערטייזמענט פאר אונזער שיעור תודיעני,|də zaxn farlˈirt mɛn, kˈajnər lirnt mɛn niʃt. iz kˈɔjdəm daf mɛn maxn a ʃtikl ədvərtajzmˈɛnt far ˈinzər ʃˈiər sˈidiəni,
301_165727_0052|און סתם אזוי, אז מ'גייט יעצט אריין אלול ראש השנה, זאל מען זען טאקע די אלע זאכן, די אלע זאכן זענען נוגע טאג טעגליך,|in stam azˈɔj, az mɡajt jɛʦt arˈaːn ˈɛləl rɔjʃ haʃˈunə, zul mɛn zejn tˈakə də ˈalə zaxn, də ˈalə zaxn zˈɛnən nˈiɡə tuɡ tˈɛɡləx,
301_165727_0053|די אלע קלייניגקייטן, וואס דער מסילת ישרים זאגט אז מ'פארגעסט ווייל זיי זענען אזוי נפוץ, די אלע זאכן זאל מען זען אביסל משים לב צו זיין.|də ˈalə klˈajniɡkaːtn, vus dɛr msˈilas ˈiʃrim zuɡt az mfarɡˈɛst vaːl zaj zˈɛnən azˈɔj nfiʦ, də ˈalə zaxn zul mɛn zejn abˈisl mʃim lajv ʦi zaːn.
301_165727_0054|דער אייבערשטער זאל העלפן מ'זאל געבענטשט ווערן מיט א גוט געבענטשט יאר, א גוט שבת.|dɛr ˈajbərʃtər zul hɛlfn mzul ɡəbˈɛnʧt virn mit a ɡit ɡəbˈɛnʧt jur, a ɡit ʃˈabəs.
