word	count	ipa	variants	route	confidence	reason	layer
די	3976	də	di	lexicon	HIGH		G
א	3287	a		rule	LOW	alef-default	G
ער	2782	ɛr		lexicon	HIGH		G
איז	2484	iz	is	lexicon	HIGH		G
און	2420	in		lexicon	HIGH		G
האט	2212	hut	hɔt	lexicon	HIGH		G
וואס	1835	vus		lexicon	HIGH		G
נישט	1714	niʃt		lexicon	HIGH		G
דער	1647	dɛr		lexicon	HIGH		G
אין	1576	in		lexicon	HIGH		G
איך	1555	ix		lexicon	HIGH		G
פון	1552	fin		lexicon	HIGH		G
אז	1511	az	as	lexicon	HIGH		G
צו	1083	ʦi		lexicon	HIGH		G
זיין	993	zaːn		lexicon	HIGH		G
זיך	966	zix		lexicon	HIGH		G
מיט	957	mit		lexicon	HIGH		G
ס'איז	945	siz	sis	lexicon	HIGH		G
געווען	907	ɡəvˈejn		lexicon	HIGH		G
דעם	830	dejm	dɛm	lexicon	HIGH		G
זאגט	709	zuɡt	zukt	lexicon	HIGH		G
דא	705	du		lexicon	HIGH		G
פאר	700	far		lexicon	HIGH		G
אויף	678	oʊf	af	lexicon	HIGH		G
יא	639	ju		lexicon	HIGH		G
דאס	629	dus		lexicon	HIGH		G
עס	625	ɛs		lexicon	HIGH		G
אים	572	ejm	im	lexicon	HIGH		G
מיר	565	mir		lexicon	HIGH		G
מען	557	mɛn		lexicon	HIGH		G
אזוי	529	azˈɔj		lexicon	HIGH		G
האבן	526	hubn	hɔbn	lexicon	HIGH		G
זיי	505	zaj		lexicon	HIGH		G
ווי	504	vi		lexicon	HIGH		G
האב	490	hub	hɔb|hup	lexicon	HIGH		G
אן	481	un	an	lexicon	HIGH		G
שוין	462	ʃɔjn		lexicon	HIGH		G
אבער	445	ˈɔbər		lexicon	HIGH		G
דו	444	di	du	lexicon	HIGH		G
נאך	427	nux		lexicon	HIGH		G
געזאגט	415	ɡəzˈuɡt	ɡəzˈukt	lexicon	HIGH		G
רבי	371	rˈɛbə	rˈɛbi	lexicon	HIGH		L
קיין	360	kan	kajn	lexicon	HIGH		G
ווען	354	vɛn		lexicon	HIGH		G
זאל	348	zul		lexicon	HIGH		G
קען	332	kɛn		lexicon	HIGH		G
אונז	324	inz	inʦ|indz|ins	lexicon	HIGH		G
ביי	318	baː	ba|baj	lexicon	HIGH		G
וועט	310	vɛt		lexicon	HIGH		G
דאך	307	dɔx		lexicon	HIGH		G
זענען	302	zˈɛnən		lexicon	HIGH		G
זאגן	300	zuɡn		lexicon	HIGH		G
מ'האט	297	mhut		rule	MED	clitic	G
יעצט	281	jɛʦt		lexicon	HIGH		G
אייבערשטער	281	ˈajbərʃtər		rule	LOW	alef-default	G
גייט	277	ɡajt		lexicon	HIGH		G
מיין	253	maːn	majn	lexicon	HIGH		G
אלע	252	ˈalə		lexicon	HIGH		G
ר	250	rajʃ	rejʃ	rule	LOW	printed-respelling	L
טאג	247	tuɡ	tuk	lexicon	HIGH		G
ווייל	247	vaːl	vajl	lexicon	HIGH		G
נאר	242	nɔr		lexicon	HIGH		G
עפעס	233	ˈɛpəs		lexicon	HIGH		G
איד	230	jid	id|jit	lexicon	HIGH		G
דארף	229	daf	darf	lexicon	HIGH		G
אזא	228	azˈa		lexicon	HIGH		G
ישראל	223	jisrˈuəl		lexicon	HIGH		L
יאר	220	jur		lexicon	HIGH		G
דארטן	220	dɔrtn		lexicon	HIGH		G
זייער	214	zˈajər		lexicon	HIGH		G
זאך	204	zax		lexicon	HIGH		G
געהאט	202	ɡəhˈat		lexicon	HIGH		G
דארט	197	dɔrt		lexicon	HIGH		G
איינער	197	ˈajnər		lexicon	HIGH		G
בין	197	bin		lexicon	HIGH		G
קומט	195	kimt		lexicon	HIGH		G
רב	186	ruv	ruf	lexicon	HIGH		L
מענטש	185	mɛnʧ		lexicon	HIGH		G
וויל	179	vil		lexicon	HIGH		G
דיר	178	dir		lexicon	HIGH		G
כל	175	kɔl	kul	lexicon	HIGH		L
היינט	173	haːnt	hajnt	lexicon	HIGH		G
טון	173	tin	tun|tɔn	lexicon	HIGH		G
אויך	171	ɔjx	oʊx	lexicon	HIGH		G
וואו	171	vi		lexicon	HIGH		G
געווארן	169	ɡəvˈɔrn		lexicon	HIGH		G
צוויי	166	ʦvaj		lexicon	HIGH		G
גאנצע	165	ɡˈanʦə		lexicon	HIGH		G
אויב	164	ɔjb	ɔjp	lexicon	HIGH		G
וואך	163	vɔx		lexicon	HIGH		G
אריין	160	arˈaːn	arˈajn	lexicon	HIGH		G
על	158	al		lexicon	HIGH		L
ה	158	haj	hej	rule	LOW	printed-respelling	L
קינדער	157	kˈindər		lexicon	HIGH		G
שבת	157	ʃˈabəs		lexicon	HIGH		L
איין	153	ajn		lexicon	HIGH		G
זאכן	153	zaxn		lexicon	HIGH		G
גוט	151	ɡit		lexicon	HIGH		G
אידן	149	jidn	idn	lexicon	HIGH		G
מאכן	146	maxn		lexicon	HIGH		G
אמאל	144	amˈul	ˈamɔl	lexicon	HIGH		G
קומען	142	kˈimən		lexicon	HIGH		G
אויס	141	oʊs	ɔjs	lexicon	HIGH		G
קענען	139	kˈɛnən		lexicon	HIGH		G
געמאכט	137	ɡəmˈaxt		lexicon	HIGH		G
גיין	137	ɡajn		lexicon	HIGH		G
טאטע	135	tˈatə		lexicon	HIGH		G
מ'דארף	133	mdaf		rule	MED	clitic	G
צום	130	ʦim	ʦum	lexicon	HIGH		G
שטייט	128	ʃtajt	ʃtaːt	lexicon	HIGH		G
ניין	128	najn	naːn	lexicon	HIGH		G
תורה	128	tˈɔjrə		lexicon	HIGH		L
בית	127	bajs		lexicon	HIGH		L
וועגן	126	vejɡn	vɛɡn	lexicon	HIGH		G
מ'קען	125	mˈɛkən	mkɛn	lexicon	HIGH		G
לא	124	lɔj	lɔ	lexicon	HIGH		L
נצבים	123	nʦbim		rule	MED		G
יעדער	123	jˈɛdər		lexicon	HIGH		G
אלעס	122	ˈaləs		lexicon	HIGH		G
אסאך	121	ˈasax		lexicon	HIGH		G
פארוואס	120	farvˈus		lexicon	HIGH		G
מעשה	119	mˈaːsə	mˈajsə	lexicon	HIGH		L
אנדערע	117	ˈandərə		lexicon	HIGH		G
מער	117	mɛr		lexicon	HIGH		G
צייט	117	ʦaːt	ʦajt	lexicon	HIGH		G
יום	117	jɔjm	jɔm	lexicon	HIGH		L
עולם	116	ˈɔjləm	ˈɔjlum	lexicon	HIGH		L
געזען	115	ɡəzˈejn	ɡəzˈɛn	lexicon	HIGH		G
מיינט	115	majnt		lexicon	HIGH		G
לאמיר	114	lˈɔmir	lˈumir	lexicon	HIGH		G
ווארט	110	vɔrt		lexicon	HIGH		G
אפילו	110	afˈilə		lexicon	HIGH		L
וילך	109	ɔjlx		rule	MED		G
מאל	108	mul	mɔl	lexicon	HIGH		G
אדער	108	ˈɔdər		lexicon	HIGH		G
טעג	106	tejɡ	tɛɡ|tejk	lexicon	HIGH		G
טוב	106	tɔjv	tɔv|tɔjf	lexicon	HIGH		L
צוריק	105	ʦirˈik	ʦˈurik	lexicon	HIGH		G
טאקע	104	tˈakə		lexicon	HIGH		G
אידישע	103	jˈidiʃə	jˈɛdiʃə	lexicon	HIGH		G
געוואלט	103	ɡəvˈɔlt	ɡəvˈald	lexicon	HIGH		G
הייסט	103	hajst		lexicon	HIGH		G
ראש	102	rɔjʃ	rɔʃ	lexicon	HIGH		L
וויאזוי	101	vizˈɔj	viazˈɔj	lexicon	HIGH		G
לעבן	101	lejbn	lɛbn	lexicon	HIGH		G
געגאנגען	101	ɡəɡˈanɡən		lexicon	HIGH		G
האסט	101	hust	hɔst	lexicon	HIGH		G
דריי	99	draj	draː	lexicon	HIGH		G
זען	98	zejn		lexicon	HIGH		G
דעמאלטס	98	dˈɛmalʦ		rule	LOW	alef-default	G
ווערן	97	virn	vɛrn	lexicon	HIGH		G
איר	97	ir		lexicon	HIGH		G
הייליגער	97	hˈajliɡər		rule	MED		G
איבער	96	ˈibər		lexicon	HIGH		G
אויפ'ן	96	afn		rule	LOW	alef-default,pe-default	G
אביסל	96	abˈisl		lexicon	HIGH		G
ווייסט	95	vajst		lexicon	HIGH		G
געקומען	94	ɡəkˈimən		lexicon	HIGH		G
געבן	93	ɡejbn	ɡɛbn	lexicon	HIGH		G
מ'זאל	93	mzul		rule	MED	clitic	G
ווייס	93	vajs	vaːs	lexicon	HIGH		G
געגעבן	92	ɡəɡˈɛbn	ɡəɡˈejbn	lexicon	HIGH		G
כי	92	ki		lexicon	HIGH		L
משה	92	mˈɔjʃə		lexicon	HIGH		N
ביז	91	biz	bis	lexicon	HIGH		G
ארויס	91	arˈoʊs	arˈɔjs	lexicon	HIGH		G
ווער	91	vɛr		lexicon	HIGH		G
געקענט	91	ɡəkˈɛnt		lexicon	HIGH		G
וועל	90	vɛl		lexicon	HIGH		G
מענטשן	89	mɛnʧn		lexicon	HIGH		G
ס'האט	89	səhˈut	ʃut	lexicon	HIGH		G
יעדן	89	jejdn	jɛdn	lexicon	HIGH		G
גיי	89	ɡaj		lexicon	HIGH		G
נאכדעם	88	nuxdˈejm	nˈuxdəm	lexicon	HIGH		G
יעדע	88	jˈɛdə		lexicon	HIGH		G
ישיבה	88	jəʃˈivə		lexicon	HIGH		L
חתונה	88	xˈasənə		lexicon	HIGH		L
לערנען	87	lˈirnən	lˈɛrnən	lexicon	HIGH		G
גרויסע	84	ɡrˈɔjsə		lexicon	HIGH		G
זאלן	84	zɔln	zuln	lexicon	HIGH		G
נעמען	83	nˈɛmən	nˈejmən	lexicon	HIGH		G
רעדן	83	rɛdn		lexicon	HIGH		G
גוטע	83	ɡˈitə		lexicon	HIGH		G
דיין	83	daːn	dajn	lexicon	HIGH		G
אלול	83	ˈalil		rule	LOW	alef-default	G
סאו	82	sɔ		lexicon	HIGH		G
גמרא	82	ɡəmˈurə		lexicon	HIGH		L
טוט	81	tit	tut	lexicon	HIGH		G
מאכט	81	maxt		lexicon	HIGH		G
וועלן	81	vɛln		lexicon	HIGH		G
ממש	81	mˈamiʃ	mˈaməʃ	lexicon	HIGH		L
ס'שטייט	80	sʃtajt		rule	MED	clitic	G
אייבערשטן	80	ˈajbərʃtn		rule	LOW	alef-default	G
דורך	79	dˈɔrəx	durx	lexicon	HIGH		G
קינד	79	kind	kint	lexicon	HIGH		G
ס'זאל	78	szul		rule	MED	clitic	G
שעה	78	ʃu	ʃɔ	lexicon	HIGH		L
ווייטער	78	vˈaːtər	vˈajtər	lexicon	HIGH		G
געלט	77	ɡɛlt		lexicon	HIGH		G
של	77	ʃɛl		lexicon	HIGH		L
איראן	76	irˈan		lexicon	HIGH		E
ביים	76	bam	baːm	lexicon	HIGH		G
וויסן	76	visn		lexicon	HIGH		G
זי	76	zi		lexicon	HIGH		G
דיך	75	dix		lexicon	HIGH		G
וועג	74	vejɡ	vɛɡ|vejk	lexicon	HIGH		G
פלעגט	74	flɛɡt		rule	LOW	pe-default	G
אוועק	74	avˈɛk		lexicon	HIGH		G
געהערט	73	ɡəhˈirt	ɡəhˈɛrt	lexicon	HIGH		G
מארגן	73	mɔrɡn		lexicon	HIGH		G
גארנישט	73	ɡˈurniʃt	ɡˈɔrniʃt	lexicon	HIGH		G
מ'גייט	73	mɡajt		rule	MED	clitic	G
רבינו	73	rbˈini		rule	MED		G
ס'וועט	72	svɛt		rule	MED	clitic	G
מורא'דיגע	72	mˈiradiɡə		rule	LOW	alef-default	G
פרעזידענט	71	prəzidˈɛnt		lexicon	HIGH		E
השם	71	haʃˈɛm		lexicon	HIGH		L
וועלט	71	vɛlt		lexicon	HIGH		G
וואלט	71	vɔlt		lexicon	HIGH		G
פנים	70	pˈunəm		lexicon	HIGH		L
אמעריקע	69	amˈɛrikə		lexicon	HIGH		E
שפעטער	69	ʃpˈejtər	ʃpˈɛtər	lexicon	HIGH		G
ברוך	69	bˈurəx	bˈɔrux	lexicon	HIGH		L
אה	69	a		rule	LOW	alef-default	G
ווערט	68	virt	vɛrt	lexicon	HIGH		G
הונדערט	67	hˈindərt		rule	MED		G
מיט'ן	67	mitn		rule	MED		G
פלאץ	67	plaːʦ	plaʦ	lexicon	HIGH		G
יארן	66	jurn		lexicon	HIGH		G
אזעלכע	66	azˈɛlxə		rule	LOW	alef-default	G
פסוק	66	pˈusik		lexicon	HIGH		L
ארץ	65	ˈɛrəʦ		lexicon	HIGH		L
ברענגט	65	brɛnɡt		lexicon	HIGH		G
מ'איז	64	miz	mis	rule	MED	clitic	G
פאר'ן	64	farn		rule	LOW	alef-default,pe-default	G
בעל	64	baːl	bɛl	lexicon	HIGH		L
טראמפ	63	trɔmp	trump	lexicon	HIGH		E
ווערטער	62	vˈɛrtər		lexicon	HIGH		G
ניגון	62	nˈiɡin		rule	MED		G
ולא	62	ˈila		rule	LOW	alef-default	G
גאולה	62	ɡˈulə		lexicon	MED	audio-vowel	G
נאכמיטאג	61	nˈaxmitaɡ	nˈaxmitak	rule	LOW	alef-default	G
געטון	61	ɡətˈin		rule	MED	prefix-rescue:gold+גע	G
אנגעהויבן	61	ˈunɡəhɔjbn	ˈɔnɡəhɔjbn	lexicon	HIGH		G
ס'גייט	61	sɡajt		rule	MED	clitic	G
גייען	61	ɡˈajən		lexicon	HIGH		G
גערעדט	61	ɡərˈɛt	ɡərˈɛdt	lexicon	HIGH		G
אפאר	61	apˈur	ˈapɔr	lexicon	HIGH		G
הרע	61	hrə		rule	MED		G
חודש	60	xˈɔjdəʃ		lexicon	HIGH		L
וויפיל	60	vˈifil	vifl	lexicon	HIGH		G
היום	60	hjim		rule	MED		G
הויז	59	hoʊz	hɔjz|hoʊs	lexicon	HIGH		G
מיך	59	mix		lexicon	HIGH		G
דאווענען	59	dˈavənən		rule	LOW	alef-default	G
אזויפיל	58	ˈazɔjfil		rule	LOW	alef-default,pe-default	G
אפשר	58	ˈɛfʃir	ˈɛfʃər	lexicon	HIGH		L
את	58	ɛs		lexicon	HIGH		L
תפילין	58	tfiln		rule	LOW	printed-respelling	L
יצר	58	iʦr		rule	MED		G
נייע	57	nˈaːjə	nˈajə	lexicon	HIGH		G
שיינע	57	ʃˈajnə		lexicon	HIGH		G
פונעם	57	fˈinəm	fˈunəm	lexicon	HIGH		G
מלך	57	mˈajləx		lexicon	HIGH		L
ארום	56	arˈim	ˈarum	lexicon	HIGH		G
זעט	56	zejt		lexicon	HIGH		G
בן	56	bɛn		lexicon	HIGH		L
לשון	56	lʃin		rule	MED		G
באשעפער	56	baʃˈɛfər		lexicon	HIGH		G
ערשטע	55	ˈɛrʃtə		lexicon	HIGH		G
יענער	55	jˈɛnər		rule	MED		G
אנגעקומען	55	ˈunɡəkimən		rule	MED	prefix-rescue:gold+אנגע	G
געדענק	55	ɡədˈɛnk		rule	MED		G
בו	55	bi		rule	MED		G
האנט	55	hant		rule	LOW	alef-default	G
ארויף	54	arˈoʊf		lexicon	HIGH		G
שאלה	54	ʃˈaːlə	ʃˈajlə	lexicon	HIGH		L
געזונט	53	ɡəzˈint		rule	MED		G
מדינת	53	mdˈinas	mədˈinas	rule	LOW	sefaria-pointed	L
צען	53	ʦɛn		rule	MED		G
ביסט	53	bist		lexicon	HIGH		G
געשען	53	ɡəʃˈɛn		rule	MED		G
מ'וועט	52	mvɛt		rule	MED	clitic	G
מינוט	52	minˈit	mˈinut	lexicon	HIGH		G
אכט	52	axt		rule	LOW	alef-default	G
לעצטע	52	lˈɛʦtə		lexicon	HIGH		G
איי	51	aj		rule	LOW	alef-default	G
געדארפט	51	ɡədˈarft		lexicon	HIGH		G
געפרעגט	51	ɡəfrˈɛɡt		rule	LOW	pe-default	G
סתם	51	stam		lexicon	HIGH		L
הייליגן	51	hˈajliɡn		rule	MED		G
פארציילט	51	farʦˈajlt		rule	LOW	alef-default,pe-default	G
זיינע	50	zˈaːnə	zˈajnə	lexicon	HIGH		G
מין	50	min		rule	MED		G
געוואוסט	49	ɡəvˈist		rule	LOW	alef-default	G
שלום	49	ʃˈuləm	ʃˈɔləm	lexicon	HIGH		L
"רש""י"	49	rˈaʃi		lexicon	LOW	acronym-word	A
צדיקים	49	ʦdˈikim		rule	MED		G
שטיקל	49	ʃtikl		rule	MED		G
הקדוש	49	hkdiʃ		rule	MED		G
צדיק	49	ʦˈadik		lexicon	HIGH		L
אמעריקאנער	48	amərˈikanər		lexicon	HIGH		E
גענומען	48	ɡənˈimən	ɡənˈumən	lexicon	HIGH		G
צוזאמען	48	ʦizˈamən	ʦuzˈamən	lexicon	HIGH		G
מ'זאגט	48	mzuɡt		rule	MED	clitic	G
בחור	48	bˈuxər	bˈuxir	lexicon	HIGH		L
שרייבט	47	ʃraːbt	ʃrajbt	lexicon	HIGH		G
זמן	47	zman		lexicon	HIGH		L
גוי	47	ɡɔj		rule	MED		G
זאג	47	zuɡ	zuk	lexicon	HIGH		G
גלות	47	ɡˈuləs		lexicon	HIGH		L
פינף	46	finf		rule	LOW	pe-default	G
וועלכע	46	vˈɛlxə		lexicon	HIGH		G
שלמה	46	ʃlˈɔjmə		lexicon	HIGH		L
מצוה	46	mˈiʦvə		lexicon	HIGH		L
פרעגט	46	frɛɡt		rule	LOW	pe-default	G
תשובה	46	ʧˈivə		lexicon	HIGH		L
פרעגן	46	frɛɡn		rule	LOW	pe-default	G
חיים	46	xˈajim		lexicon	HIGH		N
קענסט	46	kɛnst		lexicon	HIGH		G
אליין	46	alˈajn	ˈalejn	lexicon	HIGH		G
יענע	45	jˈɛnə		lexicon	HIGH		G
צווישן	45	ʦviʃn		lexicon	HIGH		G
פרשת	45	pˈarʃis	pˈarʃəs	lexicon	HIGH		L
ברכה	45	brˈuxə		lexicon	HIGH		L
שיין	45	ʃajn		lexicon	HIGH		G
אקעי	45	ˈɔkaj		lexicon	HIGH		G
טו	45	ti		rule	MED		G
המקדש	45	hamˈikduʃ		rule	LOW	sefaria-pointed	L
העלפן	44	hɛlfn		lexicon	HIGH		G
המדרש	44	hamˈidruʃ		rule	LOW	lk-proclitic-pointed:sefaria-pointed	L
בכל	44	bxul	bəxˈul	rule	LOW	sefaria-pointed	L
קינדערלעך	44	kˈindərləx		rule	MED		G
השנה	44	haʃˈunə		rule	LOW	lk-proclitic-pointed:sefaria-pointed	L
ספר	44	sˈajfər	sˈejfər	lexicon	HIGH		L
זוכה	44	zˈixə		rule	MED		G
לאנג	43	laːnɡ	lanɡ|laːnk	lexicon	HIGH		G
אזייגער	43	ˈazajɡər		rule	LOW	alef-default	G
נאמען	43	nˈumən	nˈɔmən	lexicon	HIGH		G
פיר	43	fir		rule	LOW	pe-default	G
אפ	43	ɔp		lexicon	HIGH		G
נו	43	ni		rule	MED		G
יענעם	43	jˈɛnəm		rule	MED		G
עסן	43	ɛsn		lexicon	HIGH		G
הארץ	43	harʦ		lexicon	HIGH		G
ווייסן	42	vajsn		rule	MED		G
זון	42	zin		rule	MED		G
הרב	42	harˈaːv	harˈav|harˈaːf	lexicon	HIGH		L
קודם	42	kˈɔjdəm		lexicon	HIGH		L
אינטערעסאנט	42	intərəsˈant		rule	LOW	alef-default	G
מ'רעדט	42	mrɛdt		rule	MED	clitic	G
רגע	42	rˈɛɡə		lexicon	HIGH		L
ארבעט	41	ˈarbət		lexicon	HIGH		G
מלחמה	41	milxˈumə	mˈilxɔmə	lexicon	HIGH		L
אלס	41	ˈalis	als	lexicon	HIGH		G
אראפ	41	arˈup	arˈɔp	lexicon	HIGH		G
געבט	41	ɡɛbt		rule	MED		G
ס'קומט	41	skimt		rule	MED	clitic	G
כלל	41	klal		lexicon	HIGH		L
ביינאכט	41	bˈajnaxt		rule	LOW	alef-default	G
האלט	41	halt		lexicon	HIGH		G
קול	41	kul		lexicon	HIGH		L
שטארק	41	ʃtark		lexicon	HIGH		G
רבי'ן	41	rbin		rule	MED		G
מה	41	mɛ	ma	rule	LOW	model-pointed-guess	L
נאכאמאל	41	nˈuxamul		lexicon	HIGH		G
ירושלים	41	jəruʃulˈajim	jəriʃəlˈajim	lexicon	HIGH		L
לברכה	41	livrˈuxə		lexicon	HIGH		L
תהלים	41	təhˈilim		rule	LOW	sefaria-pointed	L
גלייך	40	ɡlaːx		lexicon	HIGH		G
דאנערשטאג	40	dˈanərʃtaɡ	dˈanərʃtak	rule	LOW	alef-default	G
הערן	40	hirn	hɛrn	lexicon	HIGH		G
אמת	40	ˈɛməs		lexicon	HIGH		L
אשר	40	aʃr		rule	LOW	alef-default	G
לו	40	li		rule	MED		G
שמחה	40	sˈimxə		lexicon	HIGH		L
הייליגע	40	hˈajliɡə		lexicon	HIGH		G
ימי	40	ˈimi		rule	MED		G
איינס	39	ajns		lexicon	HIGH		G
רבנים	39	rˈabunim		lexicon	HIGH		L
מיטוואך	39	mˈitvɔx		rule	MED	prefix-rescue:gold+מיט	G
דארפן	39	daːfn	darfn	lexicon	HIGH		G
פשוט	39	pˈuʃit	pˈuʃət	lexicon	HIGH		L
האסטו	39	hˈusti	hˈɔsti	lexicon	HIGH		G
דוד	39	did	dit	rule	MED		G
רבותי	39	rabˈɔjsaj		rule	LOW	sefaria-pointed	L
לויט	38	loʊt	lɔjt	lexicon	HIGH		G
אטאקעס	38	ˈatakəs		rule	LOW	alef-default	G
קיינמאל	38	kˈajnmul	kˈajnmɔl	lexicon	HIGH		G
נייעס	38	nˈaːjəs	nˈajəs	lexicon	HIGH		G
בר	38	bar	bur	rule	LOW	audio-homograph	L
שיעור	38	ʃˈiəir		rule	MED		G
הוא	38	hˈia		rule	LOW	alef-default	G
מאמע	38	mˈamə		rule	LOW	alef-default	G
עד	38	ɛd	ɛt	rule	MED		G
אוודאי	38	avˈadə		lexicon	HIGH		G
דינסטאג	37	dˈinstaɡ	dˈinstak	rule	LOW	alef-default	G
אונטער	37	ˈintər	ˈuntər	lexicon	HIGH		G
נעמט	37	nɛmt		lexicon	HIGH		G
קעגן	37	kejɡn	kɛɡn	lexicon	HIGH		G
פארשטייט	37	farʃtˈajt		lexicon	HIGH		G
גאנץ	36	ɡanʦ		lexicon	HIGH		G
מאיר	36	mˈajər		lexicon	HIGH		N
בקיצור	36	bˈɛkiʦər		lexicon	HIGH		G
נעבעך	36	nˈɛbəx		rule	MED		G
משיח	36	mˈuʃiəx		lexicon	HIGH		L
"שליט""א"	35	ʃlˈitə		lexicon	HIGH		A
ראשי	35	rˈuʃi		lexicon	MED	audio-vowel	G
שטאט	35	ʃtut		lexicon	MED	audio-vowel	G
נאכט	35	naxt		lexicon	HIGH		G
דאלאר	35	dˈɔlar		lexicon	HIGH		G
וועסט	35	vɛst		rule	MED		G
גאר	35	ɡur		lexicon	HIGH		G
עלינו	35	ˈɛlini		rule	MED		G
למעשה	35	ləmˈaːsə	ləmˈajsə	lexicon	HIGH		L
אלעמאל	35	ˈaləmal		rule	LOW	alef-default	G
איינעם	35	ˈajnəm		lexicon	HIGH		G
יארצייט	35	jˈurʦajt		lexicon	MED	audio-vowel	G
"חז""ל"	35	xazˈal		lexicon	LOW	acronym-word	A
פרישע	34	frˈiʃə		lexicon	HIGH		G
אל	34	al		rule	LOW	alef-default	G
שווער	34	ʃvir	ʃvɛr	lexicon	HIGH		G
טובה	34	tˈibə		rule	MED		G
אינמיטן	34	ˈinmitn		lexicon	HIGH		G
סוף	34	sɔf	sɔjf	lexicon	HIGH		L
נקודה	34	nkˈidə		rule	MED		G
איינמאל	34	ˈajnmul	ˈajnmɔl	lexicon	HIGH		G
טאטן	34	tatn		rule	LOW	alef-default	G
קוק	34	kik		rule	MED		G
פשט	34	pʃat		lexicon	HIGH		L
מורא	34	mˈira		rule	LOW	alef-default	G
קעניג	34	kˈɛniɡ	kˈɛnik	rule	MED		G
זעלבע	33	zˈɛlbə		lexicon	HIGH		G
זייט	33	zaːt	zajt	lexicon	HIGH		G
צוואנציג	33	ʦvˈanʦiɡ	ʦvˈanʦik	rule	LOW	alef-default	G
טרעפן	33	trɛfn		lexicon	HIGH		G
מן	33	min		lexicon	HIGH		L
בני	33	bnaj	bnej	lexicon	HIGH		L
ברענגען	33	brˈejnɡən	brˈɛnɡən	lexicon	HIGH		G
אלקיך	33	ˈalkix		rule	LOW	alef-default	G
מורא'דיג	33	mˈiradiɡ	mˈiradik	rule	LOW	alef-default	G
אוי	33	ɔj		lexicon	HIGH		G
אונזער	33	ˈinzər	ˈindzər	lexicon	HIGH		G
וואסער	32	vˈasər		lexicon	HIGH		G
נעם	32	nɛm		rule	MED		G
איינע	32	ˈajnə		lexicon	HIGH		G
וואכן	32	vɔxn		lexicon	HIGH		G
באקומען	32	bakˈimən		lexicon	HIGH		G
געטראפן	32	ɡətrˈafn		rule	LOW	alef-default,pe-default	G
מ'זעט	32	mzejt		rule	MED	clitic	G
בעט	32	bɛt		lexicon	HIGH		G
מ'טאר	32	mtur		rule	MED	clitic	G
אלף	32	alf		rule	LOW	alef-default,pe-default	G
גרייט	31	ɡrajt		lexicon	HIGH		G
באאמטע	31	baˈamtə		rule	LOW	alef-default	G
רעדט	31	rɛdt	rɛt	lexicon	HIGH		G
פארן	31	farn		lexicon	HIGH		G
פארק	31	park		lexicon	HIGH		G
בכלל	31	bəxlˈaːl	bixlˈal	lexicon	HIGH		L
שמועס	31	ʃmˈiəs	ʃmˈuəs	lexicon	HIGH		G
אליינס	31	alˈajns		lexicon	HIGH		G
אם	31	am		rule	LOW	alef-default	G
פריער	30	frˈiər		rule	LOW	pe-default	G
אריבער	30	arˈibər		lexicon	HIGH		G
זיכער	30	zˈixər		lexicon	HIGH		G
אויכעט	30	ˈɔjxət		rule	LOW	alef-default	G
לך	30	ləxˈu	lux|lajx	rule	LOW	audio-homograph	L
הייבט	30	hajbt		rule	MED		G
פרשה	30	pˈarʃə		lexicon	HIGH		L
זאלסט	30	zulst		lexicon	HIGH		G
ווילסט	30	vilst		rule	MED		G
דיינע	30	dˈaːnə		lexicon	HIGH		G
געב	30	ɡɛb	ɡɛp	rule	MED		G
צווייטע	30	ʦvˈajtə		lexicon	HIGH		G
אני	30	ˈani		rule	LOW	alef-default	G
מוסר	30	misr		rule	MED		G
אמר	30	amr		rule	LOW	alef-default	G
נאנט	29	nant		rule	LOW	alef-default	G
דערציילט	29	dərʦˈajlt		rule	MED		G
ארבעטן	29	ˈarbətn		lexicon	HIGH		G
געכאפט	29	ɡəxˈapt		lexicon	HIGH		G
קיינער	29	kˈajnər		lexicon	HIGH		G
לייגן	29	lajɡn		lexicon	HIGH		G
מוז	29	miz	muz|mis	lexicon	HIGH		G
אחד	29	ˈɛxud	ˈɛxut	rule	LOW	sefaria-pointed	L
תיבות	29	tˈajvɔjs		rule	LOW	model-pointed-guess	L
מכבד	29	mxˈabajd	mxˈabajt	rule	LOW	pointed-audio-endorsed	L
קויפן	29	kɔjfn		lexicon	HIGH		G
ס'קען	29	skɛn		rule	MED	clitic	G
אמן	29	amn		rule	LOW	alef-default	G
חשבון	29	xˈɛʃbɔjn		rule	LOW	sefaria-pointed	L
ברכות	29	brˈuxəs		lexicon	HIGH		L
שול	29	ʃil		rule	MED		G
פרוי	29	frɔj		rule	LOW	pe-default	G
אלא	29	ˈala		rule	LOW	alef-default	G
רבונו	29	rbˈini		rule	MED		G
ניו	28	nju		lexicon	HIGH		E
קוקט	28	kikt	kukt	lexicon	HIGH		G
ווייסטו	28	vˈajsti		rule	MED		G
עבודה	28	avˈɔjdə		lexicon	HIGH		L
סליחות	28	slˈixis		rule	LOW	pointed-audio-endorsed	L
שידוך	28	ʃˈidəx		lexicon	HIGH		L
יוי	28	jɔj		rule	MED		G
זיצונג	27	zˈiʦinɡ	zˈiʦink	rule	MED		G
אלץ	27	alʦ		lexicon	HIGH		G
פאריגע	27	furˈiɡə		lexicon	MED	audio-vowel	G
קליינע	27	klˈajnə		lexicon	HIGH		G
מיליאן	27	miljˈɔn		lexicon	HIGH		G
מ'האלט	27	mhalt		rule	MED	clitic	G
גוים	27	ɡɔjm		rule	MED		G
ענין	27	ˈinjən		lexicon	HIGH		G
חתן	27	xusn		lexicon	HIGH		L
געשיקט	26	ɡəʃˈikt		rule	MED		G
פי	26	pi		lexicon	MED	audio-pe	G
אנקומען	26	ˈunkimən		rule	MED	prefix-rescue:gold+אנ	G
בארא	26	barˈa		rule	LOW	alef-default	G
לייגט	26	lajɡt		lexicon	HIGH		G
האלטן	26	haltn		lexicon	HIGH		G
סאטמארער	26	sˈatmarər		rule	LOW	alef-default	G
אינטערעסאנטע	26	ˈintərəsantə		rule	LOW	alef-default	G
יעקב	26	jˈankəv	jˈankəf	lexicon	HIGH		N
רופט	26	rift	ruft	lexicon	HIGH		G
לי	26	li		rule	MED		G
קום	26	kim		rule	MED		G
איבערבעטן	26	ˈibərbejtn		rule	MED	prefix-rescue:gold+איבער	G
גרעסטע	25	ɡrˈɛstə		rule	MED		G
אריינגעקומען	25	arˈaːnɡəkimən		rule	MED	prefix-rescue:gold+אריינגע	G
ענדיגן	25	ˈɛndiɡn		rule	MED		G
געהאלטן	25	ɡəhˈaltn		rule	MED	prefix-rescue:gold+גע	G
מתנה	25	matˈunə		rule	LOW	lk-proclitic-pointed:pointed-audio-endorsed	L
פארדעם	25	fardˈejm		rule	MED	prefix-rescue:gold+פאר	G
כיפור	25	xifˈir		rule	LOW	pe-default	G
נעכטן	25	nɛxtn		rule	MED		G
שטוב	25	ʃtib	ʃtip	rule	MED		G
יונתן	25	jɔjnˈusun		rule	LOW	sefaria-pointed	L
קאפיטל	25	kˈapitl		lexicon	MED	audio-pe	G
פיין	25	faːn		lexicon	HIGH		G
בחורים	25	buxˈirim		lexicon	HIGH		L
ממילא	25	mˈɛmajlə		lexicon	HIGH		G
לאזט	25	lɔzt	luzt	lexicon	HIGH		G
לערנט	25	lirnt		lexicon	HIGH		G
יהושע	25	jəhˈɔjʃiə	jˈɛhɔjʃua	lexicon	HIGH		N
בלעם	25	blɛm		rule	MED		G
צרות	25	ʦˈurɔjs		rule	LOW	sefaria-pointed	L
הויזן	25	hɔjzn		rule	MED		G
פייער	24	fˈajər		rule	LOW	pe-default	G
באזוך	24	bazˈix		rule	LOW	alef-default	G
חדשים	24	xadˈuʃim		lexicon	HIGH		L
געלאזט	24	ɡəlˈɔzt		rule	MED	prefix-rescue:gold+גע	G
פונקט	24	pinkt	punkt	lexicon	HIGH		G
שטעלט	24	ʃtɛlt		rule	MED		G
געוואלדיגע	24	ɡəvˈaldiɡə		rule	LOW	alef-default	G
פערציג	24	fˈɛrʦiɡ	fˈɛrʦik	rule	LOW	pe-default	G
גייסט	24	ɡajst	ɡaːst	lexicon	HIGH		G
צוביסלעך	24	ʦˈibisləx		rule	MED		G
משפחה	24	miʃpˈuxə		lexicon	HIGH		L
כדי	24	kədˈaj	kədˈej	lexicon	HIGH		L
חלק	24	xˈajlək		lexicon	HIGH		L
החיים	24	haxˈajim		rule	LOW	lk-proclitic-pointed:sefaria-pointed	L
תהיה	24	tˈihjɛ		rule	LOW	sefaria-pointed	L
געהייסן	24	ɡəhˈajsn		rule	MED		G
תם	24	tam	tum|tɔjm	rule	LOW	audio-homograph	L
הענט	23	hɛnt		rule	MED		G
אונזערע	23	ˈinzərə		rule	LOW	alef-default	G
איראנער	23	irˈanər		rule	LOW	alef-default	G
באקאנט	23	bakˈant		rule	LOW	alef-default	G
זעקס	23	zɛks		rule	MED		G
סיי	23	saj		lexicon	HIGH		G
ימים	23	ˈimim		rule	MED		G
בעטן	23	bejtn	bɛtn	lexicon	HIGH		G
לאנגע	23	lˈanɡə		rule	LOW	alef-default	G
טויזנט	23	toʊznt		lexicon	HIGH		G
געדענקען	23	ɡədˈɛnkən		rule	MED		G
פונקטליך	23	fˈinktləx		rule	LOW	pe-default	G
ליגט	23	liɡt		rule	MED		G
געבעטן	23	ɡəbˈejtn		rule	MED	prefix-rescue:gold+גע	G
שולדיג	23	ʃˈildiɡ	ʃˈildik	rule	MED		G
גאון	23	ɡin		rule	LOW	alef-default	G
קענסטו	23	kˈɛnsti		rule	MED		G
גערופן	23	ɡərˈifn		rule	MED	prefix-rescue:gold+גע	G
צווייטן	23	ʦvajtn		rule	MED		G
דערמאנען	23	dərmˈanən		rule	LOW	alef-default	G
אור	23	ir		rule	LOW	alef-default	G
סענדוויטש	23	sˈɛndviʧ		rule	MED		G
זכרונו	23	zxrˈini		rule	MED		G
מעג	23	mejɡ	mɛɡ|mejk	lexicon	HIGH		G
פסח	23	pˈajsəx		lexicon	HIGH		L
ספרים	23	sfˈurim		lexicon	HIGH		L
כלי	23	xli		rule	MED		G
בוקר	23	bikr		rule	MED		G
עטליכע	22	ˈɛtləxə		lexicon	HIGH		G
גרופע	22	ɡrˈifə		rule	LOW	pe-default	G
בויען	22	bˈoʊən		lexicon	HIGH		G
פירט	22	firt		lexicon	HIGH		G
געשטאנען	22	ɡəʃtˈanən		rule	LOW	alef-default	G
מצב	22	mˈaʦəv	mˈaʦəf	lexicon	HIGH		L
יואל	22	jˈɔjəl		lexicon	HIGH		N
וועסטו	22	vˈɛsti		rule	MED		G
זה	22	zɛ		lexicon	HIGH		L
יצחק	22	jˈiʦxuk		lexicon	HIGH		L
טונא	22	tˈina		rule	LOW	alef-default	G
געמיינט	22	ɡəmˈajnt		rule	MED	prefix-rescue:gold+גע	G
טראכט	22	traxt		rule	LOW	alef-default	G
געבליבן	22	ɡəblˈibn		lexicon	HIGH		G
ציון	22	ʦjin		rule	MED		G
אדם	22	udm		lexicon	MED	audio-vowel	G
שפעט	22	ʃpɛt		rule	LOW	pe-default	G
דור	22	dir		rule	MED		G
ליידער	22	lˈajdər	lˈejdər	lexicon	HIGH		G
רצון	22	rʦin		rule	MED		G
אֶת	22	ɛs		lexicon	HIGH		L
דערווייל	21	dərvˈaːl		rule	MED	prefix-rescue:gold+דער	G
פראצענט	21	prɔʦˈɛnt		lexicon	HIGH		E
מעסעדזש	21	mˈɛsəʤ	mˈɛsəʧ	rule	MED		G
טיש	21	tiʃ		rule	MED		G
בשעת	21	biʃˈas		rule	LOW	lk-proclitic-pointed:sefaria-pointed	L
טיר	21	tir		rule	MED		G
זייערע	21	zˈajərə		lexicon	HIGH		G
הגאון	21	hɡin		rule	LOW	alef-default	G
עם	21	ejm	am	lexicon	HIGH		L
אייביג	21	ˈajbiɡ	ˈajbik	lexicon	HIGH		G
לאז	21	laz	las	rule	LOW	alef-default	G
חבר	21	xˈavər		lexicon	HIGH		L
באקאנטע	21	bakˈantə		rule	LOW	alef-default	G
געשעפט	21	ɡəʃˈɛft		rule	LOW	pe-default	G
כאילו	21	xˈaːli		rule	LOW	alef-default	G
מקבל	21	mkˈabajl	məkˈabajl	rule	LOW	sefaria-pointed	L
נישטא	21	niʃtˈu	niʃtˈɔ	lexicon	HIGH		G
יונגערמאן	21	jˈinɡərman		rule	LOW	alef-default	G
שבע	21	ʒbə		rule	MED		G
כח	21	kˈɔjəx		lexicon	HIGH		L
חורבן	21	xirbn		lexicon	HIGH		L
ווארטן	21	vartn		rule	LOW	alef-default	G
שם	21	ʃɛm		lexicon	HIGH		L
אלעזר	21	ˈaluzr		lexicon	MED	audio-vowel	G
גבאי	21	ɡbaː		rule	LOW	alef-default	G
המלך	21	hamˈɛlɛx		rule	LOW	lk-proclitic-pointed:sefaria-pointed	L
כביכול	21	xbˈixil		rule	MED		G
גדול	21	ɡdil		rule	MED		G
פרובירט	20	prˈibirt		lexicon	HIGH		G
פופציג	20	fˈifʦiɡ	fˈifʦik	rule	LOW	pe-default	G
ביידע	20	bˈajdə		lexicon	HIGH		G
אריינגיין	20	arˈaːnɡajn		rule	LOW	alef-default	G
פארשטיין	20	farʃtˈajn		lexicon	HIGH		G
פראבלעם	20	prɔblˈejm	prɔblˈɛm	lexicon	HIGH		E
חוץ	20	xiʦ	xuʦ	lexicon	HIGH		L
תפילה	20	tfˈilə		lexicon	HIGH		L
הנאה	20	hna		rule	LOW	alef-default	G
יוסף	20	jˈɔsəf	jˈɔjsəf	lexicon	HIGH		N
געלעבט	20	ɡəlˈejbt		rule	MED	prefix-rescue:word-latin+גע	G
מגיד	20	mɡid	mɡit	rule	MED		G
בעלזער	20	bˈɛlzər		rule	MED		G
טראכטן	20	traxtn		rule	LOW	alef-default	G
באלד	20	bald	balt	rule	LOW	alef-default	G
כאפט	20	xɔft		rule	MED	clitic	G
סקווירא	20	skvˈira		rule	LOW	alef-default	G
ב	20	ba		rule	LOW	model-pointed-guess	L
מציאות	20	mʦˈiɔjs	məʦˈiɔjs	rule	LOW	sefaria-pointed	L
רחמים	20	raxˈamim		rule	LOW	sefaria-pointed	L
דודו	20	dˈidi		rule	MED		G
הערט	20	hɛrt		rule	MED		G
אייך	20	aːx	ajx	lexicon	HIGH		G
פארשטאנען	20	farʃtˈanən		rule	LOW	alef-default,pe-default	G
רבה	20	rˈabu	rˈibu|rˈubu	rule	LOW	audio-homograph	L
זוהר	20	zir		rule	MED		G
פאות	20	pˈajɔjs		rule	LOW	sefaria-pointed	L
הַיּוֹם	20	hˈaːɔjm		rule	MED		G
יארק	19	jɔrk		lexicon	HIGH		E
מיליטער	19	mˈilitər		rule	MED		G
פול	19	fil		rule	LOW	pe-default	G
אנגעפאנגען	19	ˈanɡəfanɡən		rule	LOW	alef-default,pe-default	G
דערפון	19	dərfˈin	dərfˈun	lexicon	HIGH		G
כמעט	19	kəmˈat	kimˈat	lexicon	HIGH		L
כאפן	19	xapn		lexicon	MED	audio-pe	G
רופן	19	rifn	rufn	lexicon	HIGH		G
שטארקע	19	ʃtˈarkə		lexicon	HIGH		G
שטיין	19	ʃtajn		lexicon	HIGH		G
שווערע	19	ʃvˈɛrə		rule	MED		G
מסביר	19	mazbˈir		lexicon	HIGH		L
התורה	19	hatˈɔjrə		lexicon	HIGH		L
ליינען	19	lˈajnən		lexicon	HIGH		G
חסיד	19	xˈusid	xˈusit	rule	LOW	lk-fallback	L
פארגעסן	19	faːrɡˈɛsn		lexicon	HIGH		G
עטס	19	ɛʦ		rule	MED		G
אזויווי	19	ˈazɔjvi		rule	LOW	alef-default	G
ענק	19	ɛnk		lexicon	HIGH		G
מזל	19	mazl		lexicon	HIGH		L
זיצן	19	ziʦn		rule	MED		G
אבא	19	ˈaba		rule	LOW	alef-default	G
שלא	19	ʃla		rule	LOW	alef-default	G
איש	19	iʃ		rule	LOW	alef-default	G
זכר	19	zˈajxər	zˈajxɛr	rule	LOW	model-pointed-guess	L
חרוב	19	xˈurəv	xˈɔrəv|xˈurəf	rule	LOW	printed-respelling	L
תוספות	19	tɔjsˈufɔjs		rule	LOW	model-pointed-guess	L
ואם	19	ˈiam		rule	LOW	alef-default	G
יסורים	19	ˈisirim		rule	MED		G
יעצטיגע	18	jˈɛʦtiɡə		rule	MED		G
שום	18	ʃim	ʃum	lexicon	HIGH		L
צאל	18	ʦal		rule	LOW	alef-default	G
קומענדיגע	18	kˈiməndiɡə		rule	MED		G
עסקנים	18	ˈɛsknim		rule	MED		G
ווילן	18	viln		rule	MED		G
ווייט	18	vaːt	vajt	lexicon	HIGH		G
פארלוירן	18	farlˈɔjrn		rule	LOW	alef-default,pe-default	G
נאכ'ן	18	nuxn		rule	LOW	model-pointed-guess	L
שטיק	18	ʃtik		rule	MED		G
אהרן	18	arn		rule	LOW	alef-default	G
אנהייבן	18	ˈunhajbn	ˈɔnhajbn	lexicon	HIGH		G
שליח	18	ʃulˈixa		rule	LOW	model-pointed-guess	L
געשריבן	18	ɡəʃrˈibn		lexicon	HIGH		G
אהיים	18	ahˈajm		lexicon	HIGH		G
קליין	18	klajn		rule	MED		G
געברענגט	18	ɡəbrˈɛnɡt		rule	MED	prefix-rescue:gold+גע	G
נעקסטע	18	nˈɛkstə		rule	MED		G
מסכת	18	masˈɛxɛs	misˈukɔjs	rule	LOW	audio-homograph	L
סאטמאר	18	sˈatmar		lexicon	HIGH		E
קרית	18	kˈirjas		lexicon	HIGH		L
מצוות	18	mˈiʦvɔjs		rule	LOW	sefaria-pointed	L
ס'דארף	18	sdaf		rule	MED	clitic	G
שפיטאל	18	ʃpˈitul		lexicon	MED	audio-vowel	G
שכר	18	səxˈar	sˈuxur|ʃˈajxur|sˈuxar	rule	LOW	audio-homograph	L
געוויסע	18	ɡəvˈisə		lexicon	HIGH		G
געענדיגט	18	ɡəˈɛndiɡt		rule	MED		G
זיצט	18	ziʦt		rule	MED		G
רעד	18	rɛd	rɛt	rule	MED		G
היינטיגע	18	hˈajntiɡə		rule	MED		G
וואלטן	18	vɔltn		lexicon	HIGH		G
אברהם	18	ˈavrum	ˈavruhəm	lexicon	HIGH		N
באב	18	bab	bap	rule	LOW	alef-default	G
ישעי'לע	18	ˈiʃajlə		rule	MED		G
אותיות	18	ɔjsˈijɔjs		rule	LOW	sefaria-pointed	L
מאך	18	max		lexicon	HIGH		G
אנגערופן	18	ˈunɡərifn		rule	MED	prefix-rescue:gold+אנגע	G
יוד	18	jid	jit	rule	MED		G
קאפ	18	kɔp		lexicon	HIGH		G
פחד	18	pˈaxad	pˈaxat	rule	LOW	sefaria-pointed	L
שמו	18	ʃmi		rule	MED		G
שוחד	18	ʃˈɔjxəd	ʃˈɔjxət	rule	LOW	printed-respelling	L
קמצא	18	kmʦa		rule	LOW	alef-default	G
פארט	17	fɔrt		lexicon	HIGH		G
פלאן	17	plaːn	plan	lexicon	HIGH		E
שיף	17	ʃif		rule	LOW	pe-default	G
פליגער	17	flˈiɡər		rule	LOW	pe-default	G
קאר	17	kar		lexicon	HIGH		E
געהאלפן	17	ɡəhˈalfn		rule	LOW	alef-default,pe-default	G
קוקן	17	kikn		rule	MED		G
ארויסגעקומען	17	arˈoʊzɡəkimən		rule	MED	prefix-rescue:gold+ארויסגע	G
עלטערן	17	ˈɛltərn		rule	MED		G
כאטש	17	xɔʧ		lexicon	HIGH		G
ארבעטער	17	ˈarbətər		rule	LOW	alef-default	G
אהין	17	ahˈin		rule	LOW	alef-default	G
כבוד	17	kˈuvəd	kˈuvət	lexicon	HIGH		L
דערמאנט	17	dərmˈant		rule	LOW	alef-default	G
אתה	17	ˈatu	ˈatə	rule	LOW	sefaria-pointed	L
ראה	17	ra		rule	LOW	alef-default	G
דרך	17	dˈɛrəx		lexicon	HIGH		L
עמלק	17	ɛmlk		rule	MED		G
עצה	17	ˈɛʦə		rule	MED		G
טשעק	17	ʧɛk		rule	MED		G
מיינע	17	mˈaːnə	mˈajnə	lexicon	HIGH		G
ערגעץ	17	ˈɛrɡəʦ		rule	MED		G
הלכה	17	halˈuxə	hˈalɔxə	lexicon	HIGH		L
נאכנישט	17	nˈuxniʃt		lexicon	HIGH		G
הכנסת	17	haknˈɛsɛs		rule	LOW	lk-proclitic-pointed:sefaria-pointed	L
אורחים	17	ˈɔjrxim	ˈɔjrəxim	rule	LOW	sefaria-pointed	L
אלימלך	17	ˈalimlx		rule	LOW	alef-default	G
יהודה	17	ˈihidə		rule	MED		G
שיר	17	ʃir		rule	MED		G
באמת	17	bəˈɛməs		lexicon	HIGH		L
גאנצן	17	ɡanʦn		rule	LOW	alef-default	G
עיקר	17	ajkr		rule	MED		G
אינגאנצן	17	inɡˈanʦn		lexicon	HIGH		G
זיבעציג	17	zˈibəʦiɡ	zˈibəʦik	rule	MED		G
טובות	17	tˈɔjvɔjs		rule	LOW	sefaria-pointed	L
שנה	17	ʃˈunə		rule	LOW	pointed-audio-endorsed	L
חלילה	17	xalˈilə		lexicon	HIGH		L
ביום	17	bjim		rule	MED		G
שופר	17	ʃifr		rule	LOW	pe-default	G
לה	17	luh	lu	rule	LOW	sefaria-pointed	L
בשמחה	17	bsˈimxə	bəsˈimxu	rule	LOW	sefaria-pointed	L
דברים	17	dbrim		rule	MED		G
איצי	17	ˈiʦi		rule	LOW	alef-default	G
וואשינגטאן	16	vˈaʃinɡtan		rule	LOW	alef-default	G
ס'ווערט	16	svirt		rule	MED	clitic	G
לאזן	16	luzn	lɔzn	lexicon	HIGH		G
רוף	16	rif		rule	LOW	pe-default	G
אנדערש	16	ˈandiʃ	ˈandərʃ	lexicon	HIGH		G
געפארן	16	ɡəfˈarn		rule	LOW	alef-default,pe-default	G
לב	16	lajv	lajf	rule	LOW	sefaria-pointed	L
קעמפ	16	kɛmf		rule	LOW	pe-default	G
ניגונים	16	niɡˈinim	nˈiɡunim	lexicon	HIGH		L
ענגליש	16	ˈɛnɡliʃ		rule	MED		G
מחליט	16	mˈaxlit		rule	LOW	sefaria-pointed	L
ביסטו	16	bˈisti		rule	MED		G
דארפסט	16	darfst		rule	LOW	alef-default,pe-default	G
למשל	16	ləmˈuʃl		lexicon	HIGH		L
ברודער	16	brˈidər		rule	MED		G
ריכטיגע	16	rˈixtiɡə		rule	MED		G
הער	16	hɛr		rule	MED		G
לעכט	16	lɛxt		rule	MED		G
וועלוול	16	vɛlvl		rule	MED		G
גרויסער	16	ɡrˈɔjsər		rule	MED		G
זע	16	zɛ		rule	MED		G
דין	16	din		rule	MED		G
מרדכי	16	mrdxi		rule	MED		G
תפיסה	16	tfˈisə		rule	LOW	pointed-audio-endorsed	L
אייניקל	16	ˈajnikl		rule	LOW	alef-default	G
ערב	16	ɛrb	ɛrp	rule	MED		G
כולל	16	xill		rule	MED		G
מ'מאכט	16	mmaxt		rule	MED	clitic	G
גוטן	16	ɡitn		rule	MED		G
זכות	16	zxis	zəxˈus	rule	LOW	sefaria-pointed	L
אלטע	16	ˈaltə		lexicon	HIGH		G
מ'לייגט	16	mlajɡt		rule	MED	clitic	G
וויליאמסבורג	16	vˈiljamsburɡ	vˈiljamsburk	lexicon	HIGH		E
ואין	16	ˈiaːn		rule	LOW	alef-default	G
רחמנות	16	rˈaxmunəs		lexicon	HIGH		L
שוטה	16	ʃˈitə		rule	MED		G
זיידע	16	zˈajdə		rule	MED		G
הבית	16	habˈajis		rule	LOW	lk-proclitic-pointed:sefaria-pointed	L
תמים	16	tˈumim		rule	LOW	sefaria-pointed	L
הושענא	16	hˈiʃəna		rule	LOW	alef-default	G
חכמה	16	xˈuxmə		lexicon	HIGH		L
טייערע	16	tˈaːjərə	tˈajərə	lexicon	HIGH		G
הקדושים	16	hkdˈiʃim		rule	MED		G
אטאקע	15	ˈatakə		rule	LOW	alef-default	G
געמאלדן	15	ɡəmˈaldn		rule	LOW	alef-default	G
רוסלאנד	15	rˈusland	rˈuslant	lexicon	HIGH		E
פלעצער	15	plˈɛʦər		lexicon	MED	audio-pe	G
הארמוז	15	hˈarmiz	hˈarmis	rule	LOW	alef-default	G
רעגירונג	15	rəɡˈirinɡ	rəɡˈirink	rule	MED		G
קאנאדע	15	kˈanadə		rule	LOW	alef-default	G
נוצן	15	niʦn		rule	MED		G
צייטן	15	ʦaːtn		lexicon	HIGH		G
ארויסקומען	15	arˈoʊskimən		rule	MED	prefix-rescue:gold+ארויס	G
בערך	15	bəˈejrəx	bəˈɛrəx	lexicon	HIGH		L
גאס	15	ɡaːs		lexicon	HIGH		G
דרייסיג	15	drˈajsiɡ	drˈajsik	rule	MED		G
טובים	15	tˈibim		rule	MED		G
קארד	15	kard	kart	rule	LOW	alef-default	G
ערנסטע	15	ˈɛrnstə		rule	MED		G
שלאפן	15	ʃlufn		lexicon	HIGH		G
ציבור	15	ʦˈibər	ʦˈibur	lexicon	HIGH		L
פיל	15	fil		lexicon	HIGH		G
יונגל	15	jinɡl		rule	MED		G
שפראך	15	ʃprax		rule	LOW	alef-default,pe-default	G
זאלסטו	15	zˈalsti		rule	LOW	alef-default	G
מי	15	mi		rule	MED		G
באצאלן	15	baʦˈuln		rule	MED	prefix-rescue:gold+בא	G
געלייגט	15	ɡəlˈajɡt		rule	MED	prefix-rescue:gold+גע	G
חידוש	15	xˈidiʃ		rule	LOW	pointed-audio-endorsed	L
שיקט	15	ʃikt		rule	MED		G
חילוק	15	xˈilək		rule	LOW	printed-respelling	L
באקאנטער	15	bakˈantər		rule	LOW	alef-default	G
תלמיד	15	tˈalmid	tˈalmit	lexicon	HIGH		L
בריוו	15	briv	brif	rule	MED		G
אב	15	ab	ap	rule	LOW	alef-default	G
מ'קומט	15	mkimt		rule	MED	clitic	G
תשעה	15	tˈiʃə		rule	LOW	pointed-audio-endorsed	L
כוחות	15	kˈɔjxəs		lexicon	HIGH		L
מ'מעג	15	mmejɡ	mmejk	rule	MED	clitic	G
געבענטשט	15	ɡəbˈɛnʧt		rule	MED		G
סקולענער	15	skˈilənər		rule	MED		G
עין	15	ajn		rule	MED		G
פארשטעלן	15	farʃtˈɛln		rule	LOW	alef-default,pe-default	G
נאכגעזאגט	15	nˈuxɡəzuɡt		lexicon	MED	audio-vowel	G
גיב	15	ɡib	ɡip	rule	MED		G
עכשיו	15	ˈɛxʃji		rule	MED		G
אויסשטרעקן	15	ˈoʊsʃtrəkn		rule	LOW	alef-default	G
סיטי	14	sˈiti		rule	MED		G
מיניסטער	14	minˈistər		rule	MED		G
ווארענונג	14	vˈarəninɡ	vˈarənink	rule	LOW	alef-default	G
געגנט	14	ɡɛɡnt		rule	MED		G
שנעל	14	ʃnɛl		rule	MED		G
אפיס	14	ˈɔfis		lexicon	HIGH		E
שטייען	14	ʃtˈajən		rule	MED		G
לאנד	14	land	lant	rule	LOW	alef-default	G
געשעפטן	14	ɡəʃˈɛftn		rule	LOW	pe-default	G
בעלי	14	bˈɛli		rule	MED		G
פארמיטאג	14	farmˈitaɡ	farmˈitak	rule	LOW	alef-default,pe-default	G
טוען	14	tˈiən		rule	MED		G
לעצטנס	14	lɛʦtns		rule	MED		G
אינטערוויו	14	ˈintərvji		rule	LOW	alef-default	G
סארט	14	sɔrt		lexicon	HIGH		G
אופן	14	ifn		rule	LOW	alef-default,pe-default	G
צופרי	14	ʦˈifri		rule	LOW	pe-default	G
מ'הייבט	14	mhajbt		rule	MED	clitic	G
אידיש	14	jˈidiʃ	ˈidiʃ	lexicon	HIGH		G
ווייזן	14	vajzn		rule	MED		G
פריערדיגע	14	frˈiərdiɡə		rule	LOW	pe-default	G
הערליכע	14	hˈɛrləxə		rule	MED		G
גראדע	14	ɡrˈadə		rule	LOW	alef-default	G
געליינט	14	ɡəlˈajnt		rule	MED		G
בעצם	14	bˈɛʦəm		lexicon	HIGH		G
מאנסי	14	mˈɔnsi		lexicon	HIGH		E
פארשטיי	14	farʃtˈaj		rule	LOW	alef-default,pe-default	G
פעטער	14	fˈɛtər		rule	LOW	pe-default	G
אינעווייניג	14	ˈinəvajniɡ	ˈinəvajnik	rule	LOW	alef-default	G
שבעה	14	ʒbə		rule	MED		G
פרעג	14	frɛɡ	frɛk	rule	LOW	pe-default	G
געגעסן	14	ɡəɡˈɛsn		rule	MED		G
דאלער	14	dˈɔlər	dˈɔlar	lexicon	HIGH		E
טעות	14	tˈuəs		lexicon	HIGH		L
סוכות	14	sˈikəs		lexicon	HIGH		L
משנה	14	mˈiʃnə		rule	LOW	lk-proclitic-pointed:model-pointed-guess	L
כן	14	kajn		rule	LOW	sefaria-pointed	L
קוויטל	14	kvitl		rule	MED		G
דשמיא	14	dʃmˈia		rule	LOW	alef-default	G
אתם	14	ˈatɛm	ˈɔjsum|ˈitum	rule	LOW	audio-homograph	L
ארויסנעמען	14	arˈoʊsnəmən		rule	MED	prefix-rescue:gold+ארויס	G
כאטשיג	14	xˈaʧiɡ	xˈaʧik	rule	LOW	alef-default	G
אליעזר	14	ˈaliəzr		rule	LOW	alef-default	G
עבירות	14	avˈajrɔjs		rule	LOW	sefaria-pointed	L
מסדר	14	msˈadajr		rule	LOW	pointed-audio-endorsed	L
ס'מיינט	14	smajnt		rule	MED	clitic	G
למה	14	lˈumə	lˈumu	rule	LOW	sefaria-pointed	L
המזבח	14	hamizbˈajxa		rule	LOW	sefaria-pointed	L
באריכטן	13	barˈixtn		rule	LOW	alef-default	G
פארשידענע	13	farʃˈidənə		rule	LOW	alef-default,pe-default	G
למספרם	13	lmispˈurum	ləmispˈurum	rule	LOW	sefaria-pointed	L
פרובירן	13	prˈibirn		lexicon	HIGH		G
צושטעלן	13	ʦˈiʃtəln		rule	MED		G
פארקויפן	13	farkˈɔjfn		rule	MED	prefix-rescue:gold+פאר	G
ספעציעל	13	sfˈɛʦiəl		rule	LOW	pe-default	G
צוועלף	13	ʦvɛlf		rule	LOW	pe-default	G
זעען	13	zˈɛən		rule	MED		G
פרטים	13	frtim		rule	LOW	pe-default	G
געווענליך	13	ɡəvˈɛnləx		rule	MED		G
גם	13	ɡam		rule	LOW	sefaria-pointed	L
זאקן	13	zakn		rule	LOW	alef-default	G
או	13	i		rule	LOW	alef-default	G
גלייבן	13	ɡlaːbn		lexicon	HIGH		G
כאפ	13	xɔp		rule	MED	clitic	G
מ'געבט	13	mɡɛbt		rule	MED	clitic	G
טעלעפאן	13	tˈɛləfan		rule	LOW	alef-default,pe-default	G
דברי	13	dbri		rule	MED		G
טרינקען	13	trˈinkən		rule	MED		G
נחת	13	nˈaxas	nˈuxas|nˈuxis	rule	LOW	audio-homograph	L
אריינגעלייגט	13	arˈaːnɡəlajɡt		rule	MED	prefix-rescue:gold+אריינגע	G
מצרים	13	mʦrim		rule	MED		G
דרייצן	13	drajʦn		rule	MED		G
געקויפט	13	ɡəkˈɔjft		rule	LOW	pe-default	G
געריכט	13	ɡərˈixt		rule	MED		G
צאלן	13	ʦuln	ʦɔln	lexicon	HIGH		G
בחינה	13	bxˈinə		rule	LOW	pointed-audio-endorsed	L
מ'וויל	13	mvil		rule	MED	clitic	G
פיש	13	fiʃ		rule	LOW	pe-default	G
געוויזן	13	ɡəvˈizn		rule	MED		G
ועד	13	ˈiəd	ˈiət	rule	MED		G
שמע	13	ʃmə		rule	MED		G
עולה	13	ˈilə		rule	MED		G
מלאך	13	mlax		rule	LOW	alef-default	G
רשע	13	rʃə		rule	MED		G
תפארת	13	tifˈɛrɛs		rule	LOW	sefaria-pointed	L
טאמער	13	tˈamər		rule	LOW	alef-default	G
ושלום	13	ˈiʃlim		rule	MED		G
גיהנום	13	ɡˈinim		rule	MED		G
"רמב""ם"	13	rˈambam		lexicon	LOW	acronym-word	A
בגימטריא	13	bɡˈimtria		rule	LOW	alef-default	G
געלערנט	13	ɡəlˈirnt		lexicon	HIGH		G
ערשטער	13	ˈɛrʃtər		rule	MED		G
לֹא	13	lɔj	lɔ	lexicon	HIGH		L
המשיח	13	hamuʃˈixa		rule	LOW	lk-proclitic-pointed:sefaria-pointed	L
חדש	13	xˈuduʃ	xˈɔjdɛʃ|xˈadajʃ	rule	LOW	audio-homograph	L
זאת	13	zɔjs		rule	LOW	sefaria-pointed	L
כתיבה	13	ksˈivə		rule	LOW	printed-respelling	L
וחתימה	13	vaxasˈimə	vaxasˈimu	rule	LOW	model-pointed-guess	L
בפרט	13	bfˈɛrət	bəfˈɛrɛt	rule	LOW	sefaria-pointed	L
כדאי	13	xdaː		rule	LOW	alef-default	G
טאטי	13	tˈati		rule	LOW	alef-default	G
חמץ	13	xˈuməʦ	xˈɔməʦ	rule	LOW	printed-respelling	L
ההוא	13	hhˈia		rule	LOW	alef-default	G
אמונה	13	əmˈinə		lexicon	HIGH		L
טעראר	12	tˈɛrar		rule	LOW	alef-default	G
צענדליגער	12	ʦəndlˈiɡər		rule	MED		G
קלאר	12	klur	klɔr	lexicon	HIGH		G
סטעיט	12	stajt		rule	MED		G
בלויז	12	blɔjz	blɔjs	lexicon	HIGH		G
וויבאלד	12	vˈibald	vˈibalt	lexicon	HIGH		G
סיסטעם	12	sˈistəm		lexicon	HIGH		E
ווייזט	12	vajzt		rule	MED		G
קידוש	12	kˈidəʃ		lexicon	HIGH		L
געפינען	12	ɡəfˈinən		rule	LOW	pe-default	G
זוכן	12	zixn		rule	MED		G
אינדערפרי	12	ˈindərfri		rule	LOW	alef-default,pe-default	G
נאכן	12	nuxn		lexicon	HIGH		G
נפש	12	nˈejfiʃ	nˈɛfəʃ	lexicon	HIGH		L
ארויסגיין	12	arˈoʊzɡajn		rule	MED	prefix-rescue:gold+ארויס	G
פרייזן	12	praːzn	prajzn	lexicon	HIGH		G
עומד	12	imd	imt	rule	MED		G
זונטאג	12	zˈintaɡ	zˈintak	rule	LOW	alef-default	G
בארג	12	barɡ	bark	rule	LOW	alef-default	G
פארקויפט	12	farkˈɔjft		rule	LOW	alef-default,pe-default	G
היה	12	hi		rule	MED		G
פרייטאג	12	frˈaːtuɡ	frˈaːtuk	lexicon	HIGH		G
לחיים	12	ləxˈajim		rule	LOW	lk-proclitic-pointed:sefaria-pointed	L
מחויב	12	məxiˈiəv	məxuˈiəv|məxiˈiəf	rule	LOW	printed-respelling	L
לפניך	12	lfnix		rule	LOW	pe-default	G
הזה	12	hˈazə	hˈazɛ	rule	LOW	sefaria-pointed	L
מעסעדזשעס	12	mˈɛsəʤəs		rule	MED		G
צוגעזאגט	12	ʦˈiɡəzuɡt		rule	MED	prefix-rescue:gold+צוגע	G
פרנסה	12	pˈarnusə		lexicon	HIGH		L
וויין	12	vaːn		lexicon	HIGH		G
געוואוינט	12	ɡəvˈɔjnt		rule	LOW	alef-default	G
נשמות	12	nʃˈumɔjs	nəʃˈumɔjs	rule	LOW	model-pointed-guess	L
דבר	12	dˈuvur		rule	LOW	model-pointed-guess	L
מבשר	12	məvˈasajr	mˈibsar	rule	LOW	audio-homograph	L
מ'טוט	12	mtit		rule	MED	clitic	G
פועל'ן	12	fˈiəln		rule	LOW	pe-default	G
תולדות	12	tˈɔjldɔjs	tˈɔjlədɔjs	rule	LOW	model-pointed-guess	L
חופה	12	xˈɔjfɛ	xˈɔjfə	rule	LOW	sefaria-pointed	L
בלייבן	12	blaːbn		lexicon	HIGH		G
ארויפלייגן	12	arˈoʊflajɡn		rule	MED	prefix-rescue:gold+ארויפ	G
אייגענע	12	ˈajɡənə		lexicon	HIGH		G
פשוט'ע	12	pˈiʃətə		rule	LOW	pe-default	G
נוגע	12	nˈiɡə		rule	MED		G
תוכחה	12	tɔjxˈuxə		rule	LOW	pointed-audio-endorsed	L
איבערגעדרייט	12	ˈibərɡədrajt		rule	LOW	alef-default	G
מחזק	12	mxˈazajk		rule	LOW	pointed-audio-endorsed	L
הדעת	12	hadˈaas		rule	LOW	model-pointed-guess	L
פ	12	f		fallback	LOW	pe-default,vowel-ratio	G
אדורך	12	adˈirx		rule	LOW	alef-default	G
חייו	12	xˈajujv	xˈajujf	rule	LOW	sefaria-pointed	L
אבינו	12	ˈabini		rule	LOW	alef-default	G
גענוג	12	ɡənˈiɡ	ɡənˈuɡ|ɡənˈik	lexicon	HIGH		G
רמז	12	rˈɛməz	rˈɛməs	rule	LOW	pointed-audio-endorsed	L
פלוצלינג	12	plˈiʦlinɡ	plˈiʦlink	lexicon	HIGH		G
ונאמר	12	ˈinamr		rule	LOW	alef-default	G
בענטשן	12	bɛnʧn		rule	MED		G
סעודה	12	sˈɛidə		rule	MED		G
געטראכט	12	ɡətrˈaxt		rule	LOW	alef-default	G
הנביא	12	hnbˈia		rule	LOW	alef-default	G
אויגן	12	ɔjɡn		rule	LOW	alef-default	G
מגדל	12	mɡˈadajl	məɡˈadajl	rule	LOW	model-pointed-guess	L
פארבעסערן	12	farbəsˈɛrn		rule	LOW	alef-default,pe-default	G
עוד	12	id	it	rule	MED		G
תם'ס	12	tams		rule	LOW	model-pointed-guess	L
דעפארטמענט	11	dəfartmˈɛnt		rule	LOW	alef-default,pe-default	G
רוסישע	11	rˈisiʃə		rule	MED		G
ארויסגעשטעלט	11	arˈoʊzɡəʃtəlt		rule	LOW	alef-default	G
הילף	11	hilf		rule	LOW	pe-default	G
ווייסע	11	vˈajsə		rule	MED		G
צימער	11	ʦˈimər		rule	MED		G
האלבע	11	hˈalbə		rule	LOW	alef-default	G
מתפלל	11	mispˈalajl		rule	LOW	sefaria-pointed	L
ספעציעלע	11	spˈɛʦiələ		lexicon	MED	audio-pe	G
הויכע	11	hˈɔjxə		rule	MED		G
באזוכן	11	bazˈixn		rule	LOW	alef-default	G
דערנאך	11	dərnˈux	dərnˈɔx	lexicon	HIGH		G
ארויסגעגעבן	11	arˈoʊzɡəɡejbn		rule	MED	prefix-rescue:gold+ארויסגע	G
שעות	11	ʃˈuəs		lexicon	HIGH		L
בעסער	11	bˈɛsər		lexicon	HIGH		G
נושא	11	nˈɔjsə		lexicon	HIGH		L
לויף	11	lɔjf		rule	LOW	pe-default	G
געדאוונט	11	ɡədˈavnt		rule	LOW	alef-default	G
שטאב	11	ʃtab	ʃtap	rule	LOW	alef-default	G
ארויסברענגען	11	arˈoʊzbrejnɡən		rule	MED	prefix-rescue:gold+ארויס	G
דרכיך	11	drxix		rule	MED		G
ריכטיג	11	rˈixtiɡ	rˈixtik	rule	MED		G
אהער	11	ahˈɛr		rule	LOW	alef-default	G
וויינען	11	vˈajnən		rule	MED		G
רפואה	11	rfˈia		rule	LOW	alef-default,pe-default	G
פארציילן	11	farʦˈajln		rule	LOW	alef-default,pe-default	G
חשוב'ער	11	xˈuʃivər	xˈuʃuvr	rule	LOW	model-pointed-guess	L
מעמד	11	mɛmd	mɛmt	rule	MED		G
אליהו	11	ˈalihi		rule	LOW	alef-default	G
בדרך	11	bˈɛdərəx		lexicon	HIGH		L
מ'ווייסט	11	mvajst		rule	MED	clitic	G
פאון	11	foʊn	fɔn	lexicon	HIGH		E
לאנדאן	11	lˈandan		rule	LOW	alef-default	G
כלה	11	kˈalə		lexicon	HIGH		L
כך	11	kux		rule	LOW	sefaria-pointed	L
גערעכט	11	ɡərˈɛxt		rule	MED		G
מילך	11	milx		rule	MED		G
טעלער	11	tˈɛlər		rule	MED		G
שמים	11	ʃmim		rule	MED		G
פערפעקט	11	fˈɛrfəkt		rule	LOW	pe-default	G
געבויט	11	ɡəbˈoʊt		lexicon	HIGH		G
חכם	11	xˈuxəm		lexicon	HIGH		L
חשוב'ע	11	xaʃˈivə	xaʃˈuvɛ	rule	LOW	model-pointed-guess	L
אבל	11	abl		rule	LOW	alef-default	G
געדענקסט	11	ɡədˈɛnkst		rule	MED		G
איידעם	11	ˈajdəm		rule	LOW	alef-default	G
מקרב	11	mikˈɛrəv	mikˈɛrɛv|mikˈɛrəf	rule	LOW	sefaria-pointed	L
לעכטיגע	11	lˈɛxtiɡə		rule	MED		G
דארפסטו	11	dˈarfsti		rule	LOW	alef-default,pe-default	G
קריג	11	kriɡ	krik	rule	MED		G
עסט	11	ɛst		rule	MED		G
"תשפ""ו"	11	tuf ʃin paj vuv	tuf ʃin paj vuf	rule	LOW	letter-names	A
דערמאן	11	dərmˈan		rule	LOW	alef-default	G
מצא	11	mʦa		rule	LOW	alef-default	G
מיני	11	mˈini		rule	MED		G
וואוינען	11	vˈɔjnən		rule	LOW	alef-default	G
געשמאק	11	ɡəʃmˈak		rule	LOW	alef-default	G
כהן	11	kˈɔjhajn		rule	LOW	sefaria-pointed	L
ערד	11	ɛrd	ɛrt	rule	MED		G
געשמועסט	11	ɡəʃmˈiəst		rule	MED		G
בה	11	bu	buh	rule	LOW	sefaria-pointed	L
לעולם	11	lˈɛilm		rule	MED		G
אויסגעזען	11	ˈoʊzɡəzejn		rule	MED	prefix-rescue:gold+אויסגע	G
השפעות	11	haʃpˈuɔjs		rule	LOW	model-pointed-guess	L
חס	11	xas	xus	rule	LOW	audio-homograph	L
שירו	11	ʃˈiri		rule	MED		G
וכל	11	ixl		rule	MED		G
טריסקער	11	trˈiskər		rule	MED		G
נענטער	11	nˈɛntər		rule	MED		G
ערלעדיגן	11	ˈɛrlədiɡn		rule	MED		G
מוח	11	mˈɔjxa		rule	LOW	model-pointed-guess	L
משם	11	mˈiʃum		rule	LOW	sefaria-pointed	L
הלילה	11	hlˈilə		rule	MED		G
לילה	11	lˈilə		rule	MED		G
באריכטעט	10	barˈixtət		rule	LOW	alef-default	G
אוקראינע	10	ˈikraːnə		rule	LOW	alef-default	G
לענדער	10	lˈɛndər		rule	MED		G
הויפט	10	hɔjft		rule	LOW	pe-default	G
טייל	10	tajl		rule	MED		G
קאמפאני	10	kˈamfani		rule	LOW	alef-default,pe-default	G
לעיק	10	lajk		rule	MED		G
צוגעלייגט	10	ʦˈiɡəlajɡt		rule	MED	prefix-rescue:gold+צוגע	G
אינעם	10	ˈinəm		lexicon	HIGH		G
באשטעטיגט	10	baʃtˈɛtiɡt		rule	LOW	alef-default	G
זיבן	10	zibn		rule	MED		G
פארטאגס	10	fartˈaɡs		rule	LOW	alef-default,pe-default	G
"אדמו""רים"	10	ˈaləf dˈuləd mɛm vuv rajʃ jid mɛm	ˈaləf dˈulət mɛm vuf rajʃ jit mɛm	rule	LOW	letter-names	A
קאל	10	kal		rule	LOW	alef-default	G
פארנומען	10	farnˈimən		rule	LOW	alef-default,pe-default	G
דורכאויס	10	dˈirxoʊs		rule	MED	prefix-rescue:gold+דורכ	G
עפענען	10	ˈɛfənən		lexicon	HIGH		G
זומער	10	zˈimər		rule	MED		G
פאליציי	10	pˈɔliʦaj		lexicon	HIGH		G
לבנון	10	lbnin		rule	MED		G
געדאנק	10	ɡədˈank		lexicon	HIGH		G
באקומט	10	bakˈimt		rule	MED	prefix-rescue:gold+בא	G
ליכט	10	lixt		rule	MED		G
בעזרת	10	bˈɛzras	bəˈɛzras	rule	LOW	sefaria-pointed	L
דורכגיין	10	dˈirxɡajn		rule	MED	prefix-rescue:gold+דורכ	G
תפלה	10	tfˈilə		lexicon	HIGH		L
וואוינט	10	vɔjnt		rule	LOW	alef-default	G
געזינגען	10	ɡəzˈinɡən		rule	MED		G
רוצה	10	rˈiʦə		rule	MED		G
געהאנגען	10	ɡəhˈanɡən		rule	LOW	alef-default	G
תצא	10	tˈajʦaj		rule	LOW	sefaria-pointed	L
רשות	10	rʃis	rəʃˈus	rule	LOW	sefaria-pointed	L
אויפן	10	afn	ɔfn	lexicon	HIGH		G
נסיעה	10	nsˈiə		rule	MED		G
סיבה	10	sˈibə		lexicon	HIGH		L
שאלות	10	ʃˈajlɔjs	ʃəˈajlɔjs	rule	LOW	model-pointed-guess	L
סערוויס	10	sˈɛrvis		rule	MED		G
נאמבער	10	nˈambər		rule	LOW	alef-default	G
בא	10	ba		rule	LOW	alef-default	G
צדוק	10	ʦdik		rule	MED		G
יגן	10	iɡn		rule	MED		G
ועל	10	ˈiəl		rule	MED		G
והוא	10	ˈihia		rule	LOW	alef-default	G
געזעסן	10	ɡəzˈɛsn		rule	MED		G
שמעלצער	10	ʃmˈɛlʦər		rule	MED		G
קאסטן	10	kastn		rule	LOW	alef-default	G
ענדיגט	10	ˈɛndiɡt		rule	MED		G
פשטות	10	pˈaʃtis	pˈaʃtus	rule	LOW	model-pointed-guess	L
קשיא	10	kʃˈia		rule	LOW	alef-default	G
עכט	10	ɛxt		rule	MED		G
הצדיק	10	hʦdik		rule	MED		G
מלמד	10	mlˈamajd	məlˈamajd|mlˈamajt	rule	LOW	sefaria-pointed	L
שטעלן	10	ʃtɛln		rule	MED		G
קשר	10	kˈɛʃɛr	kˈuʃar|kˈuʃɛr|kˈuʃur	rule	LOW	audio-homograph	L
סופר	10	sifr		rule	LOW	pe-default	G
סימן	10	simn		rule	MED		G
לויפט	10	lɔjft		rule	LOW	pe-default	G
פארקערט	10	farkˈɛrt		rule	LOW	alef-default,pe-default	G
בארד	10	bard	bart	rule	LOW	alef-default	G
זיסע	10	zˈisə		rule	MED		G
בלייבט	10	blaːbt		lexicon	HIGH		G
קרעדיט	10	krˈɛdit		lexicon	HIGH		E
ו	10	i		rule	MED		G
י	10	jid	jud|jit	rule	LOW	printed-respelling	L
שרייען	10	ʃrˈajən		rule	MED		G
מ'שטייט	10	mʃtajt		rule	MED	clitic	G
לכאורה	10	lixˈɔjrə	ləxˈɔjrə	lexicon	HIGH		L
סוכה	10	sˈixə		rule	MED		G
דף	10	daf		rule	LOW	sefaria-pointed	L
משוגע	10	mʃˈiɡə		rule	MED		G
טייטשט	10	tajʧt		rule	MED		G
טראק	10	trak		rule	LOW	alef-default	G
חדר	10	xˈɛdər	xˈɛdɛr	rule	LOW	sefaria-pointed	L
הימל	10	himl		rule	MED		G
מסודר	10	msidr		rule	MED		G
ווערטל	10	vɛrtl		rule	MED		G
לכבוד	10	lxbid	lxbit	rule	MED		G
קבלה	10	kˈibluh	kˈiblu	rule	LOW	sefaria-pointed	L
הלכות	10	halˈuxɔjs		rule	LOW	model-pointed-guess	L
יהיה	10	ˈihi		rule	MED		G
קלויזנבורגער	10	klˈɔjznbirɡər		rule	MED		G
דאוונט	10	davnt		rule	LOW	alef-default	G
סקווערער	10	skvˈɛrər		rule	MED		G
קריאת	10	krˈias	kərˈias	rule	LOW	sefaria-pointed	L
רע	10	rɛ		rule	MED		G
ואז	10	ˈiaz	ˈias	rule	LOW	alef-default	G
שבט	10	ʃˈajvət	ʃˈajvɛt	rule	LOW	sefaria-pointed	L
הנפש	10	hanˈɛfəʃ		rule	LOW	lk-proclitic-pointed:sefaria-pointed	L
דערציילן	10	dərʦˈajln		rule	MED		G
ורצון	10	ˈirʦin		rule	MED		G
עַל	10	al		lexicon	HIGH		L
לויפן	10	lɔjfn		lexicon	HIGH		G
שמעתי	10	ʃumˈati		rule	LOW	sefaria-pointed	L
מלאכים	10	mlˈaxim		rule	LOW	alef-default	G
לפניו	10	lfnji		rule	LOW	pe-default	G
רמון	10	rmin		rule	MED		G
שומר	10	ʃimr		rule	MED		G
בת	10	bas		rule	LOW	sefaria-pointed	L
שר	10	sar		rule	LOW	sefaria-pointed	L
וואכעדיגע	10	vˈaxədiɡə		rule	LOW	alef-default	G
אלו	10	ˈali		rule	LOW	alef-default	G
אנכי	10	ˈanxi		rule	LOW	alef-default	G
אימתי	10	ajmˈusaj		rule	LOW	sefaria-pointed	L
עצלות	10	ˈaʦlis	ˈaʦlus	rule	LOW	sefaria-pointed	L
סדר	10	sˈajdər	sˈejdər	lexicon	HIGH		L
ארויסגעגאנגען	10	arˈoʊzɡəɡanɡən		rule	MED	prefix-rescue:gold+ארויס	G
בסיעתא	10	bisjˈatu		rule	LOW	model-pointed-guess	L
ובקשתם	10	ivikˈaʃtəm	uvikˈaʃtɛm	rule	LOW	sefaria-pointed	L
נביא	10	nˈuvi		lexicon	HIGH		L
שלשה	10	ʃlˈɔjʃə	ʃəlˈɔjʃu	rule	LOW	model-pointed-guess	L
ראקון	10	rˈakin		rule	LOW	alef-default	G
פויערן	10	fˈɔjərn		rule	LOW	pe-default	G
האלץ	10	halʦ		rule	LOW	alef-default	G
באריכט	9	barˈixt		rule	LOW	alef-default	G
פאל	9	fal		rule	LOW	alef-default,pe-default	G
אפמאך	9	ˈupmax		rule	MED	prefix-rescue:gold+אפ	G
קורצע	9	kˈirʦə		rule	MED		G
אויפגענומען	9	ˈoʊfɡənimən		rule	MED	prefix-rescue:gold+אויפ	G
אטאקירן	9	ˈatakirn		rule	LOW	alef-default	G
שיפן	9	ʃifn		rule	LOW	pe-default	G
טוישן	9	toʊʃn	tɔjʃn	lexicon	HIGH		G
קרעפטן	9	krɛftn		rule	LOW	pe-default	G
פירן	9	firn		rule	LOW	pe-default	G
פערצן	9	fɛrʦn		rule	LOW	pe-default	G
דראון	9	drin		rule	LOW	alef-default	G
געוואויר	9	ɡəvˈɔjr		rule	LOW	alef-default	G
געלעגן	9	ɡəlˈɛɡn		rule	MED		G
היסטארישע	9	hˈistariʃə		rule	LOW	alef-default	G
ס'הייסט	9	shajst		rule	MED	clitic	G
ערנסט	9	ɛrnst		rule	MED		G
העכסטע	9	hˈɛxstə		rule	MED		G
בירגער	9	bˈirɡər		rule	MED		G
מיטאג	9	mˈitaɡ	mˈitak	rule	LOW	alef-default	G
אינפארמאציע	9	ˈinfarmaʦiə		rule	LOW	alef-default,pe-default	G
מ'נעמט	9	mnɛmt		rule	MED	clitic	G
שיקן	9	ʃikn		lexicon	HIGH		G
בילד	9	bild	bilt	lexicon	HIGH		G
ריזיגע	9	rˈiziɡə		rule	MED		G
פאלק	9	falk		rule	LOW	alef-default,pe-default	G
הטוב	9	htib	htip	rule	MED		G
הצלחה	9	hˈaʦluxə		lexicon	HIGH		L
געענטפערט	9	ɡəˈɛntfərt		rule	LOW	pe-default	G
האלב	9	halb	halp	rule	LOW	alef-default	G
עצרת	9	aʦˈɛrɛs		rule	LOW	sefaria-pointed	L
מצליח	9	maʦlˈixa		rule	LOW	sefaria-pointed	L
אכטונג	9	ˈaxtinɡ	ˈaxtink	rule	LOW	alef-default	G
טויזנטער	9	tˈoʊzntər		lexicon	HIGH		G
פרייז	9	praːz	prajz|praːs	lexicon	HIGH		G
פריש	9	friʃ		rule	LOW	pe-default	G
תורת	9	tˈɔjras		rule	LOW	sefaria-pointed	L
אינדרויסן	9	ˈindroʊsn		lexicon	HIGH		G
טרעפט	9	trɛft		rule	LOW	pe-default	G
שאין	9	ʃaːn		rule	LOW	alef-default	G
משיג	9	mʃiɡ	mʃik	rule	MED		G
מדרש	9	mˈɛdrəʃ		lexicon	HIGH		L
געדענקט	9	ɡədˈɛnkt		rule	MED		G
טעקסט	9	tɛkst		lexicon	HIGH		E
זעסט	9	zɛst		rule	MED		G
גייסטו	9	ɡˈajsti		rule	MED		G
גרויס	9	ɡrɔjs		lexicon	HIGH		G
בעלזא	9	bˈɛlza		rule	LOW	alef-default	G
מנחה	9	mˈinxə	mˈinxu	rule	LOW	sefaria-pointed	L
זיידן	9	zajdn		rule	MED		G
סטאר	9	star		rule	LOW	alef-default	G
זענט	9	zɛnt		rule	MED		G
געלאפן	9	ɡəlˈafn		rule	LOW	alef-default,pe-default	G
מדינה	9	mdˈinə		rule	MED		G
וואסערע	9	vˈasərə		rule	LOW	alef-default	G
שרייבן	9	ʃraːbn	ʃrajbn	lexicon	HIGH		G
ישעיה	9	ˈiʃajə		rule	MED		G
שלימה	9	ʃlˈimə		rule	MED		G
דרייען	9	drˈajən		rule	MED		G
מוצאי	9	mˈiʦaː		rule	LOW	alef-default	G
געהעריג	9	ɡəhˈɛriɡ	ɡəhˈejriɡ|ɡəhˈɛrik	lexicon	HIGH		G
זכיה	9	zxi		rule	MED		G
שייך	9	ʃˈaːəx		lexicon	HIGH		G
רבי'ס	9	rbis		rule	MED		G
גוטס	9	ɡiʦ		rule	MED		G
קאנטרי	9	kˈantri		rule	LOW	alef-default	G
מזוזות	9	mzˈizɔjs	məzˈuzɔjs	rule	LOW	sefaria-pointed	L
שמעון	9	ʃmˈɛin		rule	MED		G
אלטער	9	ˈaltər		rule	LOW	alef-default	G
קדושת	9	kdˈiʃas	kədˈuʃas	rule	LOW	model-pointed-guess	L
שטעל	9	ʃtɛl		rule	MED		G
כנגד	9	knˈɛɡəd	kənˈɛɡɛd|knˈɛɡət	rule	LOW	sefaria-pointed	L
זאגסטו	9	zˈaɡsti		rule	LOW	alef-default	G
טייטש	9	tajʧ		rule	MED		G
הלל	9	halˈɛl	hilˈɛl	lexicon	HIGH		L
בהמה	9	bəhˈajmu		rule	LOW	lk-proclitic-pointed:sefaria-pointed	L
פערד	9	fɛrd	fɛrt	rule	LOW	pe-default	G
מוטב	9	mitb	mitp	rule	MED		G
מערסטע	9	mˈɛrstə		rule	MED		G
געפערליך	9	ɡəfˈɛrləx		rule	LOW	pe-default	G
ברכת	9	bˈirxɔjs	bˈirkas|bajrˈaxtu|bərˈajxas	rule	LOW	audio-homograph	L
נטע	9	ntə		rule	MED		G
אלט	9	alt		rule	LOW	alef-default	G
קוגל	9	kiɡl		rule	MED		G
סידור	9	sidˈir		rule	MED		G
דאכט	9	daxt		rule	LOW	alef-default	G
אורח	9	ɔjrˈajxa		rule	LOW	sefaria-pointed	L
חסד	9	xˈɛsəd	xˈɛsɛd|xˈɛsət	rule	LOW	sefaria-pointed	L
דריטע	9	drˈitə		rule	MED		G
שמואל	9	ʃmˈial		rule	LOW	alef-default	G
עליכם	9	ˈɛlixm		rule	MED		G
אומר	9	imr		rule	LOW	alef-default	G
העולם	9	hˈɛilm		rule	MED		G
ענינים	9	ˈɛninim		rule	MED		G
עמו	9	ˈɛmi		rule	MED		G
עוסק	9	isk		rule	MED		G
נדן	9	ndən		rule	LOW	model-pointed-guess	L
מבטל	9	mvˈatajl	məvˈatajl	rule	LOW	sefaria-pointed	L
דעהו	9	dˈɛhi		rule	MED		G
גזירה	9	ɡzˈirə		rule	MED		G
נשמה	9	nəʃˈumə		lexicon	HIGH		L
לייב	9	lajb	lajp	rule	MED		G
הקדושה	9	hkdˈiʃə		rule	MED		G
ע	9	ɛ		rule	MED		G
עבירה	9	ˈavajrə		lexicon	HIGH		L
תכלית	9	tˈaxləs		lexicon	HIGH		L
שלם	9	ʃˈulajm	ʃˈalajm|ʃˈalum	rule	LOW	audio-homograph	L
עשו	9	ˈɛʃi		rule	MED		G
שרייט	9	ʃrajt		rule	MED		G
שירה	9	ʃˈirə		lexicon	HIGH		L
חדשה	9	xadˈuʃə	xadˈuʃu	rule	LOW	sefaria-pointed	L
אייניקלעך	9	ˈajnikləx		rule	LOW	alef-default	G
ווייב	9	vaːb	vaːp	lexicon	HIGH		G
נסיונות	9	nisjˈɔjnɔjs		rule	LOW	sefaria-pointed	L
אינטשעס	9	ˈinʧəs		rule	LOW	alef-default	G
בקולו	9	bkˈili		rule	MED		G
גברא	9	ɡbra		rule	LOW	alef-default	G
"רדב""ז"	9	rajʃ dˈuləd bajs zˈajən	rajʃ dˈulət bajs zˈajən	rule	LOW	letter-names	A
ממנו	9	mmni		rule	MED		G
שטרעק	9	ʃtrɛk		rule	MED		G
בנים	9	bnim		rule	MED		G
אקעגן	9	akˈɛɡn		rule	LOW	alef-default	G
פראגראם	8	prˈɔɡram		lexicon	HIGH		G
איראן'ס	8	ˈirans		rule	LOW	alef-default	G
אונטערגענומען	8	ˈintərɡənimən		rule	MED	prefix-rescue:gold+אונטער	G
גווארדיע	8	ɡvˈardiə		rule	LOW	alef-default	G
טראץ	8	traʦ		rule	LOW	alef-default	G
פערזענליך	8	fˈɛrzənləx		rule	LOW	pe-default	G
מיטהאלטן	8	mˈithaltn		rule	MED	prefix-rescue:gold+מיט	G
פריוואטע	8	frˈivatə		rule	LOW	alef-default,pe-default	G
סעקרעטאר	8	sˈɛkrətar		rule	LOW	alef-default	G
לופט	8	lift		rule	LOW	pe-default	G
שטערן	8	ʃtɛrn		rule	MED		G
פעדעראלע	8	fˈɛdəralə		rule	LOW	alef-default,pe-default	G
נקמה	8	nkˈumə	nəkˈumu	rule	LOW	sefaria-pointed	L
סאך	8	sax		rule	LOW	alef-default	G
גרעסערע	8	ɡrˈɛsərə		rule	MED		G
דורכגעפירט	8	dˈirxɡəfirt		rule	MED	prefix-rescue:gold+דורכגע	G
שפיץ	8	ʃpiʦ		rule	LOW	pe-default	G
אריינכאפן	8	arˈaːnxafn		rule	LOW	alef-default,pe-default	G
פארנאכטס	8	farnˈaxʦ		rule	LOW	alef-default,pe-default	G
פארגעקומען	8	farɡəkˈimən		rule	MED	prefix-rescue:gold+פאר	G
פעלער	8	fˈɛlər		rule	LOW	pe-default	G
לייט	8	lajt		rule	MED		G
געשטיגן	8	ɡəʃtˈiɡn		rule	MED		G
אימיגראציע	8	ˈimiɡraʦiə		rule	LOW	alef-default	G
בעפאר	8	bəfˈar		rule	MED	prefix-rescue:gold+בע	G
בתים	8	bˈutim		rule	LOW	sefaria-pointed	L
זייטן	8	zajtn		rule	MED		G
דרוק	8	drik		rule	MED		G
גרופעס	8	ɡrˈifəs		rule	LOW	pe-default	G
פראבלעמען	8	prˈɔbləmən		lexicon	HIGH		G
געלטער	8	ɡəltˈɛr		rule	MED		G
מאן	8	mun		rule	MED	clitic	G
אויסנוצן	8	ˈoʊsniʦn		rule	LOW	alef-default	G
יודן	8	jidn		rule	LOW	printed-respelling+suffix	L
גבוה	8	ɡbi		rule	MED		G
וויכטיגע	8	vˈixtiɡə		rule	MED		G
געעפנט	8	ɡəˈɛfnt		rule	LOW	pe-default	G
ס'קוקט	8	skikt		rule	MED	clitic	G
האפן	8	hafn		rule	LOW	alef-default,pe-default	G
שמיני	8	ʃmˈini		rule	MED		G
ווייניגער	8	vˈajniɡər		rule	MED		G
זעלבן	8	zɛlbn		rule	MED		G
אויפגעשטאנען	8	ˈɔjfɡəʃtanən		rule	LOW	alef-default,pe-default	G
גרייטן	8	ɡrajtn		rule	MED		G
ידיד	8	ˈidid	ˈidit	rule	MED		G
היימישער	8	hˈajmiʃər		rule	MED		G
סיין	8	sajn		rule	MED		G
געפילט	8	ɡəfˈilt		rule	LOW	pe-default	G
ליבשאפט	8	lˈibʃaft		rule	LOW	alef-default,pe-default	G
כִּי	8	ki		lexicon	HIGH		L
תבוא	8	tuvˈɔja	tˈuvɔj	rule	LOW	sefaria-pointed	L
ט	8	t		fallback	LOW	vowel-ratio	G
מיינען	8	mˈajnən		rule	MED		G
דאפלט	8	daplt		lexicon	MED	audio-pe	G
חשוב	8	xˈuʃiv	xˈuʃuv|xˈuʃif	rule	LOW	model-pointed-guess	L
ביטול	8	bˈitil		rule	MED		G
נשים	8	nʃim		rule	MED		G
אינדערהיים	8	ˈindərhajm		rule	LOW	alef-default	G
וועי	8	vaj		rule	MED		G
געשעט	8	ɡəʃˈɛt		rule	MED		G
מיד	8	mid	mit	rule	MED		G
הייב	8	hajb	hajp	rule	MED		G
דודי	8	dˈidi		rule	MED		G
בחנם	8	bxˈinum	bəxˈinum	rule	LOW	model-pointed-guess	L
אפענע	8	ˈafənə		rule	LOW	alef-default,pe-default	G
קנויט	8	knɔjt		rule	MED		G
שטריק	8	ʃtrik		rule	MED		G
נומער	8	nˈimər	nˈumər	lexicon	HIGH		G
אריינקומען	8	arˈaːnkimən		rule	LOW	alef-default	G
גאלד	8	ɡald	ɡalt	rule	LOW	alef-default	G
ארויפגיין	8	arˈoʊfɡajn		rule	MED	prefix-rescue:gold+ארויפ	G
זושא	8	zˈiʃa		rule	LOW	alef-default	G
נועם	8	nˈiəm		rule	MED		G
אריבערגעגאנגען	8	arˈibərɡəɡanɡən		rule	MED	prefix-rescue:gold+אריבער	G
ווילסטו	8	vˈilsti		rule	MED		G
גורם	8	ɡirm		rule	MED		G
מוזן	8	mizn		rule	MED		G
לייג	8	lajɡ	lajk	lexicon	HIGH		G
שכוח	8	ʃkvax	ʃəkvˈax	rule	LOW	model-pointed-guess	L
אריבערגיין	8	arˈibərɡajn		rule	MED	prefix-rescue:gold+אריבער	G
בריסקער	8	brˈiskər		rule	MED		G
תלמידים	8	talmˈidim		rule	LOW	pointed-audio-endorsed	L
וועמען	8	vˈɛmən		rule	MED		G
אלקינו	8	ˈalkini		rule	LOW	alef-default	G
צעבראכן	8	ʦəbrˈaxn		rule	LOW	alef-default	G
שמועסן	8	ʃmˈiəsn		rule	MED		G
משמש	8	mʃˈamajʃ	məʃˈamajʃ	rule	LOW	sefaria-pointed	L
אמרו	8	ˈamri		rule	LOW	alef-default	G
צווייטער	8	ʦvˈajtər		rule	MED		G
זיידעס	8	zˈajdəs		rule	MED		G
מחלוקת	8	maxalˈɔjkɛs		rule	LOW	lk-proclitic-pointed:model-pointed-guess	L
פלייש	8	flajʃ		lexicon	HIGH		G
מנהג	8	mˈinhəɡ	mˈinhək	lexicon	HIGH		L
בערג	8	bɛrɡ	bɛrk	rule	MED		G
זיס	8	zis		rule	MED		G
ליב	8	lib	lip	rule	MED		G
מ'כאפט	8	mxɔft		rule	MED	clitic	G
מסתמא	8	mˈistamə		lexicon	HIGH		L
ראיה	8	rˈaːə		rule	LOW	alef-default	G
אמרי	8	ˈamri		rule	LOW	alef-default	G
היתר	8	hajˈusajr		rule	LOW	sefaria-pointed	L
היא	8	hˈia		rule	LOW	alef-default	G
מיידל	8	majdl		rule	MED		G
באלאנגט	8	balˈanɡt		rule	LOW	alef-default	G
מנחם	8	mnˈaxajm	mənˈaxajm	rule	LOW	sefaria-pointed	L
בנין	8	bnin		rule	MED		G
אכסניא	8	ˈaxsnia		rule	LOW	alef-default	G
טשאלנט	8	ʧalnt		rule	LOW	alef-default	G
מ'זיצט	8	mziʦt		rule	MED	clitic	G
אריינלייגן	8	arˈaːnlajɡn		rule	LOW	alef-default	G
מנין	8	mnin		rule	MED		G
סעודות	8	səˈidɔjs	səˈudɔjs	rule	LOW	sefaria-pointed	L
קרוב	8	krib	krip	rule	MED		G
צדקה	8	ʦdˈukə		rule	LOW	pointed-audio-endorsed	L
מקיים	8	mkajm		rule	MED		G
להם	8	lˈuhəm	lˈuhɛm	rule	LOW	sefaria-pointed	L
בתוך	8	bsɔjx	bəsˈɔjx	rule	LOW	sefaria-pointed	L
שטיי	8	ʃtaj		rule	MED		G
שמייכל	8	ʃmajxl		rule	MED		G
פרק	8	pˈɛrɛk	pˈurak|pˈɔjrajk	rule	LOW	audio-homograph	L
תפילות	8	tfˈilɔjs	təfˈilɔjs	rule	LOW	model-pointed-guess	L
עמוד	8	ˈɛmid	ˈɛmit	rule	MED		G
צוזאם	8	ʦˈizam		rule	LOW	alef-default	G
לכם	8	lˈuxəm	lˈuxɛm	rule	LOW	sefaria-pointed	L
זו	8	zi		rule	MED		G
סענדער	8	sˈɛndər		rule	MED		G
הכל	8	hakl		lexicon	HIGH		L
תכלה	8	tˈixlə		rule	LOW	pointed-audio-endorsed	L
מאד	8	mad	mat	rule	LOW	alef-default	G
מחותן	8	məxˈitn		lexicon	HIGH		L
"רמ""א"	8	rajʃ mɛm ˈaləf		rule	LOW	letter-names	A
עליך	8	ˈɛlix		rule	MED		G
אחר	8	ˈaxar	ˈaxajr	rule	LOW	audio-homograph	L
קלייניגקייט	8	klˈajniɡkaːt		rule	MED		G
פירוש	8	pˈajrəʃ		lexicon	HIGH		L
האטס	8	haʦ		rule	LOW	alef-default	G
אֱלֹקֶיךָ	8	ˈɛlɔjkajxu		rule	MED		G
יראת	8	jˈiras		rule	LOW	sefaria-pointed	L
חטא	8	xˈajtə	xˈutu	rule	LOW	audio-homograph	L
ווילנער	8	vˈilnər		rule	MED		G
ברירה	8	brˈirə		rule	MED		G
שוועסטער	8	ʃvˈɛstər		rule	MED		G
קויפט	8	kɔjft		rule	LOW	pe-default	G
וחיי	8	ˈixaj		fallback	LOW	lk-fallback	L
לוי	8	lɔj		rule	MED		G
מתקן	8	msˈikun	məsˈukun	rule	LOW	sefaria-pointed	L
שבתים	8	ʃabˈusim		lexicon	HIGH		L
הצדקה	8	haʦdˈukə		rule	LOW	lk-proclitic-pointed:sefaria-pointed	L
דינים	8	dˈinim		rule	MED		G
דורות	8	dˈɔjrɔjs		rule	LOW	sefaria-pointed	L
שיריים	8	ʃˈirajm		rule	MED		G
יסוד	8	ˈisid	ˈisit	rule	MED		G
רְאֵה	8	rˈajə		rule	MED		G
בחיי	8	baxˈajaj		rule	LOW	model-pointed-guess	L
לאמר	8	lamr		rule	LOW	alef-default	G
ברית	8	bris		lexicon	HIGH		L
זעמעלע	8	zˈɛmələ		rule	MED		G
סעקונדעס	8	sˈɛkindəs		rule	MED		G
חיוב	8	xˈiəv	xˈiəf	rule	LOW	printed-respelling	L
ישוב	8	ˈiʃib	ˈiʃip	rule	MED		G
זירא	8	zˈira		rule	LOW	alef-default	G
מצער	8	mʦɛr		rule	MED		G
מוחל	8	mˈɔjxajl		rule	LOW	sefaria-pointed	L
ליתן	8	ləjtˈajn		rule	LOW	model-pointed-guess	L
קשה	8	kˈuʃə	kˈɔʃə	rule	LOW	printed-respelling	L
נחמה	8	nəxˈumə	nɛxˈumu	rule	LOW	model-pointed-guess	L
חתם	8	xˈasam		rule	LOW	model-pointed-guess	L
וכן	8	ixn		rule	MED		G
שרים	8	ʃrim		rule	MED		G
מלכא	8	mlxa		rule	LOW	alef-default	G
חזקיהו	8	xizkijˈuhu		rule	LOW	sefaria-pointed	L
משנכנס	8	miʃənˈixnas		rule	LOW	lk-proclitic-pointed:sefaria-pointed	L
הגלות	8	hˈaɡlɔjs		rule	LOW	lk-proclitic-pointed:sefaria-pointed	L
העולה	8	hˈɛilə		rule	MED		G
ואש	8	ˈiaʃ		rule	LOW	alef-default	G
זימון	8	zˈimin		rule	MED		G
נודע	8	nˈidə		rule	MED		G
ביהודה	8	bˈihidə		rule	MED		G
ליגעדיג	8	lˈiɡədiɡ	lˈiɡədik	rule	MED		G
דעטאלן	7	dˈɛtaln		rule	LOW	alef-default	G
צושטאנד	7	ʦˈiʃtand	ʦˈiʃtant	rule	LOW	alef-default	G
צענטער	7	ʦˈɛntər		rule	MED		G
ראיאן	7	rˈaːan		rule	LOW	alef-default	G
געפינט	7	ɡəfˈint		rule	LOW	pe-default	G
אויל	7	ɔjl		rule	LOW	alef-default	G
נעבן	7	nɛbn		rule	MED		G
שארפע	7	ʃˈarfə		rule	LOW	alef-default,pe-default	G
צופיל	7	ʦˈifil		rule	MED	prefix-rescue:gold+צו	G
וועלכער	7	vˈɛlxər		rule	MED		G
וואלן	7	valn		rule	LOW	alef-default	G
פארעפנטליכט	7	farˈɛfntlixt		rule	LOW	alef-default,pe-default	G
אגענטור	7	aɡəntˈir		rule	LOW	alef-default	G
עקאנאמישע	7	ˈɛkanamiʃə		rule	LOW	alef-default	G
מיליטערישע	7	mˈilitəriʃə		rule	MED		G
אויסטוישונגען	7	ˈoʊstɔjʃinɡən		rule	LOW	alef-default	G
אנקעטע	7	ˈankətə		rule	LOW	alef-default	G
טעכנאלאגיע	7	tˈɛxnalaɡiə		rule	LOW	alef-default	G
פערזענליכע	7	fˈɛrzənləxə		rule	LOW	pe-default	G
דעפענס	7	dˈɛfəns		rule	LOW	pe-default	G
פונט	7	fint		rule	LOW	pe-default	G
גדולי	7	ɡdˈili		rule	MED		G
קלארע	7	klˈarə		rule	LOW	alef-default	G
אמעריקע'ס	7	ˈamərikəs		rule	LOW	alef-default	G
פרעמיער	7	frˈɛmiər		rule	LOW	pe-default	G
וועם	7	vɛm		rule	MED		G
סי	7	si		rule	MED		G
צוליב	7	ʦilˈib	ʦˈulib|ʦilˈip	lexicon	HIGH		G
ראטע	7	rˈatə		rule	LOW	alef-default	G
געקאסט	7	ɡəkˈɔst		rule	MED	prefix-rescue:gold+גע	G
דרייווער	7	drˈajvər		rule	MED		G
פריי	7	fraj		rule	LOW	pe-default	G
מעיאר	7	mˈajar		rule	LOW	alef-default	G
מזרח	7	mˈizrəx		lexicon	HIGH		L
דראונס	7	drins		rule	LOW	alef-default	G
געהעריגע	7	ɡəhˈɛriɡə		rule	MED		G
פראנט	7	frant		rule	LOW	alef-default,pe-default	G
בילדער	7	bˈildər		lexicon	HIGH		G
מיליאנען	7	mˈilianən		rule	LOW	alef-default	G
אנגיין	7	ˈunɡajn		rule	MED	prefix-rescue:gold+אנ	G
ס'וואלט	7	svɔlt		rule	MED	clitic	G
ס'פעלט	7	sfɛlt		rule	LOW	clitic	G
געבוירן	7	ɡəbˈɔjrn		rule	MED		G
כאמאס	7	xˈamas		rule	LOW	alef-default	G
ווערד	7	vɛrd	vɛrt	rule	MED		G
לטובת	7	lˈɛtɔjvəs		rule	LOW	lk-proclitic-pointed:printed-respelling	L
עי	7	aj		rule	MED		G
פעלט	7	fɛlt		rule	LOW	pe-default	G
ס	7	sˈaməx		rule	LOW	printed-respelling	L
מיטן	7	mitn		lexicon	HIGH		G
געזעצט	7	ɡəzˈɛʦt		rule	MED		G
שפירן	7	ʃpirn		rule	LOW	pe-default	G
ווארימע	7	vˈarimə		rule	LOW	alef-default	G
תחת	7	tˈaxas		rule	LOW	sefaria-pointed	L
געפאלן	7	ɡəfˈaln		rule	LOW	alef-default,pe-default	G
"תשפ""ז"	7	tuf ʃin paj zˈajən		rule	LOW	letter-names	A
מ'בעט	7	mbɛt		rule	MED	clitic	G
יפת	7	jˈɛfəs		rule	LOW	printed-respelling	L
הקודש	7	hkidʃ		rule	MED		G
צונאכטס	7	ʦˈinaxʦ		rule	LOW	alef-default	G
אט	7	at		rule	LOW	alef-default	G
איבעראל	7	ˈibəral		rule	LOW	alef-default	G
פארמאכט	7	farmˈaxt		rule	MED	prefix-rescue:gold+פאר	G
מקור	7	mkir		rule	MED		G
שמיטה	7	ʃmˈitə		rule	MED		G
"הרי""ם"	7	haj rajʃ jid mɛm	haj rajʃ jit mɛm	rule	LOW	letter-names	A
עשה	7	ˈɛʃə		rule	MED		G
יונגעלע	7	jˈinɡələ		rule	MED		G
בוים	7	bɔjm		rule	MED		G
מחנך	7	maxanˈɛxu		rule	LOW	sefaria-pointed	L
שנים	7	ʃnim		rule	MED		G
כוונות	7	kavvˈunɔjs		rule	LOW	model-pointed-guess	L
פסק	7	pask		rule	LOW	pe-default,lk-fallback	L
קענט	7	kɛnt		rule	MED		G
פורים	7	pˈirim		lexicon	HIGH		L
מגילה	7	mɡˈilə		rule	MED		G
פרייטיג	7	frˈajtiɡ	frˈajtik	rule	LOW	pe-default	G
ספאנסער	7	sfˈansər		rule	LOW	alef-default,pe-default	G
אנשטאט	7	ˈanʃtat		rule	LOW	alef-default	G
אויסגעשטעלט	7	ˈoʊzɡəʃtəlt		rule	LOW	alef-default	G
בעסטע	7	bˈɛstə		lexicon	HIGH		G
בהם	7	bˈuhəm	bˈuhɛm	rule	LOW	sefaria-pointed	L
צינדן	7	ʦindn		rule	MED		G
פנחס	7	pˈinxus		rule	LOW	sefaria-pointed	L
פיקטשער	7	fˈikʧər		rule	LOW	pe-default	G
אייז	7	ajz	ajs	rule	LOW	alef-default	G
בארץ	7	barʦ		rule	LOW	alef-default	G
הערסט	7	hɛrst		rule	MED		G
לאמיך	7	lˈamix		rule	LOW	alef-default	G
מחייב	7	məxˈajjajv	məxˈajjajf	rule	LOW	lk-proclitic-pointed:model-pointed-guess	L
מאכסט	7	maxst		rule	LOW	alef-default	G
לאך	7	lax		rule	LOW	alef-default	G
פילן	7	filn		rule	LOW	pe-default	G
בלי	7	bli		rule	MED		G
אסתר	7	ˈɛstajr		rule	LOW	sefaria-pointed	L
געסט	7	ɡɛst		rule	MED		G
נפטר	7	npˈatər		rule	LOW	pe-default,lk-fallback	L
הערות	7	hɛˈurɔjs		rule	LOW	model-pointed-guess	L
החסיד	7	haxˈusid	haxˈusit	rule	LOW	lk-proclitic:respelling+ה	L
חידושים	7	xidˈiʃim	xidˈuʃim	rule	LOW	model-pointed-guess	L
רוח	7	rˈiəx	rˈuəx	lexicon	HIGH		L
מזוזה	7	mzˈizə		rule	MED		G
שטאק	7	ʃtak		rule	LOW	alef-default	G
תרגום	7	tˈarɡim	tˈarɡum	rule	LOW	sefaria-pointed	L
אהיימקומען	7	ahˈajmkimən		rule	LOW	alef-default	G
שווארץ	7	ʃvarʦ		rule	LOW	alef-default	G
קעטסקילס	7	kˈɛʦkils		rule	MED		G
וויכטיג	7	vˈixtiɡ	vˈixtik	rule	MED		G
לאולער	7	lˈilər		rule	LOW	alef-default	G
שייכות	7	ʃˈajjxus		rule	LOW	model-pointed-guess	L
שבועות	7	ʃvˈiəs		lexicon	HIGH		L
זכותו	7	zxˈisɔj	zəxˈusɔj	rule	LOW	sefaria-pointed	L
יומא	7	jˈima		rule	LOW	alef-default	G
באס	7	bas		rule	LOW	alef-default	G
יישר	7	jˈaʃər	jˈaʃir	lexicon	HIGH		L
אות	7	ɔjs		rule	LOW	sefaria-pointed	L
פאדעם	7	fˈadəm		rule	LOW	alef-default,pe-default	G
לויה	7	lˈɔjə		rule	MED		G
רק	7	rak		rule	LOW	sefaria-pointed	L
אויבן	7	ɔjbn		rule	LOW	alef-default	G
אונטן	7	intn		rule	LOW	alef-default	G
זינגט	7	zinɡt		rule	MED		G
נתן	7	nusn	nɔsn	rule	LOW	printed-respelling	L
השגה	7	hasˈuɡə	hasˈɔɡə	rule	LOW	printed-respelling	L
קאסט	7	kɔst		lexicon	HIGH		G
גערעכנט	7	ɡərˈɛxnt		rule	MED		G
כהלל	7	kəhˈilajl		rule	LOW	model-pointed-guess	L
כשמאי	7	xʃmaː		rule	LOW	alef-default	G
עכטע	7	ˈɛxtə		rule	MED		G
משמח	7	məsamˈajxa	məʃmˈajxa	rule	LOW	audio-homograph	L
היימישע	7	hˈajmiʃə		lexicon	HIGH		G
להיות	7	lˈihjɔjs		rule	LOW	lk-proclitic-pointed:sefaria-pointed	L
פסוקים	7	psˈikim		lexicon	MED	audio-pe	G
הדברים	7	hdbrim		rule	MED		G
מ'לאזט	7	mlɔzt		rule	MED	clitic	G
מ'פרעגט	7	mfrɛɡt		rule	LOW	clitic	G
פוילן	7	pɔjln		lexicon	HIGH		G
איינגעפאלן	7	ˈajnɡəfaln		rule	LOW	alef-default,pe-default	G
טאכטער	7	tˈaxtər		rule	LOW	alef-default	G
מ'שטעלט	7	mʃtɛlt		rule	MED	clitic	G
ראשון	7	rˈaʃin		rule	LOW	alef-default	G
גיט	7	ɡit		rule	MED		G
באין	7	baːn		rule	LOW	alef-default	G
בשם	7	bʃajm	bəʃˈajm	rule	LOW	sefaria-pointed	L
אויסגעקומען	7	ˈoʊzɡəkimən		rule	MED	prefix-rescue:gold+אויסגע	G
ברענג	7	brɛnɡ	brɛnk	rule	MED		G
דאקטאר	7	dˈaktar		rule	LOW	alef-default	G
מעריב	7	mˈɛrib	mˈɛrip	rule	MED		G
עגל	7	ɛɡl		rule	MED		G
אף	7	ɔp		lexicon	HIGH		G
ונתנה	7	vnsˈanə	vənsˈanɛ	rule	LOW	model-pointed-guess	L
תוקף	7	tˈɔjkəf	tˈɔjkɛf	rule	LOW	sefaria-pointed	L
צוגעגאנגען	7	ʦˈiɡəɡanɡən		rule	MED	prefix-rescue:gold+צו	G
וקללותיה	7	vəkillɔjsˈɛjhu	vkillɔjsˈajhu	rule	LOW	model-pointed-guess	L
עק	7	ɛk		rule	MED		G
מרמז	7	mrˈamajz	mərˈamajz|mrˈamajs	rule	LOW	model-pointed-guess	L
צוגיין	7	ʦˈiɡajn		rule	MED	prefix-rescue:gold+צו	G
ראובן	7	ribn		rule	LOW	alef-default	G
לעבט	7	lejbt		lexicon	HIGH		G
שלאפט	7	ʃluft		lexicon	MED	audio-vowel	G
ירבה	7	ˈirbə		rule	MED		G
שידוכים	7	ʃidˈixim	ʃˈiduxim	lexicon	HIGH		L
בתמימות	7	bismˈimɔjs		rule	LOW	lk-proclitic-pointed:model-pointed-guess	L
עשרה	7	ˈɛʃrə		rule	MED		G
האר	7	har		rule	LOW	alef-default	G
קודש	7	kidʃ		rule	MED		G
לעכטיגן	7	lˈɛxtiɡn		rule	MED		G
סדרה	7	sˈidrə		rule	LOW	pointed-audio-endorsed	L
באיסור	7	baːsˈir		rule	LOW	alef-default	G
תירוץ	7	tˈɛrəʦ		rule	LOW	printed-respelling	L
אֱלֹהֶיךָ	7	ˈɛlɔjhajxu		rule	MED		G
אמת'ע	7	ˈɛməsə		rule	LOW	alef-default,lk-fallback	L
כועס	7	xˈiəs		rule	MED		G
כעס	7	kas		lexicon	HIGH		L
הגדרה	7	hɡdrə		fallback	LOW	lk-fallback	L
אריינגעגאנגען	7	arˈaːnɡəɡanɡən		rule	LOW	alef-default	G
זאלט	7	zalt		rule	LOW	alef-default	G
הימים	7	hˈimim		rule	MED		G
אחיך	7	uxˈixu	axˈɛjxu	rule	LOW	audio-homograph	L
דען	7	dɛn		rule	MED		G
ס'זעט	7	szejt		rule	MED	clitic	G
ברויט	7	brɔjt		rule	MED		G
ישא	7	ˈiʃa		rule	LOW	alef-default	G
אפגעשטעלט	7	ˈɔpɡəʃtəlt		rule	LOW	alef-default,pe-default	G
דרייט	7	drajt		rule	MED		G
מאיר'ל	7	maːrl		rule	LOW	alef-default	G
תקיעה	7	tkˈiə		rule	LOW	pointed-audio-endorsed	L
ביה	7	bi		rule	MED		G
קיינעם	7	kˈajnəm		rule	MED		G
מ'רופט	7	mrift		rule	MED	clitic	G
מפני	7	mfni		rule	LOW	pe-default	G
רצה	7	rˈuʦə	rˈuʦu	rule	LOW	model-pointed-guess	L
חסידים	7	xasˈidəm		lexicon	HIGH		L
ידו	7	ˈidi		rule	MED		G
קאפישער	7	kˈafiʃər		rule	LOW	alef-default,pe-default	G
"ז""ל"	7	zal		lexicon	HIGH		A
ידוע	7	ˈidiə		rule	MED		G
שטיל	7	ʃtil		rule	MED		G
בימינו	7	bˈimini		rule	MED		G
שתי	7	ʃtaj	ʃətˈaj	rule	LOW	sefaria-pointed	L
עבודת	7	avˈɔjdas		rule	LOW	sefaria-pointed	L
נגיד	7	nɡid	nɡit	rule	MED		G
האוצר	7	hiʦr		rule	LOW	alef-default	G
לפניכם	7	lfnixm		rule	LOW	pe-default	G
ובכל	7	ibxl		rule	MED		G
צאלט	7	ʦalt		rule	LOW	alef-default	G
וקללה	7	ˈikllə		rule	MED		G
לִפְנֵיכֶם	7	lˈifnajxəm		rule	LOW	pe-default	G
לאו	7	li		rule	LOW	alef-default	G
מצה	7	mˈaʦu	mˈiʦu	rule	LOW	audio-homograph	L
צובראכן	7	ʦˈibraxn		rule	LOW	alef-default	G
יחסרנו	7	jxasrˈajni	jəxasrˈajnu	rule	LOW	sefaria-pointed	L
ענטפערט	7	ˈɛntfərt		rule	LOW	pe-default	G
קלאפט	7	klapt		lexicon	MED	audio-pe	G
אלקיכם	7	ˈalkixm		rule	LOW	alef-default	G
שבעים	7	ʒbajm		rule	MED		G
שטארבן	7	ʃtarbn		rule	LOW	alef-default	G
סאסובער	7	sˈasibər		rule	LOW	alef-default	G
תפקיד	7	tˈafkid	tˈafkit	rule	LOW	model-pointed-guess	L
זעמלע	7	zˈɛmlə		rule	MED		G
גאונים	7	ɡˈinim		rule	LOW	alef-default	G
פאנגט	7	fanɡt		rule	LOW	alef-default,pe-default	G
געגועים	7	ɡəɡˈiajm		rule	MED		G
שטרעקט	7	ʃtrɛkt		rule	MED		G
ליה	7	li		rule	MED		G
היו	7	hji		rule	MED		G
מצד	7	mˈiʦad	mˈiʦat	rule	LOW	sefaria-pointed	L
שפת	7	sfas	səfˈas	rule	LOW	sefaria-pointed	L
הפטורה	7	hftˈirə		rule	LOW	pe-default	G
תמימות	7	tmˈimɔjs	təmˈimɔjs	rule	LOW	sefaria-pointed	L
אומות	7	ˈimɔjs	ˈumɔjs	rule	LOW	model-pointed-guess	L
האמערל	7	hˈamərl		rule	LOW	alef-default	G
החמישי	7	haxamˈiʃi		rule	LOW	lk-proclitic:sefaria+ה	L
נפילה	7	nfˈilə		rule	LOW	pe-default	G
שלש	7	ʃˈulɔjʃ		rule	LOW	model-pointed-guess	L
לץ	7	lajʦ		rule	LOW	sefaria-pointed	L
סעפטעמבער	6	sˈɛftəmbər		rule	LOW	pe-default	G
איבערגעלאזט	6	ˈibərɡəlɔzt		rule	MED	prefix-rescue:gold+איבערגע	G
געפונען	6	ɡəfˈinən		rule	LOW	pe-default	G
ווידער	6	vˈidər		rule	MED		G
אירע	6	ˈirə		rule	LOW	alef-default	G
סאמיט	6	sˈamit		rule	LOW	alef-default	G
באמבארדירונגען	6	bambˈardirinɡən		rule	LOW	alef-default	G
געווארנט	6	ɡəvˈarnt		rule	LOW	alef-default	G
אריינגערעכנט	6	arˈaːnɡərəxnt		rule	LOW	alef-default	G
רעוואלוציאנערע	6	rˈɛvaliʦianərə		rule	LOW	alef-default	G
טרעזשורי	6	trˈɛʒiri		rule	MED		G
בעסענט	6	bəsˈɛnt		rule	MED		G
ענדע	6	ˈɛndə		rule	MED		G
טעראריזם	6	tərarˈizm		rule	LOW	alef-default	G
זיכערהייט	6	zˈixərhaːt		rule	MED		G
קוועלער	6	kvˈɛlər		rule	MED		G
ביל	6	bil		rule	MED		G
טיילן	6	tajln		rule	MED		G
שטערקער	6	ʃtˈɛrkər		rule	MED		G
אפעראציע	6	ˈafəraʦiə		rule	LOW	alef-default,pe-default	G
אנגעפילט	6	ˈunɡəfilt		lexicon	MED	audio-vowel	G
אוועל	6	ˈavəl		rule	LOW	alef-default	G
אדמיניסטראציע	6	ˈadministraʦiə		rule	LOW	alef-default	G
געשפרעכן	6	ɡəʃprˈɛxn		rule	LOW	pe-default	G
עמערדזשענסי	6	ˈɛmərʤənsi		rule	MED		G
פופצן	6	fifʦn		rule	LOW	pe-default	G
פרויען	6	frˈɔjən		rule	LOW	pe-default	G
טראגעדיע	6	trˈaɡədiə		rule	LOW	alef-default	G
שריט	6	ʃrit		rule	MED		G
ארעסטירט	6	ˈarəstirt		rule	LOW	alef-default	G
קאנטראל	6	kˈantral		rule	LOW	alef-default	G
פערזאן	6	fˈɛrzan		rule	LOW	alef-default,pe-default	G
רעפובליקאנער	6	rəpiblikˈanər		lexicon	HIGH		G
חיזבאללא	6	xˈizballa		fallback	LOW	alef-default,lk-fallback	L
אונטערערדישע	6	ˈintərərdiʃə		rule	LOW	alef-default	G
געבויעט	6	ɡəbˈɔjət		rule	MED		G
אוועקגעשטעלט	6	avˈɛkɡəʃtəlt		rule	LOW	alef-default	G
שלאף	6	ʃluf		lexicon	HIGH		G
נוצט	6	niʦt		rule	MED		G
ביטערע	6	bˈitərə		rule	MED		G
איינציגסטע	6	ˈajnʦiɡstə		rule	LOW	alef-default	G
געציילטע	6	ɡəʦˈajltə		rule	MED		G
געלעגנהייט	6	ɡəlˈɛɡnhaːt		rule	MED		G
במשך	6	bˈɛməʃəx		lexicon	HIGH		L
וועבזייטל	6	vˈɛbzajtl		rule	MED		G
"ואדמו""רים"	6	vuv ˈaləf dˈuləd mɛm vuv rajʃ jid mɛm	vuf ˈaləf dˈulət mɛm vuf rajʃ jit mɛm	rule	LOW	letter-names	A
אלקים	6	ˈalkim		rule	LOW	alef-default	G
פטור	6	ftir		rule	LOW	pe-default	G
אכציג	6	ˈaxʦiɡ	ˈaxʦik	rule	LOW	alef-default	G
בתי	6	bˈutaj	bˈiti	rule	LOW	audio-homograph	L
שחרית	6	ʃaxˈaris		rule	LOW	sefaria-pointed	L
סטרייק	6	strajk		rule	MED		G
צרכי	6	ʦrxi		rule	MED		G
תואר	6	tvar		rule	LOW	model-pointed-guess	L
גאסט	6	ɡast		rule	LOW	alef-default	G
ס'ארבעט	6	sˈarbət		rule	MED	clitic	G
פלעגן	6	flɛɡn		rule	LOW	pe-default	G
יקרא	6	ˈikru		lexicon	MED	audio-vowel	G
לארץ	6	lurʦ		lexicon	MED	audio-vowel	G
עני	6	ˈani	ˈuni	lexicon	HIGH		X
חידושי	6	xidˈiʃaj	xidˈuʃaj	rule	LOW	model-pointed-guess	L
צוקומען	6	ʦˈikimən		rule	MED	prefix-rescue:gold+צו	G
מענדי	6	mˈɛndi		rule	MED		G
נוטל	6	nitl		rule	MED		G
שינאווער	6	ʃˈinavər		rule	LOW	alef-default	G
זינען	6	zˈinən		rule	MED		G
ענטפערן	6	ˈɛntfərn		rule	LOW	pe-default	G
וואויס	6	vɔjs		rule	LOW	alef-default	G
באקס	6	baks		rule	LOW	alef-default	G
מוזט	6	mizt		rule	MED		G
הכהן	6	hakˈɔjhajn		rule	LOW	lk-proclitic-pointed:sefaria-pointed	L
יושר	6	jiʃr		rule	MED		G
זיינער	6	zˈajnər		rule	MED		G
הר	6	har		rule	LOW	sefaria-pointed	L
צולייגן	6	ʦˈilajɡn		rule	MED	prefix-rescue:gold+צו	G
השכינה	6	hʃxˈinə		rule	MED		G
צוריקגעקומען	6	ʦirˈikɡəkimən		rule	MED	prefix-rescue:gold+צוריקגע	G
איבעי	6	ˈibaj		rule	LOW	alef-default	G
זאגסט	6	zuɡst		lexicon	HIGH		G
אייער	6	ˈaːjər	ˈajər	lexicon	HIGH		G
להבדיל	6	lhbdil		rule	MED		G
דערהיים	6	dˈɛrhajm		rule	MED		G
דזשאוק	6	ʤik		rule	LOW	alef-default	G
גע'חתמ'עט	6	ɡəxsmˈə ɛt		fallback	LOW	lk-fallback	L
קאנטראקט	6	kˈantrakt		rule	LOW	alef-default	G
כוונה	6	xvnə		rule	MED		G
תקופה	6	tkˈifə	tkˈufə	rule	LOW	printed-respelling	L
האף	6	huf		lexicon	HIGH		G
מחשבה	6	maxaʃˈuvə	maxaʃˈuvu	rule	LOW	sefaria-pointed	L
"ש""ס"	6	ʃas		lexicon	LOW	acronym-word	A
ערוך	6	ˈɛrix		rule	MED		G
עול	6	il		rule	MED		G
נעשה	6	nˈɛʃə		rule	MED		G
טאנצן	6	tanʦn		rule	LOW	alef-default	G
ספרד'ישע	6	sfrdˈiʃə		rule	LOW	pe-default	G
געזינדיגט	6	ɡəzˈindiɡt		rule	MED		G
ליל	6	lil		rule	MED		G
בבלי	6	bli		rule	MED		G
ציצית	6	ʦˈiʦis		rule	LOW	sefaria-pointed	L
ראטעווען	6	rˈatəvən		rule	LOW	alef-default	G
ל	6	lˈaməd	lˈamət	rule	LOW	printed-respelling	L
פעדעמער	6	fˈɛdəmər		rule	LOW	pe-default	G
למעלה	6	lmˈɛlə		rule	MED		G
לדודי	6	ldˈidi		rule	MED		G
ודודי	6	ˈididi		rule	MED		G
זינגען	6	zˈinɡən		rule	MED		G
פרי	6	fri		rule	LOW	pe-default	G
מיכל	6	mixl		rule	MED		G
פעולה	6	fˈɛilə		rule	LOW	pe-default	G
שמאי	6	ʃmaː		rule	LOW	alef-default	G
נפשי	6	nfʃi		rule	LOW	pe-default	G
תיקון	6	tikn		rule	LOW	printed-respelling	L
סוכת	6	sˈikas	sˈukas	rule	LOW	model-pointed-guess	L
לפני	6	lfni		rule	LOW	pe-default	G
המקום	6	hmkim		rule	MED		G
טאר	6	tur		lexicon	MED	audio-vowel	G
דערצייל	6	dˈɛrʦajl		rule	MED		G
חומר	6	xˈɔjmər		rule	LOW	printed-respelling	L
שומרים	6	ʃˈimrim		rule	MED		G
ביזי	6	bˈizi		rule	MED		G
שאול	6	ʃil		rule	LOW	alef-default	G
אנונג	6	ˈanunɡ	ˈanunk	lexicon	MED	audio-vowel	G
מאנטיסעלא	6	mˈantisəla		rule	LOW	alef-default	G
מחיה	6	məxˈajɛ		rule	LOW	lk-proclitic-pointed:audio-homograph	L
געווארט	6	ɡəvˈɔrt		rule	MED	prefix-rescue:gold+גע	G
מ'מוז	6	mmiz	mmis	rule	MED	clitic	G
גאנצער	6	ɡˈanʦər		rule	LOW	alef-default	G
קלוגער	6	klˈiɡər		rule	MED		G
גדולה	6	ɡdˈilə		rule	MED		G
געפאסט	6	ɡəpˈɔst		rule	MED	prefix-rescue:word-latin+גע	G
תתן	6	tˈitajn		rule	LOW	sefaria-pointed	L
לבבך	6	lvˈuvxu	ləvˈuvəxu	rule	LOW	model-pointed-guess	L
גר	6	ɡɛr		rule	LOW	printed-respelling	L
קאפל	6	kafl		rule	LOW	alef-default,pe-default	G
צעטל	6	ʦɛtl		rule	MED		G
יש	6	iʃ		rule	MED		G
באבע	6	babˈə		rule	LOW	alef-default	G
אהיימגעקומען	6	ahˈajmɡəkimən		rule	MED	prefix-rescue:gold+אהיימגע	G
ישועה	6	ˈiʃiə		rule	MED		G
מקוה	6	mki		rule	MED		G
שרייב	6	ʃrajb	ʃrajp	rule	MED		G
וואן	6	van		rule	LOW	alef-default	G
מ'ענדיגט	6	mˈɛndiɡt		rule	MED	clitic	G
קללות	6	klˈulɔjs	kəlˈulɔjs	rule	LOW	sefaria-pointed	L
פארלירט	6	farlˈirt		rule	LOW	alef-default,pe-default	G
שאקל	6	ʃakl		rule	LOW	alef-default	G
גיהנם	6	ɡinm		rule	MED		G
וקרא	6	ˈikra		rule	LOW	alef-default	G
סגולה	6	zɡˈilə		rule	MED		G
פארשעמט	6	farʃˈɛmt		rule	LOW	alef-default,pe-default	G
זין	6	zin		rule	MED		G
ארויפגעלייגט	6	arˈoʊfɡəlajɡt		rule	MED	prefix-rescue:gold+ארויפגע	G
רוב	6	rɔv	rɔf	lexicon	HIGH		L
מ'הערט	6	mhɛrt		rule	MED	clitic	G
הערטס	6	hɛrʦ		rule	MED		G
ג	6	ɡiml		rule	LOW	printed-respelling	L
הרחמים	6	huraxˈamim		rule	LOW	lk-proclitic-pointed:pointed-audio-endorsed	L
ס'וויל	6	svil		rule	MED	clitic	G
רוז'ינער	6	rˈizinər		rule	MED		G
קליפות	6	klˈipɔjs	kəlˈipɔjs	rule	LOW	model-pointed-guess	L
ארויסצונעמען	6	arˈoʊsʦinəmən		rule	LOW	alef-default	G
אֲשֶׁר	6	ˈaʃər		rule	MED		G
שעלטן	6	ʃɛltn		rule	MED		G
מערב	6	mˈaːrəv	mˈaːrəf	lexicon	HIGH		G
רעגט	6	rɛɡt		rule	MED		G
פלאם	6	flam		rule	LOW	alef-default,pe-default	G
קל	6	kal	kul	rule	LOW	audio-homograph	L
ישועות	6	jʃiˈɛɔjs	jəʃˈuɔjs	rule	LOW	sefaria-pointed	L
הרשע	6	hrʃə		rule	MED		G
אהבה	6	ˈabə		rule	LOW	alef-default	G
טעם	6	tam		lexicon	HIGH		L
תקיעת	6	tkˈias	təkˈias	rule	LOW	model-pointed-guess	L
חק	6	xɔjk		rule	LOW	model-pointed-guess	L
יהודית	6	jəhˈudis		rule	LOW	sefaria-pointed	L
לנו	6	lni		rule	MED		G
שני	6	ʃni		rule	MED		G
אונטערשמירן	6	ˈintərʃmirn		rule	LOW	alef-default	G
הפנים	6	hfnim		rule	LOW	pe-default	G
ס'קומען	6	skˈimən		rule	MED	clitic	G
אוועקגיין	6	avˈɛkɡajn		rule	MED	prefix-rescue:gold+אוועק	G
העמים	6	hˈɛmim		rule	MED		G
צובראכענע	6	ʦˈibraxənə		rule	LOW	alef-default	G
ולנו	6	ˈilni		rule	MED		G
עשר	6	ɛʃr		rule	MED		G
כפרה	6	kapˈuru	kˈipru|kˈufəru	rule	LOW	audio-homograph	L
הגוים	6	hɡɔjm		rule	MED		G
חפץ	6	xˈajfəʦ	xˈejfəʦ	rule	LOW	printed-respelling	L
אנגעגרייט	6	ˈunɡəɡrajt		rule	MED	prefix-rescue:gold+אנגע	G
ס'פאסט	6	spɔst		rule	MED	clitic	G
פענסטער	6	fˈɛnstər		rule	LOW	pe-default	G
במהרה	6	bimhˈajrə		rule	LOW	lk-proclitic-pointed:sefaria-pointed	L
מזמור	6	mzmir		rule	MED		G
ניצול	6	nˈiʦil		rule	MED		G
לימוד	6	lˈimid	lˈimit	rule	MED		G
בכבודו	6	bxbˈidi		rule	MED		G
צומארגנס	6	ʦˈimarɡns		rule	LOW	alef-default	G
באמערק	6	bamˈɛrk		rule	LOW	alef-default	G
אָנֹכִי	6	ˈunɔjxi		rule	MED		G
נֹתֵן	6	nˈɔjsajn		rule	LOW	lk-fallback	L
נקודות	6	nkˈidɔjs	nəkˈudɔjs	rule	LOW	model-pointed-guess	L
שטופ	6	ʃtif		rule	LOW	pe-default	G
רוקט	6	rikt		rule	MED		G
שורה	6	ʃˈirə		rule	MED		G
שניידן	6	ʃnajdn		rule	MED		G
וועיטער	6	vˈajtər		rule	MED		G
צא	6	ʦa		rule	LOW	alef-default	G
ממשיך	6	mmʃix		rule	MED		G
ווילנא	6	vˈilna		rule	LOW	alef-default	G
בידו	6	bˈidi		rule	MED		G
דינען	6	dˈinən		rule	MED		G
מתנות	6	matˈunɔjs		rule	LOW	sefaria-pointed	L
רענצלעך	6	rˈɛnʦləx		rule	MED		G
שפע	6	ʃpə		rule	LOW	pe-default	G
שכינה	6	ʃxˈinə		rule	MED		G
אראפקומען	6	arˈupkimən		rule	MED	prefix-rescue:gold+אראפ	G
רעבעצין	6	rˈɛbəʦin		rule	MED		G
"ש""ך"	6	ʃin xuf		rule	LOW	letter-names	A
טרייסטן	6	trajstn		rule	MED		G
שניי	6	ʃnaj		rule	MED		G
משפיע	6	mʃpˈiə		rule	LOW	pe-default	G
קערעסטיר	6	kərəstˈir		rule	MED		G
אדר	6	ˈɔdər		lexicon	HIGH		L
שהוא	6	ʃhˈia		rule	LOW	alef-default	G
וויינט	6	vajnt		rule	MED		G
ומצאת	6	umuʦˈusu	imuʦˈusu	rule	LOW	sefaria-pointed	L
נבוכדנצר	6	nvixadnˈɛʦar	nəvuxadnˈɛʦar	rule	LOW	sefaria-pointed	L
טריט	6	trit		rule	MED		G
מוקדה	6	mˈikdə		rule	MED		G
שקר	6	ʃˈɛkɛr	ʃˈukɛr	rule	LOW	audio-homograph	L
בקר	6	bˈukur	bˈɔjkɛr	rule	LOW	audio-homograph	L
"ת""ק"	6	tuf kif		rule	LOW	letter-names	A
הששי	6	hʃi		rule	MED		G
תוקד	6	tˈikad	tˈukad|tˈikat	rule	LOW	sefaria-pointed	L
ית	6	is		fallback	LOW	lk-fallback	L
עֲלָמוֹת	6	alˈumɔjs		rule	LOW	lk-fallback	L
מְאֹד	6	mɔjd	mɔjt	rule	MED		G
פארבינדן	5	farbˈindn		rule	LOW	alef-default,pe-default	G
צילן	5	ʦiln		rule	MED		G
זעצט	5	zɛʦt		rule	MED		G
אנפאנג	5	ˈanfanɡ	ˈanfank	rule	LOW	alef-default,pe-default	G
פעלד	5	fɛld	fɛlt	rule	LOW	pe-default	G
ד	5	dˈalət		rule	LOW	printed-respelling	L
אריינגענומען	5	arˈaːnɡənimən		rule	LOW	alef-default	G
אנטעריא	5	ˈantəria		rule	LOW	alef-default	G
הונדערטער	5	hˈindərtər		rule	MED		G
ים	5	jam		lexicon	HIGH		L
מינעס	5	mˈinəs		rule	MED		G
ארויסגענומען	5	arˈoʊzɡənimən		rule	MED	prefix-rescue:gold+ארויס	G
מאנטאג	5	mˈɔntik	mˈɔntuɡ	lexicon	HIGH		G
קאונטער	5	kˈintər		rule	LOW	alef-default	G
אומגעברענגט	5	ˈimɡəbrənɡt		rule	LOW	alef-default	G
אומגעקומען	5	ˈimɡəkimən		rule	LOW	alef-default	G
יו	5	ji		rule	MED		G
פאסט	5	pɔst		lexicon	HIGH		G
גיבט	5	ɡibt		rule	MED		G
קאמפליצירטע	5	kˈamfliʦirtə		rule	LOW	alef-default,pe-default	G
פלאנט	5	flant		rule	LOW	alef-default,pe-default	G
זעכציג	5	zˈɛxʦiɡ	zˈɛxʦik	rule	MED		G
באטראכט	5	batrˈaxt		rule	LOW	alef-default	G
לאקאלע	5	lˈakalə		rule	LOW	alef-default	G
באטראפן	5	batrˈafn		rule	LOW	alef-default,pe-default	G
אונטערשטע	5	ˈintərʃtə		rule	LOW	alef-default	G
ברענען	5	brˈɛnən		rule	MED		G
ורבנים	5	ˈirbnim		rule	MED		G
אנצוקומען	5	ˈanʦikimən		rule	LOW	alef-default	G
געברויכן	5	ɡəbrˈoʊxn		rule	MED	prefix-rescue:word-latin+גע	G
הויכראנגיגע	5	hˈɔjxranɡiɡə		rule	LOW	alef-default	G
מיטגעקומען	5	mˈitɡəkimən		rule	MED	prefix-rescue:gold+מיטגע	G
אויפטון	5	ˈoʊftin		rule	MED	prefix-rescue:gold+אויפ	G
איידער	5	ˈajdər		rule	LOW	alef-default	G
קריטיק	5	krˈitik		rule	MED		G
ריכטונג	5	rˈixtinɡ	rˈixtink	rule	MED		G
רעכט	5	rɛxt		rule	MED		G
אננעמען	5	ˈunnəmən		rule	MED	prefix-rescue:gold+אנ	G
גאווערנאר	5	ɡˈavərnar		rule	LOW	alef-default	G
שוועריגקייטן	5	ʃvˈɛriɡkaːtn		rule	MED		G
האפענונג	5	hˈafəninɡ	hˈafənink	rule	LOW	alef-default,pe-default	G
חובות	5	xˈɔjvɔjs		rule	LOW	model-pointed-guess	L
יעריגע	5	jˈɛriɡə		rule	MED		G
העכערע	5	hˈɛxərə		rule	MED		G
ישראל'ס	5	ˈiʃrals		rule	LOW	alef-default	G
אלעם	5	ˈaləm		rule	LOW	alef-default	G
דיעל	5	dˈiəl		rule	MED		G
עקאנאמיע	5	ˈɛkanamiə		rule	LOW	alef-default	G
נתניהו	5	nsnˈihi		fallback	LOW	lk-fallback	L
מיטל	5	mitl		rule	MED		G
פליען	5	flˈiən		rule	LOW	pe-default	G
שנעלער	5	ʃnˈɛlər		rule	MED		G
פארטיי	5	pˈartaj		lexicon	HIGH		G
טראמפ'ס	5	tramfs		rule	LOW	alef-default,pe-default	G
ליין	5	lajn		rule	MED		G
לופטפעלד	5	lˈiftfəld	lˈiftfəlt	rule	LOW	pe-default	G
געשטעלט	5	ɡəʃtˈɛlt		rule	MED		G
ביליאן	5	bˈiljɔn		lexicon	HIGH		G
רייע	5	rˈajə		rule	MED		G
אויפגעוועקט	5	ˈɔjfɡəvəkt		rule	LOW	alef-default,pe-default	G
זוכט	5	zixt	zuxt	lexicon	HIGH		G
מיינונג	5	mˈajninɡ	mˈajnink	rule	MED		G
פאבליק	5	fˈublik		lexicon	MED	audio-vowel	G
געפירט	5	ɡəfˈirt		rule	MED	prefix-rescue:gold+גע	G
עיר	5	ajr		rule	MED		G
"כ""ק"	5	xuf kif		rule	LOW	letter-names	A
מענדל	5	mɛndl		rule	MED		G
"אדמו""ר"	5	ˈaləf dˈuləd mɛm vuv rajʃ	ˈaləf dˈulət mɛm vuf rajʃ	rule	LOW	letter-names	A
הכרת	5	hakˈuras		rule	LOW	lk-proclitic-pointed:audio-homograph	L
פירות	5	pˈajrɔjs		rule	LOW	model-pointed-guess	L
מעין	5	majn		rule	MED		G
גענוצט	5	ɡənˈiʦt		rule	MED		G
איבערגעבן	5	ˈibərɡəbən		rule	MED	prefix-rescue:gold+איבערגע	L
חיזבאלא	5	xˈizbala		fallback	LOW	alef-default,lk-fallback	L
פארברעכנס	5	farbrˈɛxns		rule	LOW	alef-default,pe-default	G
עמך	5	ɛmx		rule	MED		G
מינוטן	5	mˈinitn		rule	MED		G
מלכי	5	mlxi		rule	MED		G
רבנן	5	rabˈunun		rule	LOW	sefaria-pointed	L
אריינגעפירט	5	arˈaːnɡəfirt		rule	MED	prefix-rescue:gold+אריינגע	G
לטובה	5	ltˈibə		rule	MED		G
מעגליך	5	mˈejɡləx	mˈɛɡləx	lexicon	HIGH		G
דריטער	5	drˈitər		rule	MED		G
ארויסגעברענגט	5	arˈoʊzɡəbrənɡt		rule	MED	prefix-rescue:gold+ארויסגע	G
פארברענגט	5	farbrˈɛnɡt		rule	MED	prefix-rescue:gold+פאר	G
בבית	5	bvajs	bəvˈajs	rule	LOW	model-pointed-guess	L
לשם	5	lˈɛʃəm		rule	LOW	printed-respelling	L
שרעקליכע	5	ʃrˈɛkləxə		rule	MED		G
קלאפ	5	klaf		rule	LOW	alef-default,pe-default	G
אחרון	5	axˈarɔjn		rule	LOW	sefaria-pointed	L
רחמנא	5	raxamˈunu		rule	LOW	sefaria-pointed	L
ליצלן	5	liʦln		rule	MED		G
שפתי	5	sfˈusaj		rule	LOW	lk-proclitic-pointed:model-pointed-guess	L
צוזאמנעמען	5	ʦˈizamnəmən		rule	LOW	alef-default	G
ערגער	5	ˈɛrɡər		rule	MED		G
טשעקן	5	ʧɛkn		rule	MED		G
שופטים	5	ʃˈiftim		rule	LOW	pe-default	G
תפילת	5	tfˈilas	təfˈilas	rule	LOW	model-pointed-guess	L
הדרך	5	hadˈɛrəx		rule	LOW	lk-proclitic-pointed:sefaria-pointed	L
אדלער	5	ˈadlər		rule	LOW	alef-default	G
מ'לערנט	5	mlirnt		rule	MED	clitic	G
רעדסט	5	rɛdst		rule	MED		G
בכור	5	bxir		rule	MED		G
צאנזער	5	ʦˈanzər		rule	LOW	alef-default	G
טאטע'ס	5	tˈatəs		rule	LOW	alef-default	G
טעסלא	5	tˈɛsla		rule	LOW	alef-default	G
ליינט	5	lajnt		rule	MED		G
היי	5	haj		rule	MED		G
אויפגעהויבן	5	ˈɔjfɡəhɔjbn		rule	LOW	alef-default,pe-default	G
היינטיגן	5	hˈajntiɡn		rule	MED		G
דעליווערט	5	dˈɛlivərt		rule	MED		G
מליץ	5	mliʦ		rule	MED		G
חי	5	xuj	xaj	rule	LOW	audio-homograph	L
ייטב	5	jitb	jitp	rule	MED		G
שמש	5	ʃˈamuʃ		rule	LOW	model-pointed-guess	L
גראסערי	5	ɡrˈasəri		rule	LOW	alef-default	G
צוריקקומען	5	ʦirˈikimən		rule	MED	prefix-rescue:gold+צוריק	G
פרידמאן	5	frˈidman		rule	LOW	alef-default,pe-default	G
געראטעוועט	5	ɡərˈatəvət		rule	LOW	alef-default	G
געהיטן	5	ɡəhˈitn		rule	MED		G
קליידער	5	klˈajdər		rule	MED		G
לעגאל	5	lˈɛɡal		rule	LOW	alef-default	G
פויגל	5	fɔjɡl		rule	LOW	pe-default	G
קונה	5	kˈinə		rule	MED		G
קענסלען	5	kˈɛnslən		rule	MED		G
ארדער	5	ˈardər		rule	LOW	alef-default	G
הערש	5	hɛrʃ		rule	MED		G
דעליווערן	5	dˈɛlivərn		rule	MED		G
אנליין	5	ˈanlajn		rule	LOW	alef-default	G
שרייבסט	5	ʃrajbst		rule	MED		G
חוזק	5	xˈɔjzək		rule	LOW	printed-respelling	L
פסק'ענען	5	pˈaskənən		rule	LOW	pe-default	G
גרינע	5	ɡrˈinə		rule	MED		G
געצאלט	5	ɡəʦˈalt		rule	LOW	alef-default	G
מ'נוצט	5	mniʦt		rule	MED	clitic	G
פארלערנען	5	farlˈirnən		rule	MED	prefix-rescue:gold+פאר	G
פרה	5	pˈurə	pˈuru	rule	LOW	sefaria-pointed	L
עליה	5	ˈɛli		rule	MED		G
רויט	5	rɔjt		rule	MED		G
מחנה	5	maxanˈajə	maxˈanaj	rule	LOW	sefaria-pointed	L
רויטע	5	rˈɔjtə		rule	MED		G
נפתלי	5	naftˈuli		rule	LOW	pointed-audio-endorsed	L
אבי	5	ˈabi		rule	LOW	alef-default	G
געטאנצן	5	ɡətˈanʦn		rule	LOW	alef-default	G
גוטער	5	ɡˈitər		rule	MED		G
ערליכער	5	ˈɛrləxər		rule	MED		G
ערליכע	5	ˈɛrləxə		rule	MED		G
בשנים	5	bʃnim		rule	MED		G
גראמען	5	ɡrˈamən		rule	LOW	alef-default	G
יהא	5	ˈiha		rule	LOW	alef-default	G
לאנדא	5	lˈanda		rule	LOW	alef-default	G
בערל	5	bɛrl		rule	MED		G
חתונות	5	xasˈinɔjs	xasˈunɔjs	rule	LOW	model-pointed-guess	L
געזונגען	5	ɡəzˈinɡən		rule	MED		G
המן	5	hˈumun		rule	LOW	sefaria-pointed	L
באבוב	5	babˈib	babˈip	rule	LOW	alef-default	G
עקסטערע	5	ˈɛkstərə		rule	MED		G
נסים	5	nsim		rule	MED		G
וויזשניץ	5	vˈiʒniʦ		rule	MED		G
בער	5	bɛr		rule	MED		G
פני	5	pni		lexicon	MED	audio-pe	G
גורל	5	ɡirl		rule	MED		G
טאטנ'ס	5	tatns		rule	LOW	alef-default	G
יותר	5	jˈɔjsajr		rule	LOW	sefaria-pointed	L
לומר	5	limr		rule	MED		G
העלפט	5	hɛlft		rule	LOW	pe-default	G
ירושלמי	5	ˈiriʃlmi		rule	MED		G
דברה	5	dəbˈurə		rule	LOW	lk-proclitic:sefaria+ד	L
כשר	5	kˈuʃər		lexicon	HIGH		L
והיית	5	vəhujˈisu		rule	LOW	sefaria-pointed	L
למטה	5	lmˈatə		rule	LOW	pointed-audio-endorsed	L
תהא	5	təhˈaj		rule	LOW	sefaria-pointed	L
וישמע	5	ˈoʊʃmə		rule	MED		G
אוועקגעלייגט	5	avˈɛkɡəlajɡt		rule	MED	prefix-rescue:gold+אוועקגע	G
פארשטייסט	5	farʃtˈajst		rule	LOW	alef-default,pe-default	G
הכשר	5	hˈɛxʃər		rule	LOW	lk-proclitic-pointed:printed-respelling	L
צומאל	5	ʦˈimul		rule	MED	prefix-rescue:gold+צו	G
לעשות	5	laˈasɔjs		rule	LOW	sefaria-pointed	L
חזון	5	xˈazɔjn	xˈuzɔjn	rule	LOW	audio-homograph	L
מליצה	5	mlˈiʦə		rule	MED		G
מרומז	5	mrimz	mrims	rule	MED		G
מאריך	5	mˈarix		rule	LOW	alef-default	G
דורכגעגאנגען	5	dˈirxɡəɡanɡən		rule	MED	prefix-rescue:gold+דורכ	G
עליון	5	ˈɛljin		rule	MED		G
קרים	5	krim		rule	MED		G
גלעזל	5	ɡlɛzl		rule	MED		G
ציגל	5	ʦiɡl		rule	MED		G
ביתר	5	bˈajsɛr		rule	LOW	model-pointed-guess	L
דוב	5	dib	dip	rule	MED		G
נסיון	5	nsjin		rule	MED		G
ווארימקייט	5	vˈarimkaːt		rule	LOW	alef-default	G
חיזוק	5	xˈizək		rule	LOW	printed-respelling	L
געשמאקע	5	ɡəʃmˈakə		rule	LOW	alef-default	G
פיינע	5	fˈajnə		rule	LOW	pe-default	G
בשורות	5	bsˈɔjrɔjs	bəsˈɔjrɔjs	rule	LOW	sefaria-pointed	L
שוויצן	5	ʃviʦn		rule	MED		G
מדרגה	5	madrˈajɡə	madrˈejɡə	rule	LOW	printed-respelling	L
וויען	5	vˈiən		rule	MED		G
געדרייט	5	ɡədrˈajt		rule	MED		G
עת	5	ajs		rule	LOW	sefaria-pointed	L
מ'זוכט	5	mzixt		rule	MED	clitic	G
צימערן	5	ʦˈimərn		rule	MED		G
ארויפגעגאנגען	5	arˈoʊfɡəɡanɡən		rule	MED	prefix-rescue:gold+ארויפ	G
יבוא	5	ˈibia		rule	LOW	alef-default	G
אש	5	aʃ		rule	LOW	alef-default	G
פאטש	5	paʧ		lexicon	MED	audio-pe	G
לגבי	5	ləɡabˈaj	lˈɛɡabə	lexicon	HIGH		L
פרץ	5	pˈɛrəʦ		rule	LOW	printed-respelling	L
מקובל	5	mkibl		rule	MED		G
באריכות	5	baarˈixus		rule	LOW	model-pointed-guess	L
מרגלים	5	mrɡlim		rule	MED		G
דוקא	5	dˈika		rule	LOW	alef-default	G
והיתה	5	vəhˈujəsu		rule	LOW	sefaria-pointed	L
חלקים	5	xalˈukim		rule	LOW	sefaria-pointed	L
פעקל	5	pɛkl		lexicon	MED	audio-pe	G
ליידיג	5	lˈajdiɡ	lˈajdik	rule	MED		G
ביזנעס	5	bˈiznəs		lexicon	HIGH		E
מכוון	5	məxˈavvajn		rule	LOW	model-pointed-guess	L
סך	5	sax		lexicon	HIGH		L
למלך	5	ləmˈɛlɛx		rule	LOW	lk-proclitic-pointed:audio-homograph	L
ס'מאכט	5	smaxt		rule	MED	clitic	G
מלוכה	5	mlˈixə		rule	MED		G
יבחר	5	jˈivxar		rule	LOW	sefaria-pointed	L
שיבא	5	ʃˈiba		rule	LOW	alef-default	G
קבל	5	kˈabajl	kˈibajl|kˈuvajl	rule	LOW	audio-homograph	L
פארגעלערנט	5	farɡəlˈirnt		rule	MED	prefix-rescue:word-latin+פאר	G
שמונה	5	ʃmˈinə		rule	MED		G
ס'הייבט	5	shajbt		rule	MED	clitic	G
גע'פועל'ט	5	ɡəfˈiəlt		rule	LOW	pe-default	G
יהיו	5	ˈihji		rule	MED		G
ווארעם	5	vˈarəm		rule	LOW	alef-default	G
אשה	5	ˈaʃə		rule	LOW	alef-default	G
בתולה	5	bsˈilə	bəsˈulu	rule	LOW	sefaria-pointed	L
וְלֹא	5	vlɔj		rule	LOW	alef-default	G
מידות	5	mˈidɔjs		rule	LOW	model-pointed-guess	L
אויפרעגן	5	ˈɔjfrəɡn		rule	LOW	alef-default,pe-default	G
זועם	5	zˈiəm		rule	MED		G
ברען	5	brɛn		rule	MED		G
אויסגעפירט	5	ˈoʊzɡəfirt		rule	MED	prefix-rescue:gold+אויסגע	G
לחבירו	5	laxavˈajrɔj		rule	LOW	lk-proclitic-pointed:model-pointed-guess	L
וחס	5	vxus	vəxˈus	rule	LOW	sefaria-pointed	L
קללה	5	klˈulə	kəlˈulu	rule	LOW	sefaria-pointed	L
יקר	5	ikr		rule	MED		G
געקוקט	5	ɡəkˈikt		rule	MED	prefix-rescue:gold+גע	G
באחרית	5	baxˈaris	bəaxˈaris	rule	LOW	sefaria-pointed	L
ש	5	ʃ		fallback	LOW	vowel-ratio	G
אותו	5	ˈɔjsɔj		rule	LOW	sefaria-pointed	L
קאלטע	5	kˈaltə		rule	LOW	alef-default	G
פאררעכטן	5	farrˈɛxtn		rule	LOW	alef-default,pe-default	G
מקריב	5	mkrib	mkrip	rule	MED		G
ודור	5	idˈir		rule	MED		G
קערעסטירער	5	kərəstˈirər		rule	MED		G
ארייננעמען	5	arˈaːnnəmən		rule	LOW	alef-default	G
שוחטים	5	ʃɔjxˈatim		rule	LOW	model-pointed-guess	L
מ'קוקט	5	mkikt		rule	MED	clitic	G
ממורי'ס	5	mmˈiris		rule	MED		G
מקטרגים	5	mkˈatrɡim	məkˈatrəɡim	rule	LOW	model-pointed-guess	L
"י""ח"	5	jid xɛs	jit xɛs	rule	LOW	letter-names	A
סולו	5	sˈili		rule	MED		G
בערבות	5	buarˈuvɔjs		rule	LOW	model-pointed-guess	L
בגוים	5	bɡɔjm		rule	MED		G
השמים	5	hʃmim		rule	MED		G
טויט	5	tɔjt		lexicon	HIGH		G
מילגרוים	5	mˈilɡrɔjm		rule	MED		G
אלקא	5	ˈalka		rule	LOW	alef-default	G
כלכם	5	xlxm		fallback	LOW	lk-fallback	L
בעטסט	5	bɛʦt		rule	MED		G
אֵת	5	ɛs		lexicon	HIGH		L
צמח	5	ʦˈɛmax		rule	LOW	sefaria-pointed	L
פדיון	5	fdjin		rule	LOW	pe-default	G
בארדיטשובער	5	bardˈiʧibər		rule	LOW	alef-default	G
עתירתם	5	ˈɛsirsm		fallback	LOW	lk-fallback	L
קידושין	5	kˈidiʃin		rule	MED		G
ליסקער	5	lˈiskər		rule	MED		G
חיפוש	5	xˈifiʃ		fallback	LOW	pe-default,lk-fallback	L
לעקעך	5	lˈɛkəx		rule	MED		G
לכל	5	lˈɛkul		lexicon	HIGH		L
באמערקט	5	bamˈɛrkt		rule	LOW	alef-default	G
נענועים	5	nˈɛniajm		rule	MED		G
כללית	5	xllis		fallback	LOW	lk-fallback	L
דירה	5	dˈirə		rule	MED		G
מפרש	5	mfˈɔjruʃ	məfˈɔjruʃ	rule	LOW	sefaria-pointed	L
פרטית	5	prˈutis	pərˈutis	rule	LOW	model-pointed-guess	L
מגלה	5	mɡˈalə		rule	LOW	pointed-audio-endorsed	L
זמנים	5	zmnim		rule	MED		G
ובעצמו	5	ˈibəʦmi		rule	MED		G
געוויינט	5	ɡəvˈajnt		rule	MED		G
קאווע	5	kˈavə		rule	LOW	alef-default	G
נתפעל	5	nispˈuəl	nispˈɔəl	rule	LOW	printed-respelling	L
געפעלט	5	ɡəfˈɛlt		rule	LOW	pe-default	G
אונסדארפער	5	ˈinzdarfər		rule	LOW	alef-default,pe-default	G
מעשיות	5	mˈaːsəs		lexicon	HIGH		L
וואגן	5	vuɡn		lexicon	MED	audio-vowel	G
כלים	5	xlim		rule	MED		G
איבערגעבעטן	5	ˈibərɡəbejtn		rule	MED	prefix-rescue:gold+איבערגע	G
עצל	5	ɛʦl		rule	MED		G
בערקעלע	5	bˈɛrkələ		rule	MED		G
שנייד	5	ʃnajd	ʃnajt	rule	MED		G
היות	5	hˈajɔjs	hˈɛjɔjs	rule	LOW	sefaria-pointed	L
תשמעו	5	tiʃmˈɛi	tˈiʃməu	rule	LOW	sefaria-pointed	L
שווערסטע	5	ʃvˈɛrstə		rule	MED		G
מחר	5	mˈuxur		rule	LOW	sefaria-pointed	L
פוש	5	fiʃ		rule	LOW	pe-default	G
אומרים	5	ˈimrim		rule	LOW	alef-default	G
כֻּלְּכֶם	5	kˈilxəm		rule	LOW	lk-fallback	L
ישמח	5	jsmax	jəsmˈax	rule	LOW	model-pointed-guess	L
נשאר	5	nʃar		rule	LOW	alef-default	G
איבערזאגן	5	ˈibərzuɡn		rule	MED	prefix-rescue:gold+איבער	G
סעקונדע	5	sˈɛkində		rule	MED		G
ניאמצער	5	nˈiamʦər		rule	LOW	alef-default	G
מודיע	5	mˈidiə		rule	MED		G
רוחניות	5	ruxənˈijus		rule	LOW	model-pointed-guess	L
מקום	5	mkim		rule	MED		G
הכנה	5	hakˈanə	hakˈanu	rule	LOW	sefaria-pointed	L
קיצור	5	kiʦˈir		rule	MED		G
האטעל	5	hˈatəl		rule	LOW	alef-default	G
געפיל	5	ɡəfˈil		rule	MED	prefix-rescue:gold+גע	G
לעכטיג	5	lˈɛxtiɡ	lˈɛxtik	rule	MED		G
ליכטיגקייט	5	lˈixtiɡkaːt		rule	MED		G
פארווארפן	5	farvˈarfn		rule	LOW	alef-default,pe-default	G
ההכנה	5	hahakˈanu		rule	LOW	lk-proclitic-pointed:model-pointed-guess	L
טענות	5	taˈanɔjs		rule	LOW	model-pointed-guess	L
בלאט	5	blat		rule	LOW	alef-default	G
לזה	5	lˈuzə	lˈuzɛ	rule	LOW	sefaria-pointed	L
ארגאניזעישאן	5	ˈarɡanizajʃan		rule	LOW	alef-default	G
בביאת	5	bvˈias	bəvˈias	rule	LOW	sefaria-pointed	L
למביאיהן	5	lmbˈiaːn		rule	LOW	alef-default	G
שינוי	5	ʃˈinɔj		rule	MED		G
עמי	5	ˈɛmi		rule	MED		G
קלויזענבורגער	5	klˈɔjzənbirɡər		rule	MED		G
מאי	5	maː		rule	LOW	alef-default	G
אראפנעמען	5	arˈupnəmən		rule	MED	prefix-rescue:gold+אראפ	G
מ'וויינט	5	mvajnt		rule	MED	clitic	G
סמוך	5	smix		rule	MED		G
למיתה	5	ləmˈisə		rule	LOW	lk-proclitic:sefaria+ל	L
מֶלֶךְ	5	mˈɛləx		lexicon	HIGH		L
וגם	5	iɡm		rule	MED		G
פאני	5	fˈani		rule	LOW	alef-default,pe-default	G
פראנקרייך	5	frˈankrajx		rule	LOW	alef-default,pe-default	G
שובו	5	ʃˈibi		rule	MED		G
ושמעת	5	ˈiʃməs		fallback	LOW	lk-fallback	L
שיבוא	5	ʃˈibia		rule	LOW	alef-default	G
בתמוז	5	bsˈamiz	bəsˈamuz|bsˈamis	rule	LOW	sefaria-pointed	L
מציאה	5	mʦˈia		rule	LOW	alef-default	G
ואתה	5	vˈatə	vəˈatu	rule	LOW	sefaria-pointed	L
קנאה	5	kna		rule	LOW	alef-default	G
תרנגול	5	tˈarnəɡl		rule	LOW	printed-respelling	L
ותרנגולתא	5	ˈisrnɡilsa		fallback	LOW	alef-default,lk-fallback	L
דריספק	5	drisfk		rule	LOW	pe-default	G
קלייניגקייטן	5	klˈajniɡkaːtn		rule	MED		G
פארשעמען	5	farʃˈɛmən		rule	LOW	alef-default,pe-default	G
מחכה	5	mxˈakə	məxˈakɛ	rule	LOW	model-pointed-guess	L
צוברעכן	5	ʦˈibrəxn		rule	MED		G
הבקר	5	habˈukɛr		rule	LOW	model-pointed-guess	L
הרביעי	5	hrbˈiaj		rule	MED		G
זרועם	5	zrˈiəm		rule	MED		G
לבקרים	5	lbkrim		rule	MED		G
"עד""ש"	5	ˈajən dˈuləd ʃin	ˈajən dˈulət ʃin	rule	LOW	letter-names	A
אֲשֶׁר	5	ˈaʃər		rule	MED		G
דגנך	5	dɡnx		fallback	LOW	lk-fallback	L
והיה	5	ˈihi		rule	MED		G
עלמא	5	ˈɛlma		rule	LOW	alef-default	G
היין	5	hajn		rule	MED		G
שטייענדיג	5	ʃtˈajəndiɡ	ʃtˈajəndik	rule	MED		G
פשרה	5	pəʃˈuru	pˈiʃraj	rule	LOW	audio-homograph	L
ציווילע	4	ʦˈivilə		rule	MED		G
געשטארבן	4	ɡəʃtˈarbn		rule	LOW	alef-default	G
פעזעשקיאן	4	fˈɛzəʃkian		rule	LOW	alef-default,pe-default	G
קערט	4	kɛrt		rule	MED		G
דערגרייכט	4	dərɡrˈajxt		rule	MED		G
רעאגירן	4	rˈɛaɡirn		rule	LOW	alef-default	G
פירער	4	fˈirər		rule	LOW	pe-default	G
רונדע	4	rˈində		rule	MED		G
רעאקציע	4	rˈɛakʦiə		rule	LOW	alef-default	G
לעצטיגע	4	lˈɛʦtiɡə		rule	MED		G
שפיאנאזש	4	ʃpˈianaʒ	ʃpˈianaʃ	rule	LOW	alef-default,pe-default	G
טאנקער	4	tˈankər		rule	LOW	alef-default	G
מיסיל	4	mˈisil		rule	MED		G
ציל	4	ʦil		rule	MED		G
ירדן	4	irdn		rule	MED		G
דערביי	4	dərbˈaː		rule	MED	prefix-rescue:gold+דער	G
דורכצופירן	4	dˈirxʦifirn		rule	LOW	pe-default	G
סענאטאר	4	sˈɛnatar		rule	LOW	alef-default	G
נארמאל	4	nˈarmal		rule	LOW	alef-default	G
פארבינדונג	4	farbˈindinɡ	farbˈindink	rule	LOW	alef-default,pe-default	G
זערא	4	zˈɛra		rule	LOW	alef-default	G
ביזנעסער	4	bˈiznəsər		rule	MED		G
האנדלען	4	hˈandlən		rule	LOW	alef-default	G
באוויזן	4	bavˈizn		rule	LOW	alef-default	G
העכער	4	hˈɛxər		rule	MED		G
טויש	4	tɔjʃ		rule	MED		G
טרעילער	4	trˈajlər		rule	MED		G
הכנות	4	hakˈanɔjs		rule	LOW	model-pointed-guess	L
הויפן	4	hoʊfn		lexicon	HIGH		G
האנדל	4	handl		rule	LOW	alef-default	G
שארף	4	ʃarf		rule	LOW	alef-default,pe-default	G
זאגנדיג	4	zˈaɡndiɡ	zˈaɡndik	rule	LOW	alef-default	G
פארלאנגט	4	farlˈanɡt		rule	LOW	alef-default,pe-default	G
פארמישט	4	farmˈiʃt		rule	LOW	alef-default,pe-default	G
באשלאסן	4	baʃlˈasn		rule	LOW	alef-default	G
שטורעם	4	ʃtˈirəm		rule	MED		G
גרעניץ	4	ɡrˈɛniʦ		rule	MED		G
פראיעקט	4	frˈaːəkt		rule	LOW	alef-default,pe-default	G
באנד	4	band	bant	rule	LOW	alef-default	G
היים	4	hajm		rule	MED		G
פאראויס	4	farˈoʊs		rule	MED	prefix-rescue:gold+פאר	G
אויטאריטעטן	4	ˈɔjtaritətn		rule	LOW	alef-default	G
דאקומענטן	4	dˈakiməntn		rule	LOW	alef-default	G
עלף	4	ɛlf		rule	LOW	pe-default	G
געסטראשעט	4	ɡəstrˈaʃət		rule	LOW	alef-default	G
געשריגן	4	ɡəʃrˈiɡn		rule	MED		G
סעקיוריטי	4	sˈɛkjiriti		rule	MED		G
פלענער	4	plˈɛnər		lexicon	MED	audio-pe	G
פארגעשריטענע	4	farɡəʃrˈitənə		rule	LOW	alef-default,pe-default	G
מ'טרעפט	4	mtrɛft		rule	LOW	clitic	G
אנפאנגען	4	ˈanfanɡən		rule	LOW	alef-default,pe-default	G
קווייט	4	kvajt		rule	MED		G
פארמאגט	4	farmˈaɡt		rule	LOW	alef-default,pe-default	G
נאציאנאלע	4	nˈaʦianalə		rule	LOW	alef-default	G
פארלאזן	4	farlˈuzn		rule	MED	prefix-rescue:gold+פאר	G
אפריקע	4	ˈafrikə		rule	LOW	alef-default,pe-default	G
דערויף	4	dˈɛroʊf		lexicon	HIGH		G
וויירוס	4	vˈajris		rule	MED		G
אנגעלעגנהייטן	4	ˈanɡələɡnhaːtn		rule	LOW	alef-default	G
דעריבער	4	dˈɛribər		rule	MED		G
עגמת	4	ˈuɡmas	ˈuɡəmas	rule	LOW	sefaria-pointed	L
ארעסטן	4	ˈarəstn		rule	LOW	alef-default	G
אנטלויפן	4	ˈantlɔjfn		rule	LOW	alef-default,pe-default	G
האוקול	4	hˈikil		rule	LOW	alef-default	G
דאלארן	4	dˈalarn		rule	LOW	alef-default	G
עלי	4	ˈɛli		rule	MED		G
דרום	4	drim		rule	MED		G
ארומגענומען	4	arˈimɡənimən		rule	LOW	alef-default	G
געריכטן	4	ɡərˈixtn		rule	MED		G
קאאפערירן	4	kˈaafərirn		rule	LOW	alef-default,pe-default	G
אויפגעהערט	4	ˈoʊfɡəhirt		rule	MED	prefix-rescue:gold+אויפ	G
זעלבער	4	zˈɛlbər		rule	MED		G
טעריטאריע	4	tˈɛritariə		rule	LOW	alef-default	G
געווארפן	4	ɡəvˈarfn		rule	LOW	alef-default,pe-default	G
שפילן	4	ʃpiln		rule	LOW	pe-default	G
גאלאן	4	ɡˈalan		rule	LOW	alef-default	G
סטראטעגישע	4	strˈatəɡiʃə		rule	LOW	alef-default	G
קאנפליקט	4	kˈanflikt		rule	LOW	alef-default,pe-default	G
פארזוך	4	farzˈix		rule	LOW	alef-default,pe-default	G
אויסווארטן	4	ˈoʊsvartn		rule	LOW	alef-default	G
פאסירן	4	fˈasirn		rule	LOW	alef-default,pe-default	G
וואנט	4	vant		rule	LOW	alef-default	G
ערלויבן	4	ˈɛrlɔjbn		rule	MED		G
יארקער	4	jˈarkər		rule	LOW	alef-default	G
"נאט""א"	4	nin ˈaləf tɛs ˈaləf		rule	LOW	letter-names	A
עספער	4	ˈɛsfər		rule	LOW	pe-default	G
ריכטיגער	4	rˈixtiɡər		rule	MED		G
אסאד	4	ˈasad	ˈasat	rule	LOW	alef-default	G
הבירה	4	hbˈirə		rule	MED		G
חרדישן	4	xrdiʃn		fallback	LOW	lk-fallback	L
היימישן	4	hˈajmiʃn		rule	MED		G
באגלייט	4	baɡlˈajt		rule	LOW	alef-default	G
יתברך	4	jisbˈurax		rule	LOW	sefaria-pointed	L
הייבן	4	hajbn		rule	MED		G
פארקומען	4	farkˈimən		rule	MED	prefix-rescue:gold+פאר	G
חן	4	xajn		lexicon	HIGH		L
החרדית	4	haxarˈajdis		rule	LOW	model-pointed-guess	L
אוועקגענומען	4	avˈɛkɡənimən		rule	MED	prefix-rescue:gold+אוועק	G
סייבער	4	sˈajbər		rule	MED		G
גנב'ענען	4	ɡnbˈɛnən		rule	MED		G
פארלירן	4	farlˈirn		rule	LOW	alef-default,pe-default	G
באשטימט	4	baʃtˈimt		rule	LOW	alef-default	G
רום	4	rim		rule	MED		G
באפרייט	4	bafrˈajt		rule	LOW	alef-default,pe-default	G
מעגליכקייט	4	mˈɛɡlixkaːt		rule	MED		G
דינט	4	dint		rule	MED		G
איבערגענומען	4	ˈibərɡənimən		rule	MED	prefix-rescue:gold+איבער	G
באצאלט	4	baʦˈalt		rule	LOW	alef-default	G
פליגערס	4	flˈiɡərs		rule	LOW	pe-default	G
מארקעט	4	mˈarkət		rule	LOW	alef-default	G
געזעצן	4	ɡəzˈɛʦn		rule	MED		G
נושאים	4	nˈiʃaːm		rule	LOW	alef-default	G
אינטערעסן	4	ˈintərəsn		rule	LOW	alef-default	G
פריוואט	4	frˈivat		rule	LOW	alef-default,pe-default	G
כסדר	4	kasˈajdɛr		rule	LOW	sefaria-pointed	L
וואונטשן	4	vinʧn		rule	LOW	alef-default	G
בישראל	4	bˈiʃral		rule	LOW	alef-default	G
לעבעדיגע	4	lˈɛbədiɡə		rule	MED		G
דערין	4	dərˈin		rule	MED		G
טייער	4	tˈajər		rule	MED		G
הבאים	4	hbaːm		rule	LOW	alef-default	G
דרעזנער	4	drˈɛznər		rule	MED		G
איבערקומען	4	ˈibərkimən		rule	MED	prefix-rescue:gold+איבער	G
צוגעוואוינט	4	ʦˈiɡəvɔjnt		rule	LOW	alef-default	G
בחור'ל	4	bˈuxirl	bˈuxurl	rule	LOW	model-pointed-guess	L
לעגא	4	lˈɛɡa		rule	LOW	alef-default	G
צונג	4	ʦinɡ	ʦink	rule	MED		G
אנגעטון	4	ˈunɡətin		rule	MED	prefix-rescue:gold+אנגע	G
אינטערוויוט	4	ˈintərvjit		rule	LOW	alef-default	G
הכתוב	4	hakˈusiv	hakˈusif	rule	LOW	lk-proclitic-pointed:sefaria-pointed	L
מדבר	4	mədˈabajr	mˈidbur|mˈidbar|midˈabajr|midˈɛvɛr|midˈuvur	rule	LOW	audio-homograph	L
ושמחת	4	vəsumˈaxtu	vəsˈimxas	rule	LOW	audio-homograph	L
באט	4	bat		rule	LOW	alef-default	G
שכן	4	ʃˈuxajn	ʃˈɛkajn|ʃˈɔjxajn	rule	LOW	audio-homograph	L
ראגאטשאווער	4	rˈaɡaʧavər		rule	LOW	alef-default	G
קן	4	kɛn		rule	LOW	model-pointed-guess	L
שילוח	4	ʃilˈixa	ʃilˈuxa	rule	LOW	model-pointed-guess	L
הקן	4	hˈakajn		rule	LOW	sefaria-pointed	L
פליט	4	flit		rule	LOW	pe-default	G
אריינגעשיקט	4	arˈaːnɡəʃikt		rule	LOW	alef-default	G
משגיח	4	maʃɡˈixa		rule	LOW	sefaria-pointed	L
יחיד	4	jˈuxid	jˈuxit	rule	LOW	sefaria-pointed	L
אחדות	4	ˈaxdis	ˈaxdus	rule	LOW	model-pointed-guess	L
מירון	4	mˈirin		rule	MED		G
בשדה	4	bsˈudə	bəsˈudɛ	rule	LOW	model-pointed-guess	L
ירושה	4	ˈiriʃə		rule	MED		G
שוואגער	4	ʃvˈaɡər		rule	LOW	alef-default	G
פריינד	4	fraːnd	fraːnt	lexicon	HIGH		G
טשערנאבלער	4	ʧˈɛrnablər		rule	LOW	alef-default	G
זלמן	4	zˈalmən		rule	LOW	printed-respelling	L
יוצא	4	jˈiʦa		rule	LOW	alef-default	G
מאשין	4	mˈaʃin		rule	LOW	alef-default	G
אריינרופן	4	arˈaːnrifn		rule	LOW	alef-default,pe-default	G
אויסהערן	4	ˈoʊshirn		rule	MED	prefix-rescue:gold+אויס	G
גראד	4	ɡrad	ɡrat	rule	LOW	alef-default	G
באקומסט	4	bakˈimst		rule	LOW	alef-default	G
קאלט	4	kalt		rule	LOW	alef-default	G
סטאק	4	stak		rule	LOW	alef-default	G
פילט	4	filt		rule	LOW	pe-default	G
"ל""ע"	4	lˈaməd ˈajən	lˈamət ˈajən	rule	LOW	letter-names	A
גליון	4	ɡljin		rule	MED		G
בראנפן	4	branfn		rule	LOW	alef-default,pe-default	G
דאן	4	dan		lexicon	HIGH		G
מאנטריאל	4	mˈantrial		rule	LOW	alef-default	G
תקנה	4	tˈiknə	tˈiknɛ	rule	LOW	sefaria-pointed	L
מענדעלע	4	mˈɛndələ		rule	MED		G
מנשה	4	mnˈaʃə	mənˈaʃɛ	rule	LOW	sefaria-pointed	L
חבירו	4	xavˈajrɔj		rule	LOW	sefaria-pointed	L
סווימינג	4	svˈiminɡ	svˈimink	rule	MED		G
מחיצה	4	məxˈiʦə		rule	LOW	printed-respelling	L
מוסדות	4	mˈɔjzdəs	mˈɔjsdəs	lexicon	HIGH		L
פארשטייסטו	4	farʃtˈajsti		rule	LOW	alef-default,pe-default	G
משוגענער	4	mʃˈiɡənər		rule	MED		G
נאו	4	ni		rule	LOW	alef-default	G
העלא	4	hˈɛla		rule	LOW	alef-default	G
פארצייל	4	farʦˈajl		rule	LOW	alef-default,pe-default	G
אנהייב	4	ˈanhajb	ˈanhajp	rule	LOW	alef-default	G
אפגעמאכט	4	ˈupɡəmaxt		rule	MED	prefix-rescue:gold+אפגע	G
טאנא	4	tˈana		rule	LOW	alef-default	G
שפיל	4	ʃpil		rule	LOW	pe-default	G
חוק	4	xuk	xɔk	rule	LOW	printed-respelling	L
אויקשאן	4	ˈɔjkʃan		rule	LOW	alef-default	G
הדין	4	hdin		rule	MED		G
מיינסט	4	majnst		rule	MED		G
גלייב	4	ɡlajb	ɡlajp	rule	MED		G
אנגעקוקט	4	ˈunɡəkikt		rule	MED	prefix-rescue:gold+אנגע	G
סטארי	4	stˈari		rule	LOW	alef-default	G
טענה	4	tˈɛnə		rule	MED		G
ווילט	4	vilt		rule	MED		G
וואקס	4	vaks		rule	LOW	alef-default	G
הייס	4	hajs		rule	MED		G
אנגענומען	4	ˈunɡənimən		rule	MED	prefix-rescue:gold+אנ	G
צריכים	4	ʦrˈixim		rule	MED		G
אדומה	4	ˈadimə		rule	LOW	alef-default	G
מחזורים	4	maxazˈɔjrim		rule	LOW	model-pointed-guess	L
משפחת	4	miʃpˈaxas		rule	LOW	model-pointed-guess	L
באקאנטן	4	bakˈantn		rule	LOW	alef-default	G
מ'געדענקט	4	mɡədˈɛnkt		rule	MED	clitic	G
קאזין	4	kˈazin		rule	LOW	alef-default	G
צורה	4	ʦˈirə		lexicon	HIGH		L
הכשרות	4	hakʃˈajrɔjs		rule	LOW	lk-proclitic:sefaria+ה	L
כמו	4	xmi		rule	MED		G
הערשל	4	hɛrʃl		rule	MED		G
ואחד	4	vˈɛxud	vəˈɛxud|vˈɛxut	rule	LOW	sefaria-pointed	L
אנחנו	4	anˈaxni	anˈaxnu	rule	LOW	sefaria-pointed	L
פרייליכע	4	frˈajləxə		rule	LOW	pe-default	G
חטאנו	4	xutˈuni	xutˈunu	rule	LOW	sefaria-pointed	L
הבטחה	4	haftˈuxə	haftˈɔxə	rule	LOW	printed-respelling	L
פאקט	4	pakt		lexicon	MED	audio-pe	G
ווינטער	4	vˈintər		rule	MED		G
שטימט	4	ʃtimt		rule	MED		G
מושג	4	miʒɡ	miʒk	rule	MED		G
לאטעס	4	lˈatəs		rule	LOW	alef-default	G
פארשלאפן	4	farʃlˈufn		rule	MED	prefix-rescue:word-latin+פאר	G
דעביט	4	dˈɛbit		rule	MED		G
כ	4	kɔj		rule	LOW	sefaria-pointed	L
אויסהאלטן	4	ˈoʊshaltn		rule	MED	prefix-rescue:gold+אויס	G
זנב	4	zˈunəv	zˈɔnəv|zˈunəf	rule	LOW	printed-respelling	L
צדק	4	ʦˈɛdək	ʦˈɛdɛk	rule	LOW	sefaria-pointed	L
שנת	4	ʃnas	ʃənˈas	rule	LOW	sefaria-pointed	L
לכה	4	lxə	ləxˈu	rule	LOW	sefaria-pointed	L
ביכורים	4	bˈixirim		rule	MED		G
דאנקען	4	dˈankən		rule	LOW	alef-default	G
מ'ליינט	4	mlajnt		rule	MED	clitic	G
יונגער	4	jˈinɡər		rule	MED		G
צוריקציען	4	ʦirˈikʦiən		rule	MED		G
הגדול	4	hɡdil		rule	MED		G
וויזשניצער	4	vˈiʒniʦər		rule	MED		G
תנא	4	tˈunu		rule	LOW	sefaria-pointed	L
החלטה	4	hˈixltə	hˈuxəltu	rule	LOW	sefaria-pointed	L
ימלא	4	ˈimla		rule	LOW	alef-default	G
אברים	4	ˈabrim		rule	LOW	alef-default	G
מ'זינגט	4	mzinɡt		rule	MED	clitic	G
פארטרעט	4	fartrˈɛt		rule	LOW	alef-default,pe-default	G
פערדעלע	4	fˈɛrdələ		rule	LOW	pe-default	G
הענגען	4	hˈɛnɡən		rule	MED		G
סכך	4	sxax		rule	LOW	printed-respelling	L
קוואליטעט	4	kvˈalitət		rule	LOW	alef-default	G
באשטעלט	4	baʃtˈɛlt		rule	LOW	alef-default	G
אינזין	4	ˈinzin		rule	LOW	alef-default	G
ואני	4	ˈiani		rule	LOW	alef-default	G
שיהיה	4	ʃˈihi		rule	MED		G
ימיו	4	ˈimji		rule	MED		G
אחת	4	ˈaxas		rule	LOW	sefaria-pointed	L
איסור	4	isˈir		rule	LOW	alef-default	G
פראפערטי	4	frˈafərti		rule	LOW	alef-default,pe-default	G
בידוע	4	bˈidiə		rule	MED		G
אליעזר'ל	4	ˈaliəzrl		rule	LOW	alef-default	G
הכבוד	4	hxbid	hxbit	rule	MED		G
דעקל	4	dɛkl		rule	MED		G
אלי	4	ˈali		rule	LOW	alef-default	G
יאנקעלע	4	jˈankələ		rule	LOW	alef-default	G
דאורייתא	4	dəɔjrˈaːsə	dəɔjrˈajsə	rule	LOW	printed-respelling	L
דרבנן	4	drabˈunun	dərabˈunun	rule	LOW	sefaria-pointed	L
חסידות	4	xˈusidis		rule	LOW	lk-fallback	L
אראפגעלייגט	4	arˈupɡəlajɡt		rule	MED	prefix-rescue:gold+אראפגע	G
אמאליגע	4	ˈamuliɡə		lexicon	MED	audio-vowel	G
ציגן	4	ʦiɡn		rule	MED		G
יואלי	4	jˈiali		rule	LOW	alef-default	G
צוואה	4	ʦva		rule	LOW	alef-default	G
ספרי	4	sfri		rule	LOW	pe-default	G
הקהל	4	hakˈuhul		rule	LOW	sefaria-pointed	L
אורך	4	irx		rule	LOW	alef-default	G
דאווענט	4	davˈɛnt		rule	LOW	alef-default	G
ס'קאסט	4	skɔst		rule	MED	clitic	G
קרבן	4	kurbn	kɔrbn	rule	LOW	printed-respelling	L
מ'בויעט	4	mbˈɔjət		rule	MED	clitic	G
מ'דאוונט	4	mdavnt		rule	LOW	clitic	G
באקוועם	4	bakvˈɛm		rule	LOW	alef-default	G
נוסח	4	nˈisax	nˈusax	rule	LOW	model-pointed-guess	L
וואשן	4	vaʃn		rule	LOW	alef-default	G
גאסן	4	ɡasn		rule	LOW	alef-default	G
וכדומה	4	ˈixdimə		rule	MED		G
בויעט	4	bˈɔjət		rule	MED		G
משולח	4	mʃˈilux	məʃˈulux	rule	LOW	model-pointed-guess	L
מעורר	4	mˈɛirr		rule	MED		G
סיעתא	4	sijˈatu		rule	LOW	model-pointed-guess	L
טור	4	tir		rule	MED		G
מבין	4	mbin		rule	MED		G
ידידי	4	ˈididi		rule	MED		G
פערטע	4	fˈɛrtə		rule	LOW	pe-default	G
פטירה	4	ptˈirə		lexicon	MED	audio-pe	G
מסכים	4	msxim		rule	MED		G
פה	4	pˈɔjə	pɔj	rule	LOW	model-pointed-guess	L
אתכם	4	ˈɛsxəm	ˈɛsxɛm	rule	LOW	sefaria-pointed	L
גרינג	4	ɡrinɡ	ɡrink	rule	MED		G
צ	4	ʦˈadək		rule	LOW	printed-respelling	L
נ	4	nin	nun	rule	LOW	printed-respelling	L
ת	4	tuf	tɔf	rule	LOW	printed-respelling	L
זכותים	4	zxˈisim	zəxˈusim	rule	LOW	model-pointed-guess	L
שטעטל	4	ʃtɛtl		rule	MED		G
נדרי	4	ndri		rule	MED		G
לשונו	4	lʃˈini		rule	MED		G
עליונים	4	ˈɛljinim		rule	MED		G
מגילת	4	mɡˈilas	məɡˈilas	rule	LOW	model-pointed-guess	L
טומאן	4	tˈiman		rule	LOW	alef-default	G
געט	4	ɡɛt		rule	MED		G
ונצליח	4	vnaʦlˈixa		rule	LOW	pointed-audio-endorsed	L
ס'כאפט	4	sxɔft		rule	MED	clitic	G
מ'פארציילט	4	mfarʦˈajlt		rule	LOW	clitic	G
בגיא	4	bɡˈia		rule	LOW	alef-default	G
צלמות	4	ʦlmis		fallback	LOW	lk-fallback	L
עמדי	4	ˈɛmdi		rule	MED		G
גן	4	ɡan		rule	LOW	sefaria-pointed	L
פאלט	4	falt		rule	LOW	alef-default,pe-default	G
צרכים	4	ʦrxim		rule	MED		G
תשכיל	4	sʃxil		fallback	LOW	lk-fallback	L
תצליח	4	sʦlix		fallback	LOW	lk-fallback	L
לידי	4	lˈidi		rule	MED		G
דומה	4	dˈimə		rule	MED		G
אנגעטראגן	4	ˈanɡətruɡn		lexicon	MED	audio-vowel	G
שדכנים	4	ʒdxnim		rule	MED		G
שכל	4	sajxl		lexicon	HIGH		L
געוואלדיג	4	ɡəvˈaldiɡ	ɡəvˈaldik	rule	LOW	alef-default	G
מלכות	4	mˈalxis	mˈalxus	rule	LOW	sefaria-pointed	L
ואת	4	vɛs	vəˈɛs	rule	LOW	sefaria-pointed	L
חומש	4	xˈiməʃ	xˈuməʃ	rule	LOW	printed-respelling	L
ארחתיך	4	ˈarxsix		fallback	LOW	alef-default,lk-fallback	L
געהויבענער	4	ɡəhˈɔjbənər		rule	MED		G
גשמיות	4	ɡaʃmˈijus		rule	LOW	model-pointed-guess	L
וואויל	4	vɔjl		rule	LOW	alef-default	G
ניינציג	4	nˈajnʦiɡ	nˈajnʦik	rule	MED		G
דבוק	4	dbik		rule	MED		G
משלים	4	mʃlim		rule	MED		G
תחנון	4	tˈaxnən		rule	LOW	printed-respelling	L
צרה	4	ʦˈurə	ʦˈuru	rule	LOW	sefaria-pointed	L
מנחת	4	mˈinxas		rule	LOW	sefaria-pointed	L
"י""ב"	4	jid bajs	jit bajs	rule	LOW	letter-names	A
נותן	4	nˈɔjsajn		rule	LOW	sefaria-pointed	L
ניצוצות	4	niʦˈɔjʦɔjs		rule	LOW	sefaria-pointed	L
חברה	4	xˈɛvrə		lexicon	HIGH		L
שלעכטע	4	ʃlˈɛxtə		rule	MED		G
כָּל	4	kɔl	kul	lexicon	HIGH		L
טויטע	4	tˈɔjtə		rule	MED		G
רשעות	4	rʃˈɛis	rəʃˈus	rule	LOW	model-pointed-guess	L
כלם	4	xlm		fallback	LOW	lk-fallback	L
וקדוש	4	ˈikdiʃ		rule	MED		G
אריבערגעקומען	4	arˈibərɡəkimən		rule	MED	prefix-rescue:gold+אריבערגע	G
וויי	4	vaj		rule	MED		G
יודע	4	jˈidə		rule	MED		G
דעת	4	dˈaas		rule	LOW	printed-respelling	L
המדבר	4	hamˈidbur	hamdˈabajr	rule	LOW	audio-homograph	L
אבה	4	ˈabə		rule	LOW	alef-default	G
לשמע	4	lʃmə		rule	MED		G
ביעקב	4	bˈiəkb	bˈiəkp	rule	MED		G
הרי	4	hri		rule	MED		G
טיפער	4	tˈifər		rule	LOW	pe-default	G
שטייף	4	ʃtajf		rule	LOW	pe-default	G
פעסט	4	fɛst		rule	LOW	pe-default	G
טאנטע	4	tˈantə		rule	LOW	alef-default	G
אלוקינו	4	ˈalikini		rule	LOW	alef-default	G
סידי	4	sˈidi		rule	MED		G
זיסן	4	zisn		rule	MED		G
לחי	4	lxi	ləxˈi	rule	LOW	model-pointed-guess	L
עולמים	4	ˈilmim		rule	MED		G
נא	4	na		rule	LOW	alef-default	G
תן	4	tɛn	tajn	rule	LOW	audio-homograph	L
בתוכנו	4	bsɔjxˈajni	bəsɔjxˈajnu	rule	LOW	sefaria-pointed	L
ולעבדו	4	ˈiləbdi		rule	MED		G
חסדו	4	xˈasdɔj		rule	LOW	sefaria-pointed	L
אויפגעגעבן	4	ˈoʊfɡəɡejbn		rule	MED	prefix-rescue:gold+אויפגע	G
געוואלד	4	ɡəvˈald	ɡəvˈalt	rule	LOW	alef-default	G
שופט	4	ʃift		rule	LOW	pe-default	G
יקח	4	jˈikax		rule	LOW	model-pointed-guess	L
רוק	4	rik		rule	MED		G
בארואיגט	4	barˈuaːɡt		lexicon	MED	audio-vowel	G
צודרייטער	4	ʦˈidrajtər		rule	MED		G
מנוחה	4	mnˈixə	mənˈuxu	rule	LOW	sefaria-pointed	L
שטיקלעך	4	ʃtˈikləx		rule	MED		G
היכל	4	hixl		rule	MED		G
יַכְּכָה	4	jˈakxə		rule	MED		G
בְּשִׁגָּעוֹן	4	bʃˈiɡuɔjn		rule	MED		G
וְהָיִיתָ	4	vəhujˈisu		rule	LOW	lk-proclitic-pointed:sefaria-pointed	L
מְשֻׁגָּע	4	mʃˈiɡu		rule	MED		G
געשלאגן	4	ɡəʃlˈuɡn		lexicon	MED	audio-vowel	G
אינסטרומענט	4	instrimˈɛnt		rule	LOW	alef-default	G
כבודו	4	xbˈidi		rule	MED		G
נורא	4	nˈira		rule	LOW	alef-default	G
ויודוך	4	ˈɔjidix		rule	MED		G
לאלוקים	4	lˈalikim		rule	LOW	alef-default	G
זמרו	4	zmri		rule	MED		G
לרוכב	4	lrixb	lrixp	rule	MED		G
ערער	4	ˈɛrər		rule	MED		G
מתים	4	mˈajsim		rule	LOW	sefaria-pointed	L
דמאיר	4	dmaːr		rule	LOW	alef-default	G
ענני	4	ˈɛnni		rule	MED		G
"מהרש""א"	4	mahˈarʃə		lexicon	LOW	acronym-word	A
ווארפט	4	varft		rule	LOW	alef-default,pe-default	G
שעמען	4	ʃˈɛmən		rule	MED		G
בושת	4	bˈɔjʃəs	bˈɔjʃɛs	rule	LOW	model-pointed-guess	L
מיטגעמאכט	4	mˈitɡəmaxt		rule	MED	prefix-rescue:gold+מיטגע	G
עָרְלַת	4	ˈurlas		rule	LOW	lk-fallback	L
לְבַבְכֶם	4	lvˈavxəm		rule	LOW	lk-fallback	L
עוֹד	4	ɔjd	ɔjt	rule	MED		G
לְבָבְךָ	4	lvˈuvxu		rule	LOW	lk-fallback	L
התעוררות	4	hisəˈɔjrris	hisˈɔjrərus	rule	LOW	model-pointed-guess	L
אנגעטרונקען	4	ˈanɡətrinkən		rule	LOW	alef-default	G
אראפגעפאלן	4	arˈupɡəfaln		rule	LOW	alef-default,pe-default	G
אַתָּה	4	ˈatə		rule	LOW	lk-fallback	L
הָרְאֵתָ	4	hurˈajsu		rule	LOW	lk-fallback	L
אֵין	4	in		lexicon	HIGH		G
חיי	4	xˈajaj		rule	LOW	model-pointed-guess	L
ידועים	4	ˈidiajm		rule	MED		G
באר	4	bar		rule	LOW	alef-default	G
יאסל	4	jasl		rule	LOW	alef-default	G
ליסקא	4	lˈiska		rule	LOW	alef-default	G
היימיש	4	hˈajmiʃ		rule	MED		G
אויפגעלייגט	4	ˈoʊfɡəlajɡt		rule	MED	prefix-rescue:gold+אויפגע	G
אוועקגעזעצט	4	avˈɛkɡəzəʦt		rule	LOW	alef-default	G
העניך	4	hˈɛnix		rule	MED		G
הגם	4	hˈaɡam		rule	LOW	sefaria-pointed	L
געבאקן	4	ɡəbˈakn		rule	LOW	alef-default	G
אריינגעשניטן	4	arˈaːnɡəʃnitn		rule	LOW	alef-default	G
שניידט	4	ʃnajdt		rule	MED		G
געטיילט	4	ɡətˈajlt		rule	MED		G
מחשבות	4	mˈaxʃəvɔjs	maxaʃˈuvɔjs	rule	LOW	audio-homograph	L
אנגעוואונטשן	4	ˈanɡəvinʧn		rule	LOW	alef-default	G
אוועקזעצן	4	avˈɛkzəʦn		rule	LOW	alef-default	G
אנטקעגן	4	ˈantkəɡn		rule	LOW	alef-default	G
נגאלים	4	nɡˈalim		rule	LOW	alef-default	G
עשרת	4	asˈɛrɛs		rule	LOW	sefaria-pointed	L
האדם	4	hadm		rule	LOW	alef-default	G
קוים	4	kɔjm		rule	MED		G
לפי	4	lfi		rule	LOW	pe-default	G
שלוחים	4	ʃlˈixim	ʃəlˈuxim	rule	LOW	model-pointed-guess	L
אגב	4	ˈaɡav	ˈaɡəv|ˈaɡaf	lexicon	HIGH		L
גביר	4	ɡbir		rule	MED		G
קומסט	4	kimst		rule	MED		G
דנחמתא	4	dnəxəmˈusu	dənɛxɛmˈusu	rule	LOW	model-pointed-guess	L
הזמנים	4	hzmnim		rule	MED		G
שווארצע	4	ʃvˈarʦə		rule	LOW	alef-default	G
אראבער	4	ˈarabər		rule	LOW	alef-default	G
טיגער	4	tˈiɡər		rule	MED		G
שוויגער	4	ʃvˈiɡər		rule	MED		G
קאנפידענץ	4	kanfidˈɛnʦ		rule	LOW	alef-default,pe-default	G
נפתלי'טשע	4	nfslˈiʧə		fallback	LOW	pe-default,lk-fallback	L
געטייטשט	4	ɡətˈajʧt		rule	MED		G
סורדזשערי	4	sˈirʤəri		rule	MED		G
אפשטופן	4	ˈafʃtifn		rule	LOW	alef-default,pe-default	G
לשונות	4	lʃˈɔjnɔjs	ləʃˈɔjnɔjs	rule	LOW	sefaria-pointed	L
קאנסטראקשן	4	kˈanstrakʃn		rule	LOW	alef-default	G
געזונטערהייט	4	ɡəzˈintərhaːt		rule	MED		G
דוחה	4	dˈɔjxə	dˈɔjxɛ	rule	LOW	model-pointed-guess	L
שלעפט	4	ʃlɛpt		lexicon	MED	audio-pe	G
שטעקן	4	ʃtɛkn		rule	MED		G
סיפור	4	sifˈir		rule	LOW	pe-default	G
פיטש	4	fiʧ		rule	LOW	pe-default	G
ליגן	4	liɡn		rule	MED		G
הוה	4	hi		rule	MED		G
פרעזענט	4	frəzˈɛnt		rule	LOW	pe-default	G
סאלאנטער	4	salˈantər		rule	LOW	alef-default	G
אייבו	4	ˈajbi		rule	LOW	alef-default	G
אתא	4	ˈasa		fallback	LOW	alef-default,lk-fallback	L
צפת	4	ʦfas	ʦəfˈas	rule	LOW	sefaria-pointed	L
יונג	4	jinɡ	jink	rule	MED		G
אלכסנדר	4	alˈɛksandər		rule	LOW	printed-respelling	L
ואתם	4	vˈatəm	vəˈatɛm	rule	LOW	sefaria-pointed	L
לִי	4	li		rule	MED		G
נאצי	4	nˈaʦi		rule	LOW	alef-default	G
אוסטראווצער	4	ˈistravʦər		rule	LOW	alef-default	G
אויפצושטיין	4	ˈɔjfʦiʃtajn		rule	LOW	alef-default,pe-default	G
בועז	4	bˈiəz	bˈiəs	rule	MED		G
מסיים	4	msajm		rule	MED		G
עגונה	4	ˈɛɡinə		rule	MED		G
אמצעים	4	ˈamʦajm		rule	LOW	alef-default	G
אַתֶּם	4	ˈatəm		rule	LOW	lk-fallback	L
נִצָּבִים	4	nˈiʦuvim		rule	MED		G
יִשְׂרָאֵל	4	jisrˈuəl		lexicon	HIGH		L
מֹשֶׁה	4	mˈɔjʃə		lexicon	HIGH		N
"רמב""ן"	4	rˈamban		lexicon	LOW	acronym-word	A
ויאמר	4	ˈɔjamr		rule	LOW	alef-default	G
צוזאמגענומען	4	ʦˈizamɡənimən		rule	LOW	alef-default	G
מרגיש	4	mrɡiʃ		rule	MED		G
אנדערן	4	ˈandərn		rule	LOW	alef-default	G
אויפהייבן	4	ˈɔjfhajbn		rule	LOW	alef-default,pe-default	G
ומשם	4	imʃm		rule	MED		G
בא'עוול'ט	4	baˈɛvlt		rule	LOW	alef-default	G
קודשא	4	kˈidʃa		rule	LOW	alef-default	G
בריך	4	brix		rule	MED		G
חוב	4	xɔjv	xɔjf	rule	LOW	sefaria-pointed	L
אנגעצויגן	4	ˈanɡəʦɔjɡn		rule	LOW	alef-default	G
אפהיטן	4	ˈafhitn		rule	LOW	alef-default,pe-default	G
וועלטן	4	vɛltn		rule	MED		G
גיסט	4	ɡist		rule	MED		G
אי	4	i		rule	LOW	model-pointed-guess	L
געדרש'נט	4	ɡɛdrʃnt		fallback	LOW	vowel-ratio	G
האום	4	him		rule	LOW	alef-default	G
שונא	4	ʃˈina		rule	LOW	alef-default	G
דייקא	4	dˈajka		rule	LOW	alef-default	G
ידח	4	jˈidax		rule	LOW	sefaria-pointed	L
נדח	4	ndx		fallback	LOW	lk-fallback	L
שארית	4	ʃˈajris	ʃəˈajris	rule	LOW	sefaria-pointed	L
השני	4	hʃni		rule	MED		G
עצים	4	ˈɛʦim		rule	MED		G
אויבערשטער	4	ˈɔjbərʃtər		rule	LOW	alef-default	G
מצדיק	4	mʦdik		rule	MED		G
נפשך	4	nˈafʃəxu	nafʃˈɛxu|nˈafʃajx	rule	LOW	audio-homograph	L
ויכל	4	ɔjxl		rule	MED		G
כשם	4	kʃajm	kəʃˈajm	rule	LOW	sefaria-pointed	L
עליהם	4	ˈɛlim		rule	MED		G
שאינו	4	ʃˈaːni		rule	LOW	alef-default	G
אחרי	4	axˈaraj		rule	LOW	sefaria-pointed	L
סיחון	4	sˈixɔjn		rule	LOW	sefaria-pointed	L
ועוג	4	ˈiəiɡ	ˈiəik	rule	MED		G
עקל	4	ɛkl		rule	MED		G
מקרה	4	mˈikrə		rule	LOW	pointed-audio-endorsed	L
גרויסן	4	ɡrɔjsn		rule	MED		G
הבא	4	hba		rule	LOW	alef-default	G
ראשיכם	4	rˈaʃixm		rule	LOW	alef-default	G
שבטיכם	4	ʒbtixm		rule	MED		G
מחוטב	4	mxitb		fallback	LOW	lk-fallback	L
שואב	4	ʃˈiab	ʃˈiap	rule	LOW	alef-default	G
מימיך	4	mˈimix		rule	MED		G
טענדלער	4	tˈɛndlər		rule	MED		G
טעיל	4	tajl		rule	MED		G
ושבת	4	ˈiʃabəs		rule	LOW	lk-fallback	L
יראה	4	ˈira		rule	LOW	alef-default	G
חומת	4	xˈɔjmas		rule	LOW	sefaria-pointed	L
מצפה	4	miʦˈapə	miʦˈapɛ	rule	LOW	model-pointed-guess	L
עכבו	4	ˈɛxbi		rule	MED		G
חזק	4	xˈazak	xˈuzuk|xˈazajk|xˈuzak	rule	LOW	audio-homograph	L
ישיב	4	ˈiʃib	ˈiʃip	rule	MED		G
גאולתו	4	ɡˈilsi		fallback	LOW	alef-default,lk-fallback	L
נמי	4	nmi		rule	MED		G
קינות	4	kˈinɔjs		rule	LOW	sefaria-pointed	L
איברים	4	ˈibrim		rule	LOW	alef-default	G
געשיינט	4	ɡəʃˈajnt		rule	MED		G
קערל	4	kɛrl		rule	MED		G
קינה	4	kˈinə		rule	MED		G
שמך	4	ʃˈimxu		rule	LOW	model-pointed-guess	L
ובר	4	ibr		rule	MED		G
שקא	4	ʃka		rule	LOW	alef-default	G
שחיטה	4	ʃxˈitə	ʃəxˈitu	rule	LOW	sefaria-pointed	L
פרומער	4	frˈimər		rule	LOW	pe-default	G
תקוה	4	tˈikvə	tˈikvu	rule	LOW	sefaria-pointed	L
אחכה	4	axˈakə	axˈakɛ	rule	LOW	sefaria-pointed	L
נטויה	4	ntˈɔjə		rule	MED		G
ממעטין	4	mmˈɛtin		rule	MED		G
מרבין	4	mrbin		rule	MED		G
מעלת	4	maˈalas		rule	LOW	model-pointed-guess	L
חברינו	4	xavajrˈajnu	xavajrˈajni	rule	LOW	model-pointed-guess	L
הִבִּיט	4	hˈibit		rule	MED		G
אָוֶן	4	in		lexicon	HIGH		G
בְּיַעֲקֹב	4	baˈakɔjv	baˈakɔjf	rule	MED		G
רָאָה	4	rˈuə		rule	MED		G
עָמָל	4	ˈumul		rule	MED		G
בְּיִשְׂרָאֵל	4	bˈisrajl		rule	MED		G
"י""ז"	4	jid zˈajən	jit zˈajən	rule	LOW	letter-names	A
תמוז	4	tˈamiz	tˈamuz|tˈamis	rule	LOW	sefaria-pointed	L
שאנו	4	ʃˈani		rule	LOW	alef-default	G
דכתיב	4	dˈixsiv	dˈixsif	rule	LOW	lk-proclitic-pointed:sefaria-pointed	L
בחינת	4	bxˈinas	bəxˈinas	rule	LOW	model-pointed-guess	L
"דצ""ך"	4	dˈuləd ʦˈadik xuf	dˈulət ʦˈadik xuf	rule	LOW	letter-names	A
ולמד	4	ilmd	ilmt	rule	MED		G
לבן	4	lˈuvun		rule	LOW	pointed-audio-endorsed	L
שלעסקי	4	ʃlˈɛski		rule	MED		G
גאט	4	ɡɔt		lexicon	HIGH		G
וּמְשׂוֹשׂ	4	ˈimsɔjs		rule	MED		G
חָתָן	4	xusn		lexicon	HIGH		L
כַּלָּה	4	kˈalə		lexicon	HIGH		L
צוהאקן	4	ʦˈihakn		rule	LOW	alef-default	G
בגין	4	bɡin		rule	MED		G
דינא	4	dˈina		rule	LOW	alef-default	G
געזונטהייט	3	ɡəzˈinthaːt		rule	MED		G
סצענע	3	sʦˈɛnə		rule	MED		G
טשיינע	3	ʧˈajnə		rule	MED		G
סטעיטמענט	3	stajtmˈɛnt		rule	MED		G
קאמאנד	3	kˈamand	kˈamant	rule	LOW	alef-default	G
שיפינג	3	ʃˈifinɡ	ʃˈifink	rule	LOW	pe-default	G
טרופן	3	trifn		rule	LOW	pe-default	G
אייראפעאישע	3	ˈajrafəaːʃə		rule	LOW	alef-default,pe-default	G
נארט	3	nart		rule	LOW	alef-default	G
קאראליינע	3	kˈaralajnə		rule	LOW	alef-default	G
סילוואנאוו	3	sˈilvanav	sˈilvanaf	rule	LOW	alef-default	G
מאסקווע	3	mˈaskvə		rule	LOW	alef-default	G
עף	3	ɛf		rule	LOW	pe-default	G
בי	3	bi		rule	MED		G
קעש	3	kɛʃ		rule	MED		G
"שב""כ"	3	ʃin bajs xuf		rule	LOW	letter-names	A
איבערהויפט	3	ˈibərhɔjft		rule	LOW	alef-default,pe-default	G
פאליסי	3	fˈalisi		rule	LOW	alef-default,pe-default	G
סיסטעמס	3	sˈistəms		rule	MED		G
אנטי	3	ˈanti		rule	LOW	alef-default	G
גרעיט	3	ɡrajt		rule	MED		G
לעיקס	3	lajks		rule	MED		G
טייכן	3	tajxn		rule	MED		G
פארארדענונג	3	farˈardəninɡ	farˈardənink	rule	LOW	alef-default,pe-default	G
אוצר	3	iʦr		rule	LOW	alef-default	G
צושטערן	3	ʦˈiʃtərn		rule	MED		G
געשאסן	3	ɡəʃˈasn		rule	LOW	alef-default	G
מיסילס	3	mˈisils		rule	MED		G
ווארטזאגער	3	vˈartzaɡər		rule	LOW	alef-default	G
מערהייט	3	mˈɛrhaːt		rule	MED		G
פארמיידן	3	farmˈajdn		rule	LOW	alef-default,pe-default	G
באדייט	3	badˈajt		rule	LOW	alef-default	G
אפגעשטופט	3	ˈɔpɡəʃtift		rule	LOW	alef-default,pe-default	G
אייסיס	3	ˈajsis		rule	LOW	alef-default	G
סאודי	3	sˈidi		rule	LOW	alef-default	G
שאפן	3	ʃafn		rule	LOW	alef-default,pe-default	G
צונעמען	3	ʦˈinəmən		rule	MED	prefix-rescue:gold+צו	G
באנק	3	bank		rule	LOW	alef-default	G
מעלדונג	3	mˈɛldinɡ	mˈɛldink	rule	MED		G
עירליין	3	ˈajrlajn		rule	MED		G
דערקעגן	3	dərkˈejɡn		rule	MED	prefix-rescue:gold+דער	G
טעריפס	3	tˈɛrifs		rule	LOW	pe-default	G
שטיצן	3	ʃtiʦn		rule	MED		G
באזעס	3	bazˈɛs		rule	LOW	alef-default	G
פאסירט	3	fˈasirt		rule	LOW	alef-default,pe-default	G
קאנאדישע	3	kˈanadiʃə		rule	LOW	alef-default	G
ארויסשטעלן	3	arˈoʊsʃtəln		rule	LOW	alef-default	G
באשטעטיגן	3	baʃtˈɛtiɡn		rule	LOW	alef-default	G
אויפרייס	3	ˈɔjfrajs		rule	LOW	alef-default,pe-default	G
מאטריאל	3	mˈatrial		rule	LOW	alef-default	G
געלאדנט	3	ɡəlˈadnt		rule	LOW	alef-default	G
פונקטליכע	3	fˈinktləxə		rule	LOW	pe-default	G
ערווארטעט	3	ˈɛrvartət		rule	LOW	alef-default	G
אויסשמועסן	3	ˈoʊsʃmiəsn		rule	LOW	alef-default	G
מאמענטאל	3	mˈaməntal		rule	LOW	alef-default	G
קארני	3	kˈarni		rule	LOW	alef-default	G
געראנגל	3	ɡərˈanɡl		rule	LOW	alef-default	G
פארהאנדלונגען	3	farhˈandlinɡən		rule	LOW	alef-default,pe-default	G
מיזלס	3	mizls		rule	MED		G
מוהלים	3	mˈilim		rule	MED		G
נייער	3	nˈajər		rule	MED		G
אהערגעשטעלט	3	ahˈɛrɡəʃtəlt		rule	LOW	alef-default	G
לעגאלע	3	lˈɛɡalə		rule	LOW	alef-default	G
פאליטישע	3	pɔlˈitiʃə		lexicon	HIGH		G
ראטעס	3	rˈatəs		rule	LOW	alef-default	G
מערערע	3	mˈɛrərə		rule	MED		G
דיפלאמאטישע	3	dˈiflamatiʃə		rule	LOW	alef-default,pe-default	G
סיריע	3	sˈiriə		rule	MED		G
אכצן	3	axʦn		rule	LOW	alef-default	G
אויגוסט	3	ˈɔjɡist		rule	LOW	alef-default	G
פערזאנען	3	fˈɛrzanən		rule	LOW	alef-default,pe-default	G
מעקסיקא	3	mˈɛksika		rule	LOW	alef-default	G
טורמע	3	tˈirmə		rule	MED		G
אייס	3	ajs		rule	LOW	alef-default	G
כינעזער	3	xˈinəzər		rule	MED		G
ארטיגע	3	ˈartiɡə		rule	LOW	alef-default	G
איינקויפן	3	ˈaːnkɔjfn		rule	MED	prefix-rescue:gold+איינ	G
פולע	3	fˈilə		rule	LOW	pe-default	G
אומצוברענגען	3	ˈimʦibrənɡən		rule	LOW	alef-default	G
צייגט	3	ʦajɡt		rule	MED		G
אגענטן	3	ˈaɡəntn		rule	LOW	alef-default	G
מיאמי	3	mˈiami		rule	LOW	alef-default	G
באשולדיגונג	3	baʃˈildiɡinɡ	baʃˈildiɡink	rule	LOW	alef-default	G
נעפאל	3	nˈɛfal		rule	LOW	alef-default,pe-default	G
ישראל'דיגע	3	ˈiʃraldiɡə		rule	LOW	alef-default	G
יעריגער	3	jˈɛriɡər		rule	MED		G
חזקי	3	xˈizki		rule	LOW	model-pointed-guess	L
געגנטער	3	ɡəɡntˈɛr		rule	MED		G
נאנטע	3	nˈantə		rule	LOW	alef-default	G
אטאקירט	3	ˈatakirt		rule	LOW	alef-default	G
קריטישע	3	krˈitiʃə		rule	MED		G
ריזן	3	rizn		rule	MED		G
סאלדאט	3	sˈaldat		rule	LOW	alef-default	G
מ'פליט	3	mflit		rule	LOW	clitic	G
קעיסעס	3	kˈajsəs		rule	MED		G
סטאטוס	3	stˈatis		rule	LOW	alef-default	G
איבערגעגעבן	3	ˈibərɡəɡejbn		rule	MED	prefix-rescue:gold+איבערגע	G
טארן	3	tarn		rule	LOW	alef-default	G
ווייטערדיגע	3	vˈajtərdiɡə		rule	MED		G
פראצעדורן	3	frˈaʦədirn		rule	LOW	alef-default,pe-default	G
פארברעכער	3	farbrˈɛxər		rule	LOW	alef-default,pe-default	G
געזוכט	3	ɡəzˈixt		rule	MED	prefix-rescue:gold+גע	G
געשניטן	3	ɡəʃnˈitn		rule	MED		G
רויטער	3	rˈɔjtər		rule	MED		G
פארוואונדעט	3	farvˈindət		rule	LOW	alef-default,pe-default	G
אינפראסטרוקטור	3	infrastriktˈir		rule	LOW	alef-default,pe-default	G
קעמפער	3	kˈɛmfər		rule	LOW	pe-default	G
באזונדערע	3	bazˈindərə		rule	LOW	alef-default	G
אימיגראנטן	3	ˈimiɡrantn		rule	LOW	alef-default	G
פילע	3	fˈilə		rule	LOW	pe-default	G
ס'נעמט	3	snɛmt		rule	MED	clitic	G
פארלאנגען	3	farlˈanɡən		rule	LOW	alef-default,pe-default	G
באזארגט	3	bazˈarɡt		rule	LOW	alef-default	G
מטבע	3	mtbə		rule	MED		G
פייערן	3	fˈajərn		rule	LOW	pe-default	G
שטארקייט	3	ʃtˈarkaːt		rule	LOW	alef-default	G
אריינקוקן	3	arˈaːnkikn		rule	LOW	alef-default	G
דורכפירן	3	dˈirxfirn		rule	LOW	pe-default	G
באווייזן	3	bavˈajzn		rule	LOW	alef-default	G
בירגערשאפט	3	bˈirɡərʃaft		rule	LOW	alef-default,pe-default	G
גרין	3	ɡrin		rule	MED		G
טעהראן	3	tˈɛran		rule	LOW	alef-default	G
דירעקט	3	dˈirəkt		rule	MED		G
ארויסגעבן	3	arˈoʊzɡəbən		rule	MED	prefix-rescue:gold+ארויסגע	L
ברייט	3	brajt		rule	MED		G
מעגליכע	3	mˈɛɡləxə		rule	MED		G
אויפגעברענגט	3	ˈoʊfɡəbrənɡt		rule	MED	prefix-rescue:gold+אויפגע	G
האפט	3	haft		rule	LOW	alef-default,pe-default	G
פארקערטע	3	farkˈɛrtə		rule	LOW	alef-default,pe-default	G
דזשאסטיס	3	ʤˈastis		rule	LOW	alef-default	G
קלארגעשטעלט	3	klˈarɡəʃtəlt		rule	LOW	alef-default	G
דזשענעראל	3	ʤˈɛnəral		rule	LOW	alef-default	G
פראטעסטירן	3	frˈatəstirn		rule	LOW	alef-default,pe-default	G
וויטאקער	3	vˈitakər		rule	LOW	alef-default	G
וואפן	3	vafn		rule	LOW	alef-default,pe-default	G
פוטין	3	fˈitin		rule	LOW	pe-default	G
דערפאר	3	dərfˈar		rule	MED	prefix-rescue:gold+דער	G
שאצונג	3	ʃˈaʦinɡ	ʃˈaʦink	rule	LOW	alef-default	G
פארשיקן	3	farʃˈikn		rule	MED	prefix-rescue:gold+פאר	G
פארנעם	3	farnˈɛm		rule	LOW	alef-default,pe-default	G
גארד	3	ɡard	ɡart	rule	LOW	alef-default	G
גענעראל	3	ɡənˈɛral		rule	LOW	alef-default	G
סולימאן	3	sˈiliman		rule	LOW	alef-default	G
געהיימע	3	ɡəhˈajmə		rule	MED		G
צפון	3	ʦfin		rule	LOW	pe-default	G
וואקאציע	3	vˈakaʦiə		rule	LOW	alef-default	G
דזשערסי	3	ʤˈɛrsi		rule	MED		G
קאטלער	3	kˈatlər		rule	LOW	alef-default	G
הפרק	3	hfrk		fallback	LOW	pe-default,lk-fallback	L
אנגעגאנגען	3	ˈunɡəɡanɡən		rule	MED	prefix-rescue:gold+אנ	G
אונטער'ן	3	ˈintərn		rule	LOW	alef-default	G
תשועה	3	ʧˈiə	təʃˈuu	rule	LOW	sefaria-pointed	L
למלכים	3	lmlxim		rule	MED		G
יהדות	3	jahˈadis	jahˈadus	rule	LOW	model-pointed-guess	L
אינטערוויוס	3	ˈintərvjis		rule	LOW	alef-default	G
געפאר	3	ɡəfˈar		rule	LOW	alef-default,pe-default	G
חשבונות	3	xɛʃbˈɔjnɔjs		rule	LOW	sefaria-pointed	L
יארטאג	3	jˈartaɡ	jˈartak	rule	LOW	alef-default	G
ווייניג	3	vˈajniɡ	vˈajnik	rule	MED		G
סטעיטס	3	stajʦ		rule	MED		G
מדרשים	3	mdrʃim		rule	MED		G
"י""ג"	3	jid ɡiml	jit ɡiml	rule	LOW	letter-names	A
אינערהאלב	3	ˈinərhalb	ˈinərhalp	rule	LOW	alef-default	G
מידיא	3	mˈidia		rule	LOW	alef-default	G
אנהאלטן	3	ˈunhaltn		rule	MED	prefix-rescue:gold+אנ	G
ערשטן	3	ɛrʃtn		rule	MED		G
ענליכע	3	ˈɛnləxə		rule	MED		G
אפגעשיקט	3	ˈɔpɡəʃikt		rule	LOW	alef-default,pe-default	G
ברייטע	3	brˈajtə		rule	MED		G
שטח	3	ʃˈɛtəx		lexicon	HIGH		L
האס	3	has		rule	LOW	alef-default	G
געהאלט	3	ɡəhˈalt		rule	MED	prefix-rescue:gold+גע	G
יוניאן	3	jˈinian		rule	LOW	alef-default	G
געפלאנט	3	ɡəflˈant		rule	LOW	alef-default,pe-default	G
אימעיל	3	imˈejl	ˈɛmail	lexicon	HIGH		E
המלכות	3	hamˈalxis		rule	LOW	lk-proclitic-pointed:sefaria-pointed	L
קשבת	3	kʃˈabəs		rule	LOW	lk-fallback	L
פלי	3	fli		rule	LOW	pe-default	G
מ'האפט	3	mhaft		rule	LOW	clitic	G
חרדי'שן	3	xrdiʃn		fallback	LOW	lk-fallback	L
וועכנטליכע	3	vˈɛxntləxə		rule	MED		G
בקשות	3	bakˈuʃɔjs		rule	LOW	model-pointed-guess	L
באדאנקען	3	badˈankən		rule	LOW	alef-default	G
מלכים	3	mlxim		rule	MED		G
ביד	3	bid	bit	rule	MED		G
רבא	3	rba		rule	LOW	alef-default	G
בשלום	3	bʃlim		rule	MED		G
גג	3	ɡaɡ	ɡak	rule	LOW	model-pointed-guess	L
ווינקל	3	vinkl		rule	MED		G
מאנהעטן	3	mˈanhətn		rule	LOW	alef-default	G
ערשט	3	ɛrʃt		rule	MED		G
אמאן	3	ˈaman		rule	LOW	alef-default	G
מלחמות	3	milxˈumɔjs		rule	LOW	model-pointed-guess	L
אראפלייגן	3	arˈuplajɡn		rule	MED	prefix-rescue:gold+אראפ	G
ברוכים	3	brˈixim		rule	MED		G
עניני	3	ˈɛnini		rule	MED		G
פראווען	3	prˈavən		lexicon	MED	audio-pe	G
מאכסטו	3	mˈaxsti		rule	LOW	alef-default	G
אשת	3	ˈajʃəs	ˈajʃɛs	rule	LOW	sefaria-pointed	L
מאמענט	3	mamˈɛnt		rule	LOW	alef-default	G
סעט	3	sɛt		rule	MED		G
בויט	3	boʊt		lexicon	HIGH		G
נחמן	3	nˈaxmən		rule	LOW	printed-respelling	L
שאני	3	ʃˈani		rule	LOW	alef-default	G
אוועקגעגאנגען	3	avˈɛkɡəɡanɡən		rule	MED	prefix-rescue:gold+אוועק	G
קארט	3	kart		rule	LOW	alef-default	G
געמוטשעט	3	ɡəmˈiʧət		rule	MED		G
אפרים	3	ˈafrim		rule	LOW	alef-default,pe-default	G
ושבית	3	vʃuvˈisu	vəʃuvˈisu	rule	LOW	sefaria-pointed	L
צוויבל	3	ʦvibl		rule	MED		G
למלחמה	3	lamilxˈumə		rule	LOW	lk-proclitic-pointed:sefaria-pointed	L
מ'פירט	3	mfirt		rule	MED	clitic	G
בזמן	3	bˈizman		rule	LOW	lk-proclitic-pointed:sefaria-pointed	L
מחיית	3	məxajˈajjas		rule	LOW	model-pointed-guess	L
שטייסט	3	ʃtajst		rule	MED		G
חיות	3	xˈajɔjs		rule	LOW	model-pointed-guess	L
מכאן	3	mxan		rule	LOW	alef-default	G
ראוי	3	rɔj		rule	LOW	alef-default	G
פסיעות	3	fsˈiəis		fallback	LOW	pe-default,lk-fallback	L
ישיבת	3	jʃˈivas	jəʃˈivas	rule	LOW	sefaria-pointed	L
קורא	3	kˈira		rule	LOW	alef-default	G
גרופן	3	ɡrifn		rule	LOW	pe-default	G
טוסטו	3	tˈisti		rule	MED		G
מעיל	3	majl		rule	MED		G
וואויסמעיל	3	vˈɔjsmajl		rule	LOW	alef-default	G
קאלס	3	kals		rule	LOW	alef-default	G
צוטון	3	ʦˈitin		rule	MED	prefix-rescue:gold+צו	G
נאמבערס	3	nˈambərs		rule	LOW	alef-default	G
נאכלויפן	3	nˈaxlɔjfn		rule	LOW	alef-default,pe-default	G
בחינם	3	bəxˈinəm		rule	LOW	printed-respelling	L
"הרה""ק"	3	haj rajʃ haj kif		rule	LOW	letter-names	A
פארשפרייטן	3	farʃprˈajtn		rule	LOW	alef-default,pe-default	G
תורות	3	tˈɔjrɔjs		rule	LOW	model-pointed-guess	L
שמשון	3	ʃmʃin		rule	MED		G
פארגינען	3	farɡˈinən		rule	LOW	alef-default,pe-default	G
רבות	3	rˈabɔjs		rule	LOW	sefaria-pointed	L
פעלן	3	fɛln		rule	LOW	pe-default	G
קטנה	3	ktˈanə	kətˈanu	rule	LOW	sefaria-pointed	L
מ'דאווענט	3	mdavˈɛnt		rule	LOW	clitic	G
ליכטל	3	lixtl		rule	MED		G
ביז'ן	3	bizn		rule	MED		G
באווארפן	3	bavˈarfn		rule	LOW	alef-default,pe-default	G
פוינט	3	fɔjnt		rule	LOW	pe-default	G
מדת	3	mˈidas		rule	LOW	sefaria-pointed	L
רוקן	3	rikn		rule	MED		G
דמיון	3	dmjin		rule	MED		G
גרעסער	3	ɡrˈɛsər		rule	MED		G
פשוט'ער	3	fʃˈitər		rule	LOW	pe-default	G
באוואוסט	3	bavˈist		rule	LOW	alef-default	G
סענדוויטשעס	3	sˈɛndviʧəs		rule	MED		G
מדברי	3	mdbri		rule	MED		G
חתימה	3	xsˈimə		rule	LOW	printed-respelling	L
וכך	3	ix		rule	MED		G
געמוזט	3	ɡəmˈizt		rule	MED		G
סורפרייזד	3	sˈirfrajzd	sˈirfrajzt	rule	LOW	pe-default	G
אויסגיסן	3	ˈoʊzɡisn		rule	LOW	alef-default	G
פסק'נט	3	pasknt		rule	LOW	pe-default,lk-fallback	L
אוועקשטעלן	3	avˈɛkʃtəln		rule	LOW	alef-default	G
געווין	3	ɡəvˈin		rule	MED		G
קער	3	kɛr		rule	MED		G
נארישע	3	nˈariʃə		rule	LOW	alef-default	G
אנקוקן	3	ˈankikn		rule	LOW	alef-default	G
נדר	3	nˈɛdɛr	nˈudar|nˈidur|nˈajdɛr	rule	LOW	audio-homograph	L
צוריקגעגאנגען	3	ʦirˈikɡəɡanɡən		rule	MED	prefix-rescue:gold+צוריק	G
עקסידענט	3	əksidˈɛnt		rule	MED		G
שולחן	3	ʃˈilxajn		rule	LOW	lk-fallback	L
רבים	3	rbim		rule	MED		G
ברוין	3	brɔjn		rule	MED		G
מפואר	3	mfˈiar		rule	LOW	alef-default,pe-default	G
דזשאדזשן	3	ʤaʤn		rule	LOW	alef-default	G
בוק	3	bik		rule	MED		G
הערליך	3	hˈɛrləx		lexicon	HIGH		G
נוראים	3	nˈiraːm		rule	LOW	alef-default	G
לאקאל	3	lˈakal		rule	LOW	alef-default	G
טייערער	3	tˈajərər		rule	MED		G
גאלדלאנג	3	ɡˈaldlanɡ	ɡˈaldlank	rule	LOW	alef-default	G
בלבו	3	blbi		rule	MED		G
שליחא	3	ʃlˈixu	ʃəlˈixu	rule	LOW	model-pointed-guess	L
ווינקלער	3	vˈinklər		rule	MED		G
נפלאים	3	nflaːm		rule	LOW	alef-default,pe-default	G
געלאכט	3	ɡəlˈaxt		rule	LOW	alef-default	G
געשמייכלט	3	ɡəʃmˈajxlt		rule	MED		G
כיבוד	3	xˈibid	xˈibit	rule	MED		G
ווערטלעך	3	vˈɛrtləx		rule	MED		G
הרחבת	3	harxˈuvas		rule	LOW	model-pointed-guess	L
ואבותינו	3	vaavɔjsˈajni	vaavɔjsˈajnu	rule	LOW	sefaria-pointed	L
געטשעקט	3	ɡəʧˈɛkt		rule	MED		G
קויל	3	kɔjl		rule	MED		G
ראחמיסטריווקער	3	rˈaxmistrivkər		fallback	LOW	alef-default,lk-fallback	L
זוועהילער	3	zvˈɛhilər		rule	MED		G
פארגאנגענע	3	farɡˈanɡənə		rule	LOW	alef-default,pe-default	G
באשטיין	3	baʃtˈajn		rule	MED	prefix-rescue:gold+בא	G
אריינגערופן	3	arˈaːnɡərifn		rule	MED	prefix-rescue:gold+אריינגע	G
רבי'נס	3	rbins		rule	MED		G
נאכגעגאנגען	3	nˈaxɡəɡanɡən		rule	LOW	alef-default	G
בודק	3	bidk		rule	MED		G
נאסע	3	nˈasə		rule	LOW	alef-default	G
במנין	3	bmnin		rule	MED		G
געקראכט	3	ɡəkrˈaxt		rule	LOW	alef-default	G
גלייבט	3	ɡlaːbt		lexicon	HIGH		G
בטעות	3	btˈuis	bətˈuus	rule	LOW	model-pointed-guess	L
יונגעלייט	3	jˈinɡəlajt		rule	MED		G
בלעקמאן	3	blˈɛkman		rule	LOW	alef-default	G
לייוו	3	lajv	lajf	rule	MED		G
לראש	3	lraʃ		rule	LOW	alef-default	G
לזנב	3	lzˈunuv	ləzˈunuv|lzˈunuf	rule	LOW	sefaria-pointed	L
לאטע	3	lˈatə		rule	LOW	alef-default	G
ארטיקל	3	ˈartikl		rule	LOW	alef-default	G
ידיעות	3	jdiˈɛɔjs	jədˈiɔjs	rule	LOW	sefaria-pointed	L
רואיגקייט	3	rˈuaːɡkaːt		lexicon	MED	audio-vowel	G
קדושה	3	kdˈiʃə		rule	MED		G
לוים	3	lɔjm		rule	MED		G
רעגן	3	rɛɡn		rule	MED		G
לונה	3	lˈinə		rule	MED		G
צאלסט	3	ʦalst		rule	LOW	alef-default	G
מלא	3	mla		rule	LOW	alef-default	G
אריכות	3	arˈixis		rule	LOW	pointed-audio-endorsed	L
פרייליכן	3	frˈajləxn		rule	LOW	pe-default	G
שיק	3	ʃik		rule	MED		G
ונתנך	3	insnx		fallback	LOW	lk-fallback	L
יארצייטן	3	jˈurʦajtn		lexicon	MED	audio-vowel	G
סלאנימער	3	slˈanimər		rule	LOW	alef-default	G
לולב	3	lilb	lilp	rule	MED		G
זילבערשטיין	3	zˈilbərʃtajn		rule	MED		G
מ'פארט	3	mfɔrt		rule	MED	clitic	G
יונגלעך	3	jˈinɡləx		rule	MED		G
מעגסטו	3	mˈɛɡsti		rule	MED		G
צוגעגרייט	3	ʦˈiɡəɡrajt		rule	MED	prefix-rescue:gold+צוגע	G
שפטרני	3	ʃpˈatərni		rule	LOW	pe-default	G
פאטער	3	fˈatər		rule	LOW	alef-default,pe-default	G
הגאונים	3	hɡˈinim		rule	LOW	alef-default	G
שיכול	3	ʃˈixil		rule	MED		G
ענליך	3	ˈɛnləx		rule	MED		G
דוגמא	3	dˈiɡma		rule	LOW	alef-default	G
בעסערע	3	bˈɛsərə		rule	MED		G
שובע	3	ʃˈibə		rule	MED		G
השמח	3	hasumˈajxa		rule	LOW	sefaria-pointed	L
זאט	3	zat		rule	LOW	alef-default	G
ואל	3	ˈial		rule	LOW	alef-default	G
כאפסט	3	xafst		rule	LOW	alef-default,pe-default	G
אשא	3	ˈaʃa		rule	LOW	alef-default	G
עיני	3	ˈajni		rule	MED		G
ההרים	3	hhrim		rule	MED		G
דוד'ל	3	didl		rule	MED		G
הא	3	ha		rule	LOW	alef-default	G
חסיד'ישע	3	xˈusidiʃə		rule	LOW	lk-fallback	L
ביליגע	3	bˈiliɡə		rule	MED		G
טישן	3	tiʃn		rule	MED		G
באשטעלן	3	baʃtˈɛln		rule	LOW	alef-default	G
שש	3	ʃajʃ		rule	LOW	sefaria-pointed	L
להקרא	3	lhkra		rule	LOW	alef-default	G
עיניך	3	ˈajnix		rule	MED		G
ששש	3	ʃˈɔjʃɔjʃ		rule	LOW	model-pointed-guess	L
יושרה	3	jˈiʃrə		rule	MED		G
צוטיילט	3	ʦˈitajlt		rule	MED		G
אלחנן	3	əlxˈunun		rule	LOW	pointed-audio-endorsed	L
אריה	3	ˈari		rule	LOW	alef-default	G
ברק	3	bˈuruk		rule	LOW	sefaria-pointed	L
שריפה	3	ʃrˈifə		rule	LOW	pe-default	G
בכבוד	3	bxbid	bxbit	rule	MED		G
ונראה	3	ˈinra		rule	LOW	alef-default	G
הוראה	3	hˈira		rule	LOW	alef-default	G
אריינגעפאלן	3	arˈaːnɡəfaln		rule	LOW	alef-default,pe-default	G
בעק	3	bɛk		rule	MED		G
ארויסצוגיין	3	arˈoʊsʦiɡajn		rule	LOW	alef-default	G
קורצן	3	kirʦn		rule	MED		G
זילבער	3	zˈilbər		rule	MED		G
וואלסטו	3	vˈalsti		rule	LOW	alef-default	G
מ'פלעגט	3	mflɛɡt		rule	LOW	clitic	G
אויפגעוואקסן	3	ˈɔjfɡəvaksn		rule	LOW	alef-default,pe-default	G
רואיג	3	rˈuaːɡ	rˈuaːk	lexicon	MED	audio-vowel	G
טעיפ	3	tajf		rule	LOW	pe-default	G
ערליך	3	ˈɛrləx		rule	MED		G
חסידישע	3	xˈusidiʃə		rule	LOW	lk-fallback	L
זיבעצן	3	zˈibəʦn		rule	MED		G
הייזער	3	hˈaːzər		lexicon	HIGH		G
קארטל	3	kartl		rule	LOW	alef-default	G
ליצנות	3	lajʦˈunis	lajʦˈunus	rule	LOW	model-pointed-guess	L
שלעכט	3	ʃlɛxt		rule	MED		G
געוואונטשן	3	ɡəvˈinʧn		rule	LOW	alef-default	G
באניע	3	banˈiə		rule	LOW	alef-default	G
ושנות	3	ˈiʃnɔjs	ˈuʃənɔjs	rule	LOW	sefaria-pointed	L
מנת	3	mənˈus	mnus	rule	LOW	sefaria-pointed	L
עלטערע	3	ˈɛltərə		lexicon	HIGH		G
הלוואי	3	hlvaː		rule	LOW	alef-default	G
הערער	3	hˈɛrər		rule	MED		G
צוגעשטעלט	3	ʦˈiɡəʃtəlt		rule	MED		G
מזונות	3	mzˈɔjnɔjs	məzˈɔjnɔjs	rule	LOW	sefaria-pointed	L
לאקשן	3	lakʃn		rule	LOW	alef-default	G
תפלות	3	tfˈilɔjs		rule	LOW	pointed-audio-endorsed	L
באקוועמע	3	bakvˈɛmə		rule	LOW	alef-default	G
טוב'דיגע	3	tˈibdiɡə		rule	MED		G
מ'זעצט	3	mzɛʦt		rule	MED	clitic	G
בענקל	3	bɛnkl		rule	MED		G
ליידן	3	lajdn		rule	MED		G
פיס	3	fis		rule	LOW	pe-default	G
אייערע	3	ˈajərə		rule	LOW	alef-default	G
היט	3	hit		rule	MED		G
טראג	3	truɡ	truk	lexicon	MED	audio-vowel	G
קוויטלעך	3	kvˈitləx		rule	MED		G
קבלת	3	kabˈulas		rule	LOW	sefaria-pointed	L
מצאנז	3	mʦanz	mʦans	rule	LOW	alef-default	G
דירות	3	dirˈuɔjs		rule	LOW	model-pointed-guess	L
וירא	3	ˈɔjra		rule	LOW	alef-default	G
משולחים	3	mʃilˈuxim	məʃulˈuxim	rule	LOW	model-pointed-guess	L
גרויסקייט	3	ɡrˈɔjskaːt		rule	MED		G
מחבר	3	mxˈibur	məxˈubur	rule	LOW	sefaria-pointed	L
פארשטייען	3	farʃtˈajən		rule	LOW	alef-default,pe-default	G
קלויזנבורג	3	klˈɔjznbirɡ	klˈɔjznbirk	rule	MED		G
ינחם	3	jnˈaxajm	jənˈaxajm	rule	LOW	model-pointed-guess	L
שאר	3	ʃar		rule	LOW	alef-default	G
מאנרא	3	mˈanra		rule	LOW	alef-default	G
יעדעם	3	jˈɛdəm		rule	MED		G
שבשמים	3	ʒbʃmim		rule	MED		G
צער	3	ʦɛr		rule	MED		G
שטארקן	3	ʃtarkn		rule	LOW	alef-default	G
נר	3	najr		rule	LOW	sefaria-pointed	L
דאווען	3	dˈavən		rule	LOW	alef-default	G
אפגערעדט	3	ˈupɡərədt		rule	MED	prefix-rescue:gold+אפגע	G
אמבולאנס	3	ˈambilans		rule	LOW	alef-default	G
הוט	3	hit		rule	MED		G
ווינער	3	vˈinər		rule	MED		G
אויש	3	oʊʃ		rule	LOW	alef-default	G
טייטשן	3	tajʧn		rule	MED		G
גענוי	3	ɡənˈɔj		rule	MED		G
מוסף	3	misf		rule	LOW	pe-default	G
יראו	3	ˈiri		rule	LOW	alef-default	G
לאס	3	las		rule	LOW	alef-default	G
אנדזשעלעס	3	ˈanʤələs		rule	LOW	alef-default	G
צוגעקומען	3	ʦˈiɡəkimən		rule	MED	prefix-rescue:gold+צוגע	G
אריינצולייגן	3	arˈaːnʦilajɡn		rule	LOW	alef-default	G
באקומסטו	3	bakˈimsti		rule	LOW	alef-default	G
ימח	3	jˈimax		rule	LOW	pointed-audio-endorsed	L
רא	3	ra		rule	LOW	alef-default	G
ליפן	3	lipn		lexicon	MED	audio-pe	G
מלאכי	3	mlˈaxi		rule	LOW	alef-default	G
חבלה	3	xˈiblə	xˈubəlu	rule	LOW	model-pointed-guess	L
"ר""ע"	3	rajʃ ˈajən		rule	LOW	letter-names	A
חדרים	3	xadˈurim		rule	LOW	sefaria-pointed	L
ציטערן	3	ʦˈitərn		rule	MED		G
אלך	3	alx		rule	LOW	alef-default	G
אירא	3	ˈira		rule	LOW	alef-default	G
עדן	3	ɛdn		rule	MED		G
הפלא	3	hfla		rule	LOW	alef-default,pe-default	G
משמע	3	mʃmə		rule	MED		G
שחוק	3	sxɔjk	səxˈɔjk	rule	LOW	sefaria-pointed	L
ישנתי	3	ˈiʃnsi		fallback	LOW	lk-fallback	L
ז	3	zˈaːən	zˈajən	rule	LOW	printed-respelling	L
לולי	3	lˈili		rule	MED		G
בעניי	3	bənˈaː		rule	MED	prefix-rescue:word-latin+בע	G
איבריגע	3	ˈibriɡə		rule	LOW	alef-default	G
רשעים	3	rʃajm		rule	MED		G
והושיענו	3	ˈihiʃiəni		rule	MED		G
סוסים	3	sˈisim		rule	MED		G
נארמאלע	3	nˈarmalə		rule	LOW	alef-default	G
קריגן	3	kriɡn		rule	MED		G
תנאי	3	tənˈaj		rule	LOW	sefaria-pointed	L
יצליח	3	jaʦlˈixa		rule	LOW	sefaria-pointed	L
גליקליך	3	ɡlˈikləx		rule	MED		G
געצויגן	3	ɡəʦˈɔjɡn		rule	MED		G
אייבערשטער'ס	3	ˈajbərʃtərs		rule	LOW	alef-default	G
טעכטער	3	tˈɛxtər		rule	MED		G
שלחן	3	ʃlxajn		rule	LOW	lk-fallback	L
טוסט	3	tist		rule	MED		G
אגרא	3	ˈaɡra		rule	LOW	alef-default	G
דכלה	3	dxˈalə	dəxˈalu	rule	LOW	model-pointed-guess	L
מאור	3	mir		rule	LOW	alef-default	G
ישעי	3	ˈiʃaj		rule	MED		G
קאפיטלעך	3	kˈafitləx		rule	LOW	alef-default,pe-default	G
לדוד	3	ldid	ldit	rule	MED		G
"כ""ה"	3	xuf haj		rule	LOW	letter-names	A
אינו	3	ˈini		rule	LOW	alef-default	G
רואה	3	rˈia		rule	LOW	alef-default	G
לונגען	3	lˈinɡən		rule	MED		G
יציאת	3	jʦˈias	jəʦˈias	rule	LOW	sefaria-pointed	L
רעספירעיטאר	3	rˈɛsfirajtar		rule	LOW	alef-default,pe-default	G
קמא	3	kma		rule	LOW	alef-default	G
צחות	3	ʦˈuxɔjs		rule	LOW	sefaria-pointed	L
כמה	3	kˈamu	kəmˈu	rule	LOW	audio-homograph	L
ברחמים	3	braxˈamim	bəraxˈamim	rule	LOW	sefaria-pointed	L
דערהויבענע	3	dˈɛrhɔjbənə		rule	MED		G
ויפק	3	ɔjfk		rule	LOW	pe-default	G
ס'ליגט	3	sliɡt		rule	MED	clitic	G
חנוכה	3	xˈanikə	xˈanukə	lexicon	HIGH		L
מתיר	3	mˈatir		rule	LOW	sefaria-pointed	L
בהיתר	3	bˈɛhətər		rule	LOW	lk-proclitic-pointed:printed-respelling	L
טרעפסט	3	trɛfst		rule	LOW	pe-default	G
קליפה	3	klˈipə		lexicon	MED	audio-pe	G
נאריש	3	nˈariʃ		rule	LOW	alef-default	G
יָבֹא	3	jˈubɔj		rule	LOW	alef-default	G
עַמּוֹנִי	3	ˈamɔjni		rule	MED		G
וּמוֹאָבִי	3	ˈimɔjubi		rule	MED		G
אֶל	3	ɛl		rule	MED		G
צוהערן	3	ʦˈihirn		rule	MED	prefix-rescue:gold+צו	G
באנקעס	3	bankˈɛs		rule	LOW	alef-default	G
נאכזאגן	3	nˈaxzaɡn		rule	LOW	alef-default	G
ראחמיסטריווקא	3	rxmistərˈivvku		rule	LOW	model-pointed-guess	L
באטלן	3	batln		rule	LOW	alef-default	G
זינדיגן	3	zˈindiɡn		rule	MED		G
דרשות	3	drˈuʃɔjs	dərˈuʃɔjs	rule	LOW	model-pointed-guess	L
לשמוע	3	lʃmˈiə		rule	MED		G
אולי	3	ˈili		rule	LOW	alef-default	G
לקראתי	3	likrˈusi		rule	LOW	lk-proclitic-pointed:sefaria-pointed	L
פניו	3	fnji		rule	LOW	pe-default	G
הביט	3	hbit		rule	MED		G
"אל""ף"	3	ˈaləf		rule	LOW	letter-name-word	A
שיינעם	3	ʃˈajnəm		rule	MED		G
עובר	3	ibr		rule	MED		G
מלקות	3	mˈalkis	mˈalkus	rule	LOW	sefaria-pointed	L
גט	3	ɡajt		rule	LOW	sefaria-pointed	L
צווינגסט	3	ʦvinɡst		rule	MED		G
דזשאני	3	ʤˈani		rule	LOW	alef-default	G
מ'שמייסט	3	mʃmajst		rule	MED	clitic	G
ארויסגעדרייט	3	arˈoʊzɡədrajt		rule	LOW	alef-default	G
עלטער	3	ˈɛltər		rule	MED		G
חינוך	3	xˈinəx		rule	LOW	printed-respelling	L
טיפע	3	tˈifə		rule	LOW	pe-default	G
באגעגנט	3	baɡˈɛɡnt		rule	LOW	alef-default	G
קאריצער	3	kˈariʦər		rule	LOW	alef-default	G
קוגלעך	3	kˈiɡləx		rule	MED		G
אראפגעשריבן	3	arˈupɡəʃribn		rule	MED	prefix-rescue:gold+אראפ	G
שיעורים	3	ʃˈiəirim		rule	MED		G
שבראנו	3	ʒbrˈani		rule	LOW	alef-default	G
והבדילנו	3	ˈibdilni		rule	MED		G
התועים	3	hsˈiajm		fallback	LOW	lk-fallback	L
רצונו	3	rʦˈini		rule	MED		G
הודו	3	hˈidi		rule	MED		G
פדות	3	pdis	pədˈus	rule	LOW	sefaria-pointed	L
אריינרוקן	3	arˈaːnrikn		rule	LOW	alef-default	G
זיסקייט	3	zˈiskaːt		rule	MED		G
ידי	3	ˈidi		rule	MED		G
והקדוש	3	ˈikdiʃ		rule	MED		G
מצילנו	3	mʦˈilni		rule	MED		G
מידם	3	midm		rule	MED		G
שבכל	3	ʃˈɛbxul		rule	LOW	sefaria-pointed	L
עומדים	3	ˈimdim		rule	MED		G
ראטעוועט	3	rˈatəvət		rule	LOW	alef-default	G
פארלענדן	3	farlˈɛndn		rule	LOW	alef-default,pe-default	G
עז	3	ɛz	ɛs	rule	MED		G
כאשר	3	xaʃr		rule	LOW	alef-default	G
תשמע	3	tˈiʃma		rule	LOW	sefaria-pointed	L
זשאנדאר	3	ʒˈandar		rule	LOW	alef-default	G
נערוון	3	nɛrvn		rule	MED		G
ממורי	3	mmˈiri		rule	MED		G
תוקע	3	tɔjkˈaja		rule	LOW	sefaria-pointed	L
נִבְלָתְךָ	3	nivlˈusxu		rule	LOW	lk-fallback	L
לְכָל	3	lˈɛkul		lexicon	HIGH		L
מאכל	3	maxl		rule	LOW	alef-default	G
עבדת	3	avˈɔjdas		rule	LOW	sefaria-pointed	L
וה	3	i		rule	MED		G
הבו	3	hbi		rule	MED		G
עמים	3	ˈɛmim		rule	MED		G
תכון	3	tˈikiən		rule	LOW	sefaria-pointed+suffix	L
נפשנו	3	nfʃni		rule	LOW	pe-default	G
בזה	3	bˈuzə	bˈuzɛ	rule	LOW	sefaria-pointed	L
זרה	3	zˈurə		rule	LOW	pointed-audio-endorsed	L
שאלעכץ	3	ʃˈaləxʦ		rule	LOW	alef-default	G
גוטסקייט	3	ɡˈiʦkaːt		rule	MED		G
מחדש	3	mxˈadajʃ	məxˈadajʃ	rule	LOW	sefaria-pointed	L
תוך	3	tɔx		lexicon	HIGH		L
כבני	3	xbni		rule	MED		G
מרון	3	mrin		rule	MED		G
נארישקייטן	3	nˈariʃkaːtn		rule	LOW	alef-default	G
עקב	3	ɛkb	ɛkp	rule	MED		G
וּמַלְתֶּם	3	imˈaltəm		rule	LOW	lk-fallback	L
וּמָל	3	ˈimul		rule	MED		G
רייניגן	3	rˈajniɡn		rule	MED		G
חמשה	3	xamˈiʃə	xamˈiʃu	rule	LOW	sefaria-pointed	L
בענק	3	bɛnk		rule	MED		G
גע'מל'עט	3	ɡəmlˈɛt		rule	MED		G
עובדי	3	ˈibdi		rule	MED		G
סיבות	3	sˈibɔjs		rule	LOW	model-pointed-guess	L
שבויים	3	ʒbˈɔjim		rule	MED		G
טראגן	3	truɡn		lexicon	MED	audio-vowel	G
פריץ	3	priʦ		lexicon	MED	audio-pe	G
אויסלייזן	3	ˈoʊslajzn		rule	LOW	alef-default	G
טיף	3	tif		rule	LOW	pe-default	G
זמירות	3	zmˈirɔjs	zəmˈirɔjs	rule	LOW	sefaria-pointed	L
לָדַעַת	3	lˈudas		rule	LOW	lk-fallback	L
מִלְבַדּוֹ	3	mˈilvadɔj		rule	MED		G
למענך	3	lmɛnx		rule	MED		G
יגרתי	3	ˈiɡrsi		fallback	LOW	lk-fallback	L
והחמה	3	ˈixmə		fallback	LOW	lk-fallback	L
עקידת	3	akˈajdas		rule	LOW	model-pointed-guess	L
מקדש	3	məkˈadajʃ	mˈikduʃ|məkˈuduʃ|mikˈudajʃ|mˈikdaʃ|mikˈɔjdɛʃ	rule	LOW	audio-homograph	L
יאסעלע	3	jˈasələ		rule	LOW	alef-default	G
שלימות	3	ʃlˈimis		rule	LOW	pointed-audio-endorsed	L
רב'ס	3	ravs		rule	LOW	model-pointed-guess	L
ודעת	3	vədˈaas	vudˈuas	rule	LOW	audio-homograph	L
כנהוג	3	xnhiɡ	xnhik	rule	MED		G
שטריימלעך	3	ʃtrˈajmləx		rule	MED		G
געפראוועט	3	ɡəprˈavət		lexicon	MED	audio-pe	G
אויפנעמען	3	ˈoʊfnəmən		rule	MED	prefix-rescue:gold+אויפ	G
מקיל	3	mkil		rule	MED		G
דעה	3	dɛ		rule	MED		G
ראדזינער	3	rˈadzinər		rule	LOW	alef-default	G
טועם	3	tˈiəm		rule	MED		G
גאפל	3	ɡafl		rule	LOW	alef-default,pe-default	G
מעשים	3	mˈɛʃim		rule	MED		G
אויטא	3	ˈɔjta		rule	LOW	alef-default	G
שוואך	3	ʃvax		rule	LOW	alef-default	G
"ל""א"	3	lˈaməd ˈaləf	lˈamət ˈaləf	rule	LOW	letter-names	A
הארבער	3	hˈarbər		rule	LOW	alef-default	G
מיטגעגאנגען	3	mˈitɡəɡanɡən		rule	MED	prefix-rescue:gold+מיט	G
דרשה	3	drˈuʃə		rule	LOW	pointed-audio-endorsed	L
נתרגש	3	nisrˈaɡajʃ		rule	LOW	model-pointed-guess	L
בקשה	3	bakˈuʃu		rule	LOW	lk-proclitic-pointed:audio-homograph	L
דייטש	3	dajʧ		rule	MED		G
מעיד	3	majd	majt	rule	MED		G
צדקינו	3	ʦdkˈini		rule	MED		G
שמרו	3	ʃmri		rule	MED		G
שבתות	3	ʃˈabəsis		rule	LOW	lk-fallback	L
בפי	3	bfi		rule	LOW	pe-default	G
מחלה	3	mˈaxlu	maxˈalu	rule	LOW	audio-homograph	L
"נ""א"	3	nin ˈaləf		rule	LOW	letter-names	A
מחשיב	3	maxˈaʃiv	maxˈaʃif	rule	LOW	model-pointed-guess	L
קובע	3	kˈibə		rule	MED		G
מתייחס	3	msajxs		fallback	LOW	lk-fallback	L
שליחים	3	ʃlˈixim	ʃəlˈixim	rule	LOW	model-pointed-guess	L
יאגן	3	jaɡn		rule	LOW	alef-default	G
אנפילן	3	ˈanfiln		rule	LOW	alef-default,pe-default	G
פארשלאסן	3	farʃlˈasn		rule	LOW	alef-default,pe-default	G
סכומים	3	sxˈimim		rule	MED		G
מילתא	3	mˈilsu		rule	LOW	model-pointed-guess	L
אנזאגן	3	ˈunzuɡn		lexicon	HIGH		G
נחמו	3	naxˈami	naxˈamu	rule	LOW	sefaria-pointed	L
אויטאמאטיש	3	ˈɔjtamatiʃ		rule	LOW	alef-default	G
הנני	3	hnni		rule	MED		G
דעתי	3	dˈati		rule	LOW	sefaria-pointed	L
מ'ברענגט	3	mbrɛnɡt		rule	MED	clitic	G
צוגעקומענע	3	ʦˈiɡəkimənə		rule	MED		G
ארויפגעקומען	3	arˈoʊfɡəkimən		rule	MED	prefix-rescue:gold+ארויפגע	G
למקום	3	lmkim		rule	MED		G
אהבת	3	ˈahavas		lexicon	HIGH		L
ממלא	3	mmla		rule	LOW	alef-default	G
זומערדיגע	3	zˈimərdiɡə		rule	MED		G
שמירת	3	ʃmˈiras	ʃəmˈiras	rule	LOW	sefaria-pointed	L
עינים	3	ˈajnim		rule	MED		G
הראשון	3	hrˈaʃin		rule	LOW	alef-default	G
באבוב'ער	3	babˈibər		rule	LOW	alef-default	G
בינאקולאר	3	bˈinakilar		rule	LOW	alef-default	G
ווייטע	3	vˈaːtə		lexicon	HIGH		G
בעיקר	3	bajkr		rule	MED		G
הדורות	3	hadˈɔjrɔjs		rule	LOW	lk-proclitic-pointed:sefaria-pointed	L
חבורה	3	xabˈuru	xavˈuru	rule	LOW	audio-homograph	L
געענדיגן	3	ɡəˈɛndiɡn		rule	MED		G
שורש	3	ʃirʃ		rule	MED		G
בביתו	3	bˈisi		fallback	LOW	lk-fallback	L
בגופו	3	bɡˈifi		rule	LOW	pe-default	G
בדבר	3	bˈidvur		rule	LOW	model-pointed-guess	L
זאק	3	zak		rule	LOW	alef-default	G
שלעפ	3	ʃlɛf		rule	LOW	pe-default	G
טרעפיק	3	trˈɛfik		rule	LOW	pe-default	G
שניידער	3	ʃnˈajdər		rule	MED		G
רייזעלע	3	rˈajzələ		rule	MED		G
נעקסטן	3	nɛkstn		rule	MED		G
אטעמען	3	ˈatəmən		rule	LOW	alef-default	G
ורבי	3	ˈirbi		rule	MED		G
מיינסטו	3	mˈajnsti		rule	MED		G
מ'טוישט	3	mtɔjʃt		rule	MED	clitic	G
נאז	3	nɔz	nɔs	lexicon	HIGH		G
אדורכגעגאנגען	3	adˈirxɡəɡanɡən		rule	LOW	alef-default	G
פוילקייט	3	fˈɔjlkaːt		rule	LOW	pe-default	G
עפר	3	ɛfr		rule	LOW	pe-default	G
שעכט	3	ʃɛxt		rule	MED		G
ביימער	3	bˈajmər		rule	MED		G
איילבירטן	3	ˈajlbirtn		rule	LOW	alef-default	G
ארוך	3	ˈarix		rule	LOW	alef-default	G
מ'ארבעט	3	mˈarbət		rule	MED	clitic	G
שטייגער	3	ʃtˈajɡər		rule	MED		G
המזון	3	hmzin		rule	MED		G
גניבה	3	ɡnˈibə		rule	MED		G
ישיבות	3	jʃˈivɔjs	jəʃˈivɔjs	rule	LOW	model-pointed-guess	L
בריטישע	3	brˈitiʃə		rule	MED		G
עונש	3	inʃ		rule	MED		G
חַיִּים	3	xˈajim		lexicon	HIGH		N
הרבי	3	hrbi		rule	MED		G
טפח	3	tˈɛfax		rule	LOW	sefaria-pointed	L
כבר	3	kvur	kəvˈur	rule	LOW	sefaria-pointed	L
ומה	3	ˈimə		rule	MED		G
נמצא	3	nmʦa		rule	LOW	alef-default	G
מ'פאקט	3	mpakt		rule	MED	clitic	G
ווינטערדיגע	3	vˈintərdiɡə		rule	MED		G
זעמעלעך	3	zˈɛmələx		rule	MED		G
פייוו	3	fajv	fajf	rule	LOW	pe-default	G
טרי	3	tri		rule	MED		G
הסדר	3	hasˈajdɛr		rule	LOW	lk-proclitic-pointed:sefaria-pointed	L
זיסער	3	zˈisər		rule	MED		G
מ'ווארט	3	mvɔrt		rule	MED	clitic	G
רות	3	ris	rus	rule	LOW	sefaria-pointed	L
אריינגעשטעלט	3	arˈaːnɡəʃtəlt		rule	LOW	alef-default	G
מברכים	3	mbrxim		rule	MED		G
ניי	3	naː		lexicon	HIGH		G
מריבה	3	mrˈibə		rule	MED		G
מטרה	3	mtrə		fallback	LOW	lk-fallback	L
משריש	3	mʃriʃ		rule	MED		G
טראכסט	3	traxst		rule	LOW	alef-default	G
מסכתא	3	məsˈɛxtə		rule	LOW	printed-respelling	L
תענית	3	tˈunəs		lexicon	HIGH		L
חברים	3	xˈavajrim		lexicon	HIGH		L
אִישׁ	3	iʃ		rule	MED		G
סארטן	3	sartn		rule	LOW	alef-default	G
וואספארא	3	vˈasfara		rule	LOW	alef-default,pe-default	G
פארטיפן	3	fartˈifn		rule	LOW	alef-default,pe-default	G
וַיֵּלֶךְ	3	vˈaajləx		rule	MED		G
ובא	3	ˈiba		rule	LOW	alef-default	G
משל	3	mɔʃl		lexicon	HIGH		L
דופק	3	difk		rule	LOW	pe-default	G
עירפארט	3	ˈajrfart		rule	LOW	alef-default,pe-default	G
געהאפט	3	ɡəhˈaft		rule	LOW	alef-default,pe-default	G
אמת'דיג	3	ˈɛməzdiɡ	ˈɛməzdik	rule	LOW	alef-default,lk-fallback	L
אויפוועקן	3	ˈɔjfvəkn		rule	LOW	alef-default,pe-default	G
ווארטסט	3	varʦt		rule	LOW	alef-default	G
מים	3	mim		rule	MED		G
טהורים	3	thˈirim		rule	MED		G
אויפמאכן	3	ˈoʊfmaxn		rule	MED	prefix-rescue:gold+אויפ	G
קליינער	3	klˈajnər		rule	MED		G
אִם	3	im		rule	MED		G
יקבצך	3	ikbʦx		rule	MED		G
יקחך	3	ikx		fallback	LOW	lk-fallback	L
הגאולה	3	hɡˈilə		rule	LOW	alef-default	G
אחוה	3	ˈaxi		fallback	LOW	alef-default,lk-fallback	L
סכסוך	3	sxsix		rule	MED		G
הנהגה	3	hanhˈuɡə	hanhˈɔɡə	rule	LOW	printed-respelling	L
בקצה	3	bkʦə		fallback	LOW	lk-fallback	L
צואה	3	ʦˈia		rule	LOW	alef-default	G
בדרכיו	3	bdrxji		fallback	LOW	vowel-ratio	G
פירוד	3	fˈirid	fˈirit	rule	LOW	pe-default	G
קראך	3	krax		rule	LOW	alef-default	G
באהאלטסטו	3	bahˈalʦti		rule	LOW	alef-default	G
טויג	3	tɔjɡ	tɔjk	rule	MED		G
היטן	3	hitn		rule	MED		G
שיפט	3	ʃift		rule	LOW	pe-default	G
אויסגעשטרעקט	3	ˈoʊzɡəʃtrəkt		rule	LOW	alef-default	G
ואמן	3	ˈiamn		rule	LOW	alef-default	G
מעטשן	3	mɛʧn		rule	MED		G
חגיגה	3	xaɡˈiɡə	xaɡˈiɡu	rule	LOW	sefaria-pointed	L
הָעָם	3	hum		rule	MED		G
טף	3	tf		fallback	LOW	pe-default,lk-fallback	L
שהם	3	ʃˈɛhajm		rule	LOW	sefaria-pointed	L
אראפגעקומען	3	arˈupɡəkimən		rule	MED	prefix-rescue:gold+אראפגע	G
געקאכט	3	ɡəkˈɔxt		lexicon	HIGH		G
בעת	3	bajs	bejs	rule	LOW	printed-respelling	L
כדאיתא	3	xdˈaːsa		fallback	LOW	alef-default,lk-fallback	L
בלאזט	3	bluzt		lexicon	MED	audio-vowel	G
כהנים	3	xhnim		rule	MED		G
לבלתי	3	lvˈilti	ləvˈilti	rule	LOW	sefaria-pointed	L
הפליטה	3	hflˈitə		rule	LOW	pe-default	G
דינטשיגע	3	dˈinʧiɡə		rule	MED		G
דינער	3	dˈinər		rule	MED		G
העמד	3	hɛmd	hɛmt	rule	MED		G
מנדב	3	mənˈadəv	mənˈadəf	rule	LOW	lk-proclitic-pointed:printed-respelling	L
כאן	3	xun		rule	MED	clitic	G
מ'זינדיגט	3	mzˈindiɡt		rule	MED	clitic	G
מ'וואלט	3	mvɔlt		rule	MED	clitic	G
מתאבל	3	misˈabajl		rule	LOW	sefaria-pointed	L
הוכיחן	3	hˈixixajn		rule	LOW	lk-fallback	L
בניו	3	bnji		rule	MED		G
שווייגן	3	ʃvajɡn		rule	MED		G
מוכיחו	3	mˈixixi		fallback	LOW	lk-fallback	L
וחוזר	3	vxˈɔjzajr	vəxˈɔjzajr	rule	LOW	sefaria-pointed	L
ומוכיחו	3	ˈimixixi		fallback	LOW	lk-fallback	L
שנאמר	3	ʃnamr		rule	LOW	alef-default	G
וְאֵת	3	vajs		rule	LOW	lk-fallback	L
הַזֹּאת	3	hˈazɔjs		rule	LOW	alef-default,lk-fallback	L
בשבעים	3	bʒbajm		rule	MED		G
שפראכן	3	ʃpraxn		rule	LOW	alef-default,pe-default	G
בורא	3	bˈira		rule	LOW	alef-default	G
משכן	3	mˈiʃkun		rule	LOW	pointed-audio-endorsed	L
עבד	3	ɛbd	ɛbt	rule	MED		G
משוח	3	muʃˈɔjxa		rule	LOW	model-pointed-guess	L
נס	3	nɛs		rule	LOW	printed-respelling	L
לעצמו	3	lˈɛʦmi		rule	MED		G
"הקב""ה"	3	haj kif bajs haj		rule	LOW	letter-names	A
דרישה	3	drˈiʃə		rule	MED		G
חצות	3	xˈaʦɔjs		rule	LOW	sefaria-pointed	L
קעידזש	3	kajʤ	kajʧ	rule	MED		G
מלכותא	3	malxˈisu	malxˈusu	rule	LOW	sefaria-pointed	L
מעט	3	mɛt		rule	MED		G
מקדים	3	mkdim		rule	MED		G
ענקערע	3	ˈɛnkərə		rule	MED		G
צוהערער	3	ʦˈihərər		rule	MED		G
עציך	3	ˈɛʦix		rule	MED		G
ניצוץ	3	nˈiʦiʦ		rule	MED		G
תפרח	3	sfrx		fallback	LOW	pe-default,lk-fallback	L
מאוד	3	mid	mit	rule	LOW	alef-default	G
שובבים	3	ʃˈibim		rule	MED		G
ומצאוך	3	ˈimʦix		rule	LOW	alef-default	G
מתוך	3	mˈitɔjx		rule	LOW	sefaria-pointed	L
כנגדו	3	xnɡdi		rule	MED		G
קלאגט	3	klaɡt		rule	LOW	alef-default	G
מתעורר	3	msˈɛirr		fallback	LOW	lk-fallback	L
חומות	3	xˈɔjmɔjs		rule	LOW	sefaria-pointed	L
פרידתכם	3	fridsxm		fallback	LOW	pe-default,lk-fallback	L
שנאת	3	sˈinas		rule	LOW	model-pointed-guess	L
שלמה'ניו	3	ʃlmhnji		fallback	LOW	vowel-ratio	G
פלאסטער	3	flˈastər		rule	LOW	alef-default,pe-default	G
יגאלנו	3	ˈiɡalni		rule	LOW	alef-default	G
בעתה	3	bˈituh	bəˈitu	rule	LOW	model-pointed-guess	L
הן	3	hajn		rule	LOW	sefaria-pointed	L
נידריג	3	nˈidriɡ	nˈidrik	rule	MED		G
תדרשנו	3	tidrəʃˈɛnu	tidrʃˈɛni	rule	LOW	sefaria-pointed	L
דורש	3	dirʃ		rule	MED		G
אלקה	3	ˈalkə		rule	LOW	alef-default	G
אויפגעטון	3	ˈoʊfɡətin		rule	MED	prefix-rescue:gold+אויפגע	G
ולמה	3	ˈilmə		rule	MED		G
פרייען	3	frˈajən		rule	LOW	pe-default	G
פארזינדיגט	3	farzˈindiɡt		rule	LOW	alef-default,pe-default	G
איכה	3	ˈixu		lexicon	MED	audio-vowel	G
שעשה	3	ʃˈɛʃə		rule	MED		G
פוגע	3	fˈiɡə		rule	LOW	pe-default	G
דמלכא	3	dmlxa		rule	LOW	alef-default	G
אסיפה	3	ˈasifə		rule	LOW	alef-default,pe-default	G
האי	3	haː		rule	LOW	alef-default	G
חילול	3	xˈiləl		rule	LOW	printed-respelling	L
ארבעטערס	3	ˈarbətərs		rule	LOW	alef-default	G
רכילות	3	rxˈilis	rəxˈilus	rule	LOW	model-pointed-guess	L
געוואונדערט	3	ɡəvˈindərt		rule	LOW	alef-default	G
מאמין	3	mˈamin		rule	LOW	alef-default	G
לביאתו	3	lbˈiasi		fallback	LOW	alef-default,lk-fallback	L
ביאת	3	bˈias		rule	LOW	sefaria-pointed	L
חנניא	3	xanˈanju		rule	LOW	sefaria-pointed	L
בכיה	3	bxi		rule	MED		G
קץ	3	kajʦ		rule	LOW	sefaria-pointed	L
חסרונם	3	xəsrˈɔjnum	xɛsrˈɔjnum	rule	LOW	model-pointed-guess	L
מויל	3	moʊl		lexicon	HIGH		G
נראה	3	nra		rule	LOW	alef-default	G
בּוֹ	3	bɔj		rule	MED		G
חמה	3	xˈamu	xˈajmu|xˈɔjmu	rule	LOW	audio-homograph	L
לבנה	3	lˈɛvɔnə		lexicon	HIGH		L
ארטסקראל	3	ˈarʦkral		rule	LOW	alef-default	G
מאמר	3	mamr		rule	LOW	alef-default	G
מתי	3	mˈati	mˈusaj|məsˈaj|mˈusuj	rule	LOW	audio-homograph	L
והודיע	3	ˈihidiə		rule	MED		G
בגלות	3	bəɡˈuləs		rule	LOW	lk-proclitic:lk-lexicon+ב	L
מזבח	3	mizbˈajxa	mˈizbax|mizˈɛvax	rule	LOW	audio-homograph	L
חכמים	3	xˈaxumim		lexicon	HIGH		L
אויסגעלייזט	3	ˈoʊzɡəlajzt		rule	LOW	alef-default	G
העתידה	3	huasˈidu		rule	LOW	model-pointed-guess	L
מלילה	3	mlˈilə		rule	MED		G
לבוקר	3	lbikr		rule	MED		G
בבוקר	3	bikr		rule	MED		G
ויהי	3	ˈɔjhi		rule	MED		G
"תרע""ב"	3	tuf rajʃ ˈajən bajs		rule	LOW	letter-names	A
קוינו	3	kˈɔjni		rule	MED		G
באור	3	bir		rule	LOW	alef-default	G
ישמעאל	3	ˈiʃməul		lexicon	MED	audio-vowel	G
מטה	3	matˈajə	mˈataj	rule	LOW	model-pointed-guess	L
"באח""ב"	3	bajs ˈaləf xɛs bajs		rule	LOW	letter-names	A
אידעלעך	3	ˈidələx		rule	LOW	alef-default	G
ס'בלייבט	3	sblaːbt		rule	MED	clitic	G
מחיצות	3	mxˈiʦis		fallback	LOW	lk-fallback	L
פרענדלי	3	frˈɛndli		rule	LOW	pe-default	G
פעט	3	fɛt		rule	LOW	pe-default	G
יפול	3	ˈifil		rule	LOW	pe-default	G
קעמערעס	3	kˈɛmərəs		rule	MED		G
מאניטארט	3	mˈanitart		rule	LOW	alef-default	G
חזי	3	xˈazi		rule	LOW	sefaria-pointed	L
פֶּן	3	pɛn		rule	LOW	lk-fallback	L
יֵשׁ	3	jajʃ		rule	MED		G
בָּכֶם	3	bˈuxəm		rule	LOW	lk-fallback	L
אוֹ	3	ɔj		rule	LOW	alef-default	G
זינד	3	zind	zint	rule	MED		G
הדא	3	hda		rule	LOW	alef-default	G
כִּי	3	ki		lexicon	HIGH		L
יָשִׂישׂ	3	jˈusis		rule	MED		G
עָלַיִךְ	3	ˈulix		rule	MED		G
אֱלֹהָיִךְ	3	ˈɛlɔjhix		rule	MED		G
אתן	3	asn		fallback	LOW	alef-default,lk-fallback	L
נכר	3	nxr		fallback	LOW	lk-fallback	L
מושלים	3	mˈiʃlim		rule	MED		G
נִמְצָא	3	nˈimʦu		rule	LOW	alef-default	G
יין	3	jin		rule	MED		G
תחום	3	txim	təxˈum	rule	LOW	sefaria-pointed	L
שטרוי	3	ʃtrɔj		rule	MED		G
מעסער	3	mˈɛsər		rule	MED		G
פוחסין	3	fˈixsin		fallback	LOW	pe-default,lk-fallback	L
הנער	3	hnɛr		rule	MED		G
אנצינדן	3	ˈanʦindn		rule	LOW	alef-default	G
אוכל	3	ixl		rule	LOW	alef-default	G
באדן	3	badn		rule	LOW	alef-default	G
מוחטין	3	mˈixtin		fallback	LOW	lk-fallback	L
להקל	3	lhkl		fallback	LOW	lk-fallback	L
עליו	3	ˈɛlji		rule	MED		G
ממתיק	3	mˈamtik		rule	LOW	model-pointed-guess	L
כדקא	3	xdka		rule	LOW	alef-default	G
יאות	3	jis		fallback	LOW	alef-default,lk-fallback	L
יסלקון	3	ˈislkin		rule	MED		G
לעבודה	3	lˈɛbidə		rule	MED		G
לוויים	3	lvajm		rule	MED		G
רשאין	3	rʃaːn		rule	LOW	alef-default	G
לחלוק	3	laxˈalɔjk		rule	LOW	lk-proclitic-pointed:model-pointed-guess	L
אפטיילן	3	ˈaftajln		rule	LOW	alef-default,pe-default	G
ללא	3	lla		rule	LOW	alef-default	G
הומה	3	hˈimə		rule	MED		G
שוגה	3	ʃˈiɡə		rule	MED		G
יחכם	3	ixm		fallback	LOW	lk-fallback	L
אפלאכן	3	ˈaflaxn		rule	LOW	alef-default,pe-default	G
מדה	3	mˈidə		rule	LOW	pointed-audio-endorsed	L
"רש""י'ס"	3	rajʃ ʃin jid sˈaməx	rajʃ ʃin jit sˈaməx	rule	LOW	letter-names	A
מנחות	3	mənˈuxɔjs	mˈinxɔjs	rule	LOW	audio-homograph	L
טעגליך	3	tˈɛɡləx		rule	MED		G
מסילת	3	msˈilas	məsˈilas	rule	LOW	model-pointed-guess	L
ישרים	3	ˈiʃrim		rule	MED		G
טערמיניגע	2	tˈɛrminiɡə		rule	MED		G
עפעקטן	2	ˈɛfəktn		rule	LOW	pe-default	G
פייערלעשער	2	fˈajərləʃər		rule	LOW	pe-default	G
באזירט	2	bazˈirt		rule	LOW	alef-default	G
טרעיד	2	trajd	trajt	rule	MED		G
מיטצוארבעטן	2	mˈitʦiarbətn		rule	LOW	alef-default	G
אפן	2	afn		rule	LOW	alef-default,pe-default	G
ארגאניזאציע	2	ˈarɡanizaʦiə		rule	LOW	alef-default	G
פאקיסטאן	2	fˈakistan		rule	LOW	alef-default,pe-default	G
ס'גייען	2	sɡˈajən		rule	MED	clitic	G
פרעסע	2	prˈɛsə		lexicon	HIGH		G
סענטראל	2	sˈɛntral		rule	LOW	alef-default	G
קאמערשל	2	kˈamərʃl		rule	LOW	alef-default	G
אויסגעדריקט	2	ˈoʊzɡədrikt		rule	LOW	alef-default	G
באשלוס	2	baʃlˈis		rule	LOW	alef-default	G
לאדענען	2	lˈadənən		rule	LOW	alef-default	G
פינאנץ	2	finˈanʦ		rule	LOW	alef-default,pe-default	G
אנזען	2	ˈunzejn		rule	MED	prefix-rescue:gold+אנ	G
ארומגערעדט	2	arˈimɡərədt		rule	LOW	alef-default	G
פריינטשאפט	2	frˈajnʧaft		rule	LOW	alef-default,pe-default	G
נאכלאזן	2	nˈaxlazn		rule	LOW	alef-default	G
סאנקציעס	2	sˈankʦiəs		rule	LOW	alef-default	G
ווילאנג	2	vˈilanɡ	vˈilank	rule	LOW	alef-default	G
פאטעל	2	fˈatəl		rule	LOW	alef-default,pe-default	G
זוני	2	zˈini		rule	MED		G
באגעגעניש	2	baɡəɡənˈiʃ		rule	LOW	alef-default	G
געמיינזאמע	2	ɡəmˈajnzamə		rule	LOW	alef-default	G
זיצונגען	2	zˈiʦinɡən		rule	MED		G
טאנקערס	2	tˈankərs		rule	LOW	alef-default	G
קאנגרעס	2	kɔnɡrˈɛs		lexicon	HIGH		G
פארבאטן	2	farbˈatn		rule	LOW	alef-default,pe-default	G
אונטערשריפט	2	ˈintərʃrift		rule	LOW	alef-default,pe-default	G
באזע	2	bazˈə		rule	LOW	alef-default	G
שטיצע	2	ʃtˈiʦə		rule	MED		G
קורץ	2	kirʦ		rule	MED		G
מידטוירם	2	mˈidtɔjrm		rule	MED		G
אינטערנאציאנאל	2	ˈintərnaʦianal		rule	LOW	alef-default	G
תימן	2	tˈajmun		rule	LOW	sefaria-pointed	L
אנסארי	2	ˈansari		rule	LOW	alef-default	G
פארס	2	fars		rule	LOW	alef-default,pe-default	G
אראביע	2	ˈarabiə		rule	LOW	alef-default	G
בלומענטאל	2	blˈiməntal		rule	LOW	alef-default	G
קאמפיוטער	2	kˈamfjitər		rule	LOW	alef-default,pe-default	G
קאמפליקאציעס	2	kˈamflikaʦiəs		rule	LOW	alef-default,pe-default	G
געארבעט	2	ɡəˈarbət		rule	MED	prefix-rescue:gold+גע	G
בענסאן	2	bənsˈan		rule	LOW	alef-default	G
קאמפאניס	2	kˈamfanis		rule	LOW	alef-default,pe-default	G
אויסגעפרעגטע	2	ˈoʊzɡəfrəɡtə		rule	LOW	alef-default,pe-default	G
ענטפער	2	ˈɛntfər		rule	LOW	pe-default	G
מאסיווע	2	mˈasivə		rule	LOW	alef-default	G
לענגאויס	2	lˈɛnɡɔjs		rule	LOW	alef-default	G
געפלויגן	2	ɡəflˈɔjɡn		rule	LOW	pe-default	G
ויקהל	2	ɔjkhl		rule	MED		G
בורגום	2	bˈirɡim		rule	MED		G
עפל	2	ɛpl		lexicon	MED	audio-pe	G
פאדערונג	2	fˈadərinɡ	fˈadərink	rule	LOW	alef-default,pe-default	G
צוגאנג	2	ʦˈiɡanɡ	ʦˈiɡank	rule	LOW	alef-default	G
באנוצער	2	banˈiʦər		rule	LOW	alef-default	G
קאונטי	2	kˈinti		rule	LOW	alef-default	G
האקעלע	2	hˈakələ		rule	LOW	alef-default	G
העפטיגע	2	hˈɛftiɡə		rule	LOW	pe-default	G
באפארברייטונג	2	bafarbrˈajtinɡ	bafarbrˈajtink	rule	LOW	alef-default,pe-default	G
קאנפערענץ	2	kanfərˈɛnʦ		rule	LOW	alef-default,pe-default	G
אויסגעשמועסט	2	ˈoʊzɡəʃmiəst		rule	LOW	alef-default	G
שטערקסטע	2	ʃtˈɛrkstə		rule	MED		G
געמיינדע	2	ɡəmˈajndə		rule	MED		G
תיכף	2	tˈajkəf		lexicon	HIGH		L
רוזוועלט	2	rˈizvəlt		rule	MED		G
גבאים	2	ɡbaːm		rule	LOW	alef-default	G
דעלעגאציע	2	dˈɛləɡaʦiə		rule	LOW	alef-default	G
אנוועזנד	2	ˈanvəznd	ˈanvəznt	rule	LOW	alef-default	G
געקרוינט	2	ɡəkrˈɔjnt		rule	MED		G
סוקסעס	2	sˈiksəs		rule	MED		G
גריער	2	ɡrˈiər		rule	MED		G
געיעג	2	ɡˈajəɡ	ɡˈajək	rule	MED		G
קאנאדע'ס	2	kˈanadəs		rule	LOW	alef-default	G
אויפהערן	2	ˈoʊfhirn		rule	MED	prefix-rescue:gold+אויפ	G
באנייט	2	banˈajt		rule	LOW	alef-default	G
אימער	2	ˈimər		rule	LOW	alef-default	G
פענסילוועניע	2	fˈɛnsilvəniə		rule	LOW	pe-default	G
אויפברענגען	2	ˈoʊfbrejnɡən		rule	MED	prefix-rescue:gold+אויפ	G
צופאל	2	ʦˈifal		rule	LOW	alef-default,pe-default	G
געלאנדעט	2	ɡəlˈandət		rule	LOW	alef-default	G
ברעגעס	2	brˈɛɡəs		rule	MED		G
טעקסאס	2	tˈɛksas		rule	LOW	alef-default	G
סטעיט'ס	2	stajʦ		rule	MED		G
אפערעישאן	2	ˈafərajʃan		rule	LOW	alef-default,pe-default	G
סענטער	2	sˈɛntər		rule	MED		G
מרכז	2	mrxz		fallback	LOW	lk-fallback	L
שטרויכלונגען	2	ʃtrˈɔjxlinɡən		rule	MED		G
זארג	2	zarɡ	zark	rule	LOW	alef-default	G
לאונס	2	lins		rule	LOW	alef-default	G
אויסערן	2	ˈoʊsərn		rule	LOW	alef-default	G
שאהבאני	2	ʃˈabani		rule	LOW	alef-default	G
דאקומענטירט	2	dˈakiməntirt		rule	LOW	alef-default	G
דמשק	2	damˈɛsək	damˈɛsɛk	rule	LOW	sefaria-pointed	L
אנגעקלאגט	2	ˈanɡəklaɡt		rule	LOW	alef-default	G
טויטליכע	2	tˈɔjtləxə		rule	MED		G
לעיקוואוד	2	lˈajkvid	lˈajkvit	rule	LOW	alef-default	G
קלאגעס	2	klˈaɡəs		rule	LOW	alef-default	G
צי	2	ʦi		lexicon	HIGH		G
ארעסטירטע	2	ˈarəstirtə		rule	LOW	alef-default	G
טשיינע'ס	2	ʧˈajnəs		rule	MED		G
אגענטורן	2	ˈaɡəntirn		rule	LOW	alef-default	G
מאמדאני	2	mˈamdani		rule	LOW	alef-default	G
באקענען	2	bakˈɛnən		rule	MED	prefix-rescue:gold+בא	G
פארנומענע	2	farnˈimənə		rule	LOW	alef-default,pe-default	G
צווינגען	2	ʦvˈinɡən		rule	MED		G
פרעשור	2	frəʃˈir		rule	LOW	pe-default	G
פאזיציע	2	fˈaziʦiə		rule	LOW	alef-default,pe-default	G
קראון	2	krin		rule	LOW	alef-default	G
הייטס	2	hajʦ		rule	MED		G
אנגערייצט	2	ˈanɡərajʦt		rule	LOW	alef-default	G
הונט	2	hint		rule	MED		G
אנטיסעמיטישע	2	ˈantisəmitiʃə		rule	LOW	alef-default	G
יונגע	2	jˈinɡə		rule	MED		G
אויפדעקונג	2	ˈɔjfdəkinɡ	ˈɔjfdəkink	rule	LOW	alef-default,pe-default	G
אטענטאט	2	ˈatəntat		rule	LOW	alef-default	G
אויספארשונג	2	ˈoʊsfarʃinɡ	ˈoʊsfarʃink	rule	LOW	alef-default,pe-default	G
זשורנאליסט	2	ʒirnalˈist		rule	LOW	alef-default	G
אויפגעדעקט	2	ˈɔjfɡədəkt		rule	LOW	alef-default,pe-default	G
געהיים	2	ɡəhˈajm		rule	MED		G
אנטוויקלען	2	ˈantviklən		rule	LOW	alef-default	G
קאאפעראציע	2	kˈaafəraʦiə		rule	LOW	alef-default,pe-default	G
איינוואוינער	2	ˈajnvɔjnər		rule	LOW	alef-default	G
פארשוואונדענע	2	farʃvˈindənə		rule	LOW	alef-default,pe-default	G
זאמלט	2	zamlt		rule	LOW	alef-default	G
באזונדער	2	bazˈindər		rule	LOW	alef-default	G
קבורה	2	kbˈirə		rule	MED		G
להלכה	2	lahalˈuxə		rule	LOW	lk-proclitic-pointed:model-pointed-guess	L
קהילה	2	khˈilə		rule	MED		G
עסנווארג	2	ˈɛsnvarɡ	ˈɛsnvark	rule	LOW	alef-default	G
אויסשטעלן	2	ˈoʊsʃtəln		rule	LOW	alef-default	G
סטראטעגיע	2	strˈatəɡiə		rule	LOW	alef-default	G
נאכפאלגנדיג	2	nˈaxfalɡndiɡ	nˈaxfalɡndik	rule	LOW	alef-default,pe-default	G
ראזאי	2	rˈazaː		rule	LOW	alef-default	G
רעאגירט	2	rˈɛaɡirt		rule	LOW	alef-default	G
איראק	2	ˈirak		rule	LOW	alef-default	G
פארלאפענעם	2	farlˈafənəm		rule	LOW	alef-default,pe-default	G
עווענטועל	2	ˈɛvəntiəl		rule	MED		G
צוזאמגעפאלן	2	ʦˈizamɡəfaln		rule	LOW	alef-default,pe-default	G
געזעץ	2	ɡəzˈɛʦ		rule	MED		G
געבער	2	ɡəbˈɛr		rule	MED		G
פארמעסטן	2	farmˈɛstn		rule	LOW	alef-default,pe-default	G
קאסע	2	kˈasə		rule	LOW	alef-default	G
ארויסהעלפן	2	arˈoʊshəlfn		rule	MED	prefix-rescue:gold+ארויס	G
היפש	2	hifʃ		rule	LOW	pe-default	G
געגרייט	2	ɡəɡrˈajt		rule	MED	prefix-rescue:gold+גע	G
סערווירט	2	sˈɛrvirt		rule	MED		G
אינטערעסע	2	ˈintərəsə		rule	LOW	alef-default	G
וועסטשעסטער	2	vˈɛsʧəstər		rule	MED		G
אויסלאנד	2	ˈoʊsland	ˈoʊslant	rule	LOW	alef-default	G
פארהאלטן	2	farhˈaltn		rule	MED	prefix-rescue:gold+פאר	G
לוד	2	lid	lit	rule	MED		G
ארויסצופליען	2	arˈoʊsʦifliən		rule	LOW	alef-default,pe-default	G
אומאן	2	ˈiman		rule	LOW	alef-default	G
טערמינאל	2	tˈɛrminal		rule	LOW	alef-default	G
אפעלירט	2	ˈafəlirt		rule	LOW	alef-default,pe-default	G
צוריקשטעלן	2	ʦirˈikʃtəln		rule	MED		G
באשולדיגן	2	baʃˈildiɡn		rule	LOW	alef-default	G
הייראט	2	hˈajrat		rule	LOW	alef-default	G
צערעמאניע	2	ʦərˈɛmaniə		rule	LOW	alef-default	G
רידזש	2	riʤ	riʧ	rule	MED		G
פארמעגנס	2	farmˈɛɡns		rule	LOW	alef-default,pe-default	G
ווייניגסטנס	2	vvˈajniɡsətnəs		rule	LOW	model-pointed-guess	L
רובל	2	ribl		rule	MED		G
באנקראט	2	bankrˈat		rule	LOW	alef-default	G
פירנדיג	2	fˈirndiɡ	fˈirndik	rule	LOW	pe-default	G
ניטאמאל	2	nˈitamal		rule	LOW	alef-default	G
קעיס	2	kajs		rule	MED		G
אפגעבן	2	ˈupɡəbən		rule	MED	prefix-rescue:gold+אפגע	L
שולד	2	ʃild	ʃilt	rule	MED		G
ענערגיע	2	ˈɛnərɡiə		rule	MED		G
דורכשניט	2	dˈirxʃnit		rule	MED		G
גאזאלין	2	ɡˈazalin		rule	LOW	alef-default	G
פארשפרעכונג	2	farʃprˈɛxinɡ	farʃprˈɛxink	rule	LOW	alef-default,pe-default	G
תודה	2	tˈɔjdə	tˈɔjdu	rule	LOW	sefaria-pointed	L
זשינפינג	2	ʒˈinfinɡ	ʒˈinfink	rule	LOW	pe-default	G
עגיפטן	2	ˈɛɡiftn		rule	LOW	pe-default	G
מיטארבעטער	2	mˈitarbətər		rule	LOW	alef-default	G
פארזוכן	2	farzˈixn		rule	LOW	alef-default,pe-default	G
צוזאמצוברענגען	2	ʦˈizamʦibrənɡən		rule	LOW	alef-default	G
אנגייענדע	2	ˈanɡajəndə		rule	LOW	alef-default	G
קאורט	2	kirt		rule	LOW	alef-default	G
געהילפן	2	ɡəhˈilfn		rule	LOW	pe-default	G
אויפפלאקערן	2	ˈɔjflakərn		rule	LOW	alef-default,pe-default	G
נאוועמבער	2	nˈavəmbər		rule	LOW	alef-default	G
רעזשים	2	rˈɛʒim		rule	MED		G
שמחת	2	sˈimxas	simˈaxtu	rule	LOW	audio-homograph	L
סיגנאלן	2	sˈiɡnaln		rule	LOW	alef-default	G
ערוועקן	2	ˈɛrvəkn		rule	MED		G
קארופציע	2	kˈarifʦiə		rule	LOW	alef-default,pe-default	G
פארשפרייט	2	farʃprˈajt		rule	LOW	alef-default,pe-default	G
פונקטן	2	finktn		rule	LOW	pe-default	G
אויסגעברייטערט	2	ˈoʊzɡəbrajtərt		rule	LOW	alef-default	G
באנייטע	2	banˈajtə		rule	LOW	alef-default	G
דאני	2	dˈani		rule	LOW	alef-default	G
מאראטאריום	2	mˈaratarjim		rule	LOW	alef-default	G
סקול	2	skil		rule	MED		G
אפעקטירן	2	ˈafəktirn		rule	LOW	alef-default,pe-default	G
סטודענטן	2	stˈidəntn		rule	MED		G
ס'טוט	2	stit		rule	MED	clitic	G
פארמער	2	farmˈɛr		rule	MED	prefix-rescue:gold+פאר	G
עירליינס	2	ˈajrlajns		rule	MED		G
פארזעצן	2	farzˈɛʦn		rule	LOW	alef-default,pe-default	G
אוועקנעמען	2	avˈɛknəmən		rule	MED	prefix-rescue:gold+אוועק	G
כאאס	2	xˈaas		rule	LOW	alef-default	G
אנגעגעבן	2	ˈunɡəɡejbn		rule	MED	prefix-rescue:gold+אנגע	G
אונטערצונעמען	2	ˈintərʦinəmən		rule	LOW	alef-default	G
טיליס	2	tˈilis		rule	MED		G
ספענסער	2	sfˈɛnsər		rule	LOW	pe-default	G
געטראגן	2	ɡətrˈuɡn		lexicon	MED	audio-vowel	G
מולען	2	mˈilən		rule	MED		G
לאנדונג	2	lˈandinɡ	lˈandink	rule	LOW	alef-default	G
דערקלערט	2	dərklˈɛrt		rule	MED		G
מאטאר	2	mˈatar		rule	LOW	alef-default	G
געוועזענע	2	ɡəvˈɛzənə		rule	MED		G
דעקן	2	dɛkn		rule	MED		G
קאמאנדא	2	kˈamanda		rule	LOW	alef-default	G
זעלנער	2	zˈɛlnər		rule	MED		G
סירישן	2	sˈiriʃn		rule	MED		G
ראטגעבער	2	rˈatɡəbər		rule	LOW	alef-default	G
מלכיאל	2	mlxˈial		rule	LOW	alef-default	G
"הגה""צ"	2	haj ɡiml haj ʦˈadik		rule	LOW	letter-names	A
אביו	2	ˈabji		rule	LOW	alef-default	G
זייענדיג	2	zˈajəndiɡ	zˈajəndik	rule	MED		G
זעלטענע	2	zˈɛltənə		rule	MED		G
לייסטונגען	2	lˈajstinɡən		rule	MED		G
גלייכצייטיג	2	ɡlˈajxʦajtiɡ	ɡlˈajxʦajtik	rule	MED		G
שתדלנות	2	ʃˈasdlnus		rule	LOW	model-pointed-guess	L
איבערצוגיין	2	ˈibərʦiɡajn		rule	LOW	alef-default	G
איינפלוסרייכע	2	ˈajnflisrajxə		rule	LOW	alef-default,pe-default	G
שתדלנים	2	ʒzdlnim		fallback	LOW	lk-fallback	L
מקורבים	2	mkˈirbim		rule	MED		G
אפיציעלע	2	ˈafiʦiələ		rule	LOW	alef-default,pe-default	G
מיטינג	2	mˈitinɡ	mˈitink	rule	MED		G
הנותן	2	hanˈɔjsajn		rule	LOW	lk-proclitic-pointed:sefaria-pointed	L
בעיני	2	bˈajni		rule	MED		G
מעניו	2	mˈɛnji		rule	MED		G
נעץ	2	nɛʦ		rule	MED		G
דאקומענט	2	dakimˈɛnt		rule	LOW	alef-default	G
ווארענען	2	vˈarənən		rule	LOW	alef-default	G
דזשוליי	2	ʤˈilaj		rule	MED		G
געטריבענע	2	ɡətrˈibənə		rule	MED		G
אוקראינישע	2	ˈikraːniʃə		rule	LOW	alef-default	G
וויטקאוו	2	vˈitkav	vˈitkaf	rule	LOW	alef-default	G
עמיראטן	2	ˈɛmiratn		rule	LOW	alef-default	G
ס'באקומט	2	sbakˈimt		rule	MED	clitic	G
אויפמערקזאמקייט	2	ˈɔjfmərkzamkaːt		rule	LOW	alef-default,pe-default	G
איינשפארן	2	ˈajnʃparn		rule	LOW	alef-default,pe-default	G
ביליאנען	2	bˈilianən		rule	LOW	alef-default	G
וועלפעיר	2	vˈɛlfajr		rule	LOW	pe-default	G
אומלעגאלע	2	ˈimləɡalə		rule	LOW	alef-default	G
אויסברייטערן	2	ˈoʊzbrajtərn		rule	LOW	alef-default	G
סטראשע	2	strˈaʃə		rule	LOW	alef-default	G
פאנדינג	2	fˈandinɡ	fˈandink	rule	LOW	alef-default,pe-default	G
באפרייען	2	bafrˈajən		rule	LOW	alef-default,pe-default	G
דירעקטע	2	dˈirəktə		rule	MED		G
"ואדמורי""ם"	2	vuv ˈaləf dˈuləd mɛm vuv rajʃ jid mɛm	vuf ˈaləf dˈulət mɛm vuf rajʃ jit mɛm	rule	LOW	letter-names	A
ארויסלאזן	2	arˈoʊsluzn		rule	MED	prefix-rescue:gold+ארויס	G
היסטארישן	2	hˈistariʃn		rule	LOW	alef-default	G
באגלייטונג	2	baɡlˈajtinɡ	baɡlˈajtink	rule	LOW	alef-default	G
קהלות	2	kəhˈilɔjs		rule	LOW	sefaria-pointed	L
קדושות	2	kdˈɔjʃɔjs	kədˈɔjʃɔjs	rule	LOW	sefaria-pointed	L
סקעדזשועל	2	skˈɛʤiəl		rule	MED		G
אריינגעלאזט	2	arˈaːnɡəlɔzt		rule	MED	prefix-rescue:gold+אריינגע	G
רוזעוועלט	2	rˈizəvəlt		rule	MED		G
צוגעפירט	2	ʦˈiɡəfirt		rule	MED	prefix-rescue:gold+צוגע	G
בייהילפיג	2	bˈajhilfiɡ	bˈajhilfik	rule	LOW	pe-default	G
באגלייטן	2	baɡlˈajtn		rule	LOW	alef-default	G
אייר	2	ajr		rule	LOW	alef-default	G
לעבאנעזע	2	lˈɛbanəzə		rule	LOW	alef-default	G
ארויסצוגעבן	2	arˈoʊsʦiɡəbn		rule	LOW	alef-default	G
גופים	2	ɡˈifim		rule	LOW	pe-default	G
רוסישער	2	rˈisiʃər		rule	MED		G
אפענסיווע	2	ˈafənsivə		rule	LOW	alef-default,pe-default	G
דיוויזיע	2	dˈiviziə		rule	MED		G
מיטגלידער	2	mˈitɡlidər		rule	MED		G
ויצא	2	ˈɔjʦa		rule	LOW	alef-default	G
לייסענס	2	lˈajsəns		rule	MED		G
טונקעלע	2	tˈinkələ		rule	MED		G
אידענטיטעט	2	ˈidəntitət		rule	LOW	alef-default	G
אויפשטייג	2	ˈɔjfʃtajɡ	ˈɔjfʃtajk	rule	LOW	alef-default,pe-default	G
אינצידענטן	2	ˈinʦidəntn		rule	LOW	alef-default	G
פראפעסארן	2	frˈafəsarn		rule	LOW	alef-default,pe-default	G
געצוואונגען	2	ɡəʦvˈinɡən		rule	LOW	alef-default	G
פעסל	2	fɛsl		rule	LOW	pe-default	G
ווייזנפעלד	2	vˈajznfəld	vˈajznfəlt	rule	LOW	pe-default	G
אדוואקאטן	2	ˈadvakatn		rule	LOW	alef-default	G
דורכ'ן	2	dˈurəxn		rule	LOW	model-pointed-guess	L
אפיציר	2	afiʦˈir		rule	LOW	alef-default,pe-default	G
באמבארדיר	2	bambardˈir		rule	LOW	alef-default	G
פארשוין	2	farʃˈɔjn		rule	MED	prefix-rescue:gold+פאר	G
האנדלט	2	handlt		rule	LOW	alef-default	G
ווארפאקאוויטש	2	vˈarfakaviʧ		rule	LOW	alef-default,pe-default	G
קאמאנדיר	2	kamandˈir		rule	LOW	alef-default	G
דאנאלד	2	dˈanald	dˈanalt	rule	LOW	alef-default	G
געביידעס	2	ɡəbˈajdəs		rule	MED		G
אוזן	2	izn		rule	LOW	alef-default	G
ושרים	2	ˈiʃrim		rule	MED		G
דעפיציט	2	dˈɛfiʦit		rule	LOW	pe-default	G
באנייעט	2	banˈajət		rule	LOW	alef-default	G
רייזעס	2	rˈajzəs		rule	MED		G
געפאדערט	2	ɡəfˈadərt		rule	LOW	alef-default,pe-default	G
נאכגעקומען	2	nˈaxɡəkimən		rule	LOW	alef-default	G
זעצן	2	zɛʦn		rule	MED		G
פאזיטיווע	2	fˈazitivə		rule	LOW	alef-default,pe-default	G
שטאפל	2	ʃtafl		rule	LOW	alef-default,pe-default	G
פארגלייך	2	farɡlˈaːx		rule	MED	prefix-rescue:word-latin+פאר	G
דערמיט	2	dərmˈit		rule	MED	prefix-rescue:gold+דער	G
קהילות	2	kəhˈilɔjs		rule	LOW	model-pointed-guess	L
מטריח	2	matrˈixa		rule	LOW	model-pointed-guess	L
אחינו	2	uxˈajni	uxˈajnu	rule	LOW	model-pointed-guess	L
געשלאסן	2	ɡəʃlˈasn		rule	LOW	alef-default	G
מנהיגים	2	mnhˈiɡim		rule	MED		G
בילבארדס	2	bˈilbards		rule	LOW	alef-default	G
מיסיאנערישע	2	mˈisianəriʃə		rule	LOW	alef-default	G
ברוקלין	2	brˈiklin		rule	MED		G
טראגט	2	truɡt		lexicon	MED	audio-vowel	G
רעדוקציע	2	rˈɛdikʦiə		rule	MED		G
דיזל	2	dizl		rule	MED		G
רעקארד	2	rˈɛkard	rˈɛkart	rule	LOW	alef-default	G
צענט	2	ʦɛnt		rule	MED		G
אמאנער	2	amˈanər		rule	LOW	alef-default	G
שטילערהייט	2	ʃtˈilərhaːt		rule	MED		G
טשארדזשן	2	ʧarʤn		rule	LOW	alef-default	G
טאלס	2	tals		rule	LOW	alef-default	G
רעכענען	2	rˈɛxənən		rule	MED		G
טונעלן	2	tˈinəln		rule	MED		G
מעגליכקייטן	2	mˈɛɡlixkaːtn		rule	MED		G
פעסער	2	fˈɛsər		rule	LOW	pe-default	G
דיומא	2	djˈima		rule	LOW	alef-default	G
חביב	2	xˈuviv	xˈuvif	rule	LOW	sefaria-pointed	L
תפתח	2	tˈiftax	tˈiftux	rule	LOW	audio-homograph	L
יגיד	2	ˈiɡid	ˈiɡit	rule	MED		G
וויזיט	2	vˈizit		rule	MED		G
אפגעווארט	2	ˈupɡəvɔrt		rule	MED	prefix-rescue:gold+אפגע	G
געגראמט	2	ɡəɡrˈamt		rule	LOW	alef-default	G
טונקל	2	tinkl		rule	MED		G
פובליק	2	fˈiblik		rule	LOW	pe-default	G
טרעטן	2	trɛtn		rule	MED		G
אידישקייט	2	jˈidiʃkaːt		lexicon	HIGH		G
דאקטער	2	dˈaktər		rule	LOW	alef-default	G
פיבער	2	fˈibər		rule	LOW	pe-default	G
קריך	2	krix		rule	MED		G
געדרייווט	2	ɡədrˈajvt		rule	MED		G
לבוש	2	lbiʃ		rule	MED		G
קשיות	2	kˈaʃjɔjs		rule	LOW	model-pointed-guess	L
אריינגעכאפט	2	arˈaːnɡəxaft		rule	LOW	alef-default,pe-default	G
תֵצֵא	2	sˈajʦaj		rule	LOW	alef-default,lk-fallback	L
לַמִּלְחָמָה	2	lamilxˈumə		rule	LOW	lk-fallback	L
במלחמת	2	bmlxms		fallback	LOW	lk-fallback	L
ארוכים	2	ˈarixim		rule	LOW	alef-default	G
שביו	2	ʒbji		rule	MED		G
היצר	2	hiʦr		rule	MED		G
נשר	2	nˈɛʃɛr	nˈuʃɛr	rule	LOW	audio-homograph	L
עוללות	2	ˈɔjllɔjs	ˈɔjləlɔjs	rule	LOW	sefaria-pointed	L
וויינגארטן	2	vˈajnɡartn		rule	LOW	alef-default	G
בקרב	2	bkˈɛrəv	bəkˈɛrɛv|bkˈɛrəf	rule	LOW	sefaria-pointed	L
עלטסטער	2	ˈɛlʦtər		rule	MED		G
ברוך'ל	2	brixl		rule	MED		G
גע'פסק'נט	2	ɡəpˈasknt		rule	LOW	pe-default	G
דרייוון	2	drajvn		rule	MED		G
ס'פארט	2	sfɔrt		rule	MED	clitic	G
סטעפס	2	stɛfs		rule	LOW	pe-default	G
עלעוועיטאר	2	ˈɛləvajtar		rule	LOW	alef-default	G
מענער	2	mˈɛnər		rule	MED		G
גרשון	2	ɡrʃin		rule	MED		G
טוביה	2	tˈibi		rule	MED		G
אויערבאך	2	ˈɔjərbax		rule	LOW	alef-default	G
המשולש	2	hmʃilʃ		rule	MED		G
חיובא	2	xjˈiba		fallback	LOW	alef-default,lk-fallback	L
געווינען	2	ɡəvˈinən		rule	MED		G
לאטערי	2	lˈatəri		rule	LOW	alef-default	G
אהה	2	a		rule	LOW	alef-default	G
פארפאסט	2	farpˈɔst		rule	MED	prefix-rescue:word-latin+פאר	G
אויסמעקן	2	ˈoʊsməkn		rule	LOW	alef-default	G
אריינקאלן	2	arˈaːnkaln		rule	LOW	alef-default	G
אפשרייבן	2	ˈupʃraːbn		rule	MED	prefix-rescue:gold+אפ	G
מיסד	2	mizd	mizt	rule	MED		G
געקאלט	2	ɡəkˈalt		rule	LOW	alef-default	G
וועראייזאן	2	vˈɛrajzan		rule	LOW	alef-default	G
אנגעפילטע	2	ˈanɡəfiltə		rule	LOW	alef-default,pe-default	G
סעיוון	2	sajvn		rule	MED		G
פולער	2	fˈilər		rule	LOW	pe-default	G
רעקארדן	2	rˈɛkardn		rule	LOW	alef-default	G
כשר'ע	2	xʃrə		rule	MED		G
פיקן	2	fikn		rule	LOW	pe-default	G
וואויז	2	vɔjz	vɔjs	rule	LOW	alef-default	G
נסתלק	2	nistˈalajk		rule	LOW	sefaria-pointed	L
געדרוקט	2	ɡədrˈikt		rule	MED		G
נפשות	2	nfˈuʃɔjs	nəfˈuʃɔjs	rule	LOW	sefaria-pointed	L
להחיות	2	ləhaxˈajɔjs		rule	LOW	lk-proclitic-pointed:sefaria-pointed	L
אויסגעבראכן	2	ˈoʊzɡəbraxn		rule	LOW	alef-default	G
קרענק	2	krɛnk		rule	MED		G
גייענדיג	2	ɡˈajəndiɡ	ɡˈajəndik	rule	MED		G
פארכאפט	2	farxˈaft		rule	LOW	alef-default,pe-default	G
וואלד	2	vald	valt	rule	LOW	alef-default	G
טבריה	2	tbri		rule	MED		G
אייגנטימער	2	ˈajɡntimər		rule	LOW	alef-default	G
פאפיר	2	papˈir		lexicon	HIGH		G
געוואונען	2	ɡəvˈinən		rule	LOW	alef-default	G
איינגעפירט	2	ˈaːnɡəfirt		rule	MED	prefix-rescue:gold+איינגע	G
ראשונה	2	rˈaʃinə		rule	LOW	alef-default	G
צוגרייטן	2	ʦˈiɡrajtn		rule	MED		G
צריך	2	ʦrix		rule	MED		G
דאוונסט	2	davnst		rule	LOW	alef-default	G
יעריג	2	jˈɛriɡ	jˈɛrik	rule	MED		G
שטענדער	2	ʃtˈɛndər		rule	MED		G
גזירת	2	ɡzˈajras	ɡəzˈajras	rule	LOW	model-pointed-guess	L
הגיוס	2	hɡjis		rule	MED		G
טינעק	2	tˈinək		rule	MED		G
אויפגעפיקט	2	ˈɔjfɡəfikt		rule	LOW	alef-default,pe-default	G
האלטס	2	halʦ		rule	LOW	alef-default	G
ארי	2	ˈari		rule	LOW	alef-default	G
יאגט	2	jaɡt		rule	LOW	alef-default	G
אפיניען	2	ˈafiniən		rule	LOW	alef-default,pe-default	G
האלטסטו	2	hˈalʦti		rule	LOW	alef-default	G
הייתם	2	hɛjˈisɛm		rule	LOW	sefaria-pointed	L
סיטואציע	2	sˈitiaʦiə		rule	LOW	alef-default	G
קעמפס	2	kɛmfs		rule	LOW	pe-default	G
ענדערש	2	ˈɛndərʃ		rule	MED		G
פלעין	2	flajn		rule	LOW	pe-default	G
פאפ	2	faf		rule	LOW	alef-default,pe-default	G
דעלי	2	dˈɛli		rule	MED		G
קאלן	2	kaln		rule	LOW	alef-default	G
טרייען	2	trˈajən		rule	MED		G
צוריקגעשריבן	2	ʦirˈikɡəʃribn		rule	MED	prefix-rescue:gold+צוריק	G
ענגלאנד	2	ˈɛnɡland	ˈɛnɡlant	lexicon	HIGH		E
ענינסטע	2	ˈɛninstə		rule	MED		G
געחתונה'ט	2	ɡəxsˈinht		fallback	LOW	lk-fallback	L
סאושעל	2	sˈiʃəl		rule	LOW	alef-default	G
באהאלטן	2	bahˈaltn		rule	MED	prefix-rescue:gold+בא	G
פעיפער	2	fˈajfər		rule	LOW	pe-default	G
קאנצערנטס	2	kˈanʦərnʦ		rule	LOW	alef-default	G
טרענזעקשן	2	trˈɛnzəkʃn		rule	MED		G
אלעמען	2	ˈaləmən		rule	LOW	alef-default	G
צוריקגיין	2	ʦirˈikɡajn		rule	MED	prefix-rescue:gold+צוריק	G
שלומי	2	ʃlˈimi		rule	MED		G
דגוש	2	dɡiʃ		rule	MED		G
אינטערנעט	2	ˈintərnət		rule	LOW	alef-default	G
חלות	2	xˈalɔjs		rule	LOW	sefaria-pointed	L
ס'מוז	2	smiz	smis	rule	MED	clitic	G
געבידט	2	ɡəbˈidt		rule	MED		G
אויסגעגאסן	2	ˈoʊzɡəɡasn		rule	LOW	alef-default	G
עבר	2	ɛbr		rule	MED		G
בטל	2	butl	bɔtl	rule	LOW	printed-respelling	L
קרבנו	2	krbni		rule	MED		G
הפסד	2	hˈɛfsajd	hˈɛfsajt	rule	LOW	sefaria-pointed	L
ארויסגעווארפן	2	arˈoʊzɡəvarfn		rule	LOW	alef-default,pe-default	G
גערן	2	ɡɛrn		rule	MED		G
מוסד	2	mizd	mizt	rule	MED		G
איינעמ'ס	2	ˈajnəmə s		fallback	LOW	alef-default,vowel-ratio	G
אפי	2	ˈafi		rule	LOW	alef-default,pe-default	G
עצם	2	ɛʦm		rule	MED		G
אידי	2	ˈidi		rule	LOW	alef-default	G
האלידעי	2	hˈalidaj		rule	LOW	alef-default	G
בעגס	2	bɛɡs		rule	MED		G
סענדערס	2	sˈɛndərs		rule	MED		G
אנשיל	2	ˈanʃil		rule	LOW	alef-default	G
שטעכעריי	2	ʃtˈɛxəraj		rule	MED		G
צייטונג	2	ʦˈajtinɡ	ʦˈajtink	rule	MED		G
פעידזש	2	fajʤ	fajʧ	rule	LOW	pe-default	G
נוקלעאר	2	nˈikləar		rule	LOW	alef-default	G
גלגל	2	ɡalɡl		rule	LOW	printed-respelling	L
מסכתות	2	masˈɛxsɔjs		rule	LOW	model-pointed-guess	L
סימנים	2	sˈimnim		rule	MED		G
רבקה	2	rˈivkə	rˈivku	rule	LOW	sefaria-pointed	L
אויפגעטרעטן	2	ˈɔjfɡətrətn		rule	LOW	alef-default,pe-default	G
מכון	2	mxin		rule	MED		G
ביכל	2	bixl		rule	MED		G
קאלירן	2	kˈalirn		rule	LOW	alef-default	G
גייטס	2	ɡajʦ		rule	MED		G
מחזור	2	mˈaxzər		rule	LOW	printed-respelling	L
מפורש	2	mfirʃ		rule	LOW	pe-default	G
איינציג	2	ˈajnʦiɡ	ˈajnʦik	rule	LOW	alef-default	G
וואונדער	2	vˈindər		rule	LOW	alef-default	G
פריעד	2	frˈiəd	frˈiət	rule	LOW	pe-default	G
רובינשטיין	2	rˈibinʃtajn		rule	MED		G
עסקן	2	ˈajsəkn		rule	LOW	printed-respelling+suffix	L
ידע	2	ˈidə		rule	MED		G
בשעה	2	bʃə		rule	MED		G
ומוצלחת	2	imiʦlˈaxas	umuʦəlˈaxas	rule	LOW	model-pointed-guess	L
משתתף	2	miʃtˈatajf		rule	LOW	model-pointed-guess	L
בדחנות	2	badxˈunɔjs		rule	LOW	model-pointed-guess	L
הלבבות	2	halvˈuvɔjs		rule	LOW	model-pointed-guess	L
בפניו	2	bfnji		rule	LOW	pe-default	G
מעגסט	2	mɛɡst		rule	MED		G
האור	2	hir		rule	LOW	alef-default	G
העם	2	hɛm		rule	MED		G
פלאר	2	flar		rule	LOW	alef-default,pe-default	G
שפילט	2	ʃpilt		rule	LOW	pe-default	G
וואוילע	2	vˈɔjlə		rule	LOW	alef-default	G
"ראב""ד"	2	rajʃ ˈaləf bajs dˈuləd	rajʃ ˈaləf bajs dˈulət	rule	LOW	letter-names	A
גימטריאות	2	ɡimatrˈiɔjs		rule	LOW	model-pointed-guess	L
פלעג	2	flɛɡ	flɛk	rule	LOW	pe-default	G
ריז	2	riz	ris	rule	MED		G
בנימין	2	bnˈimin		rule	MED		G
כשרות	2	kʃˈajrɔjs	kəʃˈajrɔjs	rule	LOW	sefaria-pointed	L
אבידה	2	ˈabidə		rule	LOW	alef-default	G
מערכת	2	mɛrxs		fallback	LOW	lk-fallback	L
היסטאריש	2	hˈistariʃ		rule	LOW	alef-default	G
תבא	2	tˈuvɔj		rule	LOW	sefaria-pointed	L
רוחמיסטריווקא	2	rˈixmistrivka		fallback	LOW	alef-default,lk-fallback	L
טאן	2	tan		rule	LOW	alef-default	G
וואונדן	2	vindn		rule	LOW	alef-default	G
כף	2	kaf	kuf	rule	LOW	audio-homograph	L
ווילטשעיר	2	vˈilʧajr		rule	MED		G
טאהש	2	taʃ		rule	LOW	alef-default	G
אוועקגעטראגן	2	avˈɛkɡətraɡn		rule	LOW	alef-default	G
עדווערטייזמענט	2	ədvərtajzmˈɛnt		rule	MED		G
שבו	2	ʒbi		rule	MED		G
משכונות	2	maʃkˈɔjnɔjs		rule	LOW	model-pointed-guess	L
פאפא	2	fˈafa		rule	LOW	alef-default,pe-default	G
עלטסטע	2	ˈɛlʦtə		rule	MED		G
לעבעדיג	2	lˈɛbədiɡ	lˈɛbədik	rule	MED		G
גלעזער	2	ɡlˈɛzər		rule	MED		G
מטעמים	2	mtˈɛmim		rule	MED		G
פארפאסן	2	farfˈasn		rule	LOW	alef-default,pe-default	G
בציבור	2	bʦibˈir		rule	MED		G
באמונה	2	bamˈinə		rule	LOW	alef-default	G
איבערגעלעבט	2	ˈibərɡəlejbt		rule	MED	prefix-rescue:word-latin+איבערגע	G
סוט	2	sit		rule	MED		G
מייק	2	majk		rule	MED		G
אויסנעמען	2	ˈoʊsnəmən		rule	MED	prefix-rescue:gold+אויס	G
גורלות	2	ɡɔjrˈulɔjs		rule	LOW	sefaria-pointed	L
אביסעלע	2	ˈabisələ		rule	LOW	alef-default	G
בעגל	2	bɛɡl		rule	MED		G
איידלקייט	2	ˈajdlkaːt		rule	LOW	alef-default	G
בקודש	2	bkidʃ		rule	MED		G
טאהשער	2	tˈaʃər		rule	LOW	alef-default	G
געבייזערט	2	ɡəbˈajzərt		rule	MED		G
השמד	2	hˈaʃmajd	hˈaʃmajt	rule	LOW	lk-proclitic-pointed:model-pointed-guess	L
גרוע	2	ɡrˈiə		rule	MED		G
ממה	2	mˈimə	mˈima	rule	LOW	sefaria-pointed	L
שהיה	2	ʃhi		rule	MED		G
וזה	2	ˈizə		rule	MED		G
לתקן	2	lətˈikajn		rule	LOW	lk-proclitic:sefaria+ל	L
גזירות	2	ɡzˈajrɔjs	ɡəzˈajrɔjs	rule	LOW	model-pointed-guess	L
ארויספארן	2	arˈoʊsfarn		rule	LOW	alef-default,pe-default	G
בלוט	2	blit		rule	MED		G
הפקר	2	hˈɛfkajr		rule	LOW	pointed-audio-endorsed	L
פרייער	2	frˈajər		rule	LOW	pe-default	G
צושטעל	2	ʦˈiʃtəl		rule	MED		G
"של""ה"	2	ʃlu		lexicon	LOW	acronym-word	A
מבאר	2	mbar		rule	LOW	alef-default	G
שאריים	2	ʃˈarajm		rule	LOW	alef-default	G
ביליגער	2	bˈiliɡər		rule	MED		G
שליסן	2	ʃlisn		rule	MED		G
בדחן	2	bdxajn		rule	LOW	lk-fallback	L
מקפיד	2	mkpid	mkpit	lexicon	MED	audio-pe	G
מילי	2	mˈili		rule	MED		G
דמעות	2	dmˈuɔjs	dəmˈuɔjs	rule	LOW	sefaria-pointed	L
סדרות	2	sədˈurɔjs		rule	LOW	model-pointed-guess	L
פרייט	2	frajt		rule	LOW	pe-default	G
מיללער	2	mˈillər		rule	MED		G
ראשית	2	rˈajʃis		rule	LOW	sefaria-pointed	L
גליק	2	ɡlik		rule	MED		G
מאטעלע	2	mˈatələ		rule	LOW	alef-default	G
בלעטער	2	blˈɛtər		rule	MED		G
שמעקט	2	ʃmɛkt		rule	MED		G
דאנק	2	dank		lexicon	HIGH		G
בענקשאפט	2	bənkʃˈaft		rule	LOW	alef-default,pe-default	G
ס'לוינט	2	slɔjnt		rule	MED	clitic	G
סומער	2	sˈimər		rule	MED		G
קראסנא	2	krˈasna		rule	LOW	alef-default	G
אנשטעלן	2	ˈanʃtəln		rule	LOW	alef-default	G
ברענגסט	2	brɛnɡst		rule	MED		G
מ'באקומט	2	mbakˈimt		rule	MED	clitic	G
אויסגאבע	2	ˈoʊzɡabə		rule	LOW	alef-default	G
וויליאמסבורגער	2	vˈiliamzbirɡər		rule	LOW	alef-default	G
רייכע	2	rˈajxə		rule	MED		G
בלעטל	2	blɛtl		rule	MED		G
גראס	2	ɡras		rule	LOW	alef-default	G
וועלוועל	2	vˈɛlvəl		rule	MED		G
הסכימו	2	hsxˈimi		rule	MED		G
לחזור	2	lxzir		fallback	LOW	lk-fallback	L
מ'קויפט	2	mkɔjft		rule	LOW	clitic	G
נאה	2	na		rule	LOW	alef-default	G
אויפגעגעסן	2	ˈɔjfɡəɡəsn		rule	LOW	alef-default,pe-default	G
קויף	2	kɔjf		rule	LOW	pe-default	G
טייטשל	2	tajʧl		rule	MED		G
איידיע	2	ˈajdiə		rule	LOW	alef-default	G
מיסטעיק	2	mˈistajk		rule	MED		G
מקנא	2	mkna		rule	LOW	alef-default	G
פענעל	2	fˈɛnəl		rule	LOW	pe-default	G
פראקטישע	2	frˈaktiʃə		rule	LOW	alef-default,pe-default	G
סקרו	2	skri		rule	MED		G
קאלירס	2	kalˈirs		rule	LOW	alef-default	G
נוי	2	nɔj		rule	MED		G
פענעלס	2	fˈɛnəls		rule	LOW	pe-default	G
סטארס	2	stars		rule	LOW	alef-default	G
אריינגעברענגט	2	arˈaːnɡəbrənɡt		rule	MED	prefix-rescue:gold+אריינגע	G
הפלא'דיגע	2	hflˈadiɡə		rule	LOW	alef-default,pe-default	G
מעטס	2	mɛʦ		rule	MED		G
סטעפ	2	stɛf		rule	LOW	pe-default	G
אויסער	2	ˈoʊsər		rule	LOW	alef-default	G
עדה	2	ˈɛdə		rule	MED		G
לייטס	2	lajʦ		rule	MED		G
דעליווערי	2	dˈɛlivəri		rule	MED		G
דארפט	2	darft		rule	LOW	alef-default,pe-default	G
פולן	2	filn		rule	LOW	pe-default	G
זעסטו	2	zˈɛsti		rule	MED		G
הישלער	2	hˈiʃlər		rule	MED		G
פיקטשערס	2	fˈikʧərs		rule	LOW	pe-default	G
לרפואה	2	lrfˈia		rule	LOW	alef-default,pe-default	G
סוגיא	2	sˈuɡia		lexicon	MED	audio-vowel	G
פארטיג	2	fartˈiɡ	fartˈik	rule	LOW	alef-default,pe-default	G
יוכל	2	jixl		rule	MED		G
פארווארפענע	2	farvˈarfənə		rule	LOW	alef-default,pe-default	G
נפלא	2	nfla		rule	LOW	alef-default,pe-default	G
געצינדן	2	ɡəʦˈindn		rule	MED		G
ארויסגעזען	2	arˈoʊzɡəzejn		rule	MED	prefix-rescue:gold+ארויסגע	G
צוטיילן	2	ʦˈitajln		rule	MED		G
געיט	2	ɡajt		rule	MED		G
יענקל	2	jɛnkl		rule	MED		G
החתונה	2	haxasˈinə		rule	LOW	lk-proclitic-pointed:model-pointed-guess	L
אריינגעטראכט	2	arˈaːnɡətraxt		rule	LOW	alef-default	G
סיני	2	sˈini		rule	MED		G
מנהגי	2	mnhɡi		rule	MED		G
חשוב'ן	2	xˈaʃivn	xˈaʃuvn	rule	LOW	model-pointed-guess	L
מסורה	2	msˈirə		rule	MED		G
פייפן	2	fajfn		rule	LOW	pe-default	G
געטריי	2	ɡətrˈaj		rule	MED		G
קאנסידערט	2	kˈansidərt		rule	LOW	alef-default	G
סעלצער	2	sˈɛlʦər		rule	MED		G
בלויע	2	blˈɔjə		rule	MED		G
פארמאכטע	2	farmˈaxtə		rule	LOW	alef-default,pe-default	G
באקסעדיגע	2	baksˈɛdiɡə		rule	LOW	alef-default	G
קליינס	2	klajns		rule	MED		G
פארעם	2	farˈɛm		rule	LOW	alef-default,pe-default	G
בחור'ישע	2	baxˈurəjʃɛ		rule	LOW	model-pointed-guess	L
מעלקן	2	mɛlkn		rule	MED		G
כתב	2	ksav	kəsˈav|ksaf	rule	LOW	model-pointed-guess	L
חול	2	xil	xul	rule	LOW	sefaria-pointed	L
המועד	2	hmˈiəd	hmˈiət	rule	MED		G
אראפגעקלאפט	2	arˈupɡəklaft		rule	LOW	alef-default,pe-default	G
אינסטאלד	2	ˈinstald	ˈinstalt	rule	LOW	alef-default	G
מאשינס	2	mˈaʃins		rule	LOW	alef-default	G
קרן	2	kˈɛrɛn	kˈɛrən	rule	LOW	sefaria-pointed	L
בארגן	2	barɡn		rule	LOW	alef-default	G
גאלדמאן	2	ɡˈaldman		rule	LOW	alef-default	G
געשאפט	2	ɡəʃˈaft		rule	LOW	alef-default,pe-default	G
הצלה	2	haʦˈulə	haʦˈulu	rule	LOW	sefaria-pointed	L
טיים	2	tajm		rule	MED		G
דזשעקסאן	2	ʤˈɛksan		rule	LOW	alef-default	G
ווייטאג	2	vˈajtaɡ	vˈajtak	rule	LOW	alef-default	G
יוסיפו	2	jˈisifi		rule	LOW	pe-default	G
זינגסט	2	zinɡst		rule	MED		G
אדונינו	2	ˈadinini		rule	LOW	alef-default	G
אויפבויען	2	ˈoʊfboʊən		rule	MED	prefix-rescue:word-latin+אויפ	G
תיבה	2	tˈajvə	tˈajvu	rule	LOW	model-pointed-guess	L
גארבעדזש	2	ɡˈarbəʤ	ɡˈarbəʧ	rule	LOW	alef-default	G
עפנט	2	ɛfnt		rule	LOW	pe-default	G
זוסיא	2	zˈisia		rule	LOW	alef-default	G
באניער	2	banˈiər		rule	LOW	alef-default	G
שולן	2	ʃiln		rule	MED		G
במקום	2	bmkim		rule	MED		G
שטרענג	2	ʃtrɛnɡ	ʃtrɛnk	rule	MED		G
הערינג	2	hˈɛrinɡ	hˈɛrink	rule	MED		G
געדאווענט	2	ɡədavˈɛnt		rule	LOW	alef-default	G
רעדסטו	2	rˈɛdsti		rule	MED		G
דורכברוך	2	dˈirxburəx		rule	MED	prefix-rescue:gold+דורכ	L
שוויצנדע	2	ʃvˈiʦndə		rule	MED		G
ווייבער	2	vˈaːbər		lexicon	HIGH		G
ריקט	2	rikt		rule	MED		G
וואלסט	2	valst		rule	LOW	alef-default	G
דעי	2	daj		rule	MED		G
איבערגיין	2	ˈibərɡajn		rule	MED	prefix-rescue:gold+איבער	G
שכנים	2	ʃxnim		rule	MED		G
מ'טראגט	2	mtruɡt		rule	MED	clitic	G
מקומות	2	mkˈɔjmɔjs	məkˈɔjmɔjs	rule	LOW	sefaria-pointed	L
גרינגער	2	ɡrˈinɡər		rule	MED		G
מ'גרייט	2	mɡrajt		rule	MED	clitic	G
בבל	2	bˈuvəl	bˈuvɛl	rule	LOW	sefaria-pointed	L
תשובות	2	ʧˈivɔjs	təʃˈuvɔjs	rule	LOW	model-pointed-guess	L
וחסידות	2	ˈixusidis		rule	LOW	lk-fallback	L
החסד	2	haxˈɛsəd	haxˈɛsət	rule	LOW	lk-proclitic-pointed:sefaria-pointed	L
האמת	2	hˈɛməs		rule	LOW	alef-default,lk-fallback	L
מצות	2	mˈaʦɔjs		rule	LOW	model-pointed-guess	L
צאנז	2	ʦanz	ʦans	rule	LOW	alef-default	G
קליינעם	2	klˈajnəm		rule	MED		G
נתרבה	2	nisrˈabə	nisrˈabu	rule	LOW	model-pointed-guess	L
אריינפאלן	2	arˈaːnfaln		rule	LOW	alef-default,pe-default	G
פתח	2	pˈɛsax		rule	LOW	model-pointed-guess	L
אריינגעטון	2	arˈaːnɡətin		rule	MED	prefix-rescue:gold+אריינגע	G
אבד	2	abd	abt	rule	LOW	alef-default	G
ואנשי	2	ˈianʃi		rule	LOW	alef-default	G
נאספים	2	nˈasfim		rule	LOW	alef-default,pe-default	G
ניסן	2	nisn		rule	MED		G
פייניגן	2	fˈajniɡn		rule	LOW	pe-default	G
נתפרסם	2	nispˈarsajm		rule	LOW	model-pointed-guess	L
אידענע	2	ˈidənə		rule	LOW	alef-default	G
מרת	2	mˈurəs	mˈɔrəs	rule	LOW	printed-respelling	L
פארגעס	2	farɡˈɛs		rule	LOW	alef-default,pe-default	G
וויענער	2	vˈiənər		rule	MED		G
קלאזן	2	klazn		rule	LOW	alef-default	G
אפגעשריבן	2	ˈupɡəʃribn		rule	MED	prefix-rescue:gold+אפ	G
קדשו	2	kdʃi		rule	MED		G
מברר	2	mvˈurajr	məvˈurajr	rule	LOW	model-pointed-guess	L
גוזר	2	ɡizr		rule	MED		G
קלויזענבורג	2	klˈɔjzənbirɡ	klˈɔjzənbirk	rule	MED		G
אבלי	2	ˈabli		rule	LOW	alef-default	G
וירושלים	2	ˈɔjriʃlim		rule	MED		G
אבלים	2	ˈablim		rule	LOW	alef-default	G
מאמע'ס	2	mˈaməs		rule	LOW	alef-default	G
אייזנבאך	2	ˈajznbax		rule	LOW	alef-default	G
דייעגנאזט	2	dˈajəɡnazt		rule	LOW	alef-default	G
ועת	2	ˈiəs		fallback	LOW	lk-fallback	L
שעמט	2	ʃɛmt		rule	MED		G
באטל	2	batl		rule	LOW	alef-default	G
מצנפת	2	mˈiʦnəfəs		rule	LOW	printed-respelling	L
טבילה	2	tbˈilə		rule	MED		G
משניות	2	miʃnˈujɔjs		rule	LOW	lk-proclitic-pointed:model-pointed-guess	L
גרינגע	2	ɡrˈinɡə		rule	MED		G
חנף	2	xˈunajf		rule	LOW	sefaria-pointed	L
אוועילעבל	2	ˈavajləbl		rule	LOW	alef-default	G
קאסטומער	2	kˈastimər		rule	LOW	alef-default	G
פאלאץ	2	fˈalaʦ		rule	LOW	alef-default,pe-default	G
דזשוי	2	ʤɔj		rule	MED		G
עסטעיט	2	ˈɛstajt		rule	MED		G
קאנטעקטן	2	kˈantəktn		rule	LOW	alef-default	G
כתאות	2	xsis		fallback	LOW	alef-default,lk-fallback	L
רעקל	2	rɛkl		rule	MED		G
שורות	2	ʃˈirɔjs	ʃˈurɔjs	rule	LOW	sefaria-pointed	L
צוטרעפן	2	ʦˈitrəfn		rule	MED	prefix-rescue:gold+צו	G
וואונטשט	2	vinʧt		rule	LOW	alef-default	G
נולד	2	nild	nilt	rule	MED		G
געלע	2	ɡəlˈə		rule	MED		G
מ'פרייט	2	mfrajt		rule	LOW	clitic	G
באקום	2	bakˈim		rule	LOW	alef-default	G
לכתחילה	2	ləxatxˈilə		rule	LOW	printed-respelling	L
בנפשו	2	bnfʃi		rule	LOW	pe-default	G
עניוועי	2	ˈɛnivaj		rule	MED		G
געזינגעכץ	2	ɡəzˈinɡəxʦ		rule	MED		G
אריינזינגען	2	arˈaːnzinɡən		rule	LOW	alef-default	G
ומלאכים	2	ˈimlaxim		rule	LOW	alef-default	G
יחפזון	2	jajxufˈajzin	jajxufˈajzun	rule	LOW	sefaria-pointed	L
כלאים	2	xlaːm		rule	LOW	alef-default	G
ברבים	2	brbim		rule	MED		G
קהל	2	kəhˈal	kˈuhul	rule	LOW	audio-homograph	L
ממונו	2	mmˈini		rule	MED		G
גור	2	ɡir		rule	MED		G
אייזיק	2	ˈajzik		rule	LOW	alef-default	G
לעפקאוויטש	2	lˈɛfkaviʧ		rule	LOW	alef-default,pe-default	G
תרח	2	tˈɛrax		rule	LOW	sefaria-pointed	L
טונעם	2	tˈinəm		rule	MED		G
טיקעט	2	tˈikət		rule	MED		G
הדם	2	hˈadum		rule	LOW	sefaria-pointed	L
ראזענבערג	2	rˈazənbərɡ	rˈazənbərk	rule	LOW	alef-default	G
מ'ווערט	2	mvirt		rule	MED	clitic	G
מ'פארגעסט	2	mfarɡˈɛst		rule	LOW	clitic	G
פארגעסט	2	farɡˈɛst		rule	LOW	alef-default,pe-default	G
אריינלאזן	2	arˈaːnlazn		rule	LOW	alef-default	G
מקובלים	2	mkˈiblim		rule	MED		G
אוסטראפולער	2	ˈistrafilər		rule	LOW	alef-default,pe-default	G
מעלה	2	mˈɛlə		rule	MED		G
"ת""ה"	2	tuf haj		rule	LOW	letter-names	A
המה	2	hˈajmə	hˈajmu	rule	LOW	sefaria-pointed	L
שמועסט	2	ʃmˈiəst		rule	MED		G
שפטים	2	ʃptim		rule	LOW	pe-default	G
ושטרים	2	ˈiʃtrim		rule	MED		G
דיינים	2	dˈajnim		rule	MED		G
נקבה	2	nəkˈajvu	nˈikvu	rule	LOW	audio-homograph	L
הגמרא	2	hɡmra		rule	LOW	alef-default	G
ינוח	2	junˈixa	junˈuxa	rule	LOW	sefaria-pointed	L
בינוני	2	bˈinini		rule	MED		G
סא	2	sa		rule	LOW	alef-default	G
תורתך	2	tɔjrusˈɛxu		rule	LOW	sefaria-pointed	L
שעשועי	2	ʃˈɛʃiaj		rule	MED		G
אבדתי	2	avˈadti		rule	LOW	model-pointed-guess	L
מביאה	2	mbˈia		rule	LOW	alef-default	G
פת	2	pas		rule	LOW	sefaria-pointed	L
זכרנו	2	zxrni		rule	MED		G
ופקדנו	2	ˈifkdni		rule	LOW	pe-default	G
וכסף	2	ixsf		rule	LOW	pe-default	G
וזהב	2	izhb	izhp	rule	MED		G
פאסיגע	2	fˈasiɡə		rule	LOW	alef-default,pe-default	G
כסף	2	kˈɛsɛf	kˈusɛf	rule	LOW	audio-homograph	L
סטראפקאווער	2	strˈafkavər		rule	LOW	alef-default,pe-default	G
ברייטן	2	brajtn		rule	MED		G
רבן	2	rˈabun		rule	LOW	sefaria-pointed	L
הטורים	2	htˈirim		rule	MED		G
תשים	2	tˈusim		rule	LOW	sefaria-pointed	L
אלהיך	2	ˈalhix		rule	LOW	alef-default	G
איינציגסטער	2	ˈajnʦiɡstər		rule	LOW	alef-default	G
תנאים	2	tanˈuim		rule	LOW	model-pointed-guess	L
במילוי	2	bmˈilɔj		rule	MED		G
געוואלדיגער	2	ɡəvˈaldiɡər		rule	LOW	alef-default	G
לחלקו	2	lxˈɛlkɔj	ləxˈɛlkɔj	rule	LOW	model-pointed-guess	L
יחזקאל	2	jxˈɛzkajl	jəxˈɛzkajl	rule	LOW	sefaria-pointed	L
העתידות	2	huasˈidɔjs		rule	LOW	sefaria-pointed	L
ריר	2	rir		rule	MED		G
יחוד	2	jˈixid	jˈixud|jˈixit	rule	LOW	sefaria-pointed	L
אויסגעטרעטן	2	ˈoʊzɡətrətn		rule	LOW	alef-default	G
וואקט	2	vakt		rule	LOW	alef-default	G
געזעגנט	2	ɡəzˈɛɡnt		rule	MED		G
ס'געשעט	2	sɡəʃˈɛt		rule	MED	clitic	G
תשרי	2	tˈiʃraj		rule	LOW	sefaria-pointed	L
פועל'ט	2	fˈiəlt		rule	LOW	pe-default	G
קאכן	2	kaxn		rule	LOW	alef-default	G
השתפכות	2	hiʃtˈapxis	hiʃtˈapxus	rule	LOW	model-pointed-guess	L
הכיפורים	2	hxˈifirim		rule	LOW	pe-default	G
אפרעדן	2	ˈuprədn		rule	MED	prefix-rescue:gold+אפ	G
משמשים	2	mʃmʃim		rule	MED		G
אויפגעשטעלט	2	ˈɔjfɡəʃtəlt		rule	LOW	alef-default,pe-default	G
אהיימגעגאנגען	2	ahˈajmɡəɡanɡən		rule	LOW	alef-default	G
אויסגעזאגט	2	ˈoʊzɡəzuɡt		rule	MED	prefix-rescue:gold+אויסגע	G
איינגעשטאנען	2	ˈajnɡəʃtanən		rule	LOW	alef-default	G
אראפגענומען	2	arˈupɡənimən		rule	MED	prefix-rescue:gold+אראפ	G
השגות	2	hasˈuɡɔjs		rule	LOW	model-pointed-guess	L
וויז'ניץ	2	vˈizniʦ		rule	MED		G
לעלובער	2	lˈɛlibər		rule	MED		G
צעשמייכלט	2	ʦəʃmˈajxlt		rule	MED		G
יחיאל	2	jxˈiajl	jəxˈiajl	rule	LOW	sefaria-pointed	L
תפן	2	tˈajfən	tˈajfɛn	rule	LOW	sefaria-pointed	L
תנועות	2	tniˈɛɔjs	tənˈuɔjs	rule	LOW	model-pointed-guess	L
אלינו	2	ˈalini		rule	LOW	alef-default	G
פאשקאנער	2	faʃkˈanər		rule	LOW	alef-default,pe-default	G
פאשקאן	2	fˈaʃkan		rule	LOW	alef-default,pe-default	G
טרוים	2	trɔjm		rule	MED		G
משלי	2	mʃli		rule	MED		G
געבענטשטע	2	ɡəbˈɛnʧtə		rule	MED		G
נותנין	2	nˈɔjsənajən		rule	LOW	model-pointed-guess+suffix	L
לבתולה	2	ləbsˈilə		rule	LOW	lk-proclitic:sefaria+ל	L
גוי'טע	2	ɡˈɔjtə		rule	MED		G
"זצ""ל"	2	zaʦˈal		lexicon	HIGH		A
יתנה	2	ˈisnə		fallback	LOW	lk-fallback	L
בִּקְהַל	2	bˈikhal		rule	LOW	lk-fallback	L
מואב	2	mˈiab	mˈiap	rule	LOW	alef-default	G
בקל	2	bkl		fallback	LOW	lk-fallback	L
בִּלְעָם	2	bˈilum		rule	MED		G
געדינגען	2	ɡədˈinɡən		rule	MED		G
וַיַּהֲפֹךְ	2	vˈaahafɔjx		rule	LOW	pe-default	G
לְךָ	2	lxu		rule	LOW	lk-fallback	L
הַקְּלָלָה	2	haklˈulə		rule	LOW	lk-fallback	L
לִבְרָכָה	2	livrˈuxə		lexicon	HIGH		L
אֲהֵבְךָ	2	ˈahajvxu		rule	MED		G
ס'לאזט	2	slɔzt		rule	MED	clitic	G
ערבי	2	ˈɛrbi		rule	MED		G
נחל	2	nˈaxal		rule	LOW	sefaria-pointed	L
בוקן	2	bikn		rule	MED		G
בְּכָל	2	bxul		rule	LOW	lk-fallback	L
פייף	2	fajf		rule	LOW	pe-default	G
שריי	2	ʃraj		rule	MED		G
באדינט	2	badˈint		rule	LOW	alef-default	G
אויסגעפרעגט	2	ˈoʊzɡəfrəɡt		rule	LOW	alef-default,pe-default	G
חיפה	2	xˈajfə	xˈajfu	rule	LOW	model-pointed-guess	L
איינשטיין	2	ˈaːnʃtajn		rule	MED	prefix-rescue:gold+איינ	G
רחמסטריווקא	2	rxmstrˈivka		fallback	LOW	alef-default,lk-fallback	L
הבדלות	2	havdˈulɔjs		rule	LOW	model-pointed-guess	L
בנות	2	bnɔjs	bənˈɔjs	rule	LOW	model-pointed-guess	L
מדין	2	mˈudaːən		rule	LOW	printed-respelling+suffix	L
שמם	2	ʃmum	ʃəmˈum	rule	LOW	model-pointed-guess	L
שדה	2	sˈudɛ	sədˈaj	rule	LOW	audio-homograph	L
צופים	2	ʦˈifim		rule	LOW	pe-default	G
וישת	2	oʊʃs		fallback	LOW	lk-fallback	L
איעצך	2	jɛʦx		rule	LOW	alef-default	G
יעשה	2	jˈɛʃə		rule	MED		G
לעמך	2	lɛmx		rule	MED		G
בלק	2	bˈuluk		rule	LOW	sefaria-pointed	L
קוקסט	2	kikst		rule	MED		G
שאפראנער	2	ʃafrˈanər		rule	LOW	alef-default,pe-default	G
מכות	2	mˈakɔjs		rule	LOW	lk-proclitic-pointed:sefaria-pointed	L
ונקלה	2	ˈinklə		rule	MED		G
לעיניך	2	lˈajnix		rule	MED		G
"ל""ט"	2	lˈaməd tɛs	lˈamət tɛs	rule	LOW	letter-names	A
מכלל	2	mˈiklul		rule	LOW	lk-proclitic-pointed:sefaria-pointed	L
כיון	2	xjin		rule	MED		G
שלקה	2	ʃlkə		fallback	LOW	lk-fallback	L
כאחיך	2	xˈaxix		fallback	LOW	alef-default,lk-fallback	L
פראסקעס	2	frˈaskəs		rule	LOW	alef-default,pe-default	G
כופין	2	xˈifin		rule	LOW	pe-default	G
שיאמר	2	ʃˈiamr		rule	LOW	alef-default	G
בינדט	2	bindt		rule	MED		G
לערן	2	lɛrn		rule	MED		G
חוה	2	xˈavu		rule	LOW	sefaria-pointed	L
אויסדרוק	2	ˈoʊzdrik		rule	LOW	alef-default	G
השלום	2	hʃlim		rule	MED		G
צוגעהערט	2	ʦˈiɡəhirt		rule	MED	prefix-rescue:gold+צו	G
פארשפעטיגט	2	farʃpˈɛtiɡt		rule	LOW	alef-default,pe-default	G
זופ	2	zif		rule	LOW	pe-default	G
מנורת	2	mnˈɔjras	mənˈɔjras	rule	LOW	sefaria-pointed	L
המעור	2	hmˈɛir		rule	MED		G
שעפן	2	ʃɛfn		rule	LOW	pe-default	G
פנחס'ל	2	pˈinxusəl		rule	LOW	model-pointed-guess	L
איציקל	2	ˈiʦikl		rule	LOW	alef-default	G
סאדיגורער	2	sadiɡˈirər		rule	LOW	alef-default	G
בונם	2	binm		rule	MED		G
פשיסחא	2	pʃˈisxu	pəʃˈisxu	rule	LOW	model-pointed-guess	L
מ'עסט	2	mɛst		rule	MED	clitic	G
גדלות	2	ɡdˈɔjlɔjs	ɡədˈɔjlɔjs	rule	LOW	sefaria-pointed	L
מרביץ	2	mrbiʦ		rule	MED		G
חטאתי	2	xutˈusi	xɔtˈɔsi	rule	LOW	printed-respelling	L
עויתי	2	uvˈisi		rule	LOW	sefaria-pointed	L
פשעתי	2	puʃˈati		rule	LOW	sefaria-pointed	L
משתמש	2	miʃtˈamajʃ		rule	LOW	sefaria-pointed	L
געציטערט	2	ɡəʦˈitərt		rule	MED		G
איבערלאזן	2	ˈibərluzn		rule	MED	prefix-rescue:gold+איבער	G
לכבודו	2	lxbˈidi		rule	MED		G
ונתן	2	vnˈusan	vənˈusan	rule	LOW	sefaria-pointed	L
"תשנ""ה"	2	tuf ʃin nin haj		rule	LOW	letter-names	A
ליפא	2	lˈifa		rule	LOW	alef-default,pe-default	G
אראפגעזונגען	2	arˈupɡəzinɡən		rule	LOW	alef-default,pe-default	G
סקווערן	2	skvɛrn		rule	MED		G
אותה	2	ˈɔjsu		rule	LOW	sefaria-pointed	L
בשמחינו	2	bʃmxˈini		fallback	LOW	lk-fallback	L
יפתח	2	jˈiftax	jˈiftux|jipusˈajxa	rule	LOW	audio-homograph	L
לבנו	2	lbni		rule	MED		G
בתורתו	2	bsˈirsi		fallback	LOW	lk-fallback	L
וישם	2	oʊʃm		rule	MED		G
בלבנו	2	blbni		rule	MED		G
אהבתו	2	ˈabsi		fallback	LOW	alef-default,lk-fallback	L
ויראתו	2	ˈɔjrasi		fallback	LOW	alef-default,lk-fallback	L
ולעשות	2	vəlaˈasɔjs		rule	LOW	sefaria-pointed	L
בלבב	2	blˈajvuv	bəlˈajvuv|blˈajvuf	rule	LOW	sefaria-pointed	L
אלוקים	2	ˈalikim		rule	LOW	alef-default	G
פדה	2	pədˈaj	pdˈajə	rule	LOW	model-pointed-guess	L
אותנו	2	ɔjsˈunu		rule	LOW	sefaria-pointed	L
מצרנו	2	mʦrni		rule	MED		G
וברכותיה	2	uvirxɔjsˈɛjhu	ivirxɔjsˈajhu	rule	LOW	model-pointed-guess	L
מסוגל	2	msiɡl		rule	MED		G
עולמו	2	ˈilmi		rule	MED		G
דערשראקן	2	dərʃrˈakn		rule	LOW	alef-default	G
אונטערקויפן	2	ˈintərkɔjfn		rule	MED	prefix-rescue:gold+אונטער	G
הידים	2	hˈidim		rule	MED		G
לכלותינו	2	lxalɔjsˈajni	ləxalɔjsˈajnu	rule	LOW	model-pointed-guess	L
הגדה	2	hˈaɡudə		lexicon	HIGH		L
מיאוס'ע	2	mˈiiəs ɛ		rule	LOW	alef-default	G
תשא	2	tˈisu		rule	LOW	sefaria-pointed	L
ייד	2	jid	jit	rule	MED		G
איינגעזעצט	2	ˈajnɡəzəʦt		rule	LOW	alef-default	G
ארויסגעלאפן	2	arˈoʊzɡəlafn		rule	LOW	alef-default,pe-default	G
חד	2	xad	xat	rule	LOW	sefaria-pointed	L
אריינגערוקט	2	arˈaːnɡərikt		rule	LOW	alef-default	G
ארויסגעלאזט	2	arˈoʊzɡəlɔzt		rule	MED	prefix-rescue:gold+ארויסגע	G
אויסלערנען	2	ˈoʊslirnən		rule	MED	prefix-rescue:gold+אויס	G
שפאצירט	2	ʃpˈaʦirt		rule	LOW	alef-default,pe-default	G
דערשטיקט	2	dərʃtˈikt		rule	MED		G
שטיקט	2	ʃtikt		rule	MED		G
תלמידי	2	talmˈidaj		rule	LOW	sefaria-pointed	L
תקיעות	2	tkiˈɛɔjs	təkˈiɔjs	rule	LOW	sefaria-pointed	L
וְהָיְתָה	2	vəhˈujəsu		rule	LOW	lk-proclitic-pointed:sefaria-pointed	L
לְמַאֲכָל	2	lmˈaxul		rule	MED		G
עוֹף	2	ɔjf		rule	LOW	pe-default	G
הַשָּׁמָיִם	2	hˈaʃumim		rule	MED		G
נבילה	2	nbˈilə		rule	MED		G
בלאזן	2	bluzn		lexicon	MED	audio-vowel	G
בענטשט	2	bɛnʧt		rule	MED		G
פידל	2	fidl		rule	LOW	pe-default	G
שטימע	2	ʃtˈimə		rule	MED		G
יסודות	2	jsˈɔjdɔjs	jəsˈɔjdɔjs	rule	LOW	model-pointed-guess	L
לויבן	2	lɔjbn		rule	MED		G
יכפוך	2	ˈixfix		rule	LOW	pe-default	G
ברכו	2	brxi		rule	MED		G
בשרו	2	bʃri		rule	MED		G
מיום	2	mjim		rule	MED		G
ליום	2	ljim		rule	MED		G
ישועתו	2	jʃiˈusɔj	jəʃuˈusɔj	rule	LOW	sefaria-pointed	L
ספרו	2	sfri		rule	LOW	pe-default	G
נפלאותיו	2	nifləˈɔjsujv	nifləˈɔjsujf	rule	LOW	sefaria-pointed	L
ומהולל	2	ˈimhill		rule	MED		G
אלהים	2	ˈalhim		rule	LOW	alef-default	G
אלהי	2	ˈalhi		rule	LOW	alef-default	G
אלילים	2	ˈalilim		rule	LOW	alef-default	G
הוד	2	hid	hit	rule	MED		G
והדר	2	idr		rule	MED		G
ותפארת	2	vsˈifərəs	vəsifˈɛrɛs	rule	LOW	sefaria-pointed	L
במקדשו	2	bmkdʃi		fallback	LOW	vowel-ratio	G
משפחות	2	miʃpˈuxɔjs		rule	LOW	lk-proclitic-pointed:model-pointed-guess	L
שאו	2	ʃi		rule	LOW	alef-default	G
חילו	2	xˈajlɔj		rule	LOW	model-pointed-guess	L
תבל	2	tˈajvajl		rule	LOW	sefaria-pointed	L
גאולתנו	2	ɡəvlsnˈu		rule	LOW	model-pointed-guess	L
פנה	2	pˈunə	pˈunu	rule	LOW	model-pointed-guess	L
תפלת	2	tfˈilas	təfˈilas	rule	LOW	sefaria-pointed	L
תפלתם	2	sflsm		fallback	LOW	pe-default,lk-fallback	L
תכתב	2	sxzb		fallback	LOW	lk-fallback	L
לדור	2	ldir		rule	MED		G
זרק	2	zrk		fallback	LOW	lk-fallback	L
קערלעך	2	kˈɛrləx		rule	MED		G
המאיר	2	hmaːr		rule	LOW	alef-default	G
ולדרים	2	ˈildrim		rule	MED		G
באלייכט	2	balˈajxt		rule	LOW	alef-default	G
מלאים	2	mlaːm		rule	LOW	alef-default	G
כרימון	2	xrˈimin		rule	MED		G
אנגעפאקט	2	ˈanɡəfakt		rule	LOW	alef-default,pe-default	G
פינטעלע	2	fˈintələ		rule	LOW	pe-default	G
קיום	2	kjim		rule	MED		G
מעגן	2	mɛɡn		rule	MED		G
פחד'יגע	2	fxdˈiɡə		fallback	LOW	pe-default,lk-fallback	L
לוח	2	lˈixa		rule	LOW	pointed-audio-endorsed	L
"תשנ""א"	2	tuf ʃin nin ˈaləf		rule	LOW	letter-names	A
יוחנן	2	jɔjxˈunun		rule	LOW	sefaria-pointed	L
מל'ן	2	mln		fallback	LOW	lk-fallback	L
וְאֶת	2	vɛs		rule	LOW	lk-fallback	L
לְבַב	2	lvav	lvaf	rule	LOW	lk-fallback	L
זַרְעֶךָ	2	zˈarəxu		rule	MED		G
גימטריא	2	ɡˈimtria		rule	LOW	alef-default	G
מונקאטשער	2	mˈinkaʧər		rule	LOW	alef-default	G
אנגרייטן	2	ˈanɡrajtn		rule	LOW	alef-default	G
מָה	2	mɛ		rule	LOW	lk-fallback	L
אוועקגעפאלן	2	avˈɛkɡəfaln		rule	LOW	alef-default,pe-default	G
צווייטנס	2	ʦvajtns		rule	MED		G
התניא	2	hatˈanju		rule	LOW	lk-proclitic-pointed:model-pointed-guess	L
רייד	2	rajd	rajt	rule	MED		G
טרינק	2	trink		rule	MED		G
היחוד	2	hˈixid		fallback	LOW	lk-fallback	L
הוּא	2	hˈia		rule	LOW	alef-default	G
הָאֱלֹקִים	2	hˈɛlɔjkim		rule	MED		G
עבודות	2	avˈɔjdɔjs		rule	LOW	model-pointed-guess	L
מלכותו	2	malxˈisɔj	malxˈusɔj	rule	LOW	sefaria-pointed	L
למעננו	2	lmˈɛnni		rule	MED		G
דיינעטוועגן	2	dˈajnətvəɡn		rule	MED		G
עקידה	2	ˈɛkidə		rule	MED		G
ומזוני	2	ˈimzini		rule	MED		G
ליטווישע	2	lˈitviʃə		rule	MED		G
גזע	2	ɡzə		rule	MED		G
"כ""ז"	2	xuf zˈajən		rule	LOW	letter-names	A
עושר	2	iʃr		rule	MED		G
צרתם	2	ʦurˈusum		rule	LOW	sefaria-pointed	L
וביום	2	ˈibjim		rule	MED		G
ירמי	2	ˈirmi		rule	MED		G
חזנות	2	xazˈunis	xazˈunus	rule	LOW	model-pointed-guess	L
כהנא	2	xhna		rule	LOW	alef-default	G
בימים	2	bˈimim		rule	MED		G
ההם	2	hˈuhajm		rule	LOW	sefaria-pointed	L
בעדפארד	2	bˈɛdfard	bˈɛdfart	rule	LOW	alef-default,pe-default	G
עוועניו	2	ˈɛvənji		rule	MED		G
שפאצירן	2	ʃpˈaʦirn		rule	LOW	alef-default,pe-default	G
גאטונג	2	ɡˈatinɡ	ɡˈatink	rule	LOW	alef-default	G
פערפל	2	fɛrfl		rule	LOW	pe-default	G
אריינגעגעבן	2	arˈaːnɡəɡejbn		rule	MED	prefix-rescue:gold+אריינגע	G
אבותי	2	avˈɔjsaj		rule	LOW	sefaria-pointed	L
מורה	2	mˈirə		rule	MED		G
פארענטפערט	2	farˈɛntfərt		rule	LOW	alef-default,pe-default	G
"תשכ""ו"	2	tuf ʃin xuf vuv	tuf ʃin xuf vuf	rule	LOW	letter-names	A
ברידערס	2	brˈidərs		rule	MED		G
לענינינו	2	lˈɛninini		rule	MED		G
"כ""ח"	2	xuf xɛs		rule	LOW	letter-names	A
עקזיסטירט	2	ˈɛkzistirt		rule	MED		G
ס'הערט	2	shɛrt		rule	MED	clitic	G
נוהג	2	niɡ	nik	rule	MED		G
צוצושטעלן	2	ʦˈiʦiʃtəln		rule	MED		G
תכלת	2	txˈajləs	təxˈajlɛs	rule	LOW	sefaria-pointed	L
ס'ווייסט	2	svajst		rule	MED	clitic	G
געטרויעט	2	ɡətrˈɔjət		rule	MED		G
שבאו	2	ʒbi		rule	LOW	alef-default	G
טל	2	tal	tɔjl|tul	rule	LOW	audio-homograph	L
אויסגעהערט	2	ˈoʊzɡəhirt		rule	MED	prefix-rescue:gold+אויס	G
מ'גיבט	2	mɡibt		rule	MED	clitic	G
טבע	2	tˈɛvə		lexicon	HIGH		L
אפגעשפילט	2	ˈɔpɡəʃpilt		rule	LOW	alef-default,pe-default	G
געשטופט	2	ɡəʃtˈift		rule	LOW	pe-default	G
קאפעליטש	2	kˈafəliʧ		rule	LOW	alef-default,pe-default	G
בתוכם	2	bsˈɔjxum	bəsˈɔjxum	rule	LOW	sefaria-pointed	L
צוגעקוקט	2	ʦˈiɡəkikt		rule	MED	prefix-rescue:gold+צוגע	G
בעסערער	2	bˈɛsərər		rule	MED		G
הפחות	2	hapˈaxɔjs		rule	LOW	lk-proclitic-pointed:sefaria-pointed	L
הושענות	2	hɔjʃˈanɔjs		rule	LOW	model-pointed-guess	L
פארברענגען	2	farbrˈejnɡən		rule	MED	prefix-rescue:gold+פאר	G
געדרענג	2	ɡədrˈɛnɡ	ɡədrˈɛnk	rule	MED		G
כידוע	2	xˈidiə		rule	MED		G
געשאקלט	2	ɡəʃˈaklt		rule	LOW	alef-default	G
שאקלט	2	ʃaklt		rule	LOW	alef-default	G
אויסגערעכנט	2	ˈoʊzɡərəxnt		rule	LOW	alef-default	G
וואונדערן	2	vˈindərn		rule	LOW	alef-default	G
מיישב	2	majʒb	majʒp	rule	MED		G
אנוואונטשן	2	ˈanvinʧn		rule	LOW	alef-default	G
ערנסטער	2	ˈɛrnstər		rule	MED		G
בתפילה	2	batfˈilə		rule	LOW	lk-proclitic-pointed:model-pointed-guess	L
נייעם	2	nˈajəm		rule	MED		G
טרערן	2	trɛrn		rule	MED		G
השנים	2	hʃnim		rule	MED		G
הרגשה	2	hˈarɡʃə		rule	LOW	lk-fallback	L
אנגעזאגט	2	ˈunɡəzuɡt		rule	MED	prefix-rescue:gold+אנגע	G
תלמיד'ש	2	slmidʃ		rule	LOW	lk-fallback	L
חזרה	2	xˈuzrə	xˈuzəru	rule	LOW	sefaria-pointed	L
אלמלא	2	ˈalmla		rule	LOW	alef-default	G
"שי""ן"	2	ʃin		rule	LOW	letter-name-word	A
נתקבל	2	niskˈabajl		rule	LOW	model-pointed-guess	L
ביותר	2	bjˈɔjsajr	bəjˈɔjsajr	rule	LOW	sefaria-pointed	L
שמעה	2	ʃmə		rule	MED		G
בקולי	2	bkˈili		rule	MED		G
תהיינה	2	tihjˈɛjnu		rule	LOW	sefaria-pointed	L
ווארעמקייט	2	vˈarəmkaːt		rule	LOW	alef-default	G
אכילה	2	ˈaxilə		rule	LOW	alef-default	G
שתיה	2	ʃtˈiə		rule	LOW	printed-respelling	L
לינה	2	lˈinə		rule	MED		G
קטן	2	kˈutun		rule	LOW	pointed-audio-endorsed	L
נדירה	2	ndˈirə		rule	MED		G
דאקטוירים	2	dˈaktɔjrim		rule	LOW	alef-default	G
"ס""א"	2	sˈaməx ˈaləf		rule	LOW	letter-names	A
אפגעהאקט	2	ˈɔpɡəhakt		rule	LOW	alef-default,pe-default	G
שפרינג	2	ʃprinɡ	ʃprink	rule	LOW	pe-default	G
דערקענט	2	dərkˈɛnt		rule	MED		G
נתברר	2	nisbˈurajr		rule	LOW	model-pointed-guess	L
רגש	2	rˈɛɡəʃ	rˈɛɡɛʃ	rule	LOW	sefaria-pointed	L
וכמה	2	ˈixmə		rule	MED		G
הלב	2	hˈalajv	hˈalajf	rule	LOW	sefaria-pointed	L
מלכה	2	mˈalku		rule	LOW	lk-proclitic-pointed:audio-homograph	L
מדויק	2	mdɔjk		rule	MED		G
עושה	2	ˈiʃə		rule	MED		G
געפלאצט	2	ɡəflˈaʦt		rule	LOW	alef-default,pe-default	G
שאדן	2	ʃadn		rule	LOW	alef-default	G
אפוינטמענט	2	apɔjntmˈɛnt		lexicon	MED	audio-pe	G
מתייעץ	2	msˈajəʦ		fallback	LOW	lk-fallback	L
געיאגט	2	ɡˈajaɡt		rule	LOW	alef-default	G
אריינגעשטופט	2	arˈaːnɡəʃtift		rule	LOW	alef-default,pe-default	G
צוריקפארן	2	ʦirˈikfarn		rule	LOW	alef-default,pe-default	G
וויינסטו	2	vˈajnsti		rule	MED		G
רעסטאראנט	2	rəstarˈant		rule	LOW	alef-default	G
מזומנים	2	mzˈimnim		rule	MED		G
משפט	2	mˈiʃput		rule	LOW	model-pointed-guess	L
פארפאטשקעס	2	farfˈaʧkəs		rule	LOW	alef-default,pe-default	G
לרפואת	2	lrfˈias		fallback	LOW	alef-default,pe-default,lk-fallback	L
לאה	2	la		rule	LOW	alef-default	G
לעצמי	2	lˈɛʦmi		rule	MED		G
אויסגעפינען	2	ˈoʊzɡəfinən		rule	LOW	alef-default,pe-default	G
ווינדאו	2	vˈindi		rule	LOW	alef-default	G
קארס	2	kars		rule	LOW	alef-default	G
שרעקליך	2	ʃrˈɛkləx		rule	MED		G
חאלאט	2	xˈalat		fallback	LOW	alef-default,lk-fallback	L
וואקן	2	vakn		rule	LOW	alef-default	G
המות	2	hamˈuvɛs		rule	LOW	sefaria-pointed	L
וואונטש	2	vinʧ		rule	LOW	alef-default	G
געשוירן	2	ɡəʃˈɔjrn		rule	MED		G
געוואקסן	2	ɡəvˈaksn		rule	LOW	alef-default	G
אנטשולדיגט	2	ˈanʧildiɡt		rule	LOW	alef-default	G
פינגער	2	fˈinɡər		rule	LOW	pe-default	G
קאמע	2	kˈamə		rule	LOW	alef-default	G
סעיף	2	sajf		rule	LOW	pe-default	G
מאה	2	ma		rule	LOW	alef-default	G
ביכער	2	bˈixər		rule	MED		G
שליחות	2	ʃlˈixis	ʃəlˈixus	rule	LOW	model-pointed-guess	L
באבובער	2	babˈibər		rule	LOW	alef-default	G
אונסדארף	2	ˈinzdarf		rule	LOW	alef-default,pe-default	G
זיידי	2	zˈajdi		rule	MED		G
נעמסטו	2	nˈɛmsti		rule	MED		G
איבערמארגן	2	ˈibərmɔrɡn		rule	MED	prefix-rescue:word-latin+איבער	G
געשפירט	2	ɡəʃpˈirt		rule	LOW	pe-default	G
פרייליכער	2	frˈajləxər		rule	LOW	pe-default	G
תולה	2	tˈɔjlə	tˈɔjlu	rule	LOW	sefaria-pointed	L
דווקא	2	dˈavkə		lexicon	HIGH		L
זיץ	2	ziʦ		rule	MED		G
מ'טראכט	2	mtraxt		rule	LOW	clitic	G
פושן	2	fiʃn		rule	LOW	pe-default	G
פוילע	2	fˈɔjlə		rule	LOW	pe-default	G
בייטאג	2	bˈajtaɡ	bˈajtak	rule	LOW	alef-default	G
מכשולות	2	mxʃˈilis		fallback	LOW	lk-fallback	L
בתורה	2	batˈɔjrə		rule	LOW	lk-proclitic-pointed:sefaria-pointed	L
כמי	2	xmi		rule	MED		G
שיצטרך	2	ʃiʦtrx		rule	MED		G
נוראות	2	nɔjrˈuɔjs		rule	LOW	sefaria-pointed	L
שטופט	2	ʃtift		rule	LOW	pe-default	G
יארימער	2	jˈarimər		rule	LOW	alef-default	G
שלעפער	2	ʃlˈɛfər		rule	LOW	pe-default	G
אמאל'יגע	2	ˈamaliɡə		rule	LOW	alef-default	G
האנטוך	2	hˈantix		rule	LOW	alef-default	G
קורטען	2	kˈirtən		rule	MED		G
קנאק	2	knak		rule	LOW	alef-default	G
שאד	2	ʃad	ʃat	rule	LOW	alef-default	G
לענגער	2	lˈɛnɡər		rule	MED		G
ביילי	2	bˈajli		rule	MED		G
שולט	2	ʃilt		rule	MED		G
צופרידן	2	ʦˈifridn		rule	LOW	pe-default	G
סאלאנטא	2	sˈalanta		rule	LOW	alef-default	G
ברציפות	2	birʦˈifis	birʦˈifus	rule	LOW	model-pointed-guess	L
רעסטוראנט	2	rəstirˈant		rule	LOW	alef-default	G
ישעי'לע'ס	2	ˈiʃajləs		rule	MED		G
קאך	2	kax		rule	LOW	alef-default	G
ביסל	2	bisl		rule	MED		G
ציטערט	2	ʦˈitərt		rule	MED		G
פליגן	2	fliɡn		rule	LOW	pe-default	G
געוואקן	2	ɡəvˈakn		rule	LOW	alef-default	G
נאכגעלאפן	2	nˈaxɡəlafn		rule	LOW	alef-default,pe-default	G
אריינפאקן	2	arˈaːnfakn		rule	LOW	alef-default,pe-default	G
עצבות	2	ˈaʦvis	ˈaʦvus	rule	LOW	model-pointed-guess	L
טאנץ	2	tanʦ		rule	LOW	alef-default	G
הלחם	2	halˈɛxəm	halˈɛxɛm	rule	LOW	sefaria-pointed	L
בעמלק	2	bɛmlk		rule	MED		G
החופה	2	haxˈɔjfə		rule	LOW	lk-proclitic:sefaria+ה	L
פאק	2	pak		lexicon	MED	audio-pe	G
וערבה	2	ˈiərbə		rule	MED		G
גערטענער	2	ɡərtˈɛnər		rule	MED		G
געהאנדלט	2	ɡəhˈandlt		rule	LOW	alef-default	G
איניש	2	ˈiniʃ		rule	LOW	alef-default	G
ערליכקייט	2	ˈɛrlixkaːt		rule	MED		G
ברענט	2	brɛnt		rule	MED		G
צוזאמרופן	2	ʦˈizamrifn		rule	LOW	alef-default,pe-default	G
מ'ענטפערט	2	mˈɛntfərt		rule	LOW	clitic	G
ברענגטס	2	brɛnɡʦ		rule	MED		G
תחמיצנה	2	taxamiʦˈajnə	taxamiʦˈajnu	rule	LOW	model-pointed-guess	L
פורת	2	pˈɔjrus		rule	LOW	model-pointed-guess	L
ספרד'ישער	2	sfrdˈiʃər		rule	LOW	pe-default	G
נתת	2	nusˈatu		rule	LOW	sefaria-pointed	L
תולדותם	2	sˈildism		fallback	LOW	lk-fallback	L
הדבקים	2	hdbkim		rule	MED		G
מושל	2	miʃl		rule	MED		G
רצועות	2	rʦiˈɛɔjs	rəʦˈuɔjs	rule	LOW	sefaria-pointed	L
וְאֵרַשְׂתִּיךְ	2	vajrˈastix		rule	LOW	lk-fallback	L
אֱלֹהֵיכֶם	2	ˈɛlɔjhajxəm		rule	MED		G
ופלא	2	ˈifla		rule	LOW	alef-default,pe-default	G
טפחות	2	tfxis		fallback	LOW	pe-default,lk-fallback	L
הנה	2	hinˈajə	hˈinaj	rule	LOW	sefaria-pointed	L
אמה	2	ˈamə		rule	LOW	alef-default	G
מעסט	2	mɛst		rule	MED		G
געמאסטן	2	ɡəmˈastn		rule	LOW	alef-default	G
עדיין	2	ˈɛdajn		rule	MED		G
וועק	2	vɛk		rule	MED		G
דערהערן	2	dərhˈirn		rule	MED	prefix-rescue:gold+דער	G
ויברכם	2	ɔjbrxm		rule	MED		G
געשאכטן	2	ɡəʃˈaxtn		rule	LOW	alef-default	G
פרישן	2	friʃn		rule	LOW	pe-default	G
צוואנציגסטע	2	ʦvˈanʦiɡstə		rule	LOW	alef-default	G
סגולות	2	səɡˈulɔjs		rule	LOW	model-pointed-guess	L
לפרנסה	2	lfarnˈusə	ləfarnˈusu	rule	LOW	sefaria-pointed	L
תאכל	2	tˈɔjxajl		rule	LOW	model-pointed-guess	L
מיטגעהאלטן	2	mˈitɡəhaltn		rule	MED	prefix-rescue:gold+מיטגע	G
ספעיס	2	sfajs		rule	LOW	pe-default	G
מ'שיקט	2	mʃikt		rule	MED	clitic	G
בסדר	2	bsˈajdər	bəsˈajdɛr	rule	LOW	sefaria-pointed	L
בענדער	2	bˈɛndər		rule	MED		G
ותשובות	2	isʃˈivɔjs	usəʃˈuvɔjs	rule	LOW	model-pointed-guess	L
עניות	2	anˈijus		rule	LOW	sefaria-pointed	L
מעבירין	2	mˈɛbirin		rule	MED		G
חלומות	2	xlˈimis		rule	LOW	pointed-audio-endorsed	L
חלום	2	xˈuləm		lexicon	HIGH		L
ערלעדיגט	2	ˈɛrlədiɡt		rule	MED		G
ראלער	2	rˈalər		rule	LOW	alef-default	G
העגונות	2	huaɡˈɔjnɔjs		rule	LOW	model-pointed-guess	L
ווילד	2	vild	vilt	rule	MED		G
הבאה	2	hba		rule	LOW	alef-default	G
יחד	2	jˈaxad	jˈuxad|jˈaxat	rule	LOW	audio-homograph	L
קרובים	2	krˈibim		rule	MED		G
נקודת	2	nkids		fallback	LOW	lk-fallback	L
גערל	2	ɡɛrl		rule	MED		G
אפשטעלן	2	ˈafʃtəln		rule	LOW	alef-default,pe-default	G
בהירות	2	bhˈiris		fallback	LOW	lk-fallback	L
שאיפות	2	ʃˈaːfis		fallback	LOW	alef-default,pe-default,lk-fallback	L
עתיד	2	ˈusid	ˈusit	rule	LOW	sefaria-pointed	L
נדרים	2	ndrim		rule	MED		G
צערודערט	2	ʦərˈidərt		rule	MED		G
תופס	2	tˈɔjfajs		rule	LOW	model-pointed-guess	L
קארלינער	2	kˈarlinər		rule	LOW	alef-default	G
תכנית	2	tˈuxnis		rule	LOW	sefaria-pointed	L
עַד	2	ad	at	rule	MED		G
הכלל	2	hˈaklul		rule	LOW	lk-proclitic-pointed:sefaria-pointed	L
כורת	2	xirs		fallback	LOW	lk-fallback	L
מ'פאנגט	2	mfanɡt		rule	LOW	clitic	G
וַיְדַבֵּר	2	vˈadabajr		rule	MED		G
הַדְּבָרִים	2	hˈadvurim		rule	MED		G
הָאֵלֶּה	2	hˈajlə		rule	MED		G
עתה	2	ˈatə	ˈatu	rule	LOW	sefaria-pointed	L
געזעגענען	2	ɡəzˈɛɡənən		rule	MED		G
השתלשלות	2	hiʃtˈalʃlis	hiʃtˈalʃəlus	rule	LOW	model-pointed-guess	L
אריינטון	2	arˈaːntin		rule	LOW	alef-default	G
פרשיות	2	puruʃˈijɔjs		rule	LOW	sefaria-pointed	L
אריינצוגיין	2	arˈaːnʦiɡajn		rule	LOW	alef-default	G
ירושלימ'ער	2	ˈiriʃlimə ɛr		rule	MED		G
פִּתְחִי	2	pˈisxi		rule	LOW	lk-fallback	L
וואקסט	2	vakst		rule	LOW	alef-default	G
ענדליך	2	ˈɛndləx		rule	MED		G
רעכטס	2	rɛxʦ		rule	MED		G
לינקס	2	links		rule	MED		G
וואין	2	vaːn		rule	LOW	alef-default	G
ארומהאלזן	2	arˈimhalzn		rule	LOW	alef-default	G
צורירן	2	ʦˈirirn		rule	MED		G
אנרירן	2	ˈanrirn		rule	LOW	alef-default	G
געדענקסטו	2	ɡədˈɛnksti		rule	MED		G
וואשט	2	vaʃt		rule	LOW	alef-default	G
וזרקתי	2	vzurˈakti	vəzurˈakti	rule	LOW	sefaria-pointed	L
פעק	2	pɛk		lexicon	MED	audio-pe	G
זעק	2	zɛk		rule	MED		G
וואקסן	2	vaksn		rule	LOW	alef-default	G
אויסגעוואשן	2	ˈoʊzɡəvaʃn		rule	LOW	alef-default	G
פרישקייט	2	frˈiʃkaːt		rule	LOW	pe-default	G
אנכאפן	2	ˈanxafn		rule	LOW	alef-default,pe-default	G
מדריגה	2	mdrˈiɡə		rule	MED		G
ארויסקוקן	2	arˈoʊskikn		rule	LOW	alef-default	G
וויסנדיג	2	vˈisndiɡ	vˈisndik	rule	MED		G
פארקערטער	2	farkˈɛrtər		rule	LOW	alef-default,pe-default	G
בפירוש	2	bfˈiriʃ		rule	LOW	pe-default	G
יִהְיֶה	2	jˈihə		rule	MED		G
קיבוץ	2	kˈibiʦ		rule	MED		G
לבב	2	ləvˈav	lˈajvuv|ləvˈaf	rule	LOW	audio-homograph	L
אויסצושטרעקן	2	ˈoʊsʦiʃtrəkn		rule	LOW	alef-default	G
ועיקר	2	ˈiajkr		rule	MED		G
הנורא	2	hnˈira		rule	LOW	alef-default	G
ורעות	2	vərˈajus	vrˈajis	rule	LOW	model-pointed-guess	L
הכנעה	2	hxnə		rule	MED		G
הייליגקייט	2	hˈajliɡkaːt		rule	MED		G
השגחה	2	haʒɡˈuxə		rule	LOW	pointed-audio-endorsed	L
ארומגעלייגט	2	arˈimɡəlajɡt		rule	LOW	alef-default	G
בהדי	2	bhdi		rule	MED		G
אתי	2	ˈasi		fallback	LOW	alef-default,lk-fallback	L
לקמיה	2	lkmi		rule	MED		G
אנא	2	ˈana		rule	LOW	alef-default	G
טבח	2	tˈɛvax		rule	LOW	model-pointed-guess	L
געפאלגט	2	ɡəfˈalɡt		rule	LOW	alef-default,pe-default	G
ביטער	2	bˈitər		rule	MED		G
במציאות	2	bimʦˈiɔjs		rule	LOW	lk-proclitic-pointed:model-pointed-guess	L
פלייצעס	2	flˈajʦəs		rule	LOW	pe-default	G
מורי	2	mˈiri		rule	MED		G
נדחך	2	ndx		fallback	LOW	lk-fallback	L
המשך	2	hˈɛmʃəx		rule	LOW	lk-proclitic-pointed:printed-respelling	L
הפרשה	2	hapurˈuʃə	hapurˈuʃu	rule	LOW	sefaria-pointed	L
והלכת	2	ilxs		fallback	LOW	lk-fallback	L
לבבות	2	lvˈuvɔjs	ləvˈuvɔjs	rule	LOW	model-pointed-guess	L
קירוב	2	kˈirib	kˈirip	rule	MED		G
אנגעצויגענע	2	ˈanɡəʦɔjɡənə		rule	LOW	alef-default	G
מ'בלאזט	2	mbluzt		rule	MED	clitic	G
מפרשים	2	mfrʃim		rule	LOW	pe-default	G
מעדיקל	2	mˈɛdikl		rule	MED		G
ספיקות	2	sfˈikɔjs	səfˈikɔjs	rule	LOW	model-pointed-guess	L
נערוועזקייט	2	nˈɛrvəzkaːt		rule	MED		G
געוואטשט	2	ɡəvˈaʧt		rule	LOW	alef-default	G
שפיר	2	ʃpir		rule	LOW	pe-default	G
נייט	2	najt		rule	MED		G
פשטים	2	fʃtim		rule	LOW	pe-default	G
דרשו	2	drʃi		rule	MED		G
רפואות	2	rfˈiɔjs	rəfˈuɔjs	rule	LOW	sefaria-pointed	L
מ'מיינט	2	mmajnt		rule	MED	clitic	G
השפעה	2	hʃpə		rule	LOW	pe-default	G
שוועריגקייט	2	ʃvˈɛriɡkaːt		rule	MED		G
צוזאמקלויבן	2	ʦˈizamklɔjbn		rule	LOW	alef-default	G
קלענערע	2	klˈɛnərə		rule	MED		G
הרבני	2	hrbni		rule	MED		G
אקערמאן	2	ˈakərman		rule	LOW	alef-default	G
צדקות	2	ʦdˈukɔjs	ʦədˈukɔjs	rule	LOW	sefaria-pointed	L
אהינגעגאנגען	2	ahˈinɡəɡanɡən		rule	LOW	alef-default	G
אשריך	2	ˈaʃrix		rule	LOW	alef-default	G
שעפעלע	2	ʃˈɛfələ		rule	LOW	pe-default	G
אנו	2	ˈani		rule	LOW	alef-default	G
היתה	2	hˈujəsu		rule	LOW	sefaria-pointed	L
עזריה	2	ˈɛzri		rule	MED		G
דרש	2	dˈuraʃ		rule	LOW	pointed-audio-endorsed	L
אנשים	2	ˈanʃim		rule	LOW	alef-default	G
מרגליות	2	marɡulˈijɔjs		rule	LOW	model-pointed-guess	L
ממני	2	mmni		rule	MED		G
תועלת	2	sˈiəls		fallback	LOW	lk-fallback	L
"רמ""ח"	2	rajʃ mɛm xɛs		rule	LOW	letter-names	A
גידים	2	ɡˈidim		rule	MED		G
למביאין	2	lmbˈiaːn		rule	LOW	alef-default	G
באהבה	2	babˈə		rule	LOW	alef-default	G
ואתחנן	2	vuəsxˈanan		rule	LOW	pointed-audio-endorsed	L
בארימטער	2	barˈimtər		rule	LOW	alef-default	G
ברך	2	bˈɛrɛx	bˈajrax|bˈurajx	rule	LOW	audio-homograph	L
היומי	2	hjˈimi		rule	MED		G
באחד	2	bˈɛxud	bəˈɛxud|bˈɛxut	rule	LOW	model-pointed-guess	L
הפכים	2	hfxim		rule	LOW	pe-default	G
לייגסט	2	lajɡst		rule	MED		G
שוש	2	ʃiʃ		rule	MED		G
אשיש	2	ˈaʃiʃ		rule	LOW	alef-default	G
תגל	2	zɡl		fallback	LOW	lk-fallback	L
באלקי	2	balkˈi		rule	LOW	alef-default	G
ס'וואקסט	2	svakst		rule	LOW	clitic	G
ותאמר	2	vatˈɔjmɛr		rule	LOW	sefaria-pointed	L
מנחמכם	2	mnaxˈɛmxəm	mənaxˈɛmxɛm	rule	LOW	sefaria-pointed	L
געטרייסט	2	ɡətrˈajst		rule	MED		G
ומפוזרים	2	ˈimfizrim		rule	LOW	pe-default	G
אראפפארן	2	arˈupfarn		rule	LOW	alef-default,pe-default	G
אריינגעזעצט	2	arˈaːnɡəzəʦt		rule	LOW	alef-default	G
דינע	2	dˈinə		rule	MED		G
קאמיוניקעיטן	2	kˈamjinikaːtn		rule	LOW	alef-default	G
העמדל	2	hɛmdl		rule	MED		G
גמור	2	ɡmir		rule	MED		G
גראבע	2	ɡrˈabə		rule	LOW	alef-default	G
דורכפארן	2	dˈirxfarn		rule	LOW	alef-default,pe-default	G
אוועקלויפן	2	avˈɛklɔjfn		rule	MED	prefix-rescue:gold+אוועק	G
איצי'ס	2	ˈiʦis		rule	LOW	alef-default	G
מוטשענען	2	mˈiʧənən		rule	MED		G
מעטרא	2	mˈɛtra		rule	LOW	alef-default	G
אפארטמענט	2	afartmˈɛnt		rule	LOW	alef-default,pe-default	G
סיינען	2	sˈajnən		rule	MED		G
דאקומענטס	2	dakimˈɛnʦ		rule	LOW	alef-default	G
קלאוזן	2	klizn		rule	LOW	alef-default	G
מ'העלפט	2	mhɛlft		rule	LOW	clitic	G
בימיו	2	bˈimji		rule	MED		G
מ'היט	2	mhit		rule	MED	clitic	G
כרחם	2	xrxm		fallback	LOW	lk-fallback	L
אלה	2	ˈalə		rule	LOW	alef-default	G
הספר	2	hasˈajfɛr		rule	LOW	lk-proclitic-pointed:model-pointed-guess	L
לפיכך	2	lfix		rule	LOW	pe-default	G
מוכיח	2	mɔjxˈixa		rule	LOW	sefaria-pointed	L
קרח	2	kˈɔjrax		rule	LOW	model-pointed-guess	L
שארפן	2	ʃarfn		rule	LOW	alef-default,pe-default	G
בשביל	2	bʒbil		rule	MED		G
ארומדריען	2	arˈimdriən		rule	LOW	alef-default	G
שטארקער	2	ʃtˈarkər		rule	LOW	alef-default	G
וכו	2	vəxˈilə	vˈɛxulaj	lexicon	HIGH		L
עקסטער	2	ˈɛkstər		rule	MED		G
בתשובה	2	bisʃˈivə		rule	LOW	lk-proclitic-pointed:sefaria-pointed	L
עמדין	2	ˈɛmdin		rule	MED		G
פגם	2	pɡum	pəɡˈum	rule	LOW	model-pointed-guess	L
איצטער	2	ˈiʦtər		rule	LOW	alef-default	G
לחודש	2	lxˈɔjdəʃ	ləxˈɔjdɛʃ	rule	LOW	model-pointed-guess	L
הוכיח	2	hˈixix		fallback	LOW	lk-fallback	L
מבלבל	2	mvˈalbəl	məvˈalbɛl	rule	LOW	model-pointed-guess	L
בתעניתו	2	bsˈɛnisi		fallback	LOW	lk-fallback	L
שווייג	2	ʃvajɡ	ʃvajk	rule	MED		G
מידת	2	mˈidas		rule	LOW	model-pointed-guess	L
גוטנס	2	ɡitns		rule	MED		G
הדבר	2	hadˈuvur		rule	LOW	sefaria-pointed	L
אמת'ן	2	ˈɛməsn		rule	LOW	alef-default,lk-fallback	L
מכשיל	2	mxʃil		rule	MED		G
מפתח	2	maftˈajxa		rule	LOW	model-pointed-guess	L
צורר	2	ʦirr		rule	MED		G
ארבעה	2	ˈarbə		rule	LOW	alef-default	G
מוכיחים	2	mɔjxˈixim		rule	LOW	model-pointed-guess	L
ושיהא	2	ˈiʃiha		rule	LOW	alef-default	G
ומתבייש	2	ˈimzbajʃ		fallback	LOW	lk-fallback	L
בספרי	2	bsfri		rule	LOW	pe-default	G
אנטשעמען	2	ˈanʧəmən		rule	LOW	alef-default	G
מהלך	2	mˈahaləx		lexicon	HIGH		L
מחלל	2	məxˈalajl		rule	LOW	lk-proclitic-pointed:audio-homograph	L
שוואכע	2	ʃvˈaxə		rule	LOW	alef-default	G
נהרות	2	nəhˈurɔjs		rule	LOW	sefaria-pointed	L
מתחלחלין	2	msxlxlin		fallback	LOW	lk-fallback	L
יוֹשֵׁב	2	jˈɔjʃajv	jˈɔjʃajf	rule	MED		G
הכותו	2	hxˈisi		fallback	LOW	lk-fallback	L
יאמרו	2	jˈamri		rule	LOW	alef-default	G
שהפיל	2	ʃhfil		rule	LOW	pe-default	G
לפניהם	2	lfnim		rule	LOW	pe-default	G
והורישם	2	ˈihiriʃm		rule	MED		G
ארצם	2	arʦm		rule	LOW	alef-default	G
ואחר	2	vˈaxar	vəˈaxar	rule	LOW	sefaria-pointed	L
הקדמה	2	haɡdˈumə	haɡdˈɔmə	rule	LOW	printed-respelling	L
ישב	2	iʒb	iʒp	rule	MED		G
בחשבון	2	bəxˈɛʒbɔjn		rule	LOW	lk-proclitic:sefaria+ב	L
הבשן	2	habˈuʃun		rule	LOW	lk-proclitic-pointed:sefaria-pointed	L
הוֹאִיל	2	hˈɔjil		rule	MED		G
בֵּאֵר	2	bajr		rule	MED		G
הַתּוֹרָה	2	hatˈɔjrə		lexicon	HIGH		L
עשיתם	2	ˈɛʃism		fallback	LOW	lk-fallback	L
סור	2	sir		rule	MED		G
כשלונות	2	xʃlˈinis		fallback	LOW	lk-fallback	L
שחלקו	2	ʃəxˈɛlkɔj		rule	LOW	lk-proclitic:audio-endorsed+ש	L
כה	2	kˈɔjə	kɔj	rule	LOW	sefaria-pointed	L
קרב	2	krb		fallback	LOW	lk-fallback	L
בשמן	2	baʃˈɛmɛn		rule	LOW	model-pointed-guess	L
מקושר	2	mkiʃr		rule	MED		G
קלעבט	2	klɛbt		rule	MED		G
איינטונקען	2	ˈajntinkən		rule	LOW	alef-default	G
הָאָרֶץ	2	harʦ		lexicon	HIGH		G
בֹּאוּ	2	bˈɔji		rule	LOW	alef-default	G
וּרְשׁוּ	2	ˈirʃi		rule	MED		G
לַאֲבֹתֵיכֶם	2	lavɔjsˈajxəm		rule	LOW	lk-fallback	L
קוועטשן	2	kvɛʧn		rule	MED		G
לֵאמֹר	2	lˈajmɔjr		rule	LOW	alef-default	G
צִיּוֹן	2	ʦˈiɔjn		rule	MED		G
לבית	2	lvajs	ləvˈajs	rule	LOW	sefaria-pointed	L
ראקונס	2	rˈakins		rule	LOW	alef-default	G
מעטת	2	mɛʦ		fallback	LOW	lk-fallback	L
ממליך	2	mmlix		rule	MED		G
סטאלינער	2	stˈalinər		rule	LOW	alef-default	G
ינוקא	2	ˈinika		rule	LOW	alef-default	G
דעטרויטער	2	dˈɛtrɔjtər		rule	MED		G
שירות	2	ʃˈirɔjs		rule	LOW	sefaria-pointed	L
ותשבחות	2	vəsiʃbˈuxɔjs		rule	LOW	sefaria-pointed	L
סיפורי	2	sˈifiri		rule	LOW	pe-default	G
נשמת	2	nˈiʃmas		rule	LOW	sefaria-pointed	L
געגלייבט	2	ɡəɡlˈaːbt		lexicon	HIGH		G
בליק	2	blik		rule	MED		G
אמת'ער	2	ˈɛməsər		rule	LOW	alef-default,lk-fallback	L
צוזאמגעקומען	2	ʦˈizamɡəkimən		rule	LOW	alef-default	G
המלכים	2	hmlxim		rule	MED		G
זקניכם	2	zknixm		rule	MED		G
דרקיע	2	drkˈiə		rule	MED		G
אפס	2	afs		rule	LOW	alef-default,pe-default	G
דרויסן	2	droʊsn		lexicon	HIGH		G
ברוב	2	brib	brip	rule	MED		G
עטץ	2	ɛtʦ		rule	MED		G
במצאו	2	bmʦi		rule	LOW	alef-default	G
הדיוטים	2	hdjˈitim		rule	MED		G
כולכם	2	xilxm		rule	MED		G
צובראכנקייט	2	ʦˈibraxnkaːt		rule	LOW	alef-default	G
רוהט	2	rit		rule	MED		G
אויסגעקוקט	2	ˈoʊzɡəkikt		rule	MED	prefix-rescue:gold+אויסגע	G
וקול	2	ˈikil		rule	MED		G
אנגעצונדן	2	ˈanɡəʦindn		rule	LOW	alef-default	G
אוועקגעמאכט	2	avˈɛkɡəmaxt		rule	MED	prefix-rescue:gold+אוועקגע	G
טרייבל	2	trajbl		rule	MED		G
שברים	2	ʒbrim		rule	MED		G
תרועה	2	trˈiə	tərˈuu	rule	LOW	sefaria-pointed	L
לרחמים	2	lraxˈamim	ləraxˈamim	rule	LOW	sefaria-pointed	L
האלה	2	hˈalə		rule	LOW	alef-default	G
בוכה	2	bˈixə		rule	MED		G
אייבערשטנ'ס	2	ˈajbɛrʃətns		rule	LOW	model-pointed-guess	L
המעשים	2	hmˈɛʃim		rule	MED		G
תבנה	2	tˈivnə	tˈivnɛ	rule	LOW	model-pointed-guess	L
בהר	2	bəhˈar	bˈuhur	rule	LOW	audio-homograph	L
בהתהלכך	2	bhshlx		fallback	LOW	lk-fallback	L
"כ""ב"	2	xuf bajs		rule	LOW	letter-names	A
ואשובה	2	ˈiaʃibə		rule	LOW	alef-default	G
אליכם	2	ˈalixm		rule	LOW	alef-default	G
באשפתיך	2	baʃpsˈix		fallback	LOW	alef-default,pe-default,lk-fallback	L
רעכנט	2	rɛxnt		rule	MED		G
תושב	2	tˈiʃuv	tˈuʃuv|tˈiʃuf	rule	LOW	sefaria-pointed	L
לעקר	2	lɛkr		rule	MED		G
נמכר	2	nmxr		fallback	LOW	lk-fallback	L
וחשב	2	ixʒb		fallback	LOW	lk-fallback	L
כפי	2	xfi		rule	LOW	pe-default	G
שניו	2	ʃnji		rule	MED		G
אחישנה	2	axiʃˈɛnə	axiʃˈɛnu	rule	LOW	sefaria-pointed	L
יובל	2	jibl		rule	MED		G
שטארקט	2	ʃtarkt		rule	LOW	alef-default	G
עראפלאן	2	ˈɛraflan		rule	LOW	alef-default,pe-default	G
ציען	2	ʦˈiən		rule	MED		G
כינוס	2	kˈinəs	kˈinus	lexicon	HIGH		L
משמים	2	mʃmim		rule	MED		G
כחודו	2	kəxˈɔjdɔj	kxˈɔjdɔj	rule	LOW	model-pointed-guess	L
מחט	2	mˈaxat		rule	LOW	sefaria-pointed	L
לאלקה	2	lˈalkə		rule	LOW	alef-default	G
אחז	2	ˈuxaz	ˈuxas	rule	LOW	model-pointed-guess	L
לחזקיהו	2	ləxizkijˈuhu		rule	LOW	lk-proclitic:sefaria+ל	L
גבריאל	2	ɡbrˈial		rule	LOW	alef-default	G
פונה	2	fˈinə		rule	LOW	pe-default	G
שיבנה	2	ʃˈibnə		rule	MED		G
דערלאנגט	2	dərlˈanɡt		rule	LOW	alef-default	G
פלוימען	2	flˈɔjmən		rule	LOW	pe-default	G
מלשון	2	mlʃin		rule	MED		G
לעפל	2	lɛfl		rule	LOW	pe-default	G
הקליר	2	hklir		rule	MED		G
"י""ט"	2	jid tɛs	jit tɛs	rule	LOW	letter-names	A
אמרת	2	umˈartu	ˈumart|ˈimras|ɔjmˈɛrɛs	rule	LOW	audio-homograph	L
היטב	2	hitb	hitp	rule	MED		G
איטיב	2	ˈitib	ˈitip	rule	LOW	alef-default	G
ונצדיקך	2	ˈinʦdikx		rule	MED		G
בחיבה	2	bxˈibə		fallback	LOW	lk-fallback	L
ארו	2	ˈari		rule	LOW	alef-default	G
שער	2	ʃɛr		rule	MED		G
מייחס	2	məjjˈaxus		rule	LOW	model-pointed-guess	L
בשלימות	2	biʃlˈimis		rule	LOW	lk-proclitic-pointed:model-pointed-guess	L
ס'ווארט	2	svɔrt		rule	MED	clitic	G
יעצטיגן	2	jˈɛʦtiɡn		rule	MED		G
לבו	2	lbi		rule	MED		G
אונטערנעמען	2	ˈintərnəmən		rule	MED	prefix-rescue:gold+אונטער	G
גיטין	2	ɡˈitin		rule	MED		G
בעוונותינו	2	baavɔjnɔjsˈajnu		rule	LOW	model-pointed-guess	L
הרבים	2	hrbim		rule	MED		G
לאכול	2	lˈaxil		rule	LOW	alef-default	G
למחר	2	lmˈuxur	ləmˈuxur	rule	LOW	sefaria-pointed	L
נפשו	2	nfʃi		rule	LOW	pe-default	G
ס'רעדט	2	srɛdt		rule	MED	clitic	G
הזולת	2	hzils		fallback	LOW	lk-fallback	L
המלוכה	2	hmlˈixə		rule	MED		G
ס'זיצט	2	sziʦt		rule	MED	clitic	G
פערטל	2	fɛrtl		rule	LOW	pe-default	G
מבייש	2	mbajʃ		rule	MED		G
מפנה	2	mfnə	məfnˈɛ	rule	LOW	model-pointed-guess	L
בזיונות	2	bizjˈɔjnɔjs		rule	LOW	model-pointed-guess	L
קפידא	2	kfˈida		rule	LOW	alef-default,pe-default	G
התרגשות	2	hisrˈaɡʃis	hisrˈaɡʃus	rule	LOW	model-pointed-guess	L
מחמת	2	majxˈamas		rule	LOW	sefaria-pointed	L
עיקרים	2	ˈajkrim		rule	MED		G
לביאת	2	lvˈias	ləvˈias	rule	LOW	model-pointed-guess	L
ואף	2	ˈiaf		rule	LOW	alef-default,pe-default	G
ענקער	2	ˈɛnkər		rule	MED		G
והנה	2	ˈinə		rule	MED		G
חינם	2	xˈinum		rule	LOW	model-pointed-guess	L
זעם	2	zɛm		rule	MED		G
וּתְרוּעַת	2	isrˈias		rule	LOW	lk-fallback	L
ראתה	2	ruˈasu		rule	LOW	sefaria-pointed	L
פגימתה	2	fɡˈimsə		fallback	LOW	pe-default,lk-fallback	L
לעילוי	2	lˈajlɔj		rule	MED		G
ווייכע	2	vˈajxə		rule	MED		G
עולמות	2	ɔjlˈumɔjs		rule	LOW	sefaria-pointed	L
זעץ	2	zɛʦ		rule	MED		G
הובקעה	2	hˈibkə		rule	MED		G
העיר	2	hajr		rule	MED		G
נתקלקל	2	nsklkl		fallback	LOW	lk-fallback	L
גערער	2	ɡərˈɛr		rule	MED		G
שואה	2	ʃˈia		rule	LOW	alef-default	G
מ'פארלירט	2	mfarlˈirt		rule	LOW	clitic	G
שכחנו	2	ʃxni		fallback	LOW	lk-fallback	L
תרמוז	2	srmiz		fallback	LOW	lk-fallback	L
האומות	2	huˈimɔjs	huˈumɔjs	rule	LOW	model-pointed-guess	L
בלשון	2	blʃin		rule	MED		G
לעד	2	lɛd	lɛt	rule	MED		G
הצופה	2	hʦˈifə		rule	LOW	pe-default	G
ובניו	2	ˈibnji		rule	MED		G
ואמר	2	ˈiamr		rule	LOW	alef-default	G
ויסורים	2	ˈoʊsirim		rule	MED		G
אורייתא	2	urˈajjsu		rule	LOW	model-pointed-guess	L
היסורים	2	hˈisirim		rule	MED		G
בגדר	2	bɡˈudajr	bəɡˈudajr	rule	LOW	sefaria-pointed	L
והזמן	2	izmn		rule	MED		G
מלכנו	2	mlxni		rule	MED		G
יומו	2	jˈimi		rule	MED		G
בעקבו	2	bˈɛkbi		rule	MED		G
נעקסטער	2	nˈɛkstər		rule	MED		G
אומרו	2	ˈimri		rule	LOW	alef-default	G
בקרים	2	bkrim		rule	MED		G
הבוקר	2	hbikr		rule	MED		G
ואולי	2	ˈiili		rule	LOW	alef-default	G
באומרו	2	bˈimri		rule	LOW	alef-default	G
המערב	2	hmɛrb	hmɛrp	rule	MED		G
הפנימי	2	hfnˈimi		rule	LOW	pe-default	G
ארצות	2	ˈarʦis		fallback	LOW	alef-default,lk-fallback	L
מאראקא	2	mˈaraka		rule	LOW	alef-default	G
פוילישע	2	pˈɔjliʃə		lexicon	HIGH		G
ליעקב	2	lˈiəkb	lˈiəkp	rule	MED		G
כוס	2	kɔjs	kɔs	lexicon	HIGH		L
נהג	2	nhɡ		fallback	LOW	lk-fallback	L
ראות	2	ris		fallback	LOW	alef-default,lk-fallback	L
דרואין	2	drˈiaːn		rule	LOW	alef-default	G
דייה	2	dˈajə		rule	MED		G
הנעלמים	2	hnˈɛlmim		rule	MED		G
נשתנה	2	niʃtˈanə	niʃtˈanu	rule	LOW	sefaria-pointed	L
מכל	2	mˈikul		rule	LOW	model-pointed-guess	L
בקש	2	bkʃ		fallback	LOW	lk-fallback	L
הארמי	2	hˈarmi		rule	LOW	alef-default	G
שלמה'קע	2	ʃlɔjmˈɔjhkə	ʃəlɔjmˈɔjhkɛ	rule	LOW	model-pointed-guess	L
השתא	2	hˈaʃtu		rule	LOW	sefaria-pointed	L
אנשי	2	ˈanʃi		rule	LOW	alef-default	G
דינגען	2	dˈinɡən		rule	MED		G
החומה	2	haxˈɔjmu		rule	LOW	lk-proclitic-pointed:sefaria-pointed	L
וואוינסט	2	vɔjnst		rule	LOW	alef-default	G
אונגארן	2	ˈinɡarn		rule	LOW	alef-default	G
חכה	2	xə		fallback	LOW	lk-fallback	L
לישועה	2	lˈiʃiə		rule	MED		G
"תשפ""ג"	2	tuf ʃin paj ɡiml		rule	LOW	letter-names	A
נאמן	2	namn		rule	LOW	alef-default	G
בעילום	2	bˈajlim		rule	MED		G
געספאנסערט	2	ɡəsfˈansərt		rule	LOW	alef-default,pe-default	G
נגידים	2	nɡˈidim		rule	MED		G
עשירים	2	ˈɛʃirim		rule	MED		G
דרוקן	2	drikn		rule	MED		G
ציטער	2	ʦˈitər		rule	MED		G
אריינווארפן	2	arˈaːnvarfn		rule	LOW	alef-default,pe-default	G
אפגעגעבן	2	ˈupɡəɡejbn		rule	MED	prefix-rescue:gold+אפגע	G
אייגער	2	ˈajɡər		rule	LOW	alef-default	G
הרג	2	harɡ	hark	rule	LOW	lk-fallback	L
פרצה	2	frʦə		fallback	LOW	pe-default,lk-fallback	L
פאלגן	2	falɡn		rule	LOW	alef-default,pe-default	G
האקן	2	hakn		rule	LOW	alef-default	G
יפור	2	ifˈir		rule	LOW	pe-default	G
וקם	2	ikm		rule	MED		G
"ש""י"	2	ʃin jid	ʃin jit	rule	LOW	letter-names	A
סערענטש	2	sˈɛrənʧ		rule	MED		G
אפגעכאפט	2	ˈupɡəxapt		rule	MED	prefix-rescue:gold+אפ	G
"ט""ו"	2	tɛs vuv	tɛs vuf	rule	LOW	letter-names	A
שנייבט	2	ʃnajbt		rule	MED		G
בונד	2	bind	bint	rule	MED		G
פעלקער	2	fˈɛlkər		rule	LOW	pe-default	G
הַגּוֹיִם	2	hˈaɡɔjim		rule	MED		G
שטיינער	2	ʃtˈajnər		rule	MED		G
געצן	2	ɡɛʦn		rule	MED		G
דינערס	2	dˈinərs		rule	MED		G
אית	2	is		fallback	LOW	alef-default,lk-fallback	L
בכאן	2	bxan		rule	LOW	alef-default	G
קדם	2	kˈɛdəm	kˈɛdɛm	rule	LOW	model-pointed-guess	L
עממיא	2	ˈɛmmia		rule	LOW	alef-default	G
פרידן	2	fridn		rule	LOW	pe-default	G
בשוגג	2	bʃiɡ	bʃik	rule	MED		G
שיכור	2	ʃixˈir		rule	MED		G
שלמא	2	ʃlma		rule	LOW	alef-default	G
בניך	2	bnix		rule	MED		G
פראטעקטן	2	frˈatəktn		rule	LOW	alef-default,pe-default	G
כָּל	2	kɔl	kul	lexicon	HIGH		L
וְכָל	2	vxul		rule	MED		G
הַלַּיְלָה	2	hˈallə		rule	MED		G
שטענדיג	2	ʃtˈɛndiɡ	ʃtˈɛndik	rule	MED		G
אבות	2	ˈuvɔjs		rule	LOW	sefaria-pointed	L
נשבע	2	nʒbə		rule	MED		G
ימין	2	jˈɛmajən		rule	LOW	printed-respelling+suffix	L
לאויביך	2	lˈɔjbix		rule	LOW	alef-default	G
פיינט	2	fajnt		rule	LOW	pe-default	G
ישתו	2	ˈiʃsi		fallback	LOW	lk-fallback	L
תירושך	2	sˈiriʃx		fallback	LOW	lk-fallback	L
פרעמדע	2	frˈɛmdə		rule	LOW	pe-default	G
ותירושך	2	ˈisiriʃx		fallback	LOW	lk-fallback	L
"מ""ה"	2	mɛm haj		rule	LOW	letter-names	A
"מ""ו"	2	mɛm vuv	mɛm vuf	rule	LOW	letter-names	A
גוג	2	ɡiɡ	ɡik	rule	MED		G
ומגוג	2	ˈimɡiɡ	ˈimɡik	rule	MED		G
לַמְנַצֵּחַ	2	lamnaʦˈajəx		rule	LOW	lk-fallback	L
לחדא	2	lxda		fallback	LOW	alef-default,lk-fallback	L
המביא	2	hmbˈia		rule	LOW	alef-default	G
כד	2	kad	kat	rule	LOW	sefaria-pointed	L
עירוב	2	ˈajrib	ˈajrip	rule	MED		G
ממקום	2	mmkim		rule	MED		G
מביא	2	mbˈia		rule	LOW	alef-default	G
התבן	2	hatˈɛvən		rule	LOW	lk-proclitic:sefaria+ה	L
הייצן	2	hajʦn		rule	MED		G
וואכענדיגע	2	vˈaxəndiɡə		rule	LOW	alef-default	G
מוקצה	2	mˈikʦə		rule	MED		G
חסרון	2	xˈɛsrɔjn		rule	LOW	sefaria-pointed	L
כיס	2	xis		rule	MED		G
מבקעין	2	mbkajn		rule	MED		G
פרוכט	2	frixt		rule	LOW	pe-default	G
לעמפל	2	lɛmfl		rule	LOW	pe-default	G
עושין	2	ˈiʃin		rule	MED		G
פחמין	2	fxmin		fallback	LOW	pe-default,lk-fallback	L
איבערשניידן	2	ˈibərʃnajdn		rule	LOW	alef-default	G
קנויטן	2	knɔjtn		rule	MED		G
שארבעלעך	2	ʃˈarbələx		rule	LOW	alef-default	G
צושניידן	2	ʦˈiʃnajdn		rule	MED		G
לצלות	2	lʦlis		fallback	LOW	lk-fallback	L
מארק	2	mark		rule	LOW	alef-default	G
קדירה	2	kdˈirə		rule	MED		G
טאפ	2	tap		lexicon	MED	audio-pe	G
טוטפיק	2	tˈitfik		rule	LOW	pe-default	G
אגלאדאדאפידא	2	ˈaɡladadafida		rule	LOW	alef-default,pe-default	G
משלפניו	2	mʃlfnji		fallback	LOW	pe-default,vowel-ratio	G
הויף	2	hɔjf		rule	LOW	pe-default	G
ומדליק	2	ˈimdlik		rule	MED		G
וחכמים	2	ˈixmim		fallback	LOW	lk-fallback	L
העצים	2	hˈɛʦim		rule	MED		G
האבנים	2	hˈabnim		rule	LOW	alef-default	G
"ע""א"	2	ˈajən ˈaləf		rule	LOW	letter-names	A
קוילן	2	kɔjln		rule	MED		G
פשיטא	2	fʃˈita		rule	LOW	alef-default,pe-default	G
ווארעמען	2	vˈarəmən		rule	LOW	alef-default	G
להזיע	2	lhzˈiə		rule	MED		G
וקודם	2	ˈikidm		rule	MED		G
חותכין	2	xˈisxin		fallback	LOW	lk-fallback	L
הפתילה	2	hfsˈilə		fallback	LOW	pe-default,lk-fallback	L
לשנים	2	lʃnim		rule	MED		G
מנא	2	mna		rule	LOW	alef-default	G
חייא	2	xajˈaju		rule	LOW	sefaria-pointed	L
ס'טייטשט	2	stajʧt		rule	MED	clitic	G
תנו	2	tni	tənˈu	rule	LOW	sefaria-pointed	L
בפתילה	2	bfsˈilə		fallback	LOW	pe-default,lk-fallback	L
להחמיר	2	lhxmir		fallback	LOW	lk-fallback	L
לכתחלה	2	lxsxlə		fallback	LOW	lk-fallback	L
בבא	2	ba		rule	LOW	alef-default	G
שבתאי	2	ʃˈabəsaː		rule	LOW	alef-default,lk-fallback	L
מרונא	2	mrˈina		rule	LOW	alef-default	G
הבריות	2	habrˈijɔjs		rule	LOW	lk-proclitic-pointed:sefaria-pointed	L
מזרעו	2	mzrˈɛi		rule	MED		G
חסדא	2	xˈisdu		rule	LOW	model-pointed-guess	L
המצפה	2	hmʦfə		fallback	LOW	pe-default,lk-fallback	L
חשך	2	xˈɔjʃəx	xˈɔjʃɛx	rule	LOW	model-pointed-guess	L
פארפינצטערטע	2	farfˈinʦtərtə		rule	LOW	alef-default,pe-default	G
אינם	2	inm		rule	LOW	alef-default	G
ואלו	2	ˈiali		rule	LOW	alef-default	G
ומי	2	ˈimi		rule	MED		G
מושלת	2	miʃls		fallback	LOW	lk-fallback	L
מאסקולין	2	mˈaskilin		rule	LOW	alef-default	G
אויסוואשן	2	ˈoʊsvaʃn		rule	LOW	alef-default	G
זכאה	2	zxa		rule	LOW	alef-default	G
וידעין	2	ˈɔjdajn		rule	MED		G
בההוא	2	bhhˈia		rule	LOW	alef-default	G
תוקעי	2	sˈikaj		fallback	LOW	lk-fallback	L
יודעי	2	jˈidaj		rule	MED		G
דידע	2	dˈidə		rule	MED		G
אורחוי	2	ˈirxɔj		fallback	LOW	alef-default,lk-fallback	L
דהוא	2	dhˈia		rule	LOW	alef-default	G
וואי	2	vaː		rule	LOW	alef-default	G
למילף	2	lmilf		rule	LOW	pe-default	G
דמקדשא	2	dmkdʃa		fallback	LOW	alef-default,vowel-ratio	G
תֻּמֶּיךָ	2	timˈajxu		rule	LOW	lk-fallback	L
וְאוּרֶיךָ	2	vˈirajxu		rule	LOW	alef-default	G
לְאִישׁ	2	liʃ		rule	MED		G
חֲסִידֶךָ	2	xˈusidxu		rule	LOW	lk-fallback	L
אויספרובירט	2	ˈoʊspribirt		rule	MED	prefix-rescue:word-latin+אויס	G
חבורות	2	xavˈirɔjs	xavˈurɔjs	rule	LOW	sefaria-pointed	L
רואין	2	rˈiaːn		rule	LOW	alef-default	G
מצטרפין	2	mʦtrfin		fallback	LOW	pe-default,vowel-ratio	G
לזימון	2	lzˈimin		rule	MED		G
מזמנין	2	mzmnin		rule	MED		G
לעצמן	2	lɛʦmn		rule	MED		G
אפשפעטן	2	ˈafʃpətn		rule	LOW	alef-default,pe-default	G
שמואל'ע	2	ʃmˈialə		rule	LOW	alef-default	G
דזשיגאן	2	ʤˈiɡan		rule	LOW	alef-default	G
טיי	2	taj		rule	MED		G
אזאנס	2	ˈazans		rule	LOW	alef-default	G
וחוקה	2	ˈixikə		fallback	LOW	lk-fallback	L
לאכט	2	laxt		rule	LOW	alef-default	G
משתה	2	mˈiʃtɛ	mˈiʃtə	rule	LOW	sefaria-pointed	L
שיכרות	2	ʃɛjˈuxərus		rule	LOW	model-pointed-guess	L
איינגעוואוינט	2	ˈajnɡəvɔjnt		rule	LOW	alef-default	G
הייליגקייטן	2	hˈajliɡkaːtn		rule	MED		G
שיטות	2	ʃˈitɔjs		rule	LOW	model-pointed-guess	L
תשובת	2	ʧˈivas	təʃˈuvas	rule	LOW	sefaria-pointed	L
הויות	2	hˈɔjis		fallback	LOW	lk-fallback	L
כסדרן	2	ksˈidrun	kəsˈidrun	rule	LOW	sefaria-pointed	L
פסול	2	psil		lexicon	MED	audio-pe	G
בימות	2	bˈimis		fallback	LOW	lk-fallback	L
שיטה	2	ʃˈitə		rule	MED		G
ראשונים	2	rˈaʃinim		rule	LOW	alef-default	G
שיטת	2	ʃiʦ		fallback	LOW	lk-fallback	L
ליגעדיגע	2	lˈiɡədiɡə		rule	MED		G
ארויסצושטעלן	1	arˈoʊsʦiʃtəln		rule	LOW	alef-default	G
פאראמעדיקס	1	farˈamədiks		rule	LOW	alef-default,pe-default	G
פארש	1	farʃ		rule	LOW	alef-default,pe-default	G
מעדיקעל	1	mˈɛdikəl		rule	MED		G
מאניטארינג	1	mˈanitarinɡ	mˈanitarink	rule	LOW	alef-default	G
באטראכטן	1	batrˈaxtn		rule	LOW	alef-default	G
פירסט	1	first		rule	LOW	pe-default	G
רעספאנדערס	1	rˈɛsfandərs		rule	LOW	alef-default,pe-default	G
ווארלד	1	varld	varlt	rule	LOW	alef-default	G
העלט	1	hɛlt		rule	MED		G
נאכפאלגן	1	nˈaxfalɡn		rule	LOW	alef-default,pe-default	G
פארשטענדעניש	1	farʃtˈɛndəniʃ		rule	LOW	alef-default,pe-default	G
פארפליכטונגען	1	farflˈixtinɡən		rule	LOW	alef-default,pe-default	G
קירגיזסטאן	1	kˈirɡizstan		rule	LOW	alef-default	G
שאנכיי	1	ʃˈanxaj		rule	LOW	alef-default	G
קאאפערעישאן	1	kˈaafərajʃan		rule	LOW	alef-default,pe-default	G
אינדיע	1	ˈindiə		rule	LOW	alef-default	G
אויפרייסן	1	ˈɔjfrajsn		rule	LOW	alef-default,pe-default	G
שטעט	1	ʃtɛt		rule	MED		G
באנדאר	1	bandˈar		rule	LOW	alef-default	G
אבאס	1	ˈabəs		rule	LOW	printed-respelling+suffix	L
סיריק	1	sˈirik		rule	MED		G
קאשים	1	kˈaʃim		rule	LOW	alef-default	G
אינזל	1	inzl		rule	LOW	alef-default	G
פרואוון	1	frˈiavn		rule	LOW	alef-default,pe-default	G
אומצופרידנהייט	1	ˈimʦifridnhaːt		rule	LOW	alef-default,pe-default	G
רוסישן	1	rˈisiʃn		rule	MED		G
עשוויל	1	ˈɛʃvil		rule	MED		G
נארמאליזירן	1	nˈarmalizirn		rule	LOW	alef-default	G
באציאונגען	1	baʦˈiinɡən		rule	LOW	alef-default	G
אנטוישט	1	ˈantɔjʃt		rule	LOW	alef-default	G
עפענונג	1	ˈɛfəninɡ	ˈɛfənink	rule	LOW	pe-default	G
פינאנציעלע	1	fˈinanʦiələ		rule	LOW	alef-default,pe-default	G
קוואל	1	kval		rule	LOW	alef-default	G
דירעקטאר	1	dˈirəktar		rule	LOW	alef-default	G
געווידמעט	1	ɡəvˈidmət		rule	MED		G
קאנטער	1	kˈantər		rule	LOW	alef-default	G
אפצוהאלטן	1	ˈafʦihaltn		rule	LOW	alef-default,pe-default	G
סיון	1	sjin		rule	MED		G
"תשפ""ד"	1	tuf ʃin paj dˈuləd	tuf ʃin paj dˈulət	rule	LOW	letter-names	A
אנגעפירטע	1	ˈanɡəfirtə		rule	LOW	alef-default,pe-default	G
פארטיידיגונג	1	fartˈajdiɡinɡ	fartˈajdiɡink	rule	LOW	alef-default,pe-default	G
ראדאר	1	rˈadar		rule	LOW	alef-default	G
צענטערן	1	ʦəntˈɛrn		rule	MED		G
קרוז	1	kriz	kris	rule	MED		G
ארויסשיסערס	1	arˈoʊsʃisərs		rule	LOW	alef-default	G
דעמאקראטן	1	dəmɔkrˈatn		lexicon	HIGH		G
צוריקדרייען	1	ʦirˈikdrajən		rule	MED		G
קאנגרעספרוי	1	kˈanɡrəsfrɔj		rule	LOW	alef-default,pe-default	G
דינגעל	1	dˈinɡəl		rule	MED		G
צוריקענטפערן	1	ʦirˈikəntfərn		rule	LOW	pe-default	G
מאכטפולע	1	mˈaxtfilə		rule	LOW	alef-default,pe-default	G
אריינצושטעלן	1	arˈaːnʦiʃtəln		rule	LOW	alef-default	G
דורכגעפאלן	1	dˈirxɡəfaln		rule	LOW	alef-default,pe-default	G
מינע	1	mˈinə		rule	MED		G
פראבע	1	frˈabə		rule	LOW	alef-default,pe-default	G
אויפגעריסן	1	ˈɔjfɡərisn		rule	LOW	alef-default,pe-default	G
טרייבן	1	trajbn		rule	MED		G
פארבלייבן	1	farblˈaːbn		rule	MED	prefix-rescue:word-latin+פאר	G
אנטווארט	1	ˈantvart		rule	LOW	alef-default	G
חרטה	1	xarˈutə	xarˈutu	rule	LOW	model-pointed-guess	L
געשטימט	1	ɡəʃtˈimt		rule	MED		G
איבערוועגנדע	1	ˈibərvəɡndə		rule	LOW	alef-default	G
פארשליסונג	1	farʃlˈisinɡ	farʃlˈisink	rule	LOW	alef-default,pe-default	G
סענאט	1	sˈɛnat		rule	LOW	alef-default	G
פינאנצירט	1	fˈinanʦirt		rule	LOW	alef-default,pe-default	G
דעצעמבער	1	dˈɛʦəmbər		rule	MED		G
אמפעריי	1	ˈamfəraj		rule	LOW	alef-default,pe-default	G
לענגערע	1	lˈɛnɡərə		rule	MED		G
אנערקענטע	1	ˈanərkəntə		rule	LOW	alef-default	G
אנגעבליך	1	ˈanɡəbləx		rule	LOW	alef-default	G
אבו	1	ˈabi		rule	LOW	alef-default	G
צעלן	1	ʦɛln		rule	MED		G
פראקלאמירט	1	frˈaklamirt		rule	LOW	alef-default,pe-default	G
תימנ'ער	1	sˈimnər		fallback	LOW	lk-fallback	L
איינהייט	1	ˈajnhaːt		rule	LOW	alef-default	G
טעסק	1	tɛsk		rule	MED		G
האוטי	1	hˈiti		rule	LOW	alef-default	G
קאאליציע	1	kˈaaliʦiə		rule	LOW	alef-default	G
אנגעפירט	1	ˈunɡəfirt		rule	MED	prefix-rescue:gold+אנגע	G
ריטשארד	1	rˈiʧard	rˈiʧart	rule	LOW	alef-default	G
קאנעטיקעט	1	kˈanətikət		rule	LOW	alef-default	G
וויסלבלאוער	1	vˈislbliər		rule	LOW	alef-default	G
אקטיוויזירן	1	ˈaktivizirn		rule	LOW	alef-default	G
בעלעטס	1	bˈɛləʦ		rule	MED		G
טעותים	1	təˈisim	təˈusim	rule	LOW	model-pointed-guess	L
אומגעהויערע	1	ˈimɡəhɔjərə		rule	LOW	alef-default	G
דעמאקראטישער	1	dˈɛmakratiʃər		rule	LOW	alef-default	G
אפעלירן	1	ˈafəlirn		rule	LOW	alef-default,pe-default	G
שטימען	1	ʃtˈimən		rule	MED		G
אומגעשטערט	1	ˈimɡəʃtərt		rule	LOW	alef-default	G
ווארשיינליך	1	vˈarʃajnləx		rule	LOW	alef-default	G
מעלדן	1	mɛldn		rule	MED		G
עשוועל	1	ˈɛʃvəl		rule	MED		G
טאלעראנץ	1	talərˈanʦ		rule	LOW	alef-default	G
ליסינג	1	lˈisinɡ	lˈisink	rule	MED		G
ערשינען	1	ˈɛrʃinən		rule	MED		G
ארויפגעשטעלט	1	arˈoʊfɡəʃtəlt		rule	LOW	alef-default,pe-default	G
איפסאס	1	ˈifsas		rule	LOW	alef-default,pe-default	G
קלארן	1	klarn		rule	LOW	alef-default	G
פראגע	1	frˈaɡə		rule	LOW	alef-default,pe-default	G
געשטיצט	1	ɡəʃtˈiʦt		rule	MED		G
נישטיגע	1	nˈiʃtiɡə		rule	MED		G
ארויסצושיסן	1	arˈoʊsʦiʃisn		rule	LOW	alef-default	G
אינערן	1	ˈinərn		rule	LOW	alef-default	G
געוואנדן	1	ɡəvˈandn		rule	LOW	alef-default	G
נעמענדיג	1	nˈɛməndiɡ	nˈɛməndik	rule	MED		G
ווענדונג	1	vˈɛndinɡ	vˈɛndink	rule	MED		G
רישט	1	riʃt		rule	MED		G
קאמפאני'ס	1	kˈamfanis		rule	LOW	alef-default,pe-default	G
פאפולערע	1	fˈafilərə		rule	LOW	alef-default,pe-default	G
מאפע	1	mˈafə		rule	LOW	alef-default,pe-default	G
רעפלעקטירן	1	rˈɛfləktirn		rule	LOW	pe-default	G
גוגל	1	ɡuɡl		lexicon	HIGH		E
ביקאן	1	bˈikan		rule	LOW	alef-default	G
דאטשעס	1	dˈaʧəs		rule	LOW	alef-default	G
אפסטעיט	1	ˈafstajt		rule	LOW	alef-default,pe-default	G
געווער	1	ɡəvˈɛr		rule	MED		G
עקזיט	1	ˈɛkzit		rule	MED		G
ברעיק	1	brajk		rule	MED		G
עקס	1	ɛks		rule	MED		G
אפטיילונג	1	ˈaftajlinɡ	ˈaftajlink	rule	LOW	alef-default,pe-default	G
פארלאשן	1	farlˈaʃn		rule	LOW	alef-default,pe-default	G
קארגא	1	kˈarɡa		rule	LOW	alef-default	G
הארט	1	hart		rule	LOW	alef-default	G
סוויטע	1	svˈitə		rule	MED		G
פארציען	1	farʦˈiən		rule	LOW	alef-default,pe-default	G
פראנטן	1	frantn		rule	LOW	alef-default,pe-default	G
פארשטייער	1	farʃtˈajər		rule	LOW	alef-default,pe-default	G
דזשעימיסאן	1	ʤˈajmisan		rule	LOW	alef-default	G
אנדייטונג	1	ˈandajtinɡ	ˈandajtink	rule	LOW	alef-default	G
פארהאנדלען	1	farhˈandlən		rule	LOW	alef-default,pe-default	G
בעסאן	1	bəsˈan		rule	LOW	alef-default	G
קריטיקירט	1	krˈitikirt		rule	MED		G
אוועקצושפאצירן	1	avˈɛkʦiʃpaʦirn		rule	LOW	alef-default,pe-default	G
פארהאנדלונג	1	farhˈandlinɡ	farhˈandlink	rule	LOW	alef-default,pe-default	G
צוריקגעווארפן	1	ʦirˈikɡəvarfn		rule	LOW	alef-default,pe-default	G
שטופער	1	ʃtˈifər		rule	LOW	pe-default	G
טערמינען	1	tˈɛrminən		rule	MED		G
ארויפצווינגען	1	arˈoʊfʦvinɡən		rule	LOW	alef-default,pe-default	G
באגרעניצונג	1	baɡrˈɛniʦinɡ	baɡrˈɛniʦink	rule	LOW	alef-default	G
דיעלס	1	dˈiəls		rule	MED		G
זעלבסטשטענדיגע	1	zˈɛlbsʧtəndiɡə		fallback	LOW	vowel-ratio	G
אפצומאכן	1	ˈafʦimaxn		rule	LOW	alef-default,pe-default	G
פארגאנגענהייט	1	farɡˈanɡənhaːt		rule	LOW	alef-default,pe-default	G
זעלבסטשטענדיג	1	zˈɛlbsʧtəndiɡ		fallback	LOW	vowel-ratio	G
פראגעס	1	frˈaɡəs		lexicon	HIGH		G
טויטפעלער	1	tˈɔjtfələr		rule	LOW	pe-default	G
אונטערלאגע	1	ˈintərlaɡə		rule	LOW	alef-default	G
טראפישע	1	trˈafiʃə		rule	LOW	alef-default,pe-default	G
עדווארד	1	ˈɛdvard	ˈɛdvart	rule	LOW	alef-default	G
לואיזיאנא	1	lˈiaːziana		rule	LOW	alef-default	G
ווינטן	1	vintn		rule	MED		G
מייל	1	maːl		lexicon	HIGH		G
קאטעגאריע	1	kˈatəɡariə		rule	LOW	alef-default	G
האריקעין	1	hˈarikajn		rule	LOW	alef-default	G
עבאט	1	ˈɛbat		rule	LOW	alef-default	G
אקטיוויזירט	1	ˈaktivizirt		rule	LOW	alef-default	G
פאטענציעלע	1	fˈatənʦiələ		rule	LOW	alef-default,pe-default	G
אפעקטן	1	ˈafəktn		rule	LOW	alef-default,pe-default	G
פארמאגן	1	farmˈaɡn		rule	LOW	alef-default,pe-default	G
שיפלעך	1	ʃˈifləx		rule	LOW	pe-default	G
טרעקלעך	1	trˈɛkləx		rule	MED		G
רבני	1	rbni		rule	MED		G
אירופה	1	ˈirifə		rule	LOW	alef-default,pe-default	G
אהערצושטעלן	1	ahˈɛrʦiʃtəln		rule	LOW	alef-default	G
סערטיפיקעישאן	1	sˈɛrtifikajʃan		rule	LOW	alef-default,pe-default	G
שאטן	1	ʃatn		rule	LOW	alef-default	G
אייראפע	1	ˈajrafə		rule	LOW	alef-default,pe-default	G
בעלגיע	1	bˈɛlɡiə		rule	MED		G
טרענירונגען	1	trˈɛnirinɡən		rule	MED		G
סערטיפיקעישאנס	1	sˈɛrtifikajʃans		rule	LOW	alef-default,pe-default	G
קוואליפיצירטע	1	kvˈalifiʦirtə		rule	LOW	alef-default,pe-default	G
צוטרוי	1	ʦˈitrɔj		rule	MED		G
רעגירונגען	1	rˈɛɡirinɡən		rule	MED		G
אונטערשטעלן	1	ˈintərʃtəln		rule	LOW	alef-default	G
פיסלעך	1	fˈisləx		rule	LOW	pe-default	G
אינוועסטירער	1	invəstˈirər		rule	LOW	alef-default	G
אינפלאציע	1	ˈinflaʦiə		rule	LOW	alef-default,pe-default	G
פארמערטע	1	farmˈɛrtə		rule	LOW	alef-default,pe-default	G
יילד	1	jild	jilt	rule	MED		G
שעדיגן	1	ʃˈɛdiɡn		rule	MED		G
מארטגעדזשעס	1	mˈartɡəʤəs		rule	LOW	alef-default	G
סיריע'ס	1	sˈiriəs		rule	MED		G
לעזונג	1	lˈɛzinɡ	lˈɛzink	rule	MED		G
אינפילטרירונגען	1	ˈinfiltririnɡən		rule	LOW	alef-default,pe-default	G
דורכצוקומען	1	dˈirxʦikimən		rule	MED		G
פראצעדור	1	fraʦədˈir		rule	LOW	alef-default,pe-default	G
דעפארטירן	1	dˈɛfartirn		rule	LOW	alef-default,pe-default	G
חדשים'דיג	1	xdʃˈimdiɡ	xdʃˈimdik	rule	LOW	lk-fallback	L
אויסלענדישע	1	ˈoʊsləndiʃə		rule	LOW	alef-default	G
גוואטעמאלע	1	ɡvˈatəmalə		rule	LOW	alef-default	G
הארבע	1	hˈarbə		rule	LOW	alef-default	G
אושען	1	ˈiʃən		rule	LOW	alef-default	G
געפיילט	1	ɡəfˈajlt		rule	LOW	pe-default	G
ארעסט	1	ˈarəst		rule	LOW	alef-default	G
פארבינדעטע	1	farbˈindətə		rule	LOW	alef-default,pe-default	G
געצוימטע	1	ɡəʦˈɔjmtə		rule	MED		G
הימלען	1	hˈimlən		rule	MED		G
סענדס	1	sɛnds		rule	MED		G
טעסט	1	tɛst		rule	MED		G
פארבאטענע	1	farbatˈɛnə		rule	LOW	alef-default,pe-default	G
זאנע	1	zˈanə		rule	LOW	alef-default	G
אראפגעשאסן	1	arˈupɡəʃasn		rule	LOW	alef-default,pe-default	G
טרעוולען	1	trˈɛvlən		rule	MED		G
פארדעכטיגט	1	fardˈɛxtiɡt		rule	LOW	alef-default,pe-default	G
קאנטאקט	1	kˈantakt		rule	LOW	alef-default	G
באדעפענישן	1	badˈɛfəniʃn		rule	LOW	alef-default,pe-default	G
צוריקצוקומען	1	ʦirˈikʦikimən		rule	MED		G
פארהאנדלונגס	1	farhˈandlinɡs		rule	LOW	alef-default,pe-default	G
לייקנט	1	lajknt		rule	MED		G
ווערדלאז	1	vˈɛrdlaz	vˈɛrdlas	rule	LOW	alef-default	G
צוזאמפאלן	1	ʦˈizamfaln		rule	LOW	alef-default,pe-default	G
הארמאז	1	hˈarmaz	hˈarmas	rule	LOW	alef-default	G
אלבאני	1	ˈalbani		rule	LOW	alef-default	G
בלאקירט	1	blˈakirt		rule	LOW	alef-default	G
לאזונגען	1	lˈazinɡən		rule	LOW	alef-default	G
יאיר	1	jaːr		rule	LOW	alef-default	G
קאמפלעינט	1	kˈamflajnt		rule	LOW	alef-default,pe-default	G
מערדער	1	mˈɛrdər		rule	MED		G
איילעניש	1	ˈajləniʃ		rule	LOW	alef-default	G
צעשטערט	1	ʦəʃtˈɛrt		rule	MED		G
נתניהו'ס	1	nsnˈihis		fallback	LOW	lk-fallback	L
סענסיטיווע	1	sˈɛnsitivə		rule	MED		G
טרעוול	1	trɛvl		rule	MED		G
דיזיינד	1	dˈizajnd	dˈizajnt	rule	MED		G
נעיווי	1	nˈajvi		rule	MED		G
עירקרעפט	1	ˈajrkrəft		rule	LOW	pe-default	G
קעריער	1	kˈɛriər		rule	MED		G
קאוד	1	kid	kit	rule	LOW	alef-default	G
צילנדיג	1	ʦˈilndiɡ	ʦˈilndik	rule	MED		G
ערלויבט	1	ˈɛrlɔjbt		rule	MED		G
ספיד	1	sfid	sfit	rule	LOW	pe-default	G
דעקט	1	dɛkt		rule	MED		G
שאחיד	1	ʃˈaxid		fallback	LOW	alef-default,lk-fallback	L
פארשוואונדן	1	farʃvˈindn		rule	LOW	alef-default,pe-default	G
פארפלייצונגען	1	farflˈajʦinɡən		rule	LOW	alef-default,pe-default	G
באזוכער	1	bazˈixər		rule	LOW	alef-default	G
לאקאלער	1	lˈakalər		rule	LOW	alef-default	G
"חב""ד"	1	xabˈad	xabˈat	lexicon	LOW	acronym-word	A
ליפשיץ	1	lˈifʃiʦ		rule	LOW	pe-default	G
פאמיליעס	1	fˈamiliəs		rule	LOW	alef-default,pe-default	G
ליסטעס	1	lˈistəs		rule	MED		G
טרעוולערס	1	trˈɛvlərs		rule	MED		G
נפטרים	1	npˈatərim		rule	LOW	pe-default	G
ברוכווארג	1	brˈixvarɡ	brˈixvark	rule	LOW	alef-default	G
קאארדינירן	1	kˈaardinirn		rule	LOW	alef-default	G
הומאניטארישע	1	hˈimanitariʃə		rule	LOW	alef-default	G
פעקלעך	1	pˈɛkləx		lexicon	MED	audio-pe	G
מעדיצינען	1	mˈɛdiʦinən		rule	MED		G
מוחסאן	1	mˈixsan		fallback	LOW	alef-default,lk-fallback	L
צוקונפט	1	ʦˈikinft		rule	LOW	pe-default	G
שלאכטפעלד	1	ʃlˈaxtfəld	ʃlˈaxtfəlt	rule	LOW	alef-default,pe-default	G
באקעמפן	1	bakˈɛmfn		rule	LOW	alef-default,pe-default	G
בלאקאדע	1	blˈakadə		rule	LOW	alef-default	G
באכריין	1	baxrˈajn		rule	LOW	alef-default	G
בעפארשטייענדע	1	bˈɛfarʃtajəndə		rule	LOW	alef-default,pe-default	G
"כ""ץ"	1	xuf ʦˈadik		rule	LOW	letter-names	A
צוריקהאלטן	1	ʦirˈikhaltn		rule	MED	prefix-rescue:gold+צוריק	G
פעברואר	1	fˈɛbriar		rule	LOW	alef-default,pe-default	G
אויסגעהאמערט	1	ˈoʊzɡəhamərt		rule	LOW	alef-default	G
שטילשטאנד	1	ʃtˈilʃtand	ʃtˈilʃtant	rule	LOW	alef-default	G
אונטערגעשריבן	1	ˈintərɡəʃribn		rule	MED	prefix-rescue:gold+אונטער	G
צייטווייליגע	1	ʦˈajtvajliɡə		rule	MED		G
רונדעס	1	rˈindəs		rule	MED		G
אויסגעשלאסן	1	ˈoʊzɡəʃlasn		rule	LOW	alef-default	G
ראז	1	raz	ras	rule	LOW	alef-default	G
גארדן	1	ɡardn		rule	LOW	alef-default	G
סווינג	1	svinɡ	svink	rule	MED		G
דיסטריקטס	1	dˈistrikʦ		rule	MED		G
קאמפיין	1	kɔmpˈajn	kampˈejn	lexicon	HIGH		E
קאנדידאטן	1	kˈandidatn		rule	LOW	alef-default	G
מאגא	1	mˈaɡa		rule	LOW	alef-default	G
ארויסצוהעלפן	1	arˈoʊsʦihəlfn		rule	LOW	alef-default,pe-default	G
אראביע'ס	1	ˈarabiəs		rule	LOW	alef-default	G
פיליפינער	1	fˈilifinər		rule	LOW	pe-default	G
מאטראזן	1	mˈatrazn		rule	LOW	alef-default	G
געוועזענער	1	ɡəvˈɛzənər		rule	MED		G
באשולדיגונגען	1	baʃˈildiɡinɡən		rule	LOW	alef-default	G
אנצושליסן	1	ˈanʦiʃlisn		rule	LOW	alef-default	G
כאמיס	1	xˈamis		rule	LOW	alef-default	G
סאוועיד	1	sˈavajd	sˈavajt	rule	LOW	alef-default	G
אנגעהערט	1	ˈunɡəhirt		rule	MED	prefix-rescue:gold+אנ	G
אנגעליינט	1	ˈanɡəlajnt		rule	LOW	alef-default	G
מאטעריאל	1	mˈatərial		rule	LOW	alef-default	G
וועבן	1	vɛbn		rule	MED		G
אפצורייזן	1	ˈafʦirajzn		rule	LOW	alef-default,pe-default	G
מיטגליד	1	mˈitɡlid	mˈitɡlit	rule	MED		G
אויספארשער	1	ˈoʊsfarʃər		rule	LOW	alef-default,pe-default	G
מענטשליכע	1	mˈɛnʧləxə		rule	MED		G
נייל	1	najl		rule	MED		G
יאנקערס	1	jˈankərs		rule	LOW	alef-default	G
צוריקגעקערט	1	ʦirˈikɡəkərt		rule	MED		G
דערגיין	1	dərɡˈajn		rule	MED	prefix-rescue:gold+דער	G
מאסקיטא	1	mˈaskita		rule	LOW	alef-default	G
טעסטס	1	tɛsʦ		rule	MED		G
פארזיכטיג	1	farzˈixtiɡ	farzˈixtik	rule	LOW	alef-default,pe-default	G
דאמעסטיק	1	dˈaməstik		rule	LOW	alef-default	G
אומקלארקייט	1	ˈimklarkaːt		rule	LOW	alef-default	G
אויסצוקלארן	1	ˈoʊsʦiklarn		rule	LOW	alef-default	G
עקספערטן	1	ˈɛksfərtn		rule	LOW	pe-default	G
פלייט	1	flajt		rule	LOW	pe-default	G
טאבא	1	tˈaba		rule	LOW	alef-default	G
דורכגאנג	1	dˈirxɡanɡ	dˈirxɡank	rule	LOW	alef-default	G
אויטאריטעט	1	ˈɔjtaritət		rule	LOW	alef-default	G
רעקארדס	1	rˈɛkards		rule	LOW	alef-default	G
כוואליע	1	xvˈaliə		rule	LOW	alef-default	G
קייטל	1	kajtl		rule	MED		G
רויבערייען	1	rˈɔjbərajən		rule	MED		G
סקוטערס	1	skˈitərs		rule	MED		G
צירונגען	1	ʦˈirinɡən		rule	MED		G
קריים	1	krajm		rule	MED		G
סטאפערס	1	stˈafərs		rule	LOW	alef-default,pe-default	G
זאפארט	1	zˈafart		rule	LOW	alef-default,pe-default	G
ערקלערונג	1	ˈɛrklərinɡ	ˈɛrklərink	rule	MED		G
ריכטונגען	1	rˈixtinɡən		rule	MED		G
צוריקגעשטעלט	1	ʦirˈikɡəʃtəlt		rule	MED		G
אויפפאדערן	1	ˈɔjfadərn		rule	LOW	alef-default,pe-default	G
סירי	1	sˈiri		rule	MED		G
קרייז	1	krajz	krajs	rule	MED		G
באמבארדירונג	1	bambardˈirinɡ	bambardˈirink	rule	LOW	alef-default	G
צענטראל	1	ʦəntrˈal		rule	LOW	alef-default	G
לייקענען	1	lˈajkənən		rule	MED		G
ארויסגעשאסן	1	arˈoʊzɡəʃasn		rule	LOW	alef-default	G
טאהער	1	tˈahər		rule	LOW	alef-default	G
פעסטונג	1	fˈɛstinɡ	fˈɛstink	rule	LOW	pe-default	G
פאראן	1	farˈun		rule	MED	prefix-rescue:gold+פאר	G
אליגארכן	1	ˈaliɡarxn		rule	LOW	alef-default	G
אנטלאפן	1	ˈantlafn		rule	LOW	alef-default,pe-default	G
זוכנדיג	1	zˈixndiɡ	zˈixndik	rule	MED		G
שקל	1	ʃˈɛkɛl	ʃˈukɛl|ʃˈukal|ʃˈɔjkajl	rule	LOW	audio-homograph	L
פראצעדורס	1	fraʦədˈirs		rule	LOW	alef-default,pe-default	G
אנערקענען	1	ˈanərkənən		rule	LOW	alef-default	G
דעקלעראציעס	1	dˈɛkləraʦiəs		rule	LOW	alef-default	G
גרינגערהייט	1	ɡrˈinɡərhaːt		rule	MED		G
באשטעטיגונג	1	baʃtˈɛtiɡinɡ	baʃtˈɛtiɡink	rule	LOW	alef-default	G
ארויסגעשיקט	1	arˈoʊzɡəʃikt		rule	LOW	alef-default	G
פולקאם	1	fˈilkam		rule	LOW	alef-default,pe-default	G
קלערט	1	klɛrt		rule	MED		G
דערקלערן	1	dərklˈɛrn		rule	MED		G
ראטאווע	1	rˈatavə		rule	LOW	alef-default	G
פאקטארן	1	fˈaktarn		rule	LOW	alef-default,pe-default	G
ראלע	1	rˈalə		rule	LOW	alef-default	G
אויפצורייסן	1	ˈɔjfʦirajsn		rule	LOW	alef-default,pe-default	G
איינריכטונגען	1	ˈajnrixtinɡən		rule	LOW	alef-default	G
נאציאנאלער	1	nˈaʦianalər		rule	LOW	alef-default	G
צענדן	1	ʦɛndn		rule	MED		G
מינט	1	mint		rule	MED		G
דאלאר'דיגע	1	dˈalardiɡə		rule	LOW	alef-default	G
מטבעות	1	matbˈɛɔjs	mˈatbəɔjs	rule	LOW	sefaria-pointed	L
געגרינדעט	1	ɡəɡrˈindət		rule	MED		G
ווירדן	1	virdn		rule	MED		G
פרעזערווירן	1	frˈɛzərvirn		rule	LOW	pe-default	G
פרייהייט	1	frˈajhaːt		rule	LOW	pe-default	G
דרויסנדיגע	1	drˈɔjsndiɡə		rule	MED		G
אינטערווענץ	1	intərvˈɛnʦ		rule	LOW	alef-default	G
איבערצומאכן	1	ˈibərʦimaxn		rule	LOW	alef-default	G
זעלטענעם	1	zˈɛltənəm		rule	MED		G
איבערקלערן	1	ˈibərklərn		rule	LOW	alef-default	G
פארבינדונגען	1	farbˈindinɡən		rule	LOW	alef-default,pe-default	G
צושאקלט	1	ʦˈiʃaklt		rule	LOW	alef-default	G
יערליכע	1	jˈɛrləxə		rule	MED		G
עקאנאמיש	1	ˈɛkanamiʃ		rule	LOW	alef-default	G
מיליטעריש	1	mˈilitəriʃ		rule	MED		G
ווארנט	1	varnt		rule	LOW	alef-default	G
פארניכטעט	1	farnˈixtət		rule	LOW	alef-default,pe-default	G
ראדארן	1	rˈadarn		rule	LOW	alef-default	G
אויספעלן	1	ˈoʊsfəln		rule	LOW	alef-default,pe-default	G
ראקעט	1	rˈakət		rule	LOW	alef-default	G
אראפלאזן	1	arˈupluzn		rule	MED	prefix-rescue:gold+אראפ	G
"בס""ד"	1	bajs sˈaməx dˈuləd	bajs sˈaməx dˈulət	rule	LOW	letter-names	A
קירדזשיסטאן	1	kˈirʤistan		rule	LOW	alef-default	G
פאקיסטאנער	1	fakistˈanər		rule	LOW	alef-default,pe-default	G
שעריף	1	ʃˈɛrif		rule	LOW	pe-default	G
טעמע	1	tˈɛmə		rule	MED		G
באהאנדלט	1	bahˈandlt		rule	LOW	alef-default	G
איסלאמאבאד	1	ˈislamabad	ˈislamabat	rule	LOW	alef-default	G
קריגערישע	1	krˈiɡəriʃə		rule	MED		G
שלאגט	1	ʃlaɡt		rule	LOW	alef-default	G
פאספארטן	1	fˈasfartn		rule	LOW	alef-default,pe-default	G
באגרעניצן	1	baɡrˈɛniʦn		rule	LOW	alef-default	G
געבורט	1	ɡəbˈirt		rule	MED		G
אפגעזען	1	ˈupɡəzejn		rule	MED	prefix-rescue:gold+אפגע	G
איינשטעלן	1	ˈajnʃtəln		rule	LOW	alef-default	G
האלטער	1	hˈaltər		rule	LOW	alef-default	G
סופרים	1	sˈifrim		rule	LOW	pe-default	G
אראפגעשטימט	1	arˈupɡəʃtimt		rule	LOW	alef-default,pe-default	G
מידטורם	1	mˈidtirm		rule	MED		G
פארלוסטן	1	farlˈistn		rule	LOW	alef-default,pe-default	G
אנצוהאלטן	1	ˈanʦihaltn		rule	LOW	alef-default	G
ברעכן	1	brɛxn		rule	MED		G
נאכגעבן	1	nˈaxɡəbn		rule	LOW	alef-default	G
תורה'ס	1	sirhs		rule	LOW	lk-fallback	L
אינפארמירן	1	ˈinfarmirn		rule	LOW	alef-default,pe-default	G
מ'וועקט	1	mvɛkt		rule	MED	clitic	G
איינצושפאנען	1	ˈajnʦiʃpanən		rule	LOW	alef-default,pe-default	G
שטעלונג	1	ʃtˈɛlinɡ	ʃtˈɛlink	rule	MED		G
באפארשטייענדע	1	bafarʃtˈajəndə		rule	LOW	alef-default,pe-default	G
שינאווע	1	ʃˈinavə		rule	LOW	alef-default	G
גאלאפ	1	ɡˈalaf		rule	LOW	alef-default,pe-default	G
קארופטירט	1	kˈariftirt		rule	LOW	alef-default,pe-default	G
צוגרייטונגען	1	ʦˈiɡrajtinɡən		rule	MED		G
אויסטויש	1	ˈoʊstɔjʃ		rule	LOW	alef-default	G
באגרעניצט	1	baɡrˈɛniʦt		rule	LOW	alef-default	G
אנטוויקלונג	1	ˈantviklinɡ	ˈantviklink	rule	LOW	alef-default	G
רעוואלוציע	1	rˈɛvaliʦiə		rule	LOW	alef-default	G
ניצן	1	niʦn		lexicon	HIGH		G
טולס	1	tils		rule	MED		G
הויכשולע	1	hˈɔjxʃilə		rule	MED		G
דריטל	1	dritl		rule	MED		G
אראפצושטעלן	1	arˈupʦiʃtəln		rule	LOW	alef-default,pe-default	G
ס'סערווירט	1	ssˈɛrvirt		rule	MED	clitic	G
באשולדיגנדיג	1	baʃˈildiɡndiɡ	baʃˈildiɡndik	rule	LOW	alef-default	G
מארקעטס	1	mˈarkəʦ		rule	LOW	alef-default	G
טוריסטן	1	tˈiristn		rule	MED		G
קאמענטארן	1	kˈaməntarn		rule	LOW	alef-default	G
ארויפצושטעלן	1	arˈoʊfʦiʃtəln		rule	LOW	alef-default,pe-default	G
פראדוקטן	1	frˈadiktn		rule	LOW	alef-default,pe-default	G
קאנפיסקירן	1	kˈanfiskirn		rule	LOW	alef-default,pe-default	G
קריפטא	1	krˈifta		rule	LOW	alef-default,pe-default	G
קורענסי	1	kˈirənsi		rule	MED		G
ביישטייערונגען	1	bˈajʃtajərinɡən		rule	MED		G
קאנפיסקירונגען	1	kˈanfiskirinɡən		rule	LOW	alef-default,pe-default	G
פאנדרעיזינג	1	fˈandrajzinɡ	fˈandrajzink	rule	LOW	alef-default,pe-default	G
רעקרוטינג	1	rˈɛkritinɡ	rˈɛkritink	rule	MED		G
פלאטפארמעס	1	flˈatfarməs		rule	LOW	alef-default,pe-default	G
רעקרוטירן	1	rˈɛkritirn		rule	MED		G
רעדיקאליזירן	1	rˈɛdikalizirn		rule	LOW	alef-default	G
פינאנצירן	1	fˈinanʦirn		rule	LOW	alef-default,pe-default	G
בארישע	1	barˈiʃə		rule	LOW	alef-default	G
אדרעסירן	1	ˈadrəsirn		rule	LOW	alef-default	G
ען	1	ɛn		rule	MED		G
אסעמבלי	1	ˈasəmbli		rule	LOW	alef-default	G
מאנדאני	1	mˈandani		rule	LOW	alef-default	G
אראפגעריסן	1	arˈupɡərisn		rule	LOW	alef-default,pe-default	G
פאראייניגן	1	farˈajniɡn		rule	LOW	alef-default,pe-default	G
העצערייען	1	hˈɛʦərajən		rule	MED		G
זייען	1	zˈajən		rule	MED		G
פארטיידיגן	1	fartˈajdiɡn		rule	LOW	alef-default,pe-default	G
אנטיילנעמען	1	ˈantajlnəmən		rule	LOW	alef-default	G
פראטעסטן	1	frˈatəstn		rule	LOW	alef-default,pe-default	G
אמבאסאדאר	1	ˈambasadar		rule	LOW	alef-default	G
מעטיו	1	mˈɛtji		rule	MED		G
העכערן	1	hˈɛxərn		rule	MED		G
אויסגאבן	1	ˈoʊzɡabn		rule	LOW	alef-default	G
פראדוקציע	1	frˈadikʦiə		rule	LOW	alef-default,pe-default	G
אפצושלאגן	1	ˈafʦiʃlaɡn		rule	LOW	alef-default,pe-default	G
פאראויסשאצן	1	farˈɔjsʃaʦn		rule	LOW	alef-default,pe-default	G
וולאדימיר	1	vladimˈir		rule	LOW	alef-default	G
לוינען	1	lˈɔjnən		rule	MED		G
ליעק	1	lˈiək		rule	MED		G
באגרעניצטע	1	baɡrˈɛniʦtə		rule	LOW	alef-default	G
טאם	1	tam		rule	LOW	alef-default	G
דיפענס	1	dˈifəns		rule	LOW	pe-default	G
סעקרעטערי	1	sˈɛkrətəri		rule	MED		G
מענעדזשן	1	mˈɛnəʤn		rule	MED		G
אפטריט	1	ˈapatərit		rule	LOW	alef-default,pe-default	G
ארמיי	1	ˈarmaj		rule	LOW	alef-default	G
רעזיגנאציע	1	rˈɛziɡnaʦiə		rule	LOW	alef-default	G
אמפערייען	1	ˈamfərajən		rule	LOW	alef-default,pe-default	G
קאוסט	1	kist		rule	LOW	alef-default	G
היימלאנד	1	hˈajmland	hˈajmlant	rule	LOW	alef-default	G
מאטארן	1	mˈatarn		rule	LOW	alef-default	G
געטרעוולט	1	ɡətrˈɛvlt		rule	MED		G
רעיגען	1	rˈajɡən		rule	MED		G
אינטערנעשאנעל	1	ˈintərnəʃanəl		rule	LOW	alef-default	G
פילאט	1	fˈilat		rule	LOW	alef-default,pe-default	G
מעידעי	1	mˈajdaj		rule	MED		G
פארזיכערטע	1	farzˈixərtə		rule	LOW	alef-default,pe-default	G
נוצנדיג	1	nˈiʦndiɡ	nˈiʦndik	rule	MED		G
מאכאמעד	1	mˈaxaməd	mˈaxamət	rule	LOW	alef-default	G
נאנטער	1	nˈantər		rule	LOW	alef-default	G
געוועזענעם	1	ɡəvˈɛzənəm		rule	MED		G
באשאר	1	baʃˈar		rule	LOW	alef-default	G
פארפיגט	1	farfˈiɡt		rule	LOW	alef-default,pe-default	G
נוקלעארע	1	nˈikləarə		rule	LOW	alef-default	G
רעאקטאר	1	rˈɛaktar		rule	LOW	alef-default	G
קארעא	1	kˈarəa		rule	LOW	alef-default	G
אריינגעשלייכט	1	arˈaːnɡəʃlajxt		rule	LOW	alef-default	G
סירישע	1	sˈiriʃə		rule	MED		G
מארגנדיגע	1	mˈarɡndiɡə		rule	LOW	alef-default	G
וראשי	1	ˈiraʃi		rule	LOW	alef-default	G
שתדל'ען	1	ʒzdlɛn		fallback	LOW	lk-fallback	L
יודנטום	1	jˈidntim		rule	MED		G
שפאנונג	1	ʃpˈaninɡ	ʃpˈanink	rule	LOW	alef-default,pe-default	G
"האדמו""ר"	1	haj ˈaləf dˈuləd mɛm vuv rajʃ	haj ˈaləf dˈulət mɛm vuf rajʃ	rule	LOW	letter-names	A
מסאטמאר	1	msˈatmar		rule	LOW	alef-default	G
מוויזשניץ	1	mvˈiʒniʦ		rule	MED		G
מבאבוב	1	mbˈabib	mbˈabip	rule	LOW	alef-default	G
טווערסקי	1	tvˈɛrski		rule	MED		G
בשליחות	1	biʃlˈixis	biʃlˈixus	rule	LOW	model-pointed-guess	L
מסקווירא	1	mskvˈira		rule	LOW	alef-default	G
ארויסצוברענגען	1	arˈoʊsʦibrənɡən		rule	LOW	alef-default	G
ברענענדיגע	1	brˈɛnəndiɡə		rule	MED		G
בחצרות	1	bəxˈaʦrɔjs		rule	LOW	lk-proclitic-pointed:audio-homograph	L
"האדמו""רים"	1	haj ˈaləf dˈuləd mɛm vuv rajʃ jid mɛm	haj ˈaləf dˈulət mɛm vuf rajʃ jit mɛm	rule	LOW	letter-names	A
טאט	1	tat		rule	LOW	alef-default	G
ראט	1	rat		rule	LOW	alef-default	G
בארימטע	1	barˈimtə		rule	LOW	alef-default	G
ערפארענע	1	ˈɛrfarənə		rule	LOW	alef-default,pe-default	G
פארזיכערן	1	farzˈixərn		rule	LOW	alef-default,pe-default	G
פאראייניגטע	1	farˈajniɡtə		rule	LOW	alef-default,pe-default	G
פארצושטעלן	1	farʦˈiʃtəln		rule	LOW	alef-default,pe-default	G
הייסע	1	hˈajsə		rule	MED		G
ואנשים	1	ˈianʃim		rule	LOW	alef-default	G
פענטאגאן	1	fˈɛntaɡan		rule	LOW	alef-default,pe-default	G
קלאסיפייד	1	klˈasifajd	klˈasifajt	rule	LOW	alef-default,pe-default	G
געהיימער	1	ɡəhˈajmər		rule	MED		G
פארארדענונגען	1	farˈardəninɡən		rule	LOW	alef-default,pe-default	G
פארטיידיגונגס	1	fartˈajdiɡinɡs		rule	LOW	alef-default,pe-default	G
סעקרעטארן	1	sˈɛkrətarn		rule	LOW	alef-default	G
טרעקינג	1	trˈɛkinɡ	trˈɛkink	rule	MED		G
טרענירונג	1	trənˈirinɡ	trənˈirink	rule	MED		G
גענעראלן	1	ɡənˈɛraln		rule	LOW	alef-default	G
נעטווארק	1	nˈɛtvark		rule	LOW	alef-default	G
צוטריט	1	ʦˈitrit		rule	MED		G
פראנירער	1	franˈirər		rule	LOW	alef-default,pe-default	G
פארארדענט	1	farardˈɛnt		rule	LOW	alef-default,pe-default	G
אויסטוישן	1	ˈoʊstoʊʃn		rule	MED	prefix-rescue:gold+אויס	G
פאליטיק	1	pɔlˈitik		lexicon	HIGH		G
שנעלע	1	ʃnˈɛlə		rule	MED		G
דזשעט	1	ʤɛt		rule	MED		G
דיזיינט	1	dˈizajnt		rule	MED		G
איבערקליגן	1	ˈibərkliɡn		rule	LOW	alef-default	G
עקזיסטירנדע	1	ˈɛkzistirndə		rule	MED		G
שנעלערע	1	ʃnˈɛlərə		rule	MED		G
פראדוצירן	1	frˈadiʦirn		rule	LOW	alef-default,pe-default	G
רעדע	1	rˈɛdə		rule	MED		G
אנטוויקלט	1	ˈantviklt		rule	LOW	alef-default	G
דיזיין	1	dˈizajn		rule	MED		G
שאהיד	1	ʃˈahid	ʃˈahit	rule	LOW	alef-default	G
פארנאכט	1	farnˈaxt		rule	MED	prefix-rescue:gold+פאר	G
ווייסער	1	vˈajsər		rule	MED		G
סטיוו	1	stiv	stif	rule	MED		G
סאיד	1	sjid	sjit	rule	MED	clitic	G
סארדיניע	1	sˈardiniə		rule	LOW	alef-default	G
קאנצענטרירט	1	kˈanʦəntrirt		rule	LOW	alef-default	G
ליניעס	1	lˈiniəs		rule	MED		G
פארשטערקערן	1	farʃtˈɛrkərn		rule	LOW	alef-default,pe-default	G
אלעירטע	1	ˈalajrtə		rule	LOW	alef-default	G
יוגאוו	1	jˈiɡav	jˈiɡaf	rule	LOW	alef-default	G
דעמאקראטישע	1	dˈɛmakratiʃə		rule	LOW	alef-default	G
וויילער	1	vˈajlər		rule	MED		G
אינאיינעם	1	ˈinajnəm		rule	LOW	alef-default	G
געמאסטענע	1	ɡəmˈastənə		rule	LOW	alef-default	G
געדענקמאל	1	ɡədˈɛnkmal		rule	LOW	alef-default	G
חגא	1	xˈuɡə	xˈɔɡə	rule	LOW	printed-respelling	L
טשעקפוינט	1	ʧˈɛkfɔjnt		rule	LOW	pe-default	G
מאדעלס	1	mˈadəls		rule	LOW	alef-default	G
רעדוצירט	1	rˈɛdiʦirt		rule	MED		G
פעיגקייטן	1	fˈajɡkaːtn		rule	LOW	pe-default	G
טאלאנטן	1	tˈalantn		rule	LOW	alef-default	G
סאפיסטיקירטע	1	sˈafistikirtə		rule	LOW	alef-default,pe-default	G
דאטא	1	dˈata		rule	LOW	alef-default	G
רענסאמוועיר	1	rˈɛnsamvajr		rule	LOW	alef-default	G
אויסשאלטערן	1	ˈoʊsʃaltərn		rule	LOW	alef-default	G
לעגאלער	1	lˈɛɡalər		rule	LOW	alef-default	G
דני	1	dni		rule	MED		G
פאדערן	1	fˈadərn		rule	LOW	alef-default,pe-default	G
באמבע	1	bambˈə		rule	LOW	alef-default	G
סקוואד	1	skvad	skvat	rule	LOW	alef-default	G
אפעראציעס	1	ˈafəraʦiəs		rule	LOW	alef-default,pe-default	G
שמעקן	1	ʃmɛkn		rule	MED		G
פראגראמען	1	frˈaɡramən		rule	LOW	alef-default,pe-default	G
באשיצן	1	baʃˈiʦn		rule	LOW	alef-default	G
בלאקירן	1	blˈakirn		rule	LOW	alef-default	G
אויפצונעמען	1	ˈɔjfʦinəmən		rule	LOW	alef-default,pe-default	G
פריע	1	frˈiə		rule	LOW	pe-default	G
צוגעפארן	1	ʦˈiɡəfarn		rule	LOW	alef-default,pe-default	G
לופטפעלדער	1	lˈiftfəldər		rule	LOW	pe-default	G
פרעזידענט'ס	1	frəzidˈɛnʦ		rule	LOW	pe-default	G
קורצליך	1	kˈirʦləx		rule	MED		G
דיסקוסירן	1	dˈiskisirn		rule	MED		G
מלאכיו	1	mlˈaxji		rule	LOW	alef-default	G
יצוה	1	ˈiʦi		rule	MED		G
לשמרך	1	lʃmrx		fallback	LOW	lk-fallback	L
איינגעגאנגען	1	ˈaːnɡəɡanɡən		rule	MED	prefix-rescue:gold+איינ	G
קאנטראלירטע	1	kˈantralirtə		rule	LOW	alef-default	G
פארזעצנדיג	1	farzˈɛʦndiɡ	farzˈɛʦndik	rule	LOW	alef-default,pe-default	G
געצילט	1	ɡəʦˈilt		rule	MED		G
באנייעטע	1	banˈajətə		rule	LOW	alef-default	G
אפטימיזם	1	aftimˈizm		rule	LOW	alef-default,pe-default	G
רעדנדיג	1	rˈɛdndiɡ	rˈɛdndik	rule	MED		G
פארום	1	farˈim		rule	LOW	alef-default,pe-default	G
ענדגילטיגע	1	ˈɛndɡiltiɡə		rule	MED		G
שאנס	1	ʃans		rule	LOW	alef-default	G
אויסהאמערן	1	ˈoʊshamərn		rule	LOW	alef-default	G
שליכטונג	1	ʃlˈixtinɡ	ʃlˈixtink	rule	MED		G
אוקראינע'ס	1	ˈikraːnəs		rule	LOW	alef-default	G
סיביהא	1	sˈibiha		rule	LOW	alef-default	G
רעפארטער	1	rˈɛfartər		rule	LOW	alef-default,pe-default	G
אויסבאהאלטן	1	ˈoʊzbahaltn		rule	LOW	alef-default	G
באציעט	1	baʦˈiət		rule	LOW	alef-default	G
קאמענד	1	kˈamənd	kˈamənt	rule	LOW	alef-default	G
סטארעדזש	1	stˈarəʤ	stˈarəʧ	rule	LOW	alef-default	G
עליטע	1	ˈɛlitə		rule	MED		G
אחיה	1	axˈiju		rule	LOW	model-pointed-guess	L
אראפקוק	1	arˈupkik		rule	LOW	alef-default,pe-default	G
קאמפלעקס	1	kˈamfləks		rule	LOW	alef-default,pe-default	G
נערוו	1	nɛrv	nɛrf	rule	MED		G
באדאר	1	badˈar		rule	LOW	alef-default	G
אנטזאגט	1	ˈantzaɡt		rule	LOW	alef-default	G
אנצוגעבן	1	ˈanʦiɡəbn		rule	LOW	alef-default	G
אפיצירן	1	ˈafiʦirn		rule	LOW	alef-default,pe-default	G
קאנפראנטירן	1	kˈanfrantirn		rule	LOW	alef-default,pe-default	G
איבערצונעמען	1	ˈibərʦinəmən		rule	LOW	alef-default	G
פארשט	1	farʃt		rule	LOW	alef-default,pe-default	G
וועב	1	vɛb	vɛp	rule	MED		G
זעלבסטשטענדיגער	1	zˈɛlbsʧtəndiɡər		fallback	LOW	vowel-ratio	G
באהאלטענע	1	bahˈaltənə		rule	LOW	alef-default	G
דידזשיטעל	1	dˈiʤitəl		rule	MED		G
סקענס	1	skɛns		rule	MED		G
ליעקס	1	lˈiəks		rule	MED		G
שאפנדיג	1	ʃˈafndiɡ	ʃˈafndik	rule	LOW	alef-default,pe-default	G
ריזיקעס	1	rˈizikəs		rule	MED		G
שווינדל	1	ʃvindl		rule	MED		G
סטאטיסטיק	1	stˈatistik		rule	LOW	alef-default	G
אנטיסעמיטיזם	1	antisəmitˈizm		rule	LOW	alef-default	G
אויסגעמאכט	1	ˈoʊzɡəmaxt		rule	MED	prefix-rescue:gold+אויסגע	G
באפעלקערונג	1	bafˈɛlkərinɡ	bafˈɛlkərink	rule	LOW	alef-default,pe-default	G
יוניווערסיטי	1	jˈinivərsiti		rule	MED		G
אומשטענד	1	ˈimʃtənd	ˈimʃtənt	rule	LOW	alef-default	G
דעדליין	1	dˈɛdlajn		rule	MED		G
אקטאבער	1	ˈaktabər		rule	LOW	alef-default	G
נארוואס	1	nˈarvas		rule	LOW	alef-default	G
געהויבן	1	ɡəhˈɔjbn		rule	MED		G
פארשפעטיגונגען	1	farʃpˈɛtiɡinɡən		rule	LOW	alef-default,pe-default	G
אינטערנאציאנאלע	1	ˈintərnaʦianalə		rule	LOW	alef-default	G
אלגעמיין	1	ˈalɡəmajn		rule	LOW	alef-default	G
ווערנדיג	1	vˈɛrndiɡ	vˈɛrndik	rule	MED		G
געטריבן	1	ɡətrˈibn		rule	MED		G
וויסעלבלאוער	1	vˈisəlbliər		rule	LOW	alef-default	G
אטוירני	1	ˈatɔjrni		rule	LOW	alef-default	G
דזשעימס	1	ʤajms		rule	MED		G
פראסעקיוטער	1	frˈasəkjitər		rule	LOW	alef-default,pe-default	G
קרימינעל	1	krˈiminəl		rule	MED		G
גראבן	1	ɡrabn		rule	LOW	alef-default	G
סחורה	1	sxˈɔjrə		rule	LOW	pointed-audio-endorsed	L
קאלעגן	1	kˈaləɡn		rule	LOW	alef-default	G
אויבערהאר	1	ˈɔjbərhar		rule	LOW	alef-default	G
מסעוואסווי	1	msˈɛvasvi		rule	LOW	alef-default	G
אנווייזונגען	1	ˈanvajzinɡən		rule	LOW	alef-default	G
גריבלען	1	ɡrˈiblən		rule	MED		G
פארלעצונגען	1	farlˈɛʦinɡən		rule	LOW	alef-default,pe-default	G
באגאנגען	1	baɡˈanɡən		rule	LOW	alef-default	G
הויכראנגיגער	1	hˈɔjxranɡiɡər		rule	LOW	alef-default	G
ענדזשעלס	1	ˈɛnʤəls		rule	MED		G
רוסלאנד'ס	1	rˈislands		rule	LOW	alef-default	G
באוואפנטער	1	bavˈafntər		rule	LOW	alef-default,pe-default	G
ביציקל	1	bˈiʦikl		rule	MED		G
קריטיש	1	krˈitiʃ		rule	MED		G
ניקאליי	1	nˈikalaj		rule	LOW	alef-default	G
סטע	1	stə		rule	MED		G
ציט	1	ʦit		rule	MED		G
שטריכן	1	ʃtrixn		rule	MED		G
פראסעקיוטערס	1	frˈasəkjitərs		rule	LOW	alef-default,pe-default	G
באשולדיגט	1	baʃˈildiɡt		rule	LOW	alef-default	G
שפיטול	1	ʃpˈitil		rule	LOW	pe-default	G
קיעוו	1	kˈiəv	kˈiəf	rule	MED		G
פיפיות	1	pifˈijɔjs		rule	LOW	sefaria-pointed	L
שלוחי	1	ʃlˈixi		fallback	LOW	lk-fallback	L
ענגע	1	ˈɛnɡə		rule	MED		G
ואמוני	1	ˈiamini		rule	LOW	alef-default	G
המרובים	1	hmrˈibim		rule	MED		G
ונתת	1	vnusˈatu	vənusˈatu	rule	LOW	sefaria-pointed	L
ויועצים	1	ˈɔjiəʦim		rule	MED		G
וישלח	1	vajˈiʃlax		rule	LOW	sefaria-pointed	L
יולי	1	jˈili		rule	MED		G
מארטש	1	marʧ		rule	LOW	alef-default	G
אימפארט	1	ˈimfart		rule	LOW	alef-default,pe-default	G
שטייערן	1	ʃtˈajərn		rule	MED		G
העכערונג	1	hˈɛxərinɡ	hˈɛxərink	rule	MED		G
צוגעשריבן	1	ʦˈiɡəʃribn		rule	MED	prefix-rescue:gold+צו	G
אינוועסטמענט	1	invəstmˈɛnt		rule	LOW	alef-default	G
אימפארטירן	1	ˈimfartirn		rule	LOW	alef-default,pe-default	G
קאמפיוטערס	1	kˈamfjitərs		rule	LOW	alef-default,pe-default	G
געצייג	1	ɡəʦˈajɡ	ɡəʦˈajk	rule	MED		G
נידריגער	1	nˈidriɡər		rule	MED		G
בעלגישע	1	bˈɛlɡiʃə		rule	MED		G
סטרייקן	1	strajkn		rule	MED		G
בריסל	1	brisl		rule	MED		G
פארלאנג	1	farlˈaːnɡ	farlˈaːnk	rule	MED	prefix-rescue:gold+פאר	G
רעפרעזענטירט	1	rˈɛfrəzəntirt		rule	LOW	pe-default	G
שעצונג	1	ʃˈɛʦinɡ	ʃˈɛʦink	rule	MED		G
שטימונג	1	ʃtˈiminɡ	ʃtˈimink	rule	MED		G
מארגעדזש	1	mˈarɡəʤ	mˈarɡəʧ	rule	LOW	alef-default	G
רייכנדיג	1	rˈajxndiɡ	rˈajxndik	rule	MED		G
פרעדי	1	frˈɛdi		rule	LOW	pe-default	G
מעק	1	mɛk		rule	MED		G
מארגעדזשעס	1	mˈarɡəʤəs		rule	LOW	alef-default	G
הערשט	1	hɛrʃt		rule	MED		G
פארשטערקערטע	1	farʃtˈɛrkərtə		rule	LOW	alef-default,pe-default	G
דערנענטערט	1	dərnˈɛntərt		rule	MED		G
פאראייביגט	1	farˈajbiɡt		rule	LOW	alef-default,pe-default	G
היסטאריע	1	hˈistariə		rule	LOW	alef-default	G
פארענדיגט	1	farˈɛndiɡt		rule	LOW	alef-default,pe-default	G
דורכגעטון	1	dˈirxɡətin		rule	MED	prefix-rescue:gold+דורכגע	G
פארשפראכן	1	farʃprˈaxn		rule	LOW	alef-default,pe-default	G
גרייטנדיג	1	ɡrˈajtndiɡ	ɡrˈajtndik	rule	MED		G
ומנהיגים	1	ˈimnhiɡim		rule	MED		G
פארזאגן	1	farzˈuɡn		rule	MED	prefix-rescue:gold+פאר	G
שטולן	1	ʃtiln		rule	MED		G
כסדר'דיגע	1	xzdrdˈiɡə		fallback	LOW	vowel-ratio	G
געשפרעך	1	ɡəʃprˈɛx		rule	LOW	pe-default	G
ולב	1	ilb	ilp	rule	MED		G
פארנומענעם	1	farnˈimənəm		rule	LOW	alef-default,pe-default	G
בטרחא	1	btˈirxu	bətˈirxu	rule	LOW	model-pointed-guess	L
דגברא	1	dɡbra		rule	LOW	alef-default	G
אטמאספערע	1	ˈatmasfərə		rule	LOW	alef-default,pe-default	G
פאזיטיוו	1	fˈazitiv	fˈazitif	rule	LOW	alef-default,pe-default	G
העכסט	1	hɛxst		rule	MED		G
רעספעקטפול	1	rˈɛsfəktfil		rule	LOW	pe-default	G
איבערגעגאנגען	1	ˈibərɡəɡanɡən		rule	MED	prefix-rescue:gold+איבער	G
דערגרייכונגען	1	dərɡrˈajxinɡən		rule	MED		G
איינדרוקספול	1	ˈajndriksfil		rule	LOW	alef-default,pe-default	G
מיטצוהאלטן	1	mˈitʦihaltn		rule	LOW	alef-default	G
ארויסגעצייגט	1	arˈoʊzɡəʦajɡt		rule	LOW	alef-default	G
ובמנוחה	1	uvimnˈuxu	ivimnˈixə	rule	LOW	model-pointed-guess	L
שטער	1	ʃtɛr		rule	MED		G
נאך'ן	1	naxn		rule	LOW	alef-default	G
ווארימסטע	1	vˈarimstə		rule	LOW	alef-default	G
געוואונטשענע	1	ɡəvˈinʧənə		rule	LOW	alef-default	G
רעזולטאטן	1	rˈɛziltatn		rule	LOW	alef-default	G
לטובתן	1	ltibsn		fallback	LOW	lk-fallback	L
היסטוריה	1	hˈistiri		rule	MED		G
קורת	1	kˈɔjras		rule	LOW	sefaria-pointed	L
ווייטגרייכנדע	1	vˈajtɡrajxndə		rule	MED		G
געניסן	1	ɡənˈisn		rule	MED		G
הישועה	1	hˈiʃiə		rule	MED		G
ראביי	1	rˈabaj		rule	LOW	alef-default	G
אריינצונארן	1	arˈaːnʦinarn		rule	LOW	alef-default	G
לאקאלן	1	lˈakaln		rule	LOW	alef-default	G
קלינגענדיגע	1	klˈinɡəndiɡə		rule	MED		G
זעלבסט	1	zɛlbst		rule	MED		G
צוערשט	1	ʦˈiərʃt		rule	MED		G
לעגיטימע	1	lˈɛɡitimə		rule	MED		G
נישטערן	1	nˈiʃtərn		rule	MED		G
בייגעוואוינט	1	bˈajɡəvɔjnt		rule	LOW	alef-default	G
קוקנדיג	1	kˈikndiɡ	kˈikndik	rule	MED		G
לויטעט	1	lˈɔjtət		rule	MED		G
אלארמירט	1	ˈalarmirt		rule	LOW	alef-default	G
טעראריסטן	1	tˈɛraristn		rule	LOW	alef-default	G
ווארהייט	1	vˈarhaːt		rule	LOW	alef-default	G
פער	1	fɛr		rule	LOW	pe-default	G
איבערשטייגנדיג	1	ˈibərʃtajɡndiɡ	ˈibərʃtajɡndik	rule	LOW	alef-default	G
געשפרונגען	1	ɡəʃprˈinɡən		rule	LOW	pe-default	G
הייבנדיג	1	hˈajbndiɡ	hˈajbndik	rule	MED		G
טראקינג	1	trˈakinɡ	trˈakink	rule	LOW	alef-default	G
פארמינג	1	farmˈinɡ	farmˈink	rule	LOW	alef-default,pe-default	G
מענופעקטשערינג	1	mˈɛnifəkʧərinɡ	mˈɛnifəkʧərink	rule	LOW	pe-default	G
אומגעווענליך	1	ˈimɡəvənləx		rule	LOW	alef-default	G
גרייכנדיג	1	ɡrˈajxndiɡ	ɡrˈajxndik	rule	MED		G
וויצע	1	vˈiʦə		rule	MED		G
אפגעווארפן	1	ˈɔpɡəvarfn		rule	LOW	alef-default,pe-default	G
פארשלאג	1	farʃlˈaɡ	farʃlˈak	rule	LOW	alef-default,pe-default	G
סטעיטמענטס	1	stajtmˈɛnʦ		rule	MED		G
ריס	1	ris		rule	MED		G
איינגיין	1	ˈaːnɡajn		rule	MED	prefix-rescue:gold+איינ	G
אפגערייניגט	1	ˈɔpɡərajniɡt		rule	LOW	alef-default,pe-default	G
חיזבאללא'ס	1	xˈizballas		fallback	LOW	alef-default,lk-fallback	L
ליטאני	1	lˈitani		rule	LOW	alef-default	G
טאל	1	tal		rule	LOW	alef-default	G
ווארענונגען	1	vˈarəninɡən		rule	LOW	alef-default	G
פיגורן	1	fˈiɡirn		rule	LOW	pe-default	G
סטאנציאנירט	1	stˈanʦianirt		rule	LOW	alef-default	G
איינווארפן	1	ˈajnvarfn		rule	LOW	alef-default,pe-default	G
ארומיגע	1	arˈimiɡə		rule	LOW	alef-default	G
גרונטליכע	1	ɡrˈintləxə		rule	MED		G
אפשאצונגען	1	ˈafʃaʦinɡən		rule	LOW	alef-default,pe-default	G
דורכצוגיין	1	dˈirxʦiɡajn		rule	MED		G
שאלצא	1	ʃˈalʦa		rule	LOW	alef-default	G
מונטערשטע	1	mˈintərʃtə		rule	MED		G
איציק	1	ˈiʦik		rule	LOW	alef-default	G
נעקסטעס	1	nˈɛkstəs		rule	MED		G
שרגא	1	ʃrɡa		rule	LOW	alef-default	G
פייוול	1	fajvl		rule	LOW	pe-default	G
זעב	1	zɛb	zɛp	rule	MED		G
ופי	1	ˈifi		rule	LOW	pe-default	G
תהלתך	1	təhilusˈɛxu		rule	LOW	sefaria-pointed	L
עמאציאנאל	1	ˈɛmaʦianal		rule	LOW	alef-default	G
פאקלען	1	fˈaklən		rule	LOW	alef-default,pe-default	G
פענער	1	fˈɛnər		rule	LOW	pe-default	G
קוטשער'ס	1	kˈiʧərs		rule	MED		G
צעל	1	ʦɛl		rule	MED		G
געטאטשט	1	ɡətˈaʧt		rule	LOW	alef-default	G
ריסערטש	1	rˈisərʧ		rule	MED		G
חנוך	1	xˈanɔjx		rule	LOW	sefaria-pointed	L
לנער	1	lnɛr		rule	MED		G
דרכו	1	drxi		rule	MED		G
יזקין	1	ˈizkin		rule	MED		G
יסור	1	isˈir		rule	MED		G
ממנה	1	mimˈunə		rule	LOW	lk-proclitic:sefaria+מ	L
שטיבער	1	ʃtˈibər		rule	MED		G
ליווי	1	lˈivi		rule	MED		G
לצאת	1	lˈuʦajs		rule	LOW	pointed-audio-endorsed	L
לבדך	1	lvˈadxu	ləvˈadxu	rule	LOW	model-pointed-guess	L
אוציאך	1	ˈiʦiax		rule	LOW	alef-default	G
ארומגעפארענער	1	arˈimɡəfarənər		rule	LOW	alef-default,pe-default	G
רייזנדער	1	rˈajzndər		rule	MED		G
דיפלאמאט	1	dˈiflamat		rule	LOW	alef-default,pe-default	G
גאו	1	ɡi		rule	LOW	alef-default	G
דעקארעיטעד	1	dˈɛkarajtəd	dˈɛkarajtət	rule	LOW	alef-default	G
אימפרעסד	1	ˈimfrəzd	ˈimfrəzt	rule	LOW	alef-default,pe-default	G
לאנטש	1	lanʧ		rule	LOW	alef-default	G
הענגט	1	hɛnɡt		rule	MED		G
קאנעקטעד	1	kˈanəktəd	kˈanəktət	rule	LOW	alef-default	G
אינטערוויוען	1	ˈintərvjiən		rule	LOW	alef-default	G
ענערדזשי	1	ˈɛnərʤi		rule	MED		G
סקופס	1	skifs		rule	LOW	pe-default	G
אקעגנקומען	1	ˈakəɡnkimən		rule	LOW	alef-default	G
צוריקטראגן	1	ʦirˈiktraɡn		rule	LOW	alef-default	G
פרעסבאול	1	frˈɛzbil		rule	LOW	alef-default,pe-default	G
רביעא	1	rbˈiəa		rule	LOW	alef-default	G
משפט'ן	1	mˈiʃpatn		rule	LOW	model-pointed-guess	L
הרשות	1	hˈurʃis		rule	LOW	lk-proclitic-pointed:sefaria-pointed	L
לאלתר	1	lˈaltar	ləˈaltar	rule	LOW	sefaria-pointed	L
ולשלום	1	ˈilʃlim		rule	MED		G
בשורתך	1	bʃirsx		fallback	LOW	lk-fallback	L
מלחמת	1	milxˈɛmɛs		rule	LOW	model-pointed-guess	L
שוויתי	1	ʃəvvˈisi		rule	LOW	model-pointed-guess	L
ערפינדן	1	ˈɛrfindn		rule	LOW	pe-default	G
צפנת	1	ʦˈufnəs	ʦˈufənɛs	rule	LOW	model-pointed-guess	L
פענח	1	panˈajxa		rule	LOW	sefaria-pointed	L
גאונ'ישע	1	ɡˈiniʃə		rule	LOW	alef-default	G
באווייז	1	bavˈajz	bavˈajs	rule	LOW	alef-default	G
חולין	1	xˈɔjlin		rule	LOW	sefaria-pointed	L
נעסט	1	nɛst		rule	MED		G
בים	1	bim		rule	MED		G
צפור	1	ʦfir		rule	LOW	pe-default	G
לופטן	1	liftn		rule	LOW	pe-default	G
בכרם	1	bəkˈɛrəm		rule	LOW	lk-proclitic:sefaria+ב	L
מדרבנן	1	midrˈabunən		rule	LOW	lk-proclitic-pointed:printed-respelling	L
שטרענגל	1	ʃtrɛnɡl		rule	MED		G
טרויבן	1	trɔjbn		rule	MED		G
פארמערס	1	farmˈɛrs		rule	LOW	alef-default,pe-default	G
שלשים	1	ʃlʃim		rule	MED		G
"כיו""כ"	1	xuf jid vuv xuf	xuf jit vuf xuf	rule	LOW	letter-names	A
זכור	1	zxir		rule	MED		G
באזיגן	1	bazˈiɡn		rule	LOW	alef-default	G
מתהלך	1	mshlx		fallback	LOW	lk-fallback	L
להצילך	1	lhʦilx		rule	MED		G
ולתת	1	ils		fallback	LOW	lk-fallback	L
איביך	1	ˈibix		rule	LOW	alef-default	G
הבכור	1	hbxir		rule	MED		G
בראוי	1	brɔj		rule	LOW	alef-default	G
לבא	1	lba		rule	LOW	alef-default	G
ובמוחזק	1	ˈibmixzk		fallback	LOW	lk-fallback	L
מיתת	1	mˈisas		rule	LOW	sefaria-pointed	L
צעטיילט	1	ʦətˈajlt		rule	MED		G
גארליצער	1	ɡˈarliʦər		rule	LOW	alef-default	G
בפשטות	1	bfʃtis		fallback	LOW	pe-default,lk-fallback	L
מדריגות	1	madrˈajɡɔjs		rule	LOW	model-pointed-guess	L
לבוא	1	lbˈia		rule	LOW	alef-default	G
ברווח	1	bərˈɛvvax		rule	LOW	model-pointed-guess	L
שרעקעדיגע	1	ʃrˈɛkədiɡə		rule	MED		G
בשעת'ן	1	bˈiʃasn		rule	LOW	model-pointed-guess	L
קאניעווסקי	1	kˈaniəvski		rule	LOW	alef-default	G
ריבנער	1	rˈibnər		rule	MED		G
דרייווערלאזע	1	drˈajvərlazə		rule	LOW	alef-default	G
אינטערעסאנטליך	1	intərəsˈantləx		rule	LOW	alef-default	G
טוביה'ן	1	tˈibin		rule	MED		G
קאלומניסט	1	kalimnˈist		rule	LOW	alef-default	G
שרייבער	1	ʃrˈajbər		rule	MED		G
פסקים	1	pˈaskim		rule	LOW	pe-default	G
שטורעמישע	1	ʃtˈirəmiʃə		rule	MED		G
איבערליינען	1	ˈibərlajnən		rule	MED	prefix-rescue:gold+איבער	G
געטרייט	1	ɡətrˈajt		rule	MED		G
פחות	1	pˈuxis	pˈuxus	rule	LOW	sefaria-pointed	L
ספיק	1	sfik		rule	LOW	pe-default	G
מרדינים	1	mrdˈinim		rule	MED		G
אישו	1	ˈiʃi		rule	LOW	alef-default	G
קאמפיקירט	1	kˈamfikirt		rule	LOW	alef-default,pe-default	G
דירעקטלי	1	dˈirəktli		rule	MED		G
עקטשועל	1	ˈɛkʧiəl		rule	MED		G
סעלער	1	sˈɛlər		rule	MED		G
פלענס	1	flɛns		rule	LOW	pe-default	G
ס'ענדיגט	1	sˈɛndiɡt		rule	MED	clitic	G
ליסט	1	list		rule	MED		G
ביליגערע	1	bˈiliɡərə		rule	MED		G
געשריבענע	1	ɡəʃrˈibənə		rule	MED		G
זעכצן	1	zɛxʦn		rule	MED		G
געסעיווטע	1	ɡəsˈajvtə		rule	MED		G
איבערהערן	1	ˈibərhirn		rule	MED	prefix-rescue:gold+איבער	G
סיינסט	1	sajnst		rule	MED		G
לימיט	1	lˈimit		rule	MED		G
געהענדלט	1	ɡəhˈɛndlt		rule	MED		G
ארויפסיינען	1	arˈoʊfsajnən		rule	LOW	alef-default,pe-default	G
פערסאנעל	1	fˈɛrsanəl		rule	LOW	alef-default,pe-default	G
גריטינג	1	ɡrˈitinɡ	ɡrˈitink	rule	MED		G
בעיסיק	1	bˈajsik		rule	MED		G
פיטשערס	1	fˈiʧərs		rule	LOW	pe-default	G
טרייעל	1	trˈajəl		rule	MED		G
מלובלין	1	mlˈiblin		rule	MED		G
פלאצקער	1	flˈaʦkər		rule	LOW	alef-default,pe-default	G
מפרסם	1	mfˈirsajm	məfˈurəsajm	rule	LOW	model-pointed-guess	L
ארעד	1	ˈarəd	ˈarət	rule	LOW	alef-default	G
גלח	1	ɡˈilax		rule	LOW	sefaria-pointed	L
קרעטשמעס	1	krˈɛʧməs		rule	MED		G
אויסוויינען	1	ˈoʊsvajnən		rule	LOW	alef-default	G
לנפשות	1	lənfˈuʃɔjs		rule	LOW	lk-proclitic:sefaria+ל	L
וחסרונן	1	vəxɛsrˈɔjnun	vxəsrˈɔjnun	rule	LOW	sefaria-pointed	L
שווענקט	1	ʃvɛnkt		rule	MED		G
אלכוהול	1	ˈalxihil		rule	LOW	alef-default	G
שבראת	1	ʃɛburˈutu	ʃəburˈutu	rule	LOW	sefaria-pointed	L
עקטשולי	1	ˈɛkʧili		rule	MED		G
כתריאל	1	kisrˈiajl		rule	LOW	model-pointed-guess	L
קינן	1	kinn		rule	MED		G
חשד	1	xʃad	xʃat	rule	LOW	printed-respelling	L
אויסגעפארשט	1	ˈoʊzɡəfarʃt		rule	LOW	alef-default,pe-default	G
באקסעס	1	baksˈɛs		rule	LOW	alef-default	G
סעטלען	1	sˈɛtlən		rule	MED		G
אינסיידערס	1	ˈinsajdərs		rule	LOW	alef-default	G
פזרונות	1	fzrˈinis		fallback	LOW	pe-default,lk-fallback	L
עלידזשעבל	1	ˈɛliʤəbl		rule	MED		G
שובה	1	ʃˈibə		rule	MED		G
אומגינסטיגע	1	ˈimɡinstiɡə		rule	LOW	alef-default	G
פארלאפענע	1	farlˈafənə		rule	LOW	alef-default,pe-default	G
פארארדנט	1	farˈardnt		rule	LOW	alef-default,pe-default	G
באלדיגע	1	baldˈiɡə		rule	LOW	alef-default	G
באשליסונג	1	baʃlˈisinɡ	baʃlˈisink	rule	LOW	alef-default	G
ירעו	1	ˈirəi		rule	MED		G
ישחיתו	1	ˈiʃxisi		fallback	LOW	lk-fallback	L
קדשי	1	kdʃi		rule	MED		G
ווארפענע	1	vˈarfənə		rule	LOW	alef-default,pe-default	G
צדקניות	1	ʦadkunˈijɔjs		rule	LOW	model-pointed-guess	L
ווייבל	1	vaːbl		lexicon	HIGH		G
פארבלאנדזשעט	1	farblˈanʤət		rule	LOW	alef-default,pe-default	G
כנפי	1	xnfi		rule	LOW	pe-default	G
רייזמאן	1	rˈajzman		rule	LOW	alef-default	G
מדות	1	mˈidɔjs		rule	LOW	pointed-audio-endorsed	L
סודא	1	sˈida		rule	LOW	alef-default	G
דב	1	dɔjv	dɔjf	rule	LOW	model-pointed-guess	L
ליכטעלע	1	lˈixtələ		rule	MED		G
פארשטויסן	1	farʃtˈɔjsn		rule	LOW	alef-default,pe-default	G
סאן	1	sun		rule	MED	clitic	G
פראנסיסקא	1	frˈansiska		rule	LOW	alef-default,pe-default	G
המתפלל	1	hamispˈalajl		rule	LOW	lk-proclitic-pointed:sefaria-pointed	L
לאותו	1	lˈɔjsɔj	ləˈɔjsɔj	rule	LOW	sefaria-pointed	L
נענה	1	nˈɛnə		rule	MED		G
תחילה	1	txˈilə	təxˈilu	rule	LOW	model-pointed-guess	L
אידעלעך'ס	1	ˈidələxs		rule	LOW	alef-default	G
בוטה	1	bˈitə		rule	MED		G
געקלינט	1	ɡəklˈint		rule	MED		G
צוצומאכן	1	ʦˈiʦimaxn		rule	LOW	alef-default	G
האלדז	1	haldz	halds	rule	LOW	alef-default	G
נחשון	1	nˈaxʃɔjn		rule	LOW	sefaria-pointed	L
עמינדב	1	ˈɛmindb	ˈɛmindp	rule	MED		G
ווענט	1	vɛnt		rule	MED		G
דזשערזי	1	ʤˈɛrzi		rule	MED		G
אייגנטומער	1	ˈajɡntimər		rule	LOW	alef-default	G
לאדינאו	1	lˈadini		rule	LOW	alef-default	G
קאלאמביע	1	kˈalambiə		rule	LOW	alef-default	G
פארשלאסענע	1	farʃlˈasənə		rule	LOW	alef-default,pe-default	G
סטיר	1	stir		rule	MED		G
וועטער	1	vˈɛtər		rule	MED		G
ואהבתם	1	vaahˈavtəm	vaahˈavtɛm	rule	LOW	sefaria-pointed	L
הגר	1	hˈuɡur	hˈaɡajr|hˈaɡur	rule	LOW	audio-homograph	L
גרים	1	ɡrim		rule	MED		G
אומלעגאל	1	ˈimləɡal		rule	LOW	alef-default	G
גראסעריס	1	ɡrˈasəris		rule	LOW	alef-default	G
סדום	1	zdim		rule	MED		G
ס'סעטלט	1	ssɛtlt		rule	MED	clitic	G
מילק	1	milk		rule	MED		G
געלעגט	1	ɡəlˈɛɡt		rule	MED		G
רעגולער	1	rˈɛɡilər		rule	MED		G
טאמעיטאס	1	tˈamajtas		rule	LOW	alef-default	G
מיינעך	1	mˈajnəx		rule	MED		G
לעטערס	1	lˈɛtərs		rule	MED		G
באקוקטע	1	bakˈiktə		rule	LOW	alef-default	G
דעטיילס	1	dˈɛtajls		rule	MED		G
געבעט	1	ɡəbˈɛt		rule	MED	prefix-rescue:gold+גע	G
אנטרופן	1	ˈantrifn		rule	LOW	alef-default,pe-default	G
שו	1	ʃi		rule	MED		G
וויץ	1	viʦ		rule	MED		G
אויסגיין	1	ˈoʊzɡajn		rule	MED	prefix-rescue:gold+אויס	G
ניטיב	1	nˈitib	nˈitip	rule	MED		G
פריענס	1	frˈiəns		rule	LOW	pe-default	G
פלעש	1	flɛʃ		rule	LOW	pe-default	G
קאסטומערס	1	kˈastimərs		rule	LOW	alef-default	G
וואווער	1	vˈavər		rule	LOW	alef-default	G
חנות	1	xnis		fallback	LOW	lk-fallback	L
פארגענעלע	1	farɡənˈɛlə		rule	LOW	alef-default,pe-default	G
ציין	1	ʦajn		rule	MED		G
סיידע	1	sˈajdə		rule	MED		G
ביזן	1	bizn		rule	MED		G
דזולד	1	dzild	dzilt	rule	MED		G
נעדער	1	nˈɛdər		rule	MED		G
אויפשאן	1	ˈɔjfʃan		rule	LOW	alef-default,pe-default	G
פלעטפארם	1	flˈɛtfarm		rule	LOW	alef-default,pe-default	G
קאנטרעקט	1	kˈantrəkt		rule	LOW	alef-default	G
סכום	1	sxim		rule	MED		G
געבירט	1	ɡəbˈirt		rule	MED		G
פאנט	1	fant		rule	LOW	alef-default,pe-default	G
פרייצן	1	frajʦn		rule	LOW	pe-default	G
קביעות	1	kviˈɛɔjs	kəvˈiɔjs	rule	LOW	model-pointed-guess	L
עקספיריענס	1	ˈɛksfiriəns		rule	LOW	pe-default	G
פאפולער	1	fˈafilər		rule	LOW	alef-default,pe-default	G
בעיקעריי	1	bˈajkəraj		rule	MED		G
טייגן	1	tajɡn		rule	MED		G
אהא	1	ˈaha		rule	LOW	alef-default	G
וואסענען	1	vˈasənən		rule	LOW	alef-default	G
אפציע	1	ˈafʦiə		rule	LOW	alef-default,pe-default	G
בידן	1	bəˈiadn		rule	LOW	printed-respelling+suffix	L
מ'בידט	1	mbidt		rule	MED	clitic	G
שאוו	1	ʃav	ʃaf	rule	LOW	alef-default	G
פיק	1	fik		rule	LOW	pe-default	G
מ'חתמ'עט	1	mxsmə ɛt		rule	LOW	clitic	L
מ'שאלט	1	mʃalt		rule	LOW	clitic	G
קאנצערט	1	kˈanʦərt		rule	LOW	alef-default	G
פרעסט	1	frɛst		rule	LOW	pe-default	G
קליקס	1	kliks		rule	MED		G
גענוגע	1	ɡənˈiɡə		rule	MED		G
פשוטות	1	pʃˈitɔjs	pəʃˈutɔjs	rule	LOW	model-pointed-guess	L
אימייל	1	ˈimajl		rule	LOW	alef-default	G
צוגעשיקט	1	ʦˈiɡəʃikt		rule	MED		G
מחלוקה	1	maxlˈɔjkə		rule	LOW	lk-proclitic-pointed:printed-respelling	L
איבעי'ס	1	ˈibajs		rule	LOW	alef-default	G
טוירמס	1	tɔjrms		rule	MED		G
ענד	1	ɛnd	ɛnt	rule	MED		G
קאנדישענס	1	kˈandiʃəns		rule	LOW	alef-default	G
פראבלעמאטיש	1	frˈabləmatiʃ		rule	LOW	alef-default,pe-default	G
עקשעלי	1	ˈɛkʃəli		rule	MED		G
אקאונט	1	akˈaunt		lexicon	HIGH		E
פארפאלגטע	1	farfˈalɡtə		rule	LOW	alef-default,pe-default	G
מודעה	1	mˈidə		rule	MED		G
פארשאפן	1	farʃˈafn		rule	LOW	alef-default,pe-default	G
איינלי	1	ˈajnli		rule	LOW	alef-default	G
געקוועטשט	1	ɡəkvˈɛʧt		rule	MED		G
תפיסה'דיגע	1	sfˈishdiɡə		fallback	LOW	pe-default,lk-fallback	L
קאנסענט	1	kansˈɛnt		rule	LOW	alef-default	G
חתמ'עט	1	xsmə ɛt		fallback	LOW	lk-fallback	L
אנגערירט	1	ˈunɡərirt		lexicon	MED	audio-vowel	G
דעמעדזשעס	1	dˈɛməʤəs		rule	MED		G
קו	1	ki		rule	MED		G
המסתיר	1	hmsir		fallback	LOW	lk-fallback	L
זאפטיגע	1	zˈaftiɡə		rule	LOW	alef-default,pe-default	G
סט	1	st		fallback	LOW	lk-fallback	L
פראפייל	1	frˈafajl		rule	LOW	alef-default,pe-default	G
דן	1	dun		rule	LOW	sefaria-pointed	L
שווי	1	ʃvi		rule	MED		G
גע	1	ɡɛ		rule	MED		G
צוריקלייגן	1	ʦirˈiklajɡn		rule	MED	prefix-rescue:gold+צוריק	G
זמנו	1	zmni		rule	MED		G
איבערפאקן	1	ˈibərfakn		rule	LOW	alef-default,pe-default	G
אפמאכן	1	ˈupmaxn		rule	MED	prefix-rescue:gold+אפ	G
פארסן	1	farsn		rule	LOW	alef-default,pe-default	G
דעקלערן	1	dˈɛklərn		rule	MED		G
בענקראפסי	1	bˈɛnkrafsi		rule	LOW	alef-default,pe-default	G
ווענדן	1	vɛndn		rule	MED		G
מרובה	1	mrˈibə		rule	MED		G
ממון	1	mmin		rule	MED		G
אימפארטן	1	ˈimfartn		rule	LOW	alef-default,pe-default	G
וויינער	1	vˈajnər		rule	MED		G
עטער	1	ˈɛtər		rule	MED		G
שמעטער	1	ʃmˈɛtər		rule	MED		G
רעכן	1	rɛxn		rule	MED		G
סענדוויש	1	sˈɛndviʃ		rule	MED		G
געלוינט	1	ɡəlˈɔjnt		rule	MED		G
וועדזשעבלס	1	vˈɛʤəbls		rule	MED		G
אפערד	1	ˈafərd	ˈafərt	rule	LOW	alef-default,pe-default	G
אויסשען	1	ˈoʊsʃən		rule	LOW	alef-default	G
הפתנה	1	hfsnə		fallback	LOW	pe-default,lk-fallback	L
שומענדיגע	1	ʃˈiməndiɡə		rule	MED		G
נארישן	1	nˈariʃn		rule	LOW	alef-default	G
ליגען	1	lˈiɡən		rule	MED		G
סערק	1	sɛrk		rule	MED		G
פאסטער	1	fˈastər		rule	LOW	alef-default,pe-default	G
לאגדאלע	1	lˈaɡdalə		rule	LOW	alef-default	G
אויפשטיל	1	ˈɔjfʃtil		rule	LOW	alef-default,pe-default	G
נעגאלעסי	1	nˈɛɡaləsi		rule	LOW	alef-default	G
אויסן	1	oʊsn		rule	LOW	alef-default	G
אינוואלוונד	1	ˈinvalvnd	ˈinvalvnt	rule	LOW	alef-default	G
וועבסייט	1	vˈɛbsajt		rule	MED		G
פלעסלאנט	1	fləslˈant		rule	LOW	alef-default,pe-default	G
טרענסוועקשאן	1	trˈɛnsvəkʃan		rule	LOW	alef-default	G
פלעפערן	1	flˈɛfərn		rule	LOW	pe-default	G
ווידיאוס	1	vˈidiis		rule	LOW	alef-default	G
טארגעט	1	tˈarɡət		rule	LOW	alef-default	G
טאנער	1	tˈanər		rule	LOW	alef-default	G
סאלאווייטשיק	1	sˈalavajʧik		rule	LOW	alef-default	G
טראגעדיעס	1	trˈaɡədiəs		rule	LOW	alef-default	G
צערודערטע	1	ʦərˈidərtə		rule	MED		G
קעפל	1	kɛfl		rule	LOW	pe-default	G
סוספענדן	1	sˈisfəndn		rule	LOW	pe-default	G
אלול'דיגע	1	ˈalildiɡə		rule	LOW	alef-default	G
צוזאמליינען	1	ʦˈizamlajnən		rule	LOW	alef-default	G
החוזר	1	haxˈɔjzajr		rule	LOW	lk-proclitic-pointed:sefaria-pointed	L
ברויך	1	broʊx		lexicon	HIGH		G
רחמי	1	raxˈamaj		rule	LOW	sefaria-pointed	L
לוחם	1	lˈɔjxajm		rule	LOW	sefaria-pointed	L
דאטלאס	1	dˈatlas		rule	LOW	alef-default	G
קונטרסן	1	kintrsn		fallback	LOW	vowel-ratio	G
סוואניג	1	svˈaniɡ	svˈanik	rule	LOW	alef-default	G
וואדקא	1	vˈadka		rule	LOW	alef-default	G
מטאהש	1	mtaʃ		rule	LOW	alef-default	G
יפעל	1	ˈifəl		rule	LOW	pe-default	G
בשבתו	1	bʃˈabəsi		rule	LOW	lk-fallback	L
מחזיקי	1	maxazˈikaj		rule	LOW	sefaria-pointed	L
הדת	1	hˈadus		rule	LOW	sefaria-pointed	L
אנטווערפן	1	ˈantvərfn		rule	LOW	alef-default,pe-default	G
אפגעצייכנט	1	ˈɔpɡəʦajxnt		rule	LOW	alef-default,pe-default	G
אתחלתא	1	asxˈalsu		rule	LOW	model-pointed-guess	L
דגאולה	1	dɡˈilə		rule	LOW	alef-default	G
אדומות	1	ˈadvmɔjs		rule	LOW	model-pointed-guess	L
עלה	1	ˈɛlə		rule	MED		G
מום	1	mim		rule	MED		G
אפר	1	afr		rule	LOW	alef-default,pe-default	G
לטהר	1	ltˈahajr	lətˈahajr	rule	LOW	model-pointed-guess	L
טמאים	1	tmaːm		rule	LOW	alef-default	G
ספאנסעריי	1	sfˈansəraj		rule	LOW	alef-default,pe-default	G
אריינבאקומען	1	arˈaːnbakimən		rule	LOW	alef-default	G
סטיילס	1	stajls		rule	MED		G
סקאווער	1	skˈavər		rule	LOW	alef-default	G
חתנים	1	xasˈunim		rule	LOW	sefaria-pointed	L
כלות	1	kˈalɔjs	kəlˈɔjs	rule	LOW	audio-homograph	L
קויפטס	1	kɔjfʦ		rule	LOW	pe-default	G
אבנארמאל	1	ˈabnarmal		rule	LOW	alef-default	G
גאגא	1	ɡˈaɡa		rule	LOW	alef-default	G
טליתים	1	talˈisim		rule	LOW	model-pointed-guess	L
קיטלעך	1	kˈitləx		rule	MED		G
סטייל	1	stajl		rule	MED		G
גאנג	1	ɡanɡ	ɡank	rule	LOW	alef-default	G
לידער	1	lˈidər		rule	MED		G
אייטעם	1	ˈajtəm		rule	LOW	alef-default	G
אימפארטענט	1	imfartˈɛnt		rule	LOW	alef-default,pe-default	G
אייזבארג	1	ˈajzbarɡ	ˈajzbark	rule	LOW	alef-default	G
אומפארגעסליכער	1	ˈimfarɡəsləxər		rule	LOW	alef-default,pe-default	G
נעפיו	1	nˈɛfji		rule	LOW	pe-default	G
שוואגערס	1	ʃvˈaɡərs		rule	LOW	alef-default	G
הכלה	1	hakˈalə		rule	LOW	lk-proclitic-pointed:sefaria-pointed	L
פאפוטשן	1	fˈafiʧn		rule	LOW	alef-default,pe-default	G
עסטרייכער	1	ˈɛstrajxər		rule	MED		G
חובת	1	xˈɔjvas		rule	LOW	sefaria-pointed	L
אבלו	1	ˈabli		rule	LOW	alef-default	G
וצהלתו	1	ˈiʦhlsi		fallback	LOW	lk-fallback	L
מיינער	1	mˈajnər		rule	MED		G
לאנגיעריגער	1	lˈanɡiəriɡər		rule	LOW	alef-default	G
אראפגעלאזט	1	arˈupɡəlɔzt		rule	MED	prefix-rescue:gold+אראפגע	G
ממלוא	1	mmlˈia		rule	LOW	alef-default	G
מבני	1	mbni		rule	MED		G
המלה	1	hamˈilə		rule	LOW	lk-proclitic:sefaria+ה	L
סקעדזשול	1	skˈɛʤil		rule	MED		G
מ'רוקט	1	mrikt		rule	MED	clitic	G
שמעלקא	1	ʃmˈɛlka		rule	LOW	alef-default	G
סיביר	1	sibˈir		rule	MED		G
קאלישליצער	1	kˈaliʃliʦər		rule	LOW	alef-default	G
אילי	1	ˈili		rule	LOW	alef-default	G
בעטער	1	bˈɛtər		rule	MED		G
ניס	1	nis		rule	MED		G
וועלטענע	1	vˈɛltənə		rule	MED		G
קאמפלימענטס	1	kamflimˈɛnʦ		rule	LOW	alef-default,pe-default	G
יוגנט	1	jiɡnt		rule	MED		G
טרעפליכע	1	trˈɛfləxə		rule	LOW	pe-default	G
ווערקלעך	1	vˈɛrkləx		rule	MED		G
מלחנא	1	mlxna		fallback	LOW	alef-default,lk-fallback	L
פייגעלער	1	fˈajɡələr		rule	LOW	pe-default	G
בפתחי	1	bəpˈisxaj		rule	LOW	lk-proclitic:sefaria+ב	L
"תומ""ה"	1	tuf vuv mɛm haj	tuf vuf mɛm haj	rule	LOW	letter-names	A
זכרו	1	zxri		rule	MED		G
דזשורעוועל	1	ʤˈirəvəl		rule	MED		G
נויפעלד	1	nˈɔjfəld	nˈɔjfəlt	rule	LOW	pe-default	G
טוויקן	1	tvikn		rule	MED		G
אינגרידיענטס	1	ˈinɡridiənʦ		rule	LOW	alef-default	G
חנופה	1	xnˈifə		fallback	LOW	pe-default,lk-fallback	L
שהיא	1	ʃhˈia		rule	LOW	alef-default	G
גבולי	1	ɡbˈili		rule	MED		G
קביעת	1	kbˈiəs		fallback	LOW	lk-fallback	L
מסיבת	1	msˈibas	məsˈibas	rule	LOW	model-pointed-guess	L
ינדע	1	ˈində		rule	MED		G
פיפטע	1	fˈiftə		rule	LOW	pe-default	G
קווארטיר	1	kvartˈir		rule	LOW	alef-default	G
בראשות	1	brˈaʃis		fallback	LOW	alef-default,lk-fallback	L
מלמדים	1	mlmdim		rule	MED		G
גלאנץ	1	ɡlanʦ		rule	LOW	alef-default	G
באהאלטענערהייט	1	bahˈaltənərhaːt		rule	LOW	alef-default	G
טראפן	1	trapn		lexicon	MED	audio-pe	G
מקרא	1	mkra		rule	LOW	alef-default	G
אטאפסי	1	ˈatafsi		rule	LOW	alef-default,pe-default	G
שיסעריי	1	ʃˈisəraj		rule	MED		G
מיכאל	1	mˈixal		rule	LOW	alef-default	G
מזרחי	1	mizrˈuxi		rule	LOW	sefaria-pointed	L
מאלל	1	mall		rule	LOW	alef-default	G
בריזעריי	1	brˈizəraj		rule	MED		G
מציאנע	1	mʦˈianə		rule	LOW	alef-default	G
שיסער	1	ʃˈisər		rule	MED		G
פאליס	1	pˈalis		lexicon	MED	audio-pe	G
מודעות	1	midˈuɔjs	mudˈuɔjs	rule	LOW	model-pointed-guess	L
וחצרות	1	vaxaʦˈajrɔjs		rule	LOW	model-pointed-guess	L
"י""ד"	1	jid dˈuləd	jit dˈulət	rule	LOW	letter-names	A
גינת	1	ɡins		fallback	LOW	lk-fallback	L
ווארפן	1	varfn		rule	LOW	alef-default,pe-default	G
קאונטרי	1	kˈintri		rule	LOW	alef-default	G
קרישקעלע	1	krˈiʃkələ		rule	MED		G
אייניקל'ס	1	ˈajnikls		rule	LOW	alef-default	G
אהערקומען	1	ahˈɛrkimən		rule	MED	prefix-rescue:gold+אהער	G
געענק	1	ɡəˈɛnk		rule	MED	prefix-rescue:gold+גע	G
בעלז	1	bɛlz	bɛls	rule	MED		G
המבדיל	1	hmbdil		rule	MED		G
ויוצאות	1	ˈɔjiʦis		fallback	LOW	alef-default,lk-fallback	L
תרשיש	1	tˈarʃiʃ		rule	LOW	sefaria-pointed	L
ופול	1	ˈifil		rule	LOW	pe-default	G
ולוד	1	ˈilid	ˈilit	rule	MED		G
הבה	1	hˈuvə	hˈuvu	rule	LOW	sefaria-pointed	L
יתנו	1	jˈitni	jˈitnu	rule	LOW	model-pointed-guess	L
פדיום	1	fdjim		rule	LOW	pe-default	G
מ'צינדט	1	mʦindt		rule	MED	clitic	G
"לע""נ"	1	lˈaməd ˈajən nin	lˈamət ˈajən nin	rule	LOW	letter-names	A
אבדל	1	abdl		rule	LOW	alef-default	G
החודש	1	hˈaxvdɛʃ		rule	LOW	lk-proclitic-pointed:sefaria-pointed	L
כנבואת	1	kinvˈuas	kinvˈias	rule	LOW	model-pointed-guess	L
ס'אינטערעסירט	1	sˈintərəsirt		rule	LOW	clitic	G
שאפראן	1	ʃˈafran		rule	LOW	alef-default,pe-default	G
עלעקטריזירונג	1	ələktrizˈirinɡ	ələktrizˈirink	rule	MED		G
לייביש	1	lˈajbiʃ		rule	MED		G
ליש	1	liʃ		rule	MED		G
בראנד	1	brand	brant	rule	LOW	alef-default	G
באנדאזשירט	1	bandˈaʒirt		rule	LOW	alef-default	G
רגל	1	rˈɛɡɛl	rˈuɡɛl|rˈɔjɡajl	rule	LOW	audio-homograph	L
ונפלאות	1	vniflˈuɔjs	vəniflˈuɔjs	rule	LOW	sefaria-pointed	L
פרייע	1	frˈajə		rule	LOW	pe-default	G
אוועקשטופן	1	avˈɛkʃtifn		rule	LOW	alef-default,pe-default	G
העד	1	hɛd	hɛt	rule	MED		G
קאונסלער	1	kˈinslər		rule	LOW	alef-default	G
פאונס	1	fins		rule	LOW	alef-default,pe-default	G
סעלפאון	1	sˈɛlfin		rule	LOW	alef-default,pe-default	G
יניקה	1	ˈinikə		rule	MED		G
משכון	1	mʃxin		rule	MED		G
היילט	1	hajlt		rule	MED		G
ערפילט	1	ˈɛrfilt		rule	LOW	pe-default	G
געפענגעניש	1	ɡəfˈɛnɡəniʃ		rule	LOW	pe-default	G
בכח	1	bxˈɔjxa	bəxˈɔjxa	rule	LOW	model-pointed-guess	L
קראלי	1	krˈali		rule	LOW	alef-default	G
קאמערעס	1	kˈamərəs		rule	LOW	alef-default	G
שאנק	1	ʃank		rule	LOW	alef-default	G
יוניטס	1	jˈiniʦ		rule	MED		G
באנגעלאוס	1	banɡˈɛlis		rule	LOW	alef-default	G
פסול'ע	1	fsˈilə		rule	LOW	pe-default	G
וואטערפרוף	1	vˈatərfrif		rule	LOW	alef-default,pe-default	G
האלטערס	1	hˈaltərs		rule	LOW	alef-default	G
קאנטריס	1	kˈantris		rule	LOW	alef-default	G
מאנסי'ער	1	mˈansiər		rule	LOW	alef-default	G
צייטונגען	1	ʦˈajtinɡən		rule	MED		G
פאסאזשירן	1	fˈasaʒirn		rule	LOW	alef-default,pe-default	G
קרייס	1	krajs		rule	MED		G
אפגעווישט	1	ˈɔpɡəviʃt		rule	LOW	alef-default,pe-default	G
זעלענסקי	1	zˈɛlənski		rule	MED		G
הירא	1	hˈira		rule	LOW	alef-default	G
והארות	1	vəhɛˈurɔjs		rule	LOW	model-pointed-guess	L
באנקעט	1	bankˈɛt		rule	LOW	alef-default	G
עמודי	1	ˈɛmidi		rule	MED		G
געדאפלט	1	ɡədˈaflt		rule	LOW	alef-default,pe-default	G
קוליסן	1	kˈilisn		rule	MED		G
צוזאמגערעדט	1	ʦˈizamɡərədt		rule	LOW	alef-default	G
שאקט	1	ʃakt		rule	LOW	alef-default	G
פאלנער	1	fˈalnər		rule	LOW	alef-default,pe-default	G
חושד	1	xˈɔjʃajd	xˈɔjʃajt	rule	LOW	model-pointed-guess	L
געדויערט	1	ɡədˈɔjərt		rule	MED		G
אפגעוואלט	1	ˈupɡəvɔlt		rule	MED	prefix-rescue:gold+אפגע	G
געס	1	ɡɛs		rule	MED		G
ענער	1	ˈɛnər		rule	MED		G
בראס	1	bras		rule	LOW	alef-default	G
געווארנען	1	ɡəvˈarnən		rule	LOW	alef-default	G
געמענטשט	1	ɡəmˈɛnʧt		rule	MED		G
געוואוינען	1	ɡəvˈɔjnən		rule	LOW	alef-default	G
זאלי	1	zˈali		rule	LOW	alef-default	G
וואלוול	1	valvl		rule	LOW	alef-default	G
ושניה	1	ˈiʃni		rule	MED		G
באקסטו	1	bakstˈi		rule	LOW	alef-default	G
מגן	1	mˈuɡajn		rule	LOW	pointed-audio-endorsed	L
דהילולא	1	dhˈilila		rule	LOW	alef-default	G
שקורה	1	ʃkˈirə		rule	MED		G
במדינת	1	bəmdˈinas		rule	LOW	lk-proclitic:sefaria+ב	L
בגרמניה	1	bɡrmni		fallback	LOW	vowel-ratio	G
המחטיאו	1	hmxtˈii		fallback	LOW	alef-default,lk-fallback	L
ההורגו	1	hhˈirɡi		rule	MED		G
ככה	1	kˈuxə	kˈuxu	rule	LOW	sefaria-pointed	L
ואיך	1	ˈiaːx		rule	LOW	alef-default	G
שאצל	1	ʃaʦl		rule	LOW	alef-default	G
המלחמה	1	hamilxˈumə		rule	LOW	lk-proclitic-pointed:sefaria-pointed	L
מעתה	1	majˈatu		rule	LOW	sefaria-pointed	L
ממדינת	1	mimdˈinas		rule	LOW	lk-proclitic:sefaria+מ	L
להתפס	1	lhsfs		fallback	LOW	pe-default,lk-fallback	L
בקליפת	1	bklifs		fallback	LOW	pe-default,lk-fallback	L
הציונות	1	hʦjˈinis		fallback	LOW	lk-fallback	L
פרסום	1	frsim		rule	LOW	pe-default	G
געשפרינגען	1	ɡəʃprˈinɡən		rule	LOW	pe-default	G
איבערלעבער	1	ˈibərləbər		rule	LOW	alef-default	G
שישי	1	ʃˈiʃi		rule	MED		G
מערכה	1	mˈɛrxə		rule	MED		G
ורדיפות	1	ˈirdifis		fallback	LOW	pe-default,lk-fallback	L
סענט	1	sɛnt		rule	MED		G
באשאפן	1	baʃˈafn		rule	LOW	alef-default,pe-default	G
אונטערדריקונג	1	ˈintərdrikinɡ	ˈintərdrikink	rule	LOW	alef-default	G
אידישן	1	jˈidiʃn		lexicon	HIGH		G
מינימום	1	mˈinimim		rule	MED		G
ברידער	1	brˈidər		rule	MED		G
מעדיצינישע	1	mˈɛdiʦiniʃə		rule	MED		G
סטאנציע	1	stˈanʦiə		rule	LOW	alef-default	G
אלגעמיינע	1	ˈalɡəmajnə		rule	LOW	alef-default	G
ווידעא	1	vˈidəa		rule	LOW	alef-default	G
שיסן	1	ʃisn		rule	MED		G
מילכיגס	1	mˈilxiɡs		rule	MED		G
צירוף	1	ʦˈirif		rule	LOW	pe-default	G
ס'רעגנט	1	srɛɡnt		rule	MED	clitic	G
לאנדאנער	1	landˈanər		rule	LOW	alef-default	G
סענסיטיוו	1	sˈɛnsitiv	sˈɛnsitif	rule	MED		G
מיליאנערן	1	mˈilianərn		rule	LOW	alef-default	G
מיילעך	1	mˈajləx		rule	MED		G
ידיעה	1	ˈidiə		rule	MED		G
טיפ	1	tif		rule	LOW	pe-default	G
געז	1	ɡɛz	ɡɛs	rule	MED		G
סטעישאנס	1	stˈajʃans		rule	LOW	alef-default	G
אפפערן	1	ˈafərn		rule	LOW	alef-default,pe-default	G
טשיפער	1	ʧˈifər		rule	LOW	pe-default	G
פאמפ	1	famf		rule	LOW	alef-default,pe-default	G
טעפסט	1	tɛfst		rule	LOW	pe-default	G
סעלעקטן	1	sˈɛləktn		rule	MED		G
פין	1	pin		lexicon	HIGH		E
חמדת	1	xˈɛmdas		rule	LOW	sefaria-pointed	L
המעונן	1	hmˈɛinn		rule	MED		G
פארראכטן	1	farrˈaxtn		rule	LOW	alef-default,pe-default	G
פייערשטיין	1	fˈajərʃtajn		rule	LOW	pe-default	G
זאצן	1	zaʦn		rule	LOW	alef-default	G
"גר""א"	1	ɡiml rajʃ ˈaləf		rule	LOW	letter-names	A
דהיינו	1	dhˈajni		rule	MED		G
ק	1	kif	kuf	rule	LOW	printed-respelling	L
איבערראשונג	1	ˈibərraʃinɡ	ˈibərraʃink	rule	LOW	alef-default	G
געבורטסטאג	1	ɡəbˈirʦtaɡ	ɡəbˈirʦtak	rule	LOW	alef-default	G
משתדל	1	miʃtˈadajl		rule	LOW	model-pointed-guess	L
ושנים	1	ˈiʃnim		rule	MED		G
פעספערט	1	fˈɛsfərt		rule	LOW	pe-default	G
אריינשריין	1	arˈaːnʃrajn		rule	LOW	alef-default	G
ולקחת	1	vlukˈaxtu	vəlukˈaxtu	rule	LOW	sefaria-pointed	L
לאשה	1	lˈaʃə		rule	LOW	alef-default	G
מבעלזער	1	mbˈɛlzər		rule	MED		G
נגד	1	nˈɛɡəd	nˈɛɡɛd|nˈɛɡət	rule	LOW	sefaria-pointed	L
דמיטב	1	dmitb	dmitp	rule	MED		G
שמאלץ	1	ʃmalʦ		rule	LOW	alef-default	G
ימיך	1	ˈimix		rule	MED		G
תצער	1	sʦɛr		fallback	LOW	lk-fallback	L
אביך	1	ˈabix		rule	LOW	alef-default	G
זיו	1	zji		rule	MED		G
לדין	1	ldin		rule	MED		G
אהיימגעשיקט	1	ahˈajmɡəʃikt		rule	LOW	alef-default	G
מ'באגלייט	1	mbaɡlˈajt		rule	LOW	clitic	G
דערמאנסט	1	dərmˈanst		rule	LOW	alef-default	G
המוריד	1	hmˈirid	hmˈirit	rule	MED		G
כיסא	1	xˈisa		rule	LOW	alef-default	G
פינקי	1	fˈinki		rule	LOW	pe-default	G
וועבער	1	vˈɛbər		rule	MED		G
אהיה	1	ˈahi		rule	LOW	alef-default	G
ברוגז	1	briɡz	briɡs	rule	MED		G
פאנישן	1	fˈaniʃn		rule	LOW	alef-default,pe-default	G
קענדי	1	kˈɛndi		rule	MED		G
מ'געזעגנט	1	mɡəzˈɛɡnt		rule	MED	clitic	G
זייערסטער	1	zˈajərstər		rule	MED		G
דאמאן	1	dˈaman		rule	LOW	alef-default	G
ולקחתם	1	ilkˈaxtəm	uləkˈaxtɛm	rule	LOW	sefaria-pointed	L
אדמה	1	ˈadmə		rule	LOW	alef-default	G
גילוי	1	ɡˈilɔj		rule	MED		G
חלקנו	1	xɛlkˈajnu	xəlkˈajni	rule	LOW	sefaria-pointed	L
בתורתך	1	bsɔjrusˈɛxu	bəsɔjrusˈɛxu	rule	LOW	sefaria-pointed	L
"הגה""ק"	1	haj ɡiml haj kif		rule	LOW	letter-names	A
שעכטער	1	ʃˈɛxtər		rule	MED		G
מומחה	1	mˈimxə	mˈumxə	rule	LOW	printed-respelling	L
קוישלעך	1	kˈɔjʃləx		rule	MED		G
קוישל	1	kɔjʃl		rule	MED		G
בעסקעט	1	bəskˈɛt		rule	MED		G
תמר	1	tˈumur		rule	LOW	sefaria-pointed	L
ריח	1	rˈajxa		rule	LOW	sefaria-pointed	L
פופצנטע	1	fˈifʦntə		rule	LOW	pe-default	G
לויבט	1	lɔjbt		rule	MED		G
חסדים	1	xasˈudim		rule	LOW	pointed-audio-endorsed	L
רילעפס	1	rˈiləfs		rule	LOW	pe-default	G
ליידיגקייט	1	lˈajdiɡkaːt		rule	MED		G
היימיקס	1	hˈajmiks		rule	MED		G
מ'מישט	1	mmiʃt		rule	MED	clitic	G
ירצה	1	ˈirʦə		rule	MED		G
בלייבסטו	1	blˈajbsti		rule	MED		G
פילינג	1	fˈilinɡ	fˈilink	rule	LOW	pe-default	G
אריענטעישאן	1	ˈariəntajʃan		rule	LOW	alef-default	G
מדריכים	1	mdrˈixim		rule	MED		G
לייכטע	1	lˈajxtə		rule	MED		G
קרויס	1	krɔjs		rule	MED		G
דאנקט	1	dankt		rule	LOW	alef-default	G
שפרן	1	ʃfarn		rule	LOW	model-pointed-guess+suffix	L
עלעקטריזירט	1	ˈɛləktrizirt		rule	MED		G
חרוזים	1	xrˈizim		fallback	LOW	lk-fallback	L
צוזאמשטעלן	1	ʦˈizamʃtəln		rule	LOW	alef-default	G
אנלערנען	1	ˈunlirnən		rule	MED	prefix-rescue:gold+אנ	G
ריטשארדזשער	1	rˈiʧarʤər		rule	LOW	alef-default	G
ריטשארדזשן	1	rˈiʧarʤn		rule	LOW	alef-default	G
אויסגאבעס	1	ˈoʊzɡabəs		rule	LOW	alef-default	G
טשולדיגט	1	ʧˈildiɡt		rule	MED		G
ארויפגעברענגט	1	arˈoʊfɡəbrənɡt		rule	MED	prefix-rescue:gold+ארויפגע	G
סאלטא	1	sˈalta		rule	LOW	alef-default	G
משמנא	1	mʃmna		rule	LOW	alef-default	G
מדריך	1	mdrix		rule	MED		G
עריע	1	ˈɛriə		rule	MED		G
גרויסט	1	ɡrɔjst		rule	MED		G
פארגעשטעלט	1	farɡəʃtˈɛlt		rule	LOW	alef-default,pe-default	G
ויפול	1	ˈɔjfil		rule	LOW	pe-default	G
ענדי	1	ˈɛndi		rule	MED		G
גאסט'ס	1	ɡasʦ		rule	LOW	alef-default	G
נוסבוים	1	nˈizbɔjm		rule	MED		G
בכך	1	bəxˈux	bxux	rule	LOW	sefaria-pointed	L
כלום	1	xlim		rule	MED		G
חשיב	1	xʃib		fallback	LOW	lk-fallback	L
מחוסר	1	mxisr		fallback	LOW	lk-fallback	L
אמנה	1	ˈamnə		rule	LOW	alef-default	G
תארך	1	sarx		fallback	LOW	alef-default,lk-fallback	L
קנין	1	knin		rule	MED		G
להכנה	1	ləhakˈanə		rule	LOW	lk-proclitic:sefaria+ל	L
לנתינה	1	lənəsˈinə		rule	LOW	lk-proclitic:respelling+ל	L
עמרם	1	ɛmrm		rule	MED		G
פאדוואל	1	fˈadval		rule	LOW	alef-default,pe-default	G
צייכנט	1	ʦajxnt		rule	MED		G
"שו""ת"	1	ʃin vuv tuf	ʃin vuf tuf	rule	LOW	letter-names	A
הפלוגתא	1	hflˈiɡsa		fallback	LOW	alef-default,pe-default,lk-fallback	L
סיבת	1	sibs		fallback	LOW	lk-fallback	L
המחלוקת	1	hmxliks		fallback	LOW	lk-fallback	L
געטוישט	1	ɡətˈɔjʃt		rule	MED		G
במחשבה	1	bmaxaʃˈuvə	bəmaxaʃˈuvu	rule	LOW	sefaria-pointed	L
זעליג	1	zˈɛliɡ	zˈɛlik	rule	MED		G
סטראלאוויטש	1	strˈalaviʧ		rule	LOW	alef-default	G
הימנה	1	hˈimnə		rule	MED		G
זונטאג'דיגע	1	zˈintaɡdiɡə		rule	LOW	alef-default	G
צמאה	1	ʦma		rule	LOW	alef-default	G
תעשני	1	sˈɛʃni		fallback	LOW	lk-fallback	L
בלייב	1	blajb	blajp	rule	MED		G
יענץ	1	jɛnʦ		rule	MED		G
ויברך	1	ɔjbrx		rule	MED		G
צורי	1	ʦˈiri		rule	MED		G
בחלומי	1	bxlˈimi		fallback	LOW	lk-fallback	L
כתבו	1	kˈisvu	kˈusəvu|kəsˈuvɔj|kəsˈɔjvu	rule	LOW	audio-homograph	L
טאלנער	1	tˈalnər		rule	LOW	alef-default	G
דערפל	1	dɛrfl		rule	LOW	pe-default	G
ס'סאונדט	1	ssindt		rule	LOW	clitic	G
טראדיציאנעל	1	trˈadiʦianəl		rule	LOW	alef-default	G
נצח	1	nˈɛʦax		rule	LOW	sefaria-pointed	L
אייזערנעס	1	ˈajzərnəs		rule	LOW	alef-default	G
סטארעדזשן	1	stˈarəʤn		rule	LOW	alef-default	G
באמבוס	1	bambˈis		rule	LOW	alef-default	G
באמבו	1	bambˈi		rule	LOW	alef-default	G
שמעק	1	ʃmɛk		rule	MED		G
בעמבו	1	bˈɛmbi		rule	MED		G
קנים	1	knim		rule	MED		G
משמשיהם	1	mʃmʃim		rule	MED		G
בעטס	1	bɛʦ		rule	MED		G
פראמאושן	1	frˈamiʃn		rule	LOW	alef-default,pe-default	G
טשארדזש	1	ʧarʤ	ʧarʧ	rule	LOW	alef-default	G
טאלער	1	tˈalər		rule	LOW	alef-default	G
ווערזל	1	vɛrzl		rule	MED		G
איבעריאר	1	ˈibərjur		rule	MED	prefix-rescue:gold+איבער	G
צעק	1	ʦɛk		rule	MED		G
ונצע	1	ˈinʦə		rule	MED		G
אינטרעסאנטע	1	ˈintrəsantə		rule	LOW	alef-default	G
נאכקוקן	1	nˈaxkikn		rule	LOW	alef-default	G
עדיות	1	ˈɛdjis		fallback	LOW	lk-fallback	L
פרעגסטו	1	frˈɛɡsti		rule	LOW	pe-default	G
ממראה	1	mmra		rule	LOW	alef-default	G
בחירה	1	bxˈirə	bəxˈiru	rule	LOW	model-pointed-guess	L
טשוזן	1	ʧizn		rule	MED		G
ליסטע	1	lˈistə		rule	MED		G
נייגעריג	1	nˈajɡəriɡ	nˈajɡərik	rule	MED		G
חוטא	1	xˈɔjtaj		rule	LOW	sefaria-pointed	L
נכנס	1	nˈixnas		rule	LOW	model-pointed-guess	L
שטות	1	ʃtis	ʃtus	rule	LOW	printed-respelling	L
זינדיגט	1	zˈindiɡt		rule	MED		G
קאנטע	1	kˈantə		rule	LOW	alef-default	G
סלע	1	slə		rule	MED		G
הבוייס	1	hbˈɔjis		rule	MED		G
קריאות	1	krˈiɔjs	kərˈiɔjs	rule	LOW	model-pointed-guess	L
קלעצקי	1	klˈɛʦki		rule	MED		G
טיילער	1	tˈajlər		rule	MED		G
ראלט	1	ralt		rule	LOW	alef-default	G
מ'ווארפט	1	mvarft		rule	LOW	clitic	G
ושב	1	iʒb	iʒp	rule	MED		G
ורפא	1	ˈirfa		rule	LOW	alef-default,pe-default	G
משלחת	1	miʃlˈaxas		rule	LOW	sefaria-pointed	L
וחזרות	1	ˈixzris		fallback	LOW	lk-fallback	L
מחאה	1	məxˈuə	mɛxˈuu	rule	LOW	model-pointed-guess	L
ארויסגעשווימען	1	arˈoʊzɡəʃvimən		rule	LOW	alef-default	G
מראצפערט	1	mrˈaʦfərt		rule	LOW	alef-default,pe-default	G
הסתלקות	1	histˈalkis	histˈalkus	rule	LOW	model-pointed-guess	L
יקום	1	ˈikim		rule	MED		G
דמו	1	dmi		rule	MED		G
שוויגער'ס	1	ʃvˈiɡərs		rule	MED		G
שניאור	1	ʃnˈiir		rule	LOW	alef-default	G
תולדותיהם	1	tɔjldɔjsˈajhəm	tɔjlədɔjsˈajhɛm	rule	LOW	model-pointed-guess	L
ליעזאן	1	lˈiəzan		rule	LOW	alef-default	G
שטאקן	1	ʃtakn		rule	LOW	alef-default	G
אויסגעפלאצט	1	ˈoʊzɡəflaʦt		rule	LOW	alef-default,pe-default	G
בוילער	1	bˈɔjlər		rule	MED		G
גאז	1	ɡaz	ɡas	rule	LOW	alef-default	G
נדבורנא	1	ndbˈirna		rule	LOW	alef-default	G
פארפלייצונג	1	farflˈajʦinɡ	farflˈajʦink	rule	LOW	alef-default,pe-default	G
אומגעקומענע	1	ˈimɡəkimənə		rule	LOW	alef-default	G
וועלטליכע	1	vˈɛltləxə		rule	MED		G
קענסעלעישאן	1	kˈɛnsəlajʃan		rule	LOW	alef-default	G
פחיתת	1	fxis		fallback	LOW	pe-default,lk-fallback	L
למות	1	lumˈuvɛs		rule	LOW	model-pointed-guess	L
דאונט	1	dint		rule	LOW	alef-default	G
אנשליכטן	1	ˈanʃlixtn		rule	LOW	alef-default	G
שווארצען	1	ʃvˈarʦən		rule	LOW	alef-default	G
קלינגט	1	klinɡt		rule	MED		G
במינו	1	bmˈini		rule	MED		G
טויבער	1	tˈɔjbər		rule	MED		G
פארקראכענע	1	farkrˈaxənə		rule	LOW	alef-default,pe-default	G
הגומל	1	hɡiml		rule	MED		G
זילבערווארג	1	zˈilbərvarɡ	zˈilbərvark	rule	LOW	alef-default	G
תחתונים	1	taxtˈɔjnim		rule	LOW	printed-respelling	L
אחיעזר	1	axiˈɛzɛr		rule	LOW	sefaria-pointed	L
יוזשעלי	1	jˈiʒəli		rule	MED		G
ריווער	1	rˈivər		rule	MED		G
סטעפענסקי	1	stˈɛfənski		rule	LOW	pe-default	G
לוזי	1	lˈizi		rule	MED		G
יצקוביץ	1	ˈiʦkibiʦ		rule	MED		G
ווילי	1	vˈili		rule	MED		G
בערי	1	bˈɛri		rule	MED		G
שפיטצער	1	ʃpˈitʦər		rule	LOW	pe-default	G
חרדי'שע	1	xrdˈiʃə		fallback	LOW	lk-fallback	L
ווענעציע	1	vˈɛnəʦiə		rule	MED		G
אנגעצייכנט	1	ˈanɡəʦajxnt		rule	LOW	alef-default	G
שיעורי	1	ʃˈiəiri		rule	MED		G
טים	1	tim		rule	MED		G
מאונטענס	1	mˈintəns		rule	LOW	alef-default	G
דאסן	1	dusn		lexicon	MED	audio-vowel	G
ציוויים	1	ʦˈivajm		rule	MED		G
מסיני	1	msˈini		rule	MED		G
תקנות	1	tikˈunɔjs		rule	LOW	model-pointed-guess	L
מסורת	1	msˈɔjrəs	məsˈɔjrɛs	rule	LOW	model-pointed-guess	L
צוטאג	1	ʦˈituɡ	ʦˈituk	rule	MED	prefix-rescue:gold+צו	G
מלאכה	1	mlˈaxə		rule	LOW	alef-default	G
דזשעלעס	1	ʤˈɛləs		rule	MED		G
שפטרנו	1	ʃpˈatərni		rule	LOW	pe-default	G
ביליג	1	bˈiliɡ	bˈilik	rule	MED		G
יאפ	1	jaf		rule	LOW	alef-default,pe-default	G
בלויער	1	blˈɔjər		rule	MED		G
שור	1	ʃir		rule	MED		G
העלבערבאום	1	hˈɛlbərbim		rule	LOW	alef-default	G
מינעראל	1	mˈinəral		rule	LOW	alef-default	G
ערלאפסער	1	ˈɛrlafsər		rule	LOW	alef-default,pe-default	G
פראפן	1	frafn		rule	LOW	alef-default,pe-default	G
יעדנס	1	jɛdns		rule	MED		G
שפיצער	1	ʃpˈiʦər		rule	LOW	pe-default	G
צוטאגס	1	ʦˈitaɡs		rule	LOW	alef-default	G
שעיפ	1	ʃajf		rule	LOW	pe-default	G
ברינקס	1	brinks		rule	MED		G
מעלקט	1	mɛlkt		rule	MED		G
איינהארן	1	ˈajnharn		rule	LOW	alef-default	G
שפל	1	ʃəfˈal	ʃˈuful	rule	LOW	audio-homograph	L
בערד	1	bɛrd	bɛrt	rule	MED		G
מייערעמענט	1	majərəmˈɛnt		rule	MED		G
ריין	1	rajn		rule	MED		G
געמיטליך	1	ɡəmˈitləx		rule	MED		G
ערשל	1	ɛrʃl		rule	MED		G
גוי'אישע	1	ɡˈɔjaːʃə		rule	LOW	alef-default	G
שמעלצא	1	ʃmˈɛlʦa		rule	LOW	alef-default	G
ערליכן	1	ˈɛrləxn		rule	MED		G
אומקערן	1	ˈimkərn		rule	LOW	alef-default	G
אידעלע	1	ˈidələ		rule	LOW	alef-default	G
באפארט	1	bafˈɔrt		rule	MED	prefix-rescue:word-latin+בא	G
איבערגעזינגען	1	ˈibərɡəzinɡən		rule	LOW	alef-default	G
חסידישער	1	xˈusidiʃər		rule	LOW	lk-fallback	L
עילית	1	ˈajlis		fallback	LOW	lk-fallback	L
פארבונדעט	1	farbˈindət		rule	LOW	alef-default,pe-default	G
העלפ	1	hɛlf		rule	LOW	pe-default	G
מארגענס	1	mˈarɡəns		rule	LOW	alef-default	G
אהרן'ער	1	ˈarnər		rule	LOW	alef-default	G
געשריי	1	ɡəʃrˈaj		rule	MED		G
שרעק	1	ʃrɛk		rule	MED		G
טרעקטאר	1	trˈɛktar		rule	LOW	alef-default	G
בריגלער	1	brˈiɡlər		rule	MED		G
קברים	1	kbrim		rule	MED		G
אויפגעגראבן	1	ˈɔjfɡəɡrabn		rule	LOW	alef-default,pe-default	G
סווייפן	1	svajfn		rule	LOW	pe-default	G
צווייטנ'ס	1	ʦvajtns		rule	MED		G
ריבית	1	rˈibəs		rule	LOW	printed-respelling	L
פלארידע	1	flˈaridə		rule	LOW	alef-default,pe-default	G
ארויפגעקראכן	1	arˈoʊfɡəkraxn		rule	LOW	alef-default,pe-default	G
אעלה	1	ˈaələ		rule	LOW	alef-default	G
ודברים	1	ˈidbrim		rule	MED		G
אויפצוטרייבן	1	ˈɔjfʦitrajbn		rule	LOW	alef-default,pe-default	G
דורכדעם	1	dˈirxdəm		rule	MED		G
איידזש	1	ajʤ	ajʧ	rule	LOW	alef-default	G
גאראדזש	1	ɡˈaraʤ	ɡˈaraʧ	rule	LOW	alef-default	G
פארשנעלערן	1	farʃnˈɛlərn		rule	LOW	alef-default,pe-default	G
רעספאנס	1	rˈɛsfans		rule	LOW	alef-default,pe-default	G
סעמינאר	1	sˈɛminar		rule	LOW	alef-default	G
קאנטראווערסיאל	1	kˈantravərsial		rule	LOW	alef-default	G
צוזאמווארפן	1	ʦˈizamvarfn		rule	LOW	alef-default,pe-default	G
עזרת	1	ˈɛzras		rule	LOW	sefaria-pointed	L
געשעדיגט	1	ɡəʃˈɛdiɡt		rule	MED		G
מ'צונעמט	1	mʦˈinəmt		rule	MED	clitic	G
צוגענומען	1	ʦˈiɡənimən		rule	MED	prefix-rescue:gold+צו	G
אראפגעווארפן	1	arˈupɡəvarfn		rule	LOW	alef-default,pe-default	G
הייזקעלעך	1	hˈajzkələx		rule	MED		G
פאטשעדיגע	1	fˈaʧədiɡə		rule	LOW	alef-default,pe-default	G
ארויפצולייגן	1	arˈoʊfʦilajɡn		rule	LOW	alef-default,pe-default	G
הייזקעלע	1	hˈajzkələ		rule	MED		G
אומ	1	im		rule	LOW	alef-default	G
ארפן	1	arfn		rule	LOW	alef-default,pe-default	G
פרעמען	1	frˈɛmən		rule	LOW	pe-default	G
"תשי""ז"	1	tuf ʃin jid zˈajən	tuf ʃin jit zˈajən	rule	LOW	letter-names	A
אראפווארפן	1	arˈupvarfn		rule	LOW	alef-default,pe-default	G
איינגעהאלטן	1	ˈaːnɡəhaltn		rule	MED	prefix-rescue:gold+איינגע	G
צעווארפן	1	ʦəvˈarfn		rule	LOW	alef-default,pe-default	G
שפאגל	1	ʃpaɡl		rule	LOW	alef-default,pe-default	G
בילדינג	1	bˈildinɡ	bˈildink	rule	MED		G
וחיים	1	vəxˈajim		rule	LOW	sefaria-pointed	L
יחי	1	jxi	jəxˈi	rule	LOW	sefaria-pointed	L
בונה	1	bˈinə		rule	MED		G
לסתור	1	lˈistɔjr		rule	LOW	model-pointed-guess	L
לבנות	1	lˈivnɔjs		rule	LOW	sefaria-pointed	L
רופסט	1	rifst		rule	LOW	pe-default	G
ארומגע'שול'ט	1	arˈimɡəʃilt		rule	LOW	alef-default	G
פארשארט	1	farʃˈart		rule	LOW	alef-default,pe-default	G
פערסטער	1	fˈɛrstər		rule	LOW	pe-default	G
בערגער	1	bˈɛrɡər		rule	MED		G
מאנטרעאל	1	mˈantrəal		rule	LOW	alef-default	G
באן	1	ban		rule	LOW	alef-default	G
שלמה'ס	1	ʃlˈɔjmɔjhs	ʃəlˈɔjmɔjhs	rule	LOW	model-pointed-guess	L
סייווי	1	sˈajvi		rule	MED		G
איינטיילן	1	ˈajntajln		rule	LOW	alef-default	G
ווייטן	1	vajtn		rule	MED		G
אבן	1	abn		rule	LOW	alef-default	G
הפינה	1	hfˈinə		rule	LOW	pe-default	G
נעפיאוס	1	nˈɛfiis		rule	LOW	alef-default,pe-default	G
למלכות	1	lmˈalxis	ləmˈalxus	rule	LOW	sefaria-pointed	L
פינטל	1	pintl		lexicon	MED	audio-pe	G
עטרעקטן	1	ˈɛtrəktn		rule	MED		G
געדאנקען	1	ɡədˈankən		rule	LOW	alef-default	G
אריבערדיגע	1	ˈaribərdiɡə		rule	LOW	alef-default	G
געשמאקייט	1	ɡəʃmˈakaːt		rule	LOW	alef-default	G
ערדיטונג	1	ˈɛrditinɡ	ˈɛrditink	rule	MED		G
נעבעס	1	nˈɛbəs		rule	MED		G
חסידיש	1	xˈusidiʃ		rule	LOW	lk-fallback	L
קידושים	1	kˈidiʃim		rule	MED		G
אפיציעל	1	ˈafiʦiəl		rule	LOW	alef-default,pe-default	G
געוועריגל	1	ɡəvˈɛriɡl		rule	MED		G
טאטאפער	1	tˈatafər		rule	LOW	alef-default,pe-default	G
געגל	1	ɡɛɡl		rule	MED		G
לאקש	1	lakʃ		rule	LOW	alef-default	G
איבערלאזט	1	ˈibərlɔzt		rule	MED	prefix-rescue:gold+איבער	G
עוסקי	1	ˈiski		rule	MED		G
יצא	1	ˈiʦa		rule	LOW	alef-default	G
ריק	1	rik		rule	MED		G
אומבאקוועמע	1	ˈimbakvəmə		rule	LOW	alef-default	G
לאקזשורי	1	lˈakʒiri		rule	LOW	alef-default	G
פיט	1	fit		rule	LOW	pe-default	G
נאובל	1	nibl		rule	LOW	alef-default	G
ס'העלפט	1	shɛlft		rule	LOW	clitic	G
טרוקן	1	trikn		rule	MED		G
באקוועמליכקייט	1	bakvˈɛmlixkaːt		rule	LOW	alef-default	G
שפירט	1	ʃpirt		rule	LOW	pe-default	G
שוויצנד	1	ʃviʦnd	ʃviʦnt	rule	MED		G
פיה	1	fi		rule	LOW	pe-default	G
קויפסטאן	1	kˈɔjfstan		rule	LOW	alef-default,pe-default	G
ס'שאדט	1	sʃadt		rule	LOW	clitic	G
פאנטאפלעך	1	fˈantafləx		rule	LOW	alef-default,pe-default	G
לאזע	1	lˈazə		rule	LOW	alef-default	G
אויסשטעלונגען	1	ˈoʊsʃtəlinɡən		rule	LOW	alef-default	G
צודעקן	1	ʦˈidəkn		rule	MED		G
קאמערע	1	kˈamərə		rule	LOW	alef-default	G
סטיקער	1	stˈikər		rule	MED		G
קארלין	1	kˈarlin		rule	LOW	alef-default	G
סטאלין	1	stˈalin		rule	LOW	alef-default	G
ז'ווארסקער	1	zvˈarskər		rule	LOW	alef-default	G
מגור	1	mɡir		rule	MED		G
באיאן	1	bˈaːan		rule	LOW	alef-default	G
פריערדיגער	1	frˈiərdiɡər		rule	LOW	pe-default	G
קאטאמאן	1	kˈataman		rule	LOW	alef-default	G
לויים	1	lˈɔjim		rule	MED		G
במסורה	1	bmsˈirə		rule	MED		G
אכסטופקער	1	ˈaxstifkər		rule	LOW	alef-default,pe-default	G
שוידערליכע	1	ʃˈɔjdərləxə		rule	MED		G
תעשה	1	taˈasɛ		rule	LOW	sefaria-pointed	L
זבול	1	zbil		rule	MED		G
לדים	1	ldim		rule	MED		G
האלבערשטאם	1	hˈalbərʃtam		rule	LOW	alef-default	G
טירן	1	tirn		rule	MED		G
אינדערוואכן	1	ˈindərvaxn		rule	LOW	alef-default	G
איבערגעבויט	1	ˈibərɡəboʊt		rule	MED	prefix-rescue:word-latin+איבערגע	G
גליונות	1	ɡiljˈɔjnɔjs		rule	LOW	model-pointed-guess	L
קלעטערן	1	klˈɛtərn		rule	MED		G
גע'אינטערוויו'ט	1	ɡəˈaːntərvjit		rule	LOW	alef-default	G
געשלעפט	1	ɡəʃlˈɛft		rule	LOW	pe-default	G
קאנטעקטס	1	kˈantəkʦ		rule	LOW	alef-default	G
פראדוסער	1	frˈadisər		rule	LOW	alef-default,pe-default	G
בעריש	1	bˈɛriʃ		rule	MED		G
אויפזוכן	1	ˈɔjfzixn		rule	LOW	alef-default,pe-default	G
אריינשטיקל	1	arˈaːnʃtikl		rule	LOW	alef-default	G
הלברשטאם	1	hlbrʃtam		fallback	LOW	alef-default,vowel-ratio	G
להכנסת	1	ləhaknˈɛsəs		rule	LOW	lk-proclitic:sefaria+ל	L
פארמאט	1	farmˈat		rule	LOW	alef-default,pe-default	G
ספסלה	1	sfslə		fallback	LOW	pe-default,lk-fallback	L
מ'האנדלט	1	mhandlt		rule	LOW	clitic	G
וויכטיגקייט	1	vˈixtiɡkaːt		rule	MED		G
ידך	1	idx		rule	MED		G
תאמץ	1	təˈamajʦ	tˈamajʦ	rule	LOW	sefaria-pointed	L
חשיבות	1	xaʃˈivis	xaʃˈivus	rule	LOW	model-pointed-guess	L
מהדרין	1	mhdrin		rule	MED		G
ליניע	1	lˈiniə		rule	MED		G
רובין	1	rˈibin		rule	MED		G
גראדזשיצקער	1	ɡrˈaʤiʦkər		rule	LOW	alef-default	G
מדרגות	1	madrˈajɡɔjs		rule	LOW	sefaria-pointed	L
זרעך	1	zrɛx		rule	MED		G
גייער	1	ɡˈajər		rule	MED		G
פרעמדער	1	frˈɛmdər		rule	LOW	pe-default	G
רבי'שע	1	rbˈiʃə		rule	MED		G
ועבדום	1	ˈiəbdim		rule	MED		G
וענו	1	ˈiəni		rule	MED		G
"ע""ה"	1	ˈajən haj		rule	LOW	letter-names	A
דזשעפריס	1	ʤˈɛfris		rule	LOW	pe-default	G
בצלולות	1	bʦlˈilis		fallback	LOW	lk-fallback	L
פולסטן	1	filstn		rule	LOW	pe-default	G
אונטערשבירן	1	ˈintərʒbirn		rule	LOW	alef-default	G
אייזער	1	ˈajzər		rule	LOW	alef-default	G
"תשל""ב"	1	tuf ʃin lˈaməd bajs	tuf ʃin lˈamət bajs	rule	LOW	letter-names	A
אפקויפן	1	ˈupkɔjfn		rule	MED	prefix-rescue:gold+אפ	G
צבי	1	ʦbi		rule	MED		G
פורגעס	1	fˈirɡəs		rule	LOW	pe-default	G
געגרעניצט	1	ɡəɡrˈɛniʦt		rule	MED		G
המתיבתא	1	haməsˈiftə		rule	LOW	lk-proclitic:lk-lexicon+ה	L
הנחה	1	hanˈuxə	hanˈuxu	rule	LOW	sefaria-pointed	L
צוזאג	1	ʦˈizuɡ	ʦˈizuk	rule	MED	prefix-rescue:word-latin+צו	G
בכתב	1	bˈiksav	bˈiksaf	rule	LOW	printed-respelling	L
בחתימות	1	bxsˈimis		fallback	LOW	lk-fallback	L
יד	1	id	it	rule	MED		G
בריאות	1	brˈiɔjs	bərˈiɔjs	rule	LOW	sefaria-pointed	L
השלימות	1	haʃlˈimis		rule	LOW	lk-proclitic-pointed:model-pointed-guess	L
הכתעלה	1	hxsˈɛlə		fallback	LOW	lk-fallback	L
משך	1	mˈɛʃəx		lexicon	HIGH		L
פארסויגן	1	farsˈɔjɡn		rule	LOW	alef-default,pe-default	G
שיזכה	1	ʃˈizxə		rule	MED		G
לעשרה	1	lˈɛʃrə		rule	MED		G
שהבטיחו	1	ʃhbtˈixi		fallback	LOW	lk-fallback	L
דמברר	1	dmbrr		fallback	LOW	lk-fallback	L
מקחו	1	mikxˈi		rule	LOW	lk-proclitic:sefaria+מ	L
עלתר	1	ɛlsr		fallback	LOW	lk-fallback	L
צעטלעך	1	ʦətlˈɛx		rule	MED		G
בריוון	1	brivn		rule	MED		G
מדבא	1	mdba		rule	LOW	alef-default	G
אינקלער	1	ˈinklər		rule	LOW	alef-default	G
ס'אויף	1	soʊf		rule	MED	clitic	G
מעיק	1	majk		rule	MED		G
יור	1	jir		rule	MED		G
מיינד	1	majnd	majnt	rule	MED		G
מצבה	1	maʦˈajvə		rule	LOW	lk-proclitic-pointed:sefaria-pointed	L
גע'גט	1	ɡɛɡt		rule	MED		G
הייסן	1	hajsn		rule	MED		G
שווייץ	1	ʃvajʦ		rule	MED		G
שפתותיו	1	sifsˈɔjsujv	sifsˈɔjsujf	rule	LOW	sefaria-pointed	L
דובבות	1	dɔjvˈuvɔjs		rule	LOW	model-pointed-guess	L
בקבר	1	bəkˈɛvɛr	bkˈɛvər	rule	LOW	model-pointed-guess	L
קהלת	1	kɔjhˈɛlɛs		rule	LOW	sefaria-pointed	L
לבכות	1	lˈivkɔjs		rule	LOW	sefaria-pointed	L
לשחוק	1	ləsxˈɔjk		rule	LOW	lk-proclitic:sefaria+ל	L
לשמוח	1	lʃmix		fallback	LOW	lk-fallback	L
נארמאלער	1	nˈarmalər		rule	LOW	alef-default	G
דרייסטו	1	drˈajsti		rule	MED		G
אפיניענס	1	ˈafiniəns		rule	LOW	alef-default,pe-default	G
צוזאמגערעכנט	1	ʦˈizamɡərəxnt		rule	LOW	alef-default	G
פראוד	1	frid	frit	rule	LOW	alef-default,pe-default	G
שמחות	1	smˈuxɔjs		rule	LOW	lk-proclitic-pointed:sefaria-pointed	L
במקוה	1	bmki		rule	MED		G
ערדס	1	ɛrds		rule	MED		G
ציילן	1	ʦajln		rule	MED		G
ישיש	1	ˈiʃiʃ		rule	MED		G
יאקאבאוויטש	1	jˈakabaviʧ		rule	LOW	alef-default	G
לנסח	1	lnsx		fallback	LOW	lk-fallback	L
טרעסטן	1	trɛstn		rule	MED		G
להביא	1	lhbˈia		rule	LOW	alef-default	G
יבדל	1	ibdl		rule	MED		G
קארת	1	kars		fallback	LOW	alef-default,lk-fallback	L
פארסט	1	farst		rule	LOW	alef-default,pe-default	G
זייענס	1	zˈajəns		rule	MED		G
רחבות'דיגע	1	rxbˈizdiɡə		fallback	LOW	lk-fallback	L
האלווייס	1	hˈalvajs		rule	LOW	alef-default	G
זיבציג	1	zˈibʦiɡ	zˈibʦik	rule	MED		G
גראונדס	1	ɡrinds		rule	LOW	alef-default	G
היעטעד	1	hˈiətəd	hˈiətət	rule	MED		G
פרייוועט	1	frˈajvət		rule	LOW	pe-default	G
באסקעטבאלל	1	baskˈɛtball		rule	LOW	alef-default	G
באלייכטן	1	balˈajxtn		rule	LOW	alef-default	G
גדר	1	ɡˈɛdər		rule	LOW	pointed-audio-endorsed	L
מוקף	1	mikf		rule	LOW	pe-default	G
חומה	1	xˈɔjmə	xˈɔjmu	rule	LOW	sefaria-pointed	L
דינגסט	1	dinɡst		rule	MED		G
מטעם	1	mtɛm		rule	MED		G
טעראפי	1	tˈɛrafi		rule	LOW	alef-default,pe-default	G
קימאו	1	kˈimi		rule	LOW	alef-default	G
אויסגעטון	1	ˈoʊzɡətin		rule	MED	prefix-rescue:gold+אויסגע	G
ניחום	1	nˈixim	nˈixum	rule	LOW	model-pointed-guess	L
הערצליכע	1	hˈɛrʦləxə		rule	MED		G
קהלה	1	khlə		fallback	LOW	lk-fallback	L
נתרפאה	1	nsrfa		fallback	LOW	alef-default,pe-default,lk-fallback	L
המשפחה	1	hamiʃpˈuxə		rule	LOW	lk-proclitic-pointed:sefaria-pointed	L
ס'פרייט	1	sfrajt		rule	LOW	clitic	G
סינגל	1	sinɡl		rule	MED		G
פלוני	1	flˈini		rule	LOW	pe-default	G
אלמוני	1	ˈalmini		rule	LOW	alef-default	G
שניצלער	1	ʃnˈiʦlər		rule	MED		G
שוי	1	ʃɔj		rule	MED		G
אנדרייער	1	ˈandrajər		rule	LOW	alef-default	G
קאמפאס	1	kˈamfas		rule	LOW	alef-default,pe-default	G
ארגאניזירט	1	ˈarɡanizirt		rule	LOW	alef-default	G
רעקארדינגס	1	rˈɛkardinɡs		rule	LOW	alef-default	G
מרוזין	1	mrˈizin		rule	MED		G
קאהן	1	kan		rule	LOW	alef-default	G
מיטעלסטער	1	mˈitəlstər		rule	MED		G
העלער'ס	1	hˈɛlərs		rule	MED		G
אינפארמאטיוו	1	ˈinfarmativ	ˈinfarmatif	rule	LOW	alef-default,pe-default	G
לבדיה	1	lbdi		rule	MED		G
באלערנד	1	balˈɛrnd	balˈɛrnt	rule	LOW	alef-default	G
אדרעס	1	ˈadrəs		rule	LOW	alef-default	G
פאקל	1	fakl		rule	LOW	alef-default,pe-default	G
הערה	1	hˈɛrə		rule	MED		G
"רמ""ז"	1	rajʃ mɛm zˈajən		rule	LOW	letter-names	A
מ'שטראמט	1	mʃtramt		rule	LOW	clitic	G
לחמי	1	lˈaxmi		rule	LOW	lk-proclitic-pointed:sefaria-pointed	L
בודאי	1	bˈidaː		rule	LOW	alef-default	G
סאכער	1	sˈaxər		rule	LOW	alef-default	G
ותוקף	1	ˈisikf		fallback	LOW	pe-default,lk-fallback	L
פאראפ	1	farˈɔp		rule	MED	prefix-rescue:gold+פאר	G
איבריג	1	ˈibriɡ	ˈibrik	rule	LOW	alef-default	G
קליינליכע	1	klˈajnləxə		rule	MED		G
דרייווערס	1	drˈajvərs		rule	MED		G
שיפלען	1	ʃˈiflən		rule	LOW	pe-default	G
קוואקער	1	kvˈakər		rule	LOW	alef-default	G
מפייס	1	mfajs		rule	LOW	pe-default	G
מגופו	1	mɡˈifi		rule	LOW	pe-default	G
מבקשים	1	mbkʃim		rule	MED		G
ותחתונים	1	vsaxsˈɔjnim	vəsaxsˈɔjnim	rule	LOW	model-pointed-guess	L
אסר'ן	1	asrn		rule	LOW	alef-default	G
פילטערן	1	fˈiltərn		rule	LOW	pe-default	G
יוחסין	1	jɔjxˈasin		rule	LOW	sefaria-pointed	L
קוואדראט	1	kvˈadrat		rule	LOW	alef-default	G
נחמיאן	1	nxmˈian		fallback	LOW	alef-default,lk-fallback	L
טיפיקל	1	tˈifikl		rule	LOW	pe-default	G
געקאווערט	1	ɡəkˈavərt		rule	LOW	alef-default	G
טומאנס	1	tˈimans		rule	LOW	alef-default	G
טווענטי	1	tvˈɛnti		rule	MED		G
פארי	1	farˈi		rule	LOW	alef-default,pe-default	G
ספרינקלס	1	sfrinkls		rule	LOW	pe-default	G
סינוואר	1	sˈinvar		rule	LOW	alef-default	G
וזכרו	1	ˈizxri		rule	MED		G
פאראייניגט	1	farˈajniɡt		rule	LOW	alef-default,pe-default	G
געהארגעט	1	ɡəhˈarɡət		rule	LOW	alef-default	G
בטומאה	1	btˈima		rule	LOW	alef-default	G
קדשנו	1	kdʃni		rule	MED		G
פלאש	1	flaʃ		rule	LOW	alef-default,pe-default	G
קיוט	1	kjit		rule	MED		G
סיאל	1	sˈial		rule	LOW	alef-default	G
ביכלעך	1	bˈixləx		rule	MED		G
טרענזיט	1	trˈɛnzit		rule	MED		G
מיליטאנט	1	militˈant		rule	LOW	alef-default	G
דזשעיל	1	ʤajl		rule	MED		G
מאנטשעסטער	1	mˈanʧəstər		rule	LOW	alef-default	G
מוסולמענער	1	mˈisilmənər		rule	MED		G
מאטי	1	mˈati		rule	LOW	alef-default	G
שטיינמעץ	1	ʃtˈajnməʦ		rule	MED		G
זינגער	1	zˈinɡər		rule	MED		G
בדולים	1	bdˈilim		rule	MED		G
אייניגן	1	ˈajniɡn		rule	LOW	alef-default	G
מ'לויפט	1	mlɔjft		rule	LOW	clitic	G
שליס	1	ʃˈɛlis		rule	LOW	printed-respelling+suffix	L
שאינך	1	ʃaːnx		rule	LOW	alef-default	G
כפוי	1	xfɔj		rule	LOW	pe-default	G
אריינגעקווייטשט	1	arˈaːnɡəkvajʧt		rule	LOW	alef-default	G
מערדיגע	1	mˈɛrdiɡə		rule	MED		G
ורואים	1	ˈiriaːm		rule	LOW	alef-default	G
מסוף	1	msif		rule	LOW	pe-default	G
סופו	1	sˈifi		rule	LOW	pe-default	G
פאלשע	1	fˈalʃə		rule	LOW	alef-default,pe-default	G
חכם'ס	1	xms		fallback	LOW	lk-fallback,vowel-ratio	L
מ'רייט	1	mrajt		rule	MED	clitic	G
בראדער	1	brˈadər		rule	LOW	alef-default	G
קלויז	1	klɔjz	klɔjs	rule	MED		G
בראד	1	brad	brat	rule	LOW	alef-default	G
הרהור	1	hrhir		rule	MED		G
אויסליידיגן	1	ˈoʊslajdiɡn		rule	LOW	alef-default	G
שליטה	1	ʃlˈitə		rule	MED		G
אויסגעליידיגט	1	ˈoʊzɡəlajdiɡt		rule	LOW	alef-default	G
תיקונים	1	tjkˈunim		rule	LOW	model-pointed-guess	L
זיבעציגסטער	1	zˈibəʦiɡstər		rule	MED		G
געפערליכע	1	ɡəfˈɛrləxə		rule	LOW	pe-default	G
אויסגעקריסט	1	ˈoʊzɡəkrist		rule	LOW	alef-default	G
"עת""ה"	1	ˈajən tuf haj		rule	LOW	letter-names	A
חברה'לע	1	xbrhlə		fallback	LOW	lk-fallback	L
שרעקעדיג	1	ʃrˈɛkədiɡ	ʃrˈɛkədik	rule	MED		G
שבטך	1	ʒbtx		fallback	LOW	lk-fallback	L
ומשענתך	1	ˈimʃənsx		fallback	LOW	lk-fallback	L
ינחמוני	1	ˈinxmini		fallback	LOW	lk-fallback	L
צוריקצואוועגס	1	ʦirˈikʦiavəɡs		rule	LOW	alef-default	G
פלא'דיג	1	flˈadiɡ	flˈadik	rule	LOW	alef-default,pe-default	G
נון	1	nin		rule	MED		G
אויסשפיאנירן	1	ˈoʊsʃpianirn		rule	LOW	alef-default,pe-default	G
מזיק	1	mzik		rule	MED		G
מיטגעשיקט	1	mˈitɡəʃikt		rule	MED		G
פתוחה	1	psˈixə	pəsˈuxu	rule	LOW	sefaria-pointed	L
מתחתיו	1	msxsji		fallback	LOW	lk-fallback	L
פסק'נסט	1	pasknst		fallback	LOW	pe-default,lk-fallback,vowel-ratio	L
בופ	1	bif		rule	LOW	pe-default	G
מ'פסק'נט	1	mpasknt		rule	LOW	clitic	L
פאלש	1	falʃ		rule	LOW	alef-default,pe-default	G
נוטה	1	nˈitə		rule	MED		G
המשפט	1	hamˈiʃput		rule	LOW	sefaria-pointed	L
לאלקים	1	lˈalkim		rule	LOW	alef-default	G
אויספירן	1	ˈoʊsfirn		rule	LOW	alef-default,pe-default	G
ופלא'דיג	1	ˈifladiɡ	ˈifladik	rule	LOW	alef-default,pe-default	G
וכתב	1	ixzb		fallback	LOW	lk-fallback	L
הזאת	1	hˈazɔjs		rule	LOW	lk-proclitic-pointed:sefaria-pointed	L
דקדוקים	1	dkdˈikim		rule	MED		G
במסכת	1	bmsxs		fallback	LOW	lk-fallback	L
אויסגעטענה'ט	1	ˈoʊzɡətənht		rule	LOW	alef-default	G
געטענה'ט	1	ɡətˈɛnht		rule	MED		G
במשא	1	bmʃa		rule	LOW	alef-default	G
ומתן	1	imˈatun	umˈatun	rule	LOW	model-pointed-guess	L
פינו	1	fˈini		rule	LOW	pe-default	G
והגית	1	vəhuɡˈisu		rule	LOW	sefaria-pointed	L
יומם	1	jimm		rule	MED		G
ולילה	1	ˈililə		rule	MED		G
מיטלמעסיגער	1	mˈitlməsiɡər		rule	MED		G
נמרץ	1	nˈimruʦ		rule	LOW	sefaria-pointed	L
אויסגערוהט	1	ˈoʊzɡərit		rule	LOW	alef-default	G
איינגעטיילט	1	ˈajnɡətajlt		rule	LOW	alef-default	G
אכט'ס	1	axʦ		rule	LOW	alef-default	G
דעלמא	1	dˈɛlma		rule	LOW	alef-default	G
אויפשטעלן	1	ˈɔjfʃtəln		rule	LOW	alef-default,pe-default	G
אריינגעהאקט	1	arˈaːnɡəhakt		rule	LOW	alef-default	G
ארימאן	1	ˈariman		rule	LOW	alef-default	G
בטלה	1	bˈutəlu		rule	LOW	lk-proclitic-pointed:model-pointed-guess	L
שיעמום	1	ʃˈiəmim		rule	MED		G
ארגסטע	1	ˈarɡstə		rule	LOW	alef-default	G
ארעמאן	1	ˈarəman		rule	LOW	alef-default	G
בטלים	1	btlim		rule	MED		G
מביאין	1	mbˈiaːn		rule	LOW	alef-default	G
קצוה	1	kʦi		rule	MED		G
יעלה	1	jˈɛlə		rule	MED		G
ויבוא	1	ˈɔjbia		rule	LOW	alef-default	G
טהרת	1	tuhˈuras		rule	LOW	model-pointed-guess	L
זכרון	1	zxrin		rule	MED		G
לעצטער	1	lˈɛʦtər		rule	MED		G
הפלא'דיג	1	hflˈadiɡ	hflˈadik	rule	LOW	alef-default,pe-default	G
הלפרין	1	hlfrin		rule	LOW	pe-default	G
קלויבן	1	klɔjbn		rule	MED		G
מ'קלויבט	1	mklɔjbt		rule	MED	clitic	G
אויסוואלן	1	ˈoʊsvaln		rule	LOW	alef-default	G
אריינמישן	1	arˈaːnmiʃn		rule	LOW	alef-default	G
גראבל	1	ɡrabl		rule	LOW	alef-default	G
מיספארשטענדעניש	1	mˈisfarʃtəndəniʃ		rule	LOW	alef-default,pe-default	G
שלאג	1	ʃlaɡ	ʃlak	rule	LOW	alef-default	G
קריגט	1	kriɡt		rule	MED		G
פעסטן	1	fɛstn		rule	LOW	pe-default	G
רבי'שן	1	rbiʃn		rule	MED		G
העלאו	1	hˈɛli		rule	LOW	alef-default	G
מ'קריגט	1	mkriɡt		rule	MED	clitic	G
נמשך	1	nˈimʃux		rule	LOW	model-pointed-guess	L
ועבדו	1	ˈiəbdi		rule	MED		G
אלהיכם	1	ˈalhixm		rule	LOW	alef-default	G
מלכם	1	mˈalkum		rule	LOW	lk-proclitic-pointed:sefaria-pointed	L
אויסוועלן	1	ˈoʊsvəln		rule	MED	prefix-rescue:gold+אויס	G
"הוי""ה"	1	haj vuv jid haj	haj vuf jit haj	rule	LOW	letter-names	A
ארויסצושרייבן	1	arˈoʊsʦiʃrajbn		rule	LOW	alef-default	G
באשעפער'ס	1	baʃˈɛfərs		rule	LOW	alef-default,pe-default	G
"מהר""י"	1	mɛm haj rajʃ jid	mɛm haj rajʃ jit	rule	LOW	letter-names	A
דעעש	1	dˈɛəʃ		rule	MED		G
התהלך	1	hishˈalajx		rule	LOW	model-pointed-guess	L
ותצפה	1	ˈisʦfə		fallback	LOW	pe-default,lk-fallback	L
תחקור	1	taxˈakɔjr		rule	LOW	model-pointed-guess	L
ברעכנער	1	brˈɛxnər		rule	MED		G
צוצולייגן	1	ʦˈiʦilajɡn		rule	MED		G
זאמער	1	zˈamər		rule	LOW	alef-default	G
אויפגעצויגענע	1	ˈɔjfɡəʦɔjɡənə		rule	LOW	alef-default,pe-default	G
אויפגעצויגן	1	ˈɔjfɡəʦɔjɡn		rule	LOW	alef-default,pe-default	G
שטיף	1	ʃtif		rule	LOW	pe-default	G
אפגעפרעגט	1	ˈɔpɡəfrəɡt		rule	LOW	alef-default,pe-default	G
תנועה	1	tnˈiə	tnˈuə	rule	LOW	printed-respelling	L
געלויבט	1	ɡəlˈɔjbt		rule	MED		G
אפטייטשן	1	ˈaftajʧn		rule	LOW	alef-default,pe-default	G
מעלות	1	mˈɛlis		rule	LOW	pointed-audio-endorsed	L
"חיד""א"	1	xˈidə		lexicon	LOW	acronym-word	A
"ת""צ"	1	tuf ʦˈadik		rule	LOW	letter-names	A
גמר	1	ɡəmˈar	ɡˈumar|ɡˈɔjmɛr	rule	LOW	audio-homograph	L
החתימה	1	haxasˈimə		rule	LOW	lk-proclitic-pointed:sefaria-pointed	L
צוענדיגן	1	ʦˈiəndiɡn		rule	MED		G
אפטייטש	1	ˈaftajʧ		rule	LOW	alef-default,pe-default	G
משמעות	1	maʃmˈuɔjs		rule	LOW	sefaria-pointed	L
דביקות	1	dəvjkˈus		rule	LOW	model-pointed-guess	L
יענקעלע	1	jˈɛnkələ		rule	MED		G
צואיילן	1	ʦˈiajln		rule	LOW	alef-default	G
ס'געדענקט	1	sɡədˈɛnkt		rule	MED	clitic	G
גליטערט	1	ɡlˈitərt		rule	MED		G
מראה	1	mra		rule	LOW	alef-default	G
יעבור	1	jəbˈir		rule	MED		G
חבלי	1	xˈɛvlaj		rule	LOW	model-pointed-guess	L
ס'זאגט	1	szuɡt		rule	MED	clitic	G
באדינען	1	badˈinən		rule	LOW	alef-default	G
גוזמא	1	ɡˈizma		rule	LOW	alef-default	G
אנטון	1	ˈuntin		rule	MED	prefix-rescue:gold+אנ	G
מיטקומען	1	mˈitkimən		rule	MED	prefix-rescue:gold+מיט	G
דאכענע	1	dˈaxənə		rule	LOW	alef-default	G
געשלאפן	1	ɡəʃlˈufn		rule	MED	prefix-rescue:word-latin+גע	G
שעהנא	1	ʃˈɛna		rule	LOW	alef-default	G
הייטלער	1	hˈajtlər		rule	MED		G
מענדלאוויטש	1	mˈɛndlaviʧ		rule	LOW	alef-default	G
סכנת	1	sakˈunas	sɔjxˈɛnɛs	rule	LOW	audio-homograph	L
סכנות	1	sakˈunɔjs		rule	LOW	model-pointed-guess	L
רעקארדער	1	rˈɛkardər		rule	LOW	alef-default	G
טשעכאווער	1	ʧˈɛxavər		rule	LOW	alef-default	G
סקולען	1	skˈilən		rule	MED		G
רומענישער	1	rˈiməniʃər		rule	MED		G
מ'טרעט	1	mtrɛt		rule	MED	clitic	G
לרצון	1	lrʦin		rule	MED		G
"קכ""א"	1	kif xuf ˈaləf		rule	LOW	letter-names	A
למעלות	1	ləmˈɛlis		rule	LOW	lk-proclitic:audio-endorsed+ל	L
מאין	1	min		rule	MED	clitic	G
יבא	1	ˈiba		rule	LOW	alef-default	G
עזרי	1	ˈɛzri		rule	MED		G
געזארגט	1	ɡəzˈarɡt		rule	LOW	alef-default	G
קליינטשיגע	1	klˈajnʧiɡə		rule	MED		G
יעדען	1	jˈɛdən		rule	MED		G
פעמים	1	fˈɛmim		rule	LOW	pe-default	G
קרילעוויצער	1	krˈiləviʦər		rule	MED		G
הימלישע	1	hˈimliʃə		rule	MED		G
פארברענג	1	farbrˈɛnɡ	farbrˈɛnk	rule	LOW	alef-default,pe-default	G
ס'שטימט	1	sʃtimt		rule	MED	clitic	G
"לפ""ק"	1	lˈaməd paj kif	lˈamət paj kif	rule	LOW	letter-names	A
תעשה'ס	1	taˈasɛhs		rule	LOW	model-pointed-guess	L
עשה'ס	1	ɛʃhs		rule	MED		G
מ'געפינט	1	mɡəfˈint		rule	LOW	clitic	G
שערי	1	ʃˈɛri		rule	MED		G
יששכר	1	iʃxr		rule	MED		G
פארצייטנס	1	farʦˈajtns		rule	LOW	alef-default,pe-default	G
סענס	1	sɛns		rule	MED		G
אויסבעטן	1	ˈoʊzbejtn		rule	MED	prefix-rescue:gold+אויס	G
אויביך	1	ˈɔjbix		rule	LOW	alef-default	G
גע'אסר'ט	1	ɡəˈasrt		rule	LOW	alef-default	G
חכמי	1	xˈaxmaj		rule	LOW	sefaria-pointed	L
"שובבי""ם"	1	ʃin vuv bajs bajs jid mɛm	ʃin vuf bajs bajs jit mɛm	rule	LOW	letter-names	A
בירור	1	birˈir		rule	MED		G
הניצוצות	1	haniʦˈɔjʦɔjs		rule	LOW	lk-proclitic:sefaria+ה	L
שאם	1	ʃam		rule	LOW	alef-default	G
וחשקת	1	vəxuʃˈaktu	vxuʃˈaktu	rule	LOW	sefaria-pointed	L
גלוסטעניש	1	ɡlˈistəniʃ		rule	MED		G
עקלעדיגע	1	ˈɛklədiɡə		rule	MED		G
עמון	1	ˈɛmin		rule	MED		G
דְּבַר	1	dvar		rule	LOW	lk-fallback	L
קִדְּמוּ	1	kˈidmi		rule	MED		G
אֶתְכֶם	1	ˈɛsxəm		rule	LOW	lk-fallback	L
בַּלֶּחֶם	1	balˈɛxəm		rule	LOW	lk-fallback	L
וּבַמַּיִם	1	ˈivamim		rule	MED		G
לחם	1	lˈɛxɛm	lˈuxɛm	rule	LOW	audio-homograph	L
ומים	1	ˈimim		rule	MED		G
וַאֲשֶׁר	1	vˈaaʃər		rule	MED		G
שָׂכַר	1	sˈuxar		rule	LOW	lk-fallback	L
עָלֶיךָ	1	ˈulajxu		rule	MED		G
בֶּן	1	bɛn		lexicon	HIGH		L
בְּעוֹר	1	bˈɛɔjr		rule	MED		G
בעור	1	bˈɛir		rule	MED		G
לְקַלְלֶךָ	1	lkallˈɛxu		rule	LOW	lk-fallback	L
אָבָה	1	ˈuvə		rule	MED		G
לִשְׁמֹעַ	1	lˈiʃma		rule	MED		G
תִדְרֹשׁ	1	sˈidrɔjʃ		rule	LOW	lk-fallback	L
שְׁלֹמָם	1	ʃlˈɔjmum		rule	LOW	lk-fallback	L
וְטֹבָתָם	1	vtɔjvˈusum		rule	LOW	lk-fallback	L
יָמֶיךָ	1	jˈumajxu		rule	MED		G
איבעריגע	1	ˈibəriɡə		rule	LOW	alef-default	G
חזר'ט	1	xˈazərt	xˈazɛrt	rule	LOW	model-pointed-guess	L
מואבי	1	mˈiabi		rule	LOW	alef-default	G
עמוני	1	ˈɛmini		rule	MED		G
געשאלטן	1	ɡəʃˈaltn		rule	LOW	alef-default	G
ארויסגעוויזן	1	arˈoʊzɡəvizn		rule	LOW	alef-default	G
מיטעלער	1	mˈitələr		rule	MED		G
ארויסבוקן	1	arˈoʊzbikn		rule	LOW	alef-default	G
געטשיקעס	1	ɡəʧˈikəs		rule	MED		G
סנאומענס	1	snˈiməns		rule	LOW	alef-default	G
וְאֵל	1	vajl		rule	MED		G
זֹעֵם	1	zajm		rule	MED		G
יוֹם	1	jɔjm	jɔm	lexicon	HIGH		L
ירגיז	1	ˈirɡiz	ˈirɡis	rule	MED		G
בייקומען	1	bˈajkimən		rule	MED		G
מרושה	1	mrˈiʃə		rule	MED		G
אויסגענוצט	1	ˈoʊzɡəniʦt		rule	LOW	alef-default	G
נעל	1	nɛl		rule	MED		G
מגדיר	1	mɡdir		rule	MED		G
בטלען	1	btlɛn		rule	MED		G
בטלער	1	btlɛr		rule	MED		G
צולויפן	1	ʦˈilɔjfn		rule	MED	prefix-rescue:gold+צו	G
אריבערקומען	1	arˈibərkimən		rule	MED	prefix-rescue:gold+אריבער	G
פארקאכט	1	farkˈaxt		rule	LOW	alef-default,pe-default	G
מחוכם	1	mxˈixum	məxˈuxum	rule	LOW	model-pointed-guess	L
פראוועט	1	frˈavət		rule	LOW	alef-default,pe-default	G
יענעם'ס	1	jˈɛnəms		rule	MED		G
אלפי	1	ˈalfi		rule	LOW	alef-default,pe-default	G
טומאה	1	tˈima		rule	LOW	alef-default	G
ממונה	1	mmˈinə		rule	MED		G
געבטס	1	ɡɛbʦ		rule	MED		G
ויעפוך	1	ˈɔjəfix		rule	LOW	pe-default	G
הקללה	1	haklˈulu		rule	LOW	lk-proclitic-pointed:sefaria-pointed	L
אהבך	1	abx		rule	LOW	alef-default	G
בלעמען	1	blˈɛmən		rule	MED		G
דרש'ענען	1	drʃˈɛnən		rule	MED		G
וטובתם	1	vtɔjvˈusum	vətɔjvˈusum	rule	LOW	sefaria-pointed	L
ריגע	1	rˈiɡə		rule	MED		G
בלעם'ס	1	blɛms		rule	MED		G
אבוא	1	ˈubia		lexicon	MED	audio-vowel	G
מינדעס	1	mˈindəs		rule	MED		G
נפלאות	1	niflˈuɔjs		rule	LOW	sefaria-pointed	L
חדשות	1	xadˈuʃɔjs		rule	LOW	sefaria-pointed	L
פרפראות	1	parpərˈuɔjs	parprˈuɔjs	rule	LOW	sefaria-pointed	L
לחכמה	1	laxˈuxmə		rule	LOW	lk-proclitic-pointed:sefaria-pointed	L
איבערגעגרייט	1	ˈibərɡəɡrajt		rule	MED	prefix-rescue:gold+איבערגע	G
קלאליצע	1	klˈaliʦə		rule	LOW	alef-default	G
חל	1	xul		rule	LOW	model-pointed-guess	L
"ע""ג"	1	ˈajən ɡiml		rule	LOW	letter-names	A
ארויסגעשטעקט	1	arˈoʊzɡəʃtəkt		rule	LOW	alef-default	G
אריינגעשטעקט	1	arˈaːnɡəʃtəkt		rule	LOW	alef-default	G
אויפגערעגט	1	ˈɔjfɡərəɡt		rule	LOW	alef-default,pe-default	G
צוזאמגעבענטשט	1	ʦˈizamɡəbənʧt		rule	LOW	alef-default	G
צוזאמגערעגט	1	ʦˈizamɡərəɡt		rule	LOW	alef-default	G
צוצוהערן	1	ʦˈiʦihərn		rule	MED		G
יקרה	1	ˈikrə		rule	MED		G
מ	1	mɛm		rule	LOW	printed-respelling	L
"אל""ף'ס"	1	ˈaləf lˈaməd paj sˈaməx	ˈaləf lˈamət paj sˈaməx	rule	LOW	letter-names	A
עמל	1	ɛml		rule	MED		G
ארבעים	1	ˈarbajm		rule	LOW	alef-default	G
יכנו	1	ˈixni		rule	MED		G
מוצא	1	mˈiʦa		rule	LOW	alef-default	G
מ'צווינגט	1	mʦvinɡt		rule	MED	clitic	G
אונס	1	ins		rule	LOW	alef-default	G
פיקלסאוער	1	fˈiklsiər		rule	LOW	alef-default,pe-default	G
מאקלט	1	maklt		rule	LOW	alef-default	G
מ'שלאגט	1	mʃlaɡt		rule	LOW	clitic	G
אנגעפראסקעט	1	ˈanɡəfraskət		rule	LOW	alef-default,pe-default	G
מכמני	1	mxmni		rule	MED		G
נגלה	1	nˈiɡlə	nˈiɡlu	rule	LOW	sefaria-pointed	L
נסתר	1	nˈistur	nisˈusajr	rule	LOW	audio-homograph	L
"האר""י"	1	haj ˈaləf rajʃ jid	haj ˈaləf rajʃ jit	rule	LOW	letter-names	A
אריבערגעברענגט	1	arˈibərɡəbrənɡt		rule	MED	prefix-rescue:gold+אריבערגע	G
בערגן	1	bɛrɡn		rule	MED		G
בעלזן	1	bɛlzn		rule	MED		G
קלעפ	1	klɛf		rule	LOW	pe-default	G
"אריז""ל"	1	ˈaləf rajʃ jid zˈajən lˈaməd	ˈaləf rajʃ jit zˈajən lˈamət	rule	LOW	letter-names	A
מבשלוחו	1	mibiʃlˈixɔj	mibiʃlˈuxɔj	rule	LOW	model-pointed-guess	L
אריבערטראגן	1	ˈaribərtraɡn		rule	LOW	alef-default	G
בקי	1	bki		rule	MED		G
"תשי""ד"	1	tuf ʃin jid dˈuləd	tuf ʃin jit dˈulət	rule	LOW	letter-names	A
צדקת	1	ʦˈɛdajkəs	ʦˈɛdejkəs	rule	LOW	printed-respelling	L
ווייסמאנדל	1	vˈajsmandl		rule	LOW	alef-default	G
באגריסט	1	baɡrˈist		rule	LOW	alef-default	G
געשעצט	1	ɡəʃˈɛʦt		rule	MED		G
לומד'ישע	1	lˈimdiʃə		rule	MED		G
מלומדת	1	məlˈimədəs	məlˈumədəs	rule	LOW	printed-respelling	L
געשוינט	1	ɡəʃˈɔjnt		rule	MED		G
גערטנער	1	ɡərtnˈɛr		rule	MED		G
ניינע	1	nˈajnə		rule	MED		G
יודל'ס	1	jidls		rule	MED		G
זוכסטו	1	zˈixsti		rule	MED		G
ביטע	1	bˈitə		lexicon	HIGH		G
ארויסגעוואקסן	1	arˈoʊzɡəvaksn		rule	LOW	alef-default	G
שטייער	1	ʃtˈajər		rule	MED		G
גערנטער	1	ɡərntˈɛr		rule	MED		G
געוואקט	1	ɡəvˈakt		rule	LOW	alef-default	G
לובלין	1	lˈiblin		rule	MED		G
באהשער	1	baʃˈɛr		rule	LOW	alef-default	G
"י""א"	1	jid ˈaləf	jit ˈaləf	rule	LOW	letter-names	A
נאסאדער	1	nˈasadər		rule	LOW	alef-default	G
אויסצומעקן	1	ˈoʊsʦiməkn		rule	LOW	alef-default	G
יאנקל	1	jankl		rule	LOW	alef-default	G
געלבמאן	1	ɡəlbmˈan		rule	LOW	alef-default	G
מעל	1	mɛl		rule	MED		G
קארטאפל	1	kˈartafl		rule	LOW	alef-default,pe-default	G
אויסרייסן	1	ˈoʊsrajsn		rule	LOW	alef-default	G
כרחך	1	kurxˈaxu	kurəxˈaxu	rule	LOW	sefaria-pointed	L
מחה	1	mˈuxə	mˈɔxə	rule	LOW	printed-respelling	L
תמחה	1	tˈimxɛ	tˈimxə	rule	LOW	model-pointed-guess	L
אומאנקלען	1	ˈimanklən		rule	LOW	alef-default	G
ביינער	1	bˈajnər		rule	MED		G
מאנקאטש	1	mˈankaʧ		rule	LOW	alef-default	G
נייטרא	1	nˈajtra		rule	LOW	alef-default	G
נתחדש	1	nisxˈadaʃ		rule	LOW	model-pointed-guess	L
מרחיב	1	mˈarxiv	mˈarxif	rule	LOW	sefaria-pointed	L
אשמנו	1	ˈaʃmni		rule	LOW	alef-default	G
בגדנו	1	bɡdni		rule	MED		G
ציטערדיג	1	ʦˈitərdiɡ	ʦˈitərdik	rule	MED		G
בכתרו	1	bxsri		fallback	LOW	lk-fallback	L
אויסדערוועלט	1	ˈoʊzdərvəlt		rule	LOW	alef-default	G
פרייגיש	1	frˈajɡiʃ		rule	LOW	pe-default	G
הודנו	1	hˈidni		rule	MED		G
גאלדקלאנג	1	ɡˈaldklanɡ	ɡˈaldklank	rule	LOW	alef-default	G
מוזיקאלישער	1	mˈizikaliʃər		rule	LOW	alef-default	G
ארענדזשמענטס	1	arənʤmˈɛnʦ		rule	LOW	alef-default	G
ברעס	1	brɛs		rule	MED		G
אויסגערעדט	1	ˈoʊzɡərədt		rule	MED	prefix-rescue:gold+אויסגע	G
וזאת	1	vzɔjs	vəzˈɔjs	rule	LOW	sefaria-pointed	L
מות	1	mˈuvɛs	mus	rule	LOW	audio-homograph	L
תיבות'ן	1	tˈajvɔjsn	tˈajvɔjsən	rule	LOW	model-pointed-guess	L
בהיסח	1	bəhˈɛjsajx		rule	LOW	model-pointed-guess	L
העלן	1	hɛln		rule	MED		G
פלוצלונג	1	plˈiʦlinɡ	plˈiʦlink	lexicon	MED	audio-pe	G
היסח	1	hajsx		rule	LOW	model-pointed-guess	L
רחמיו	1	raxˈamujv	raxˈamujf	rule	LOW	sefaria-pointed	L
וחסדיו	1	vaxasˈudujv	vaxasˈudujf	rule	LOW	sefaria-pointed	L
הודאה	1	hˈida		rule	LOW	alef-default	G
טובת	1	tˈɔjvas		rule	LOW	sefaria-pointed	L
מ'דרייט	1	mdrajt		rule	MED	clitic	G
ארויסשרייבן	1	arˈoʊsʃraːbn		rule	MED	prefix-rescue:gold+ארויס	G
קרבנות	1	kˈurbnɔjs	kˈurəbnɔjs	rule	LOW	sefaria-pointed	L
ונשלמה	1	ˈinʃlmə		rule	MED		G
פרים	1	frim		rule	LOW	pe-default	G
שפתינו	1	sfusˈajni	səfusˈajnu	rule	LOW	sefaria-pointed	L
העוסק	1	hˈɛisk		rule	MED		G
בתורת	1	bsˈɔjras	bəsˈɔjras	rule	LOW	sefaria-pointed	L
הקריב	1	hkrib	hkrip	rule	MED		G
מעביר	1	məbˈir		rule	MED		G
אפגעקומען	1	ˈupɡəkimən		rule	MED	prefix-rescue:gold+אפגע	G
מילער	1	mˈilər		rule	MED		G
מרושע	1	mrˈiʃə		rule	MED		G
אנטיסעמיט	1	ˈantisəmit		rule	LOW	alef-default	G
טשארט	1	ʧart		rule	LOW	alef-default	G
גאל	1	ɡal		rule	LOW	alef-default	G
מ'ציטערט	1	mʦˈitərt		rule	MED	clitic	G
משונה	1	mʃˈinə		rule	MED		G
אנשעלע	1	ˈanʃələ		rule	LOW	alef-default	G
תקח	1	tˈikax		rule	LOW	sefaria-pointed	L
לזקן	1	lzˈukajn	ləzˈukajn	rule	LOW	sefaria-pointed	L
ונער	1	ˈinər		rule	MED		G
יחון	1	jəxˈavn		rule	LOW	sefaria-pointed+suffix	L
שטרענגע	1	ʃtrˈɛnɡə		rule	MED		G
שטרענגער	1	ʃtrˈɛnɡər		rule	MED		G
געשמירט	1	ɡəʃmˈirt		rule	MED		G
נשיאת	1	nʃˈias		fallback	LOW	alef-default,lk-fallback	L
לקיחת	1	lkixs		fallback	LOW	lk-fallback	L
השוחד	1	haʃˈɔjxad	haʃˈɔjxat	rule	LOW	model-pointed-guess	L
ידאה	1	ˈida		rule	LOW	alef-default	G
הנשר	1	hnʃr		fallback	LOW	lk-fallback	L
שטראף	1	ʃtruf		lexicon	MED	audio-vowel	G
גער	1	ɡɛr		rule	MED		G
זשיד	1	ʒid	ʒit	rule	MED		G
גדיא	1	ɡdˈia		rule	LOW	alef-default	G
קאמאושן	1	kˈamiʃn		rule	LOW	alef-default	G
ס'וואקט	1	svakt		rule	LOW	clitic	G
יענה	1	jˈɛnə		rule	MED		G
שוחט	1	ʃˈɔjxət		lexicon	HIGH		L
גסות	1	ɡsis		fallback	LOW	lk-fallback	L
בהמות	1	bəhˈajmɔjs		rule	LOW	lk-proclitic-pointed:model-pointed-guess	L
עומק	1	imk		rule	MED		G
אהערגעשיקט	1	ahˈɛrɡəʃikt		rule	LOW	alef-default	G
מ'פארשטייט	1	mfarʃtˈajt		rule	MED	clitic	G
חלש'ן	1	xlʃn		fallback	LOW	lk-fallback	L
טאש	1	taʃ		rule	LOW	alef-default	G
מ'שרייט	1	mʃrajt		rule	MED	clitic	G
באקלאגן	1	baklˈaɡn		rule	LOW	alef-default	G
צודרייט	1	ʦˈidrajt		rule	MED		G
מקוש	1	mkiʃ		rule	MED		G
תתפלל	1	sfll		fallback	LOW	pe-default,lk-fallback	L
פלא'דיגע	1	flˈadiɡə		rule	LOW	alef-default,pe-default	G
פיניש	1	fˈiniʃ		rule	LOW	pe-default	G
ווערסט	1	vɛrst		rule	MED		G
עקט	1	ɛkt		rule	MED		G
פרעמישלאן	1	prˈɛmiʃlan		lexicon	MED	audio-pe	G
פרעמישלאנער	1	frəmiʃlˈanər		rule	LOW	alef-default,pe-default	G
פייגל	1	fajɡl		rule	LOW	pe-default	G
אויפעסן	1	ˈoʊfəsn		rule	MED	prefix-rescue:gold+אויפ	G
דערשרעקט	1	dərʃrˈɛkt		rule	MED		G
נבל	1	nˈuvəl	nˈuvɛl	rule	LOW	model-pointed-guess	L
נֵבֶל	1	nˈajvəl		rule	LOW	lk-fallback	L
וְכִנּוֹר	1	vxˈinɔjr		rule	MED		G
ס'געבט	1	sɡɛbt		rule	MED	clitic	G
פארלענגונג	1	farlˈɛnɡinɡ	farlˈɛnɡink	rule	LOW	alef-default,pe-default	G
פארלענגערט	1	farlˈɛnɡərt		rule	LOW	alef-default,pe-default	G
מקטרג	1	məkˈatrəɡ	məkˈatrək	rule	LOW	printed-respelling	L
לויטערע	1	lˈɔjtərə		rule	MED		G
"מהר""ל"	1	mahˈaral		lexicon	LOW	acronym-word	A
מפראג	1	mfraɡ	mfrak	rule	LOW	alef-default,pe-default	G
יוסף'לע	1	jˈisflə		rule	LOW	pe-default	G
אוסטילא	1	ˈistila		rule	LOW	alef-default	G
מרדכי'לע	1	mrdxˈilə		rule	MED		G
מנעשכיז	1	mnˈɛʃxiz	mnˈɛʃxis	rule	MED		G
האנשטעטער	1	hˈanʃtətər		rule	LOW	alef-default	G
מאנא	1	mˈana		rule	LOW	alef-default	G
ארעינדזשמענטס	1	arˈaːnʤmənʦ		rule	LOW	alef-default	G
לאלוקי	1	lˈaliki		rule	LOW	alef-default	G
יזמרו	1	ˈizmri		rule	MED		G
לרוכבו	1	lrˈixbi		rule	MED		G
ועז	1	ˈiəz	ˈiəs	rule	MED		G
ובאו	1	ˈibi		rule	LOW	alef-default	G
לחצרותיו	1	lxʦrˈisji		fallback	LOW	lk-fallback	L
השתחוו	1	hʃsxv		fallback	LOW	lk-fallback	L
בהדרת	1	bhdrs		fallback	LOW	lk-fallback	L
קדש	1	kˈɔjdəʃ	kˈɔjdɛʃ	rule	LOW	model-pointed-guess	L
מפניו	1	mfnji		rule	LOW	pe-default	G
בל	1	bal		rule	LOW	sefaria-pointed	L
תמוט	1	smit		fallback	LOW	lk-fallback	L
ידין	1	ˈidin		rule	MED		G
במישרים	1	bmˈiʃrim		rule	MED		G
ישמחו	1	jˈismxi	jˈisməxu	rule	LOW	model-pointed-guess	L
ותגל	1	vsˈuɡajl	vəsˈuɡajl	rule	LOW	sefaria-pointed	L
ירעם	1	ˈirəm		rule	MED		G
הים	1	him		rule	MED		G
ומלאו	1	ˈimli		rule	LOW	alef-default	G
יעלז	1	jɛlz	jɛls	rule	MED		G
שדי	1	ʒdi		rule	MED		G
ירננו	1	ˈirnni		rule	MED		G
עצי	1	ˈɛʦi		rule	MED		G
יער	1	jɛr		rule	MED		G
לשפט	1	lʃpt		fallback	LOW	pe-default,lk-fallback	L
ישפט	1	iʃpt		rule	LOW	pe-default	G
בצדק	1	bʦˈɛdək	bəʦˈɛdɛk	rule	LOW	sefaria-pointed	L
ועמים	1	ˈiəmim		rule	MED		G
באמונתו	1	bɛɛmunˈusɔj		rule	LOW	sefaria-pointed	L
זונינו	1	zˈinini		rule	MED		G
רואיך	1	rˈiaːx		rule	LOW	alef-default	G
אלוהי	1	ˈalihi		rule	LOW	alef-default	G
בקדושים	1	bkdˈiʃim		rule	MED		G
בעקל	1	bɛkl		rule	MED		G
אונטערשטן	1	ˈintərʃtn		rule	LOW	alef-default	G
ס'דרייט	1	sdrajt		rule	MED	clitic	G
אמרות	1	ˈamris		fallback	LOW	alef-default,lk-fallback	L
טהורות	1	təhˈɔjrɔjs		rule	LOW	sefaria-pointed	L
געדארשנט	1	ɡədˈarʃnt		rule	LOW	alef-default	G
במעשיהם	1	bmˈɛʃim		rule	MED		G
פוסט	1	fist		rule	LOW	pe-default	G
באשאפט	1	baʃˈaft		rule	LOW	alef-default,pe-default	G
בריאה	1	brˈia		rule	LOW	alef-default	G
באשאף	1	baʃˈaf		rule	LOW	alef-default,pe-default	G
תוכו	1	tˈɔjxɔj		rule	LOW	sefaria-pointed	L
אכל	1	axl		rule	LOW	alef-default	G
וקליפתו	1	ˈiklifsi		fallback	LOW	pe-default,lk-fallback	L
דרשנ'ט	1	dˈarʃant		rule	LOW	model-pointed-guess	L
אוועקגעווארפן	1	avˈɛkɡəvarfn		rule	LOW	alef-default,pe-default	G
געטויגט	1	ɡətˈɔjɡt		rule	MED		G
אויסצוקלויבן	1	ˈoʊsʦiklɔjbn		rule	LOW	alef-default	G
ארויסקלויבן	1	arˈoʊsklɔjbn		rule	LOW	alef-default	G
התפיסה	1	hatfˈisə		rule	LOW	lk-proclitic:audio-endorsed+ה	L
באשיינט	1	baʃˈajnt		rule	LOW	alef-default	G
פושעי	1	fˈiʃaj		rule	LOW	pe-default	G
קליפתו	1	klˈifsi		fallback	LOW	pe-default,lk-fallback	L
בראש	1	braʃ		rule	LOW	alef-default	G
באי	1	baː		rule	LOW	alef-default	G
יעברו	1	jˈɛbri		rule	MED		G
בובות	1	bˈibis		fallback	LOW	lk-fallback	L
דעלישעס	1	dˈɛliʃəs		rule	MED		G
הרת	1	hˈaras		rule	LOW	sefaria-pointed	L
התחזקות	1	hsxzkis		fallback	LOW	lk-fallback	L
כבולעו	1	xbˈiləi		rule	MED		G
פולטו	1	fˈilti		rule	LOW	pe-default	G
גיטאר	1	ɡˈitar		rule	LOW	alef-default	G
טשילן	1	ʧiln		rule	MED		G
בשת	1	bʃs		fallback	LOW	lk-fallback	L
בדוחק	1	bədˈɔjxək		rule	LOW	lk-proclitic-pointed:printed-respelling	L
איבערצוזאגן	1	ˈibərʦizaɡn		rule	LOW	alef-default	G
אזעלכי	1	ˈazəlxi		rule	LOW	alef-default	G
גערעכטער	1	ɡərˈɛxtər		rule	MED		G
אויסצורעכענען	1	ˈoʊsʦirəxənən		rule	LOW	alef-default	G
אויסגע'טענה'ט	1	ˈoʊzɡətənht		rule	LOW	alef-default	G
איבערפארציילט	1	ˈibərfarʦajlt		rule	LOW	alef-default,pe-default	G
מיש	1	miʃ		rule	MED		G
תחל	1	tˈuxajl		rule	LOW	model-pointed-guess	L
לוחות	1	lˈixɔjs	lˈuxɔjs	rule	LOW	model-pointed-guess	L
שרייבסטו	1	ʃrˈajbsti		rule	MED		G
וואזנער	1	vˈaznər		rule	LOW	alef-default	G
וְעָרְפְּכֶם	1	vˈurpxəm		rule	MED		G
תַקְשׁוּ	1	sˈakʃi		rule	LOW	lk-fallback	L
פארשטאפקייט	1	farʃtˈafkaːt		rule	LOW	alef-default,pe-default	G
לְאַהֲבָה	1	lˈahavə		rule	MED		G
שֹׁאֵל	1	ʃajl		rule	MED		G
מֵעִמָּךְ	1	mˈimux		rule	MED		G
רעזערוו	1	rˈɛzərv	rˈɛzərf	rule	MED		G
יוצאת	1	jˈɔjʦajs		rule	LOW	sefaria-pointed	L
קיצל	1	kiʦl		rule	MED		G
חמעלניק	1	xmˈɛlnik		fallback	LOW	lk-fallback	L
בסליחות	1	bəslˈixis		rule	LOW	lk-proclitic:audio-endorsed+ב	L
חלשות	1	xalˈuʃɔjs		rule	LOW	model-pointed-guess	L
באנומען	1	banˈimən		rule	LOW	alef-default	G
קאסוב	1	kˈasib	kˈasip	rule	LOW	alef-default	G
תָּמִים	1	tˈumim		rule	LOW	lk-fallback	L
תִּהְיֶה	1	tˈihə		rule	LOW	lk-fallback	L
עִם	1	ejm	am	lexicon	HIGH		L
ליובאוויטש	1	ljˈibaviʧ		rule	LOW	alef-default	G
ארענדע	1	ˈarəndə		rule	LOW	alef-default	G
קרעטשמע	1	krˈɛʧmə		rule	MED		G
ליידיגייערס	1	lˈajdiɡajərs		rule	MED		G
געשפילט	1	ɡəʃpˈilt		rule	LOW	pe-default	G
קארטן	1	kurtn		lexicon	MED	audio-vowel	G
לצים	1	lʦim		rule	MED		G
טשעווערגויס	1	ʧˈɛvərɡɔjs		rule	MED		G
טרינקסט	1	trinkst		rule	MED		G
ניינציגער	1	nˈajnʦiɡər		rule	MED		G
אנגע'שכור'ט	1	ˈanɡəʃxirt		rule	LOW	alef-default	G
איינזעצן	1	ˈajnzəʦn		rule	LOW	alef-default	G
אנגע'יאפעצט	1	ˈanɡajafəʦt		rule	LOW	alef-default,pe-default	G
כטוב	1	xtib	xtip	rule	MED		G
ביין	1	bajn		rule	MED		G
איינגעשלאפן	1	ˈaːnɡəʃlufn		rule	MED	prefix-rescue:word-latin+איינגע	G
דערוועקן	1	dərvˈɛkn		rule	MED		G
בארבענע	1	barbˈɛnə		rule	LOW	alef-default	G
באטלעך	1	batlˈɛx		rule	LOW	alef-default	G
אנעים	1	ˈanajm		rule	LOW	alef-default	G
איינפלוס	1	ˈajnflis		rule	LOW	alef-default,pe-default	G
צושריי	1	ʦˈiʃraj		rule	MED		G
הקפות	1	hakˈufɔjs		rule	LOW	model-pointed-guess	L
שמייכלטס	1	ʃmajxlʦ		rule	MED		G
הארעוואניע	1	hˈarəvaniə		rule	LOW	alef-default	G
מ'הארעוועט	1	mhˈarəvət		rule	LOW	clitic	G
קדוש	1	kdiʃ		rule	MED		G
איינזען	1	ˈaːnzejn		rule	MED	prefix-rescue:gold+איינ	G
באהושער	1	bahˈiʃər		rule	LOW	alef-default	G
וויז'ניצער	1	vˈizniʦər		rule	MED		G
צארן	1	ʦarn		rule	LOW	alef-default	G
מ'דערמאנט	1	mdərmˈant		rule	LOW	clitic	G
מ'שטופט	1	mʃtift		rule	LOW	clitic	G
ובבן	1	ibn		rule	MED		G
הנעקד	1	hnɛkd	hnɛkt	rule	MED		G
ישבית	1	ˈiʒbis		fallback	LOW	lk-fallback	L
מדיננו	1	mdˈinni		rule	MED		G
ויום	1	ˈɔjim		rule	MED		G
הזכרון	1	hzxrin		rule	MED		G
וזרעו	1	ˈizrəi		rule	MED		G
"כ""ג"	1	xuf ɡiml		rule	LOW	letter-names	A
סטרעליסקער	1	strˈɛliskər		rule	MED		G
איבערפארציילן	1	ˈibərfarʦajln		rule	LOW	alef-default,pe-default	G
אהיימפארן	1	ahˈajmfarn		rule	LOW	alef-default,pe-default	G
סנגורן	1	snɡirn		rule	MED		G
מיכל'ע	1	mˈixlə		rule	MED		G
זלאטשובער	1	zlˈaʧibər		rule	LOW	alef-default	G
ושרפים	1	ˈiʃrfim		rule	LOW	pe-default	G
מליצי	1	mlˈiʦi		rule	MED		G
ראזענבלאט	1	rˈazənblat		rule	LOW	alef-default	G
מורא'דיגער	1	mˈiradiɡər		rule	LOW	alef-default	G
קאמפאזער	1	kˈamfazər		rule	LOW	alef-default,pe-default	G
חזן	1	xˈazan		rule	LOW	sefaria-pointed	L
החזנים	1	haxazˈunim		rule	LOW	model-pointed-guess	L
קאמפאזיציעס	1	kˈamfaziʦiəs		rule	LOW	alef-default,pe-default	G
ועבור	1	iəbˈir		rule	MED		G
דבם	1	dbm		fallback	LOW	lk-fallback	L
בלילה	1	blˈilə		rule	MED		G
הושיענו	1	hˈiʃiəni		rule	MED		G
ברצון	1	brʦin		rule	MED		G
ככל	1	kxul	kəxˈul	rule	LOW	model-pointed-guess	L
הרנה	1	hurˈinə		rule	LOW	lk-proclitic-pointed:sefaria-pointed	L
שיינקייט	1	ʃˈajnkaːt		rule	MED		G
רעקארדינג	1	rˈɛkardinɡ	rˈɛkardink	rule	LOW	alef-default	G
אלבום	1	ˈalbim		rule	LOW	alef-default	G
מעם	1	mɛm		rule	MED		G
דל	1	dul		rule	LOW	model-pointed-guess	L
ורעב	1	ˈirəb	ˈirəp	rule	MED		G
בנינים	1	bnˈinim		rule	MED		G
טעילאר	1	tˈajlar		rule	LOW	alef-default	G
סטריט	1	strit		rule	MED		G
רבינ'ס	1	rbins		rule	MED		G
הסדרים	1	hzdrim		rule	MED		G
געלופטערט	1	ɡəlˈiftərt		rule	LOW	pe-default	G
אויסמשל'ן	1	oʊsmʃln		fallback	LOW	alef-default,vowel-ratio	G
אלגעמיינעם	1	ˈalɡəmajnəm		rule	LOW	alef-default	G
געשטעל	1	ɡəʃtˈɛl		rule	MED		G
צוגערופן	1	ʦˈiɡərifn		rule	MED	prefix-rescue:gold+צוגע	G
פריינטליכן	1	frˈajntləxn		rule	LOW	pe-default	G
רעספעקטירט	1	rˈɛsfəktirt		rule	LOW	pe-default	G
איינגעלאדנט	1	ˈajnɡəladnt		rule	LOW	alef-default	G
חופות	1	xˈipɔjs	xˈupɔjs	rule	LOW	model-pointed-guess	L
גרענד	1	ɡrɛnd	ɡrɛnt	rule	MED		G
פאראדייס	1	farˈadajs		rule	LOW	alef-default,pe-default	G
יארגאנג	1	jˈarɡanɡ	jˈarɡank	rule	LOW	alef-default	G
באסעס	1	basˈɛs		rule	LOW	alef-default	G
בידידות	1	bidˈidis	bidˈidus	rule	LOW	model-pointed-guess	L
טענקער	1	tˈɛnkər		rule	MED		G
יוסעלע	1	jˈisələ		rule	MED		G
פארקער	1	farkˈɛr		rule	LOW	alef-default,pe-default	G
וויינשטאק	1	vˈajnʃtak		rule	LOW	alef-default	G
מילמאט	1	mˈilmat		rule	LOW	alef-default	G
חסיד'יש	1	xˈusidiʃ		rule	LOW	lk-fallback	L
מיטגעפארן	1	mˈitɡəfarn		rule	LOW	alef-default,pe-default	G
געדאכט	1	ɡədˈaxt		rule	LOW	alef-default	G
אכטע	1	ˈaxtə		rule	LOW	alef-default	G
צייכן	1	ʦajxn		rule	MED		G
אפטרעטן	1	ˈapatərətn		rule	LOW	alef-default,pe-default	G
סטאפ	1	staf		rule	LOW	alef-default,pe-default	G
הלכה'דיגע	1	haluxuhdˈiɡɛ		rule	LOW	model-pointed-guess	L
וויכוח	1	vvikˈuxa		rule	LOW	model-pointed-guess	L
נדה	1	nˈidə	nˈidu	rule	LOW	sefaria-pointed	L
ארומגעהאמפערט	1	arˈimɡəhamfərt		rule	LOW	alef-default,pe-default	G
פראקטיש	1	frˈaktiʃ		rule	LOW	alef-default,pe-default	G
פראקטישקייט	1	frˈaktiʃkaːt		rule	LOW	alef-default,pe-default	G
פסק'ען	1	pˈaskən		rule	LOW	pe-default	G
איינגעדרימלט	1	ˈajnɡədrimlt		rule	LOW	alef-default	G
יהי	1	ˈihi		rule	MED		G
וויידעסלאווער	1	vˈajdəslavər		rule	LOW	alef-default	G
מנינים	1	mnˈinim		rule	MED		G
יעקיש	1	jˈɛkiʃ		rule	MED		G
גבאי'ן	1	ɡbaːn		rule	LOW	alef-default	G
בעולם	1	bˈɛilm		rule	MED		G
ראזינער'ס	1	rˈazinərs		rule	LOW	alef-default	G
שיינער	1	ʃˈajnər		rule	MED		G
נאכגעפארשט	1	nˈaxɡəfarʃt		rule	LOW	alef-default,pe-default	G
איטאליע	1	ˈitaliə		rule	LOW	alef-default	G
חלזון	1	xilˈuzɔjn		rule	LOW	sefaria-pointed	L
סדרי	1	zdri		rule	MED		G
טהרות	1	təhˈurɔjs		rule	LOW	model-pointed-guess	L
אריינגעזינגען	1	arˈaːnɡəzinɡən		rule	LOW	alef-default	G
אריינצוזינגען	1	arˈaːnʦizinɡən		rule	LOW	alef-default	G
ובנו	1	ˈibni		rule	MED		G
מסיעא	1	msˈiəa		rule	LOW	alef-default	G
חיים'ס	1	xajms		rule	LOW	lk-fallback	L
פשט'ל	1	pʃutl	pəʃˈutəl	rule	LOW	model-pointed-guess	L
טיילט	1	tajlt		rule	MED		G
אומגעוואשן	1	ˈimɡəvaʃn		rule	LOW	alef-default	G
רביצין	1	rbˈiʦin		rule	MED		G
געבאקסט	1	ɡəbˈakst		rule	LOW	alef-default	G
געבאקט	1	ɡəbˈakt		rule	LOW	alef-default	G
געבאקס	1	ɡəbˈaks		rule	LOW	alef-default	G
טארט	1	tart		rule	LOW	alef-default	G
קעיק	1	kajk		rule	MED		G
געבעקס	1	ɡəbˈɛks		rule	MED		G
אויפגעשניטן	1	ˈɔjfɡəʃnitn		rule	LOW	alef-default,pe-default	G
מביאים	1	mbˈiaːm		rule	LOW	alef-default	G
רביש	1	rbiʃ		rule	MED		G
געוואוינהייט	1	ɡəvˈɔjnhaːt		rule	LOW	alef-default	G
אויפשניידן	1	ˈɔjfʃnajdn		rule	LOW	alef-default,pe-default	G
כנראה	1	xnra		rule	LOW	alef-default	G
געוואשן	1	ɡəvˈaʃn		rule	LOW	alef-default	G
וועמענס	1	vˈɛməns		rule	MED		G
שטאפענעם	1	ʃtˈafənəm		rule	LOW	alef-default,pe-default	G
קאפעלעטש	1	kˈafələʧ		rule	LOW	alef-default,pe-default	G
שכיה	1	ʃxi		rule	MED		G
פרייליך	1	frˈajləx		rule	LOW	pe-default	G
אונזערער	1	ˈinzərər		rule	LOW	alef-default	G
פיינער	1	fˈajnər		rule	LOW	pe-default	G
תמימות'דיגער	1	smˈimizdiɡər		fallback	LOW	lk-fallback	L
כאפל	1	xafl		rule	LOW	alef-default,pe-default	G
ובשמחה	1	ivasˈimxə	uvasˈimxu	rule	LOW	sefaria-pointed	L
קאפליטש	1	kˈafliʧ		rule	LOW	alef-default,pe-default	G
ס'מיר	1	smir		rule	MED	clitic	G
אויסלעכענען	1	ˈoʊsləxənən		rule	LOW	alef-default	G
פטן	1	ftən		rule	LOW	model-pointed-guess	L
סצענעס	1	sʦˈɛnəs		rule	MED		G
אפגעדאוונט	1	ˈɔpɡədavnt		rule	LOW	alef-default,pe-default	G
אריבערפארן	1	ˈaribərfarn		rule	LOW	alef-default,pe-default	G
אלטן	1	altn		rule	LOW	alef-default	G
היפשע	1	hˈifʃə		rule	LOW	pe-default	G
שטיפעניש	1	ʃtˈifəniʃ		rule	LOW	pe-default	G
שטופן	1	ʃtifn		rule	LOW	pe-default	G
מספר	1	mˈispur		rule	LOW	lk-proclitic-pointed:model-pointed-guess	L
אהיימגעפארן	1	ahˈajmɡəfarn		rule	LOW	alef-default,pe-default	G
ישר	1	iʃr		rule	MED		G
זיידנ'ס	1	zajdns		rule	MED		G
בענקעניש	1	bˈɛnkəniʃ		rule	MED		G
דוגמתו	1	dˈiɡmsi		fallback	LOW	lk-fallback	L
אנרופן	1	ˈunrifn		rule	MED	prefix-rescue:gold+אנ	G
פוטבאל	1	fˈitbal		rule	LOW	alef-default,pe-default	G
מ'ציילט	1	mʦajlt		rule	MED	clitic	G
מ'שאקלט	1	mʃaklt		rule	LOW	clitic	G
מספרים	1	msfrim		rule	LOW	pe-default	G
שאקלען	1	ʃˈaklən		rule	LOW	alef-default	G
מיטגעווען	1	mˈitɡəvən		rule	MED	prefix-rescue:gold+מיטגע	G
בעלמא	1	bˈɛlma		rule	LOW	alef-default	G
סטראוק	1	strik		rule	LOW	alef-default	G
"תשל""א"	1	tuf ʃin lˈaməd ˈaləf	tuf ʃin lˈamət ˈaləf	rule	LOW	letter-names	A
היבנובער	1	hˈibnibər		rule	MED		G
טישל	1	tiʃl		rule	MED		G
שרייבטיש	1	ʃrˈajbtiʃ		rule	MED		G
פראפיל	1	frˈafil		rule	LOW	alef-default,pe-default	G
התבטלות	1	hzbtlis		fallback	LOW	lk-fallback	L
גערוקט	1	ɡərˈikt		rule	MED		G
אפשטאם	1	ˈafʃtam		rule	LOW	alef-default,pe-default	G
הנהגות	1	hanhˈuɡɔjs		rule	LOW	model-pointed-guess	L
מנהגים	1	mnhɡim		rule	MED		G
כהוגן	1	xhiɡn		rule	MED		G
נמלין	1	nmlin		rule	MED		G
ערינערונגען	1	ˈɛrinərinɡən		rule	MED		G
זכרונות	1	zixrˈɔjnɔjs		rule	LOW	sefaria-pointed	L
אנוואונטשעכץ	1	ˈanvinʧəxʦ		rule	LOW	alef-default	G
"כ""ו"	1	xuf vuv	xuf vuf	rule	LOW	letter-names	A
"תש""ט"	1	tuf ʃin tɛs		rule	LOW	letter-names	A
בעקערטאון	1	bəkˈɛrtin		rule	LOW	alef-default	G
ראוד	1	rid	rit	rule	LOW	alef-default	G
עזר	1	ɛzr		rule	MED		G
פארצייטישטיגער	1	farʦˈajtiʃtiɡər		rule	LOW	alef-default,pe-default	G
אריינטראכטן	1	arˈaːntraxtn		rule	LOW	alef-default	G
אויפפאסן	1	ˈɔjfasn		rule	LOW	alef-default,pe-default	G
אשכנזי	1	ˈaʃxnzi		rule	LOW	alef-default	G
אויסגעהאלפן	1	ˈoʊzɡəhalfn		rule	LOW	alef-default,pe-default	G
פארשטענדיגן	1	farʃtˈɛndiɡn		rule	LOW	alef-default,pe-default	G
פארמאכן	1	farmˈaxn		rule	MED	prefix-rescue:gold+פאר	G
צופיליג	1	ʦˈifiliɡ	ʦˈifilik	rule	LOW	pe-default	G
סייעתא	1	sajajaˈusu		rule	LOW	model-pointed-guess	L
פיינעם	1	fˈajnəm		rule	LOW	pe-default	G
פארגעשעדט	1	farɡəʃˈɛdt		rule	LOW	alef-default,pe-default	G
אינטערעסאנטסטע	1	ˈintərəsanʦtə		rule	LOW	alef-default	G
צוהעלפן	1	ʦˈihəlfn		rule	MED	prefix-rescue:gold+צו	G
אריינשרייען	1	arˈaːnʃrajən		rule	LOW	alef-default	G
אריינגעקוקט	1	arˈaːnɡəkikt		rule	MED	prefix-rescue:gold+אריינגע	G
אפגעשמועסט	1	ˈɔpɡəʃmiəst		rule	LOW	alef-default,pe-default	G
אויפפאלנד	1	ˈɔjfalnd	ˈɔjfalnt	rule	LOW	alef-default,pe-default	G
עטרה	1	ˈɛtrə		rule	MED		G
ליושנה	1	ljˈiʃnə		rule	MED		G
בשעתו	1	biʃˈusɔj		rule	LOW	sefaria-pointed	L
אוועקגעהייבן	1	avˈɛkɡəhajbn		rule	LOW	alef-default	G
רחל'ן	1	rxln		fallback	LOW	lk-fallback	L
געזעגעניש	1	ɡəzˈɛɡəniʃ		rule	MED		G
התרגשות'דיגע	1	hsrɡʃˈizdiɡə		fallback	LOW	lk-fallback	L
געשעעניש	1	ɡəʃˈɛəniʃ		rule	MED		G
שפיגל	1	ʃpiɡl		rule	LOW	pe-default	G
מגין	1	mɡin		rule	MED		G
בגנים	1	bɡnim		rule	MED		G
ומרומם	1	ˈimrimm		rule	MED		G
רויחי	1	rvˈixaj	rəvˈixaj	rule	LOW	sefaria-pointed	L
חצקל	1	xɛʦkl	xˈɛʦkəl	rule	LOW	model-pointed-guess	L
לעווינשטיין	1	lˈɛvinʃtajn		rule	MED		G
אויסרופן	1	ˈoʊsrifn		rule	MED	prefix-rescue:gold+אויס	G
יעדעס	1	jˈɛdəs		rule	MED		G
פאנאוועזשער	1	fˈanavəʒər		rule	LOW	alef-default,pe-default	G
"בי""ת"	1	bajs		rule	LOW	letter-name-word	A
"תי""ו"	1	tuf		rule	LOW	letter-name-word	A
"רי""ש"	1	rajʃ		rule	LOW	letter-name-word	A
וממילא	1	ˈimmila		rule	LOW	alef-default	G
שמחתכם	1	simxˈasxəm	simxˈasxɛm	rule	LOW	sefaria-pointed	L
השבתות	1	hʃˈabəsis		rule	LOW	lk-fallback	L
תיקוני	1	tikˈinaj	tikˈunaj	rule	LOW	model-pointed-guess	L
יפה	1	ˈifə		rule	LOW	pe-default	G
ומתקבלת	1	imskbls		fallback	LOW	lk-fallback	L
עמוקות	1	amˈikɔjs	amˈukɔjs	rule	LOW	model-pointed-guess	L
אזניך	1	ˈaznix		rule	LOW	alef-default	G
קשובות	1	kʃˈibis		fallback	LOW	lk-fallback	L
שגורה	1	ʒɡˈirə		rule	MED		G
תפלתי	1	sflsi		fallback	LOW	pe-default,lk-fallback	L
עסקינן	1	ˈɛskinn		rule	MED		G
רפואי	1	rfˈiaː		rule	LOW	alef-default,pe-default	G
חולים	1	xvlim		rule	LOW	sefaria-pointed	L
בסבר	1	bəsˈajvɛr	bsˈajvər	rule	LOW	sefaria-pointed	L
יפות	1	jˈufɔjs		rule	LOW	sefaria-pointed	L
צוגעגעבן	1	ʦˈiɡəɡejbn		rule	MED	prefix-rescue:gold+צוגע	G
וואנעט	1	vˈanət		rule	LOW	alef-default	G
נתגלה	1	nisɡˈalu		rule	LOW	model-pointed-guess	L
נדיר	1	ndir		rule	MED		G
מחלת	1	mxls		fallback	LOW	lk-fallback	L
מטפל	1	mitˈapajl		rule	LOW	sefaria-pointed	L
אשל	1	aʃl		rule	LOW	alef-default	G
אנדערהאלבן	1	ˈandərhalbn		rule	LOW	alef-default	G
"נ""ב"	1	nin bajs		rule	LOW	letter-names	A
"נ""ג"	1	nin ɡiml		rule	LOW	letter-names	A
"נ""ד"	1	nin dˈuləd	nin dˈulət	rule	LOW	letter-names	A
בחסדי	1	bəxˈasdaj		rule	LOW	model-pointed-guess	L
ממות	1	mimˈuvɛs		rule	LOW	sefaria-pointed	L
כאחד	1	kˈɛxud	kəˈɛxud|kˈɛxut	rule	LOW	model-pointed-guess	L
מנוסה	1	mnˈisə		rule	MED		G
ממליץ	1	mmliʦ		rule	MED		G
שווייס	1	ʃvajs		rule	MED		G
בזכות	1	bˈizxis		rule	LOW	lk-proclitic-pointed:sefaria-pointed	L
כבתחילה	1	kvatxˈilə	kəvatxˈilu	rule	LOW	model-pointed-guess	L
כחו	1	kˈɔjxɔj		rule	LOW	sefaria-pointed	L
פרעמדן	1	frɛmdn		rule	LOW	pe-default	G
ממעמקי	1	mmˈɛmki		rule	MED		G
צוקער	1	ʦˈikər		rule	MED		G
אוהל	1	il		rule	LOW	alef-default	G
הרבצת	1	hrbʦs		fallback	LOW	lk-fallback	L
התפילה	1	hatfˈilə		rule	LOW	lk-proclitic-pointed:model-pointed-guess	L
מפעם	1	mfɛm		rule	LOW	pe-default	G
לפעם	1	lfɛm		rule	LOW	pe-default	G
במרומיו	1	bmrˈimji		rule	MED		G
סבלנות	1	savlˈunis	savlˈunus	rule	LOW	model-pointed-guess	L
פגישה	1	fɡˈiʃə		rule	LOW	pe-default	G
בינו	1	bˈini		rule	MED		G
לבינו	1	lbˈini		rule	MED		G
מכובד	1	mxibd	mxibt	rule	MED		G
אריינגעריקט	1	arˈaːnɡərikt		rule	LOW	alef-default	G
יגיעה	1	ˈiɡiə		rule	MED		G
לריק	1	lrik		rule	MED		G
מזרז	1	mzˈurajz	məzˈurajz|mzˈurajs	rule	LOW	model-pointed-guess	L
מזריז	1	mzriz	mzris	rule	MED		G
מנהל	1	mnˈahajl	mənˈahajl	rule	LOW	sefaria-pointed	L
הישיבה	1	hˈiʃibə		rule	MED		G
פארבליבן	1	farblˈibn		rule	LOW	alef-default,pe-default	G
בעצמו	1	bˈɛʦmi		rule	MED		G
טשעקס	1	ʧɛks		rule	MED		G
בהרחבה	1	bəharxˈuvə		rule	LOW	lk-proclitic-pointed:printed-respelling	L
ישראל'דיגער	1	ˈiʃraldiɡər		rule	LOW	alef-default	G
ארויסגעפארן	1	arˈoʊzɡəfurn		lexicon	MED	audio-vowel	G
משתפכות	1	mʃsfxis		fallback	LOW	pe-default,lk-fallback	L
פארגינט	1	farɡˈint		rule	LOW	alef-default,pe-default	G
ואופן	1	ˈiifn		rule	LOW	alef-default,pe-default	G
הטשעק	1	hʧɛk		rule	MED		G
ברירות	1	brˈajrɔjs	bərˈajrɔjs	rule	LOW	model-pointed-guess	L
תקווה	1	tˈikvvu		rule	LOW	model-pointed-guess	L
בהשתפכות	1	bhʃsfxis		fallback	LOW	pe-default,lk-fallback	L
געקריגן	1	ɡəkrˈiɡn		rule	MED		G
רעסטוראן	1	rˈɛstiran		rule	LOW	alef-default	G
רעסטאראנטן	1	rˈɛstarantn		rule	LOW	alef-default	G
דינג	1	dinɡ	dink	rule	MED		G
ומבורך	1	ˈimbirx		rule	MED		G
מרן	1	mˈurun		rule	LOW	sefaria-pointed	L
חולי	1	xˈuli	xˈɔjlaj	rule	LOW	audio-homograph	L
זעמיר	1	zəmˈir		rule	MED		G
ושמחתם	1	ismˈaxtəm	usəmˈaxtɛm	rule	LOW	sefaria-pointed	L
היימער	1	hˈajmər		rule	MED		G
אנעם	1	ˈanəm		rule	LOW	alef-default	G
דבדיחותא	1	dibdixˈisu	dibdixˈusu	rule	LOW	model-pointed-guess	L
קרייזן	1	krajzn		rule	MED		G
ראודס	1	rids		rule	LOW	alef-default	G
טינטעד	1	tˈintəd	tˈintət	rule	MED		G
לעלעס	1	lˈɛləs		rule	MED		G
דרייווט	1	drajvt		rule	MED		G
שטעקט	1	ʃtɛkt		rule	MED		G
ענדזשויט	1	ˈɛnʤɔjt		rule	MED		G
וועלדער	1	vˈɛldər		rule	MED		G
שיך	1	ʃix		rule	MED		G
סענדלס	1	sɛndls		rule	MED		G
בארוועס	1	barvˈɛs		rule	LOW	alef-default	G
אללא	1	ˈalla		rule	LOW	alef-default	G
באקלעפטשען	1	baklˈɛfʧən		rule	LOW	alef-default,pe-default	G
לאנדרי	1	lˈandri		rule	LOW	alef-default	G
זינט	1	zint		rule	MED		G
גליקליכע	1	ɡlˈikləxə		rule	MED		G
שעירט	1	ʃajrt		rule	MED		G
שערער	1	ʃˈɛrər		rule	MED		G
בארבער	1	barbˈɛr		rule	LOW	alef-default	G
שערן	1	ʃˈaarn		rule	LOW	printed-respelling+suffix	L
מאשינען	1	mˈaʃinən		rule	LOW	alef-default	G
פינגערס	1	fˈinɡərs		rule	LOW	pe-default	G
קארדל	1	kardl		rule	LOW	alef-default	G
שטיבל	1	ʃtibl		rule	MED		G
ערנסטקייט	1	ˈɛrnəstəkajt		rule	LOW	model-pointed-guess	L
שאינני	1	ʃˈaːnni		rule	LOW	alef-default	G
שותה	1	ʃˈisə		fallback	LOW	lk-fallback	L
להנאת	1	lahanˈuas		rule	LOW	model-pointed-guess	L
גופי	1	ɡˈifi		rule	LOW	pe-default	G
וכלל	1	ixll		rule	MED		G
שהכל	1	ʃəhˈakɔjl	ʃɛhˈakɔjl	rule	LOW	sefaria-pointed	L
נהיה	1	nhi		rule	MED		G
בדברו	1	bdbri		rule	MED		G
אונטערהערן	1	ˈintərhirn		rule	MED	prefix-rescue:gold+אונטער	G
משפחה'ס	1	miʃpˈuxuhs		rule	LOW	model-pointed-guess	L
שנור	1	ʃnir		rule	MED		G
שוועגערין	1	ʃvˈɛɡərin		rule	MED		G
שדים	1	ʒdim		rule	MED		G
פסיק	1	fsik		rule	LOW	pe-default	G
סענטענס	1	sˈɛntəns		rule	MED		G
ירחם	1	jərˈaxajm	jrˈaxajm	rule	LOW	model-pointed-guess	L
זויערע	1	zˈɔjərə		rule	MED		G
פיקלס	1	fikls		rule	LOW	pe-default	G
וואונדערט	1	vˈindərt		rule	LOW	alef-default	G
פתאים	1	fsaːm		fallback	LOW	alef-default,pe-default,lk-fallback	L
נערנים	1	nˈɛrnim		rule	MED		G
טיפשים	1	tˈifʃim		rule	LOW	pe-default	G
קלוגע	1	klˈiɡə		rule	MED		G
לאחר	1	lˈaxar	ləˈaxar	rule	LOW	model-pointed-guess	L
ועשרים	1	ˈiəʃrim		rule	MED		G
אראפשיקן	1	arˈupʃikn		rule	MED	prefix-rescue:gold+אראפ	G
טיפשות	1	tjpəʃˈɔjs		rule	LOW	model-pointed-guess	L
קלאס	1	klas		rule	LOW	alef-default	G
לפנים	1	lfnim		rule	LOW	pe-default	G
קור	1	kir		rule	MED		G
ארט	1	art		rule	LOW	alef-default	G
אויבערלאנד	1	ˈɔjbərland	ˈɔjbərlant	rule	LOW	alef-default	G
תורה'דיגע	1	sˈirhdiɡə		rule	LOW	lk-fallback	L
משקפת	1	mʃkfs		fallback	LOW	pe-default,lk-fallback	L
אפאראט	1	ˈafarat		rule	LOW	alef-default,pe-default	G
מוטשעט	1	mˈiʧət		rule	MED		G
פעולות	1	pəˈilɔjs	pəˈulɔjs	rule	LOW	model-pointed-guess	L
ברילן	1	briln		rule	MED		G
שוואכער	1	ʃvˈaxər		rule	LOW	alef-default	G
עכטס	1	ɛxʦ		rule	MED		G
מרחק	1	mˈɛrxuk		rule	LOW	model-pointed-guess	L
פלעטבושער	1	flˈɛtbiʃər		rule	LOW	pe-default	G
אפעקטירט	1	ˈafəktirt		rule	LOW	alef-default,pe-default	G
אפעקטעד	1	ˈafəktəd	ˈafəktət	rule	LOW	alef-default,pe-default	G
פלעטבוש'ער	1	flˈɛtbiʃər		rule	LOW	pe-default	G
מעור	1	mˈɛir		rule	MED		G
ספיקינג	1	sfˈikinɡ	sfˈikink	rule	LOW	pe-default	G
אויסמענטשט	1	ˈoʊsmənʧt		rule	LOW	alef-default	G
עלטערער	1	ˈɛltərər		rule	MED		G
יונגעלייטלעך	1	jˈinɡəlajtləx		rule	MED		G
אידישער	1	jˈidiʃər		lexicon	HIGH		G
עידזש	1	ajʤ	ajʧ	rule	MED		G
טשעקט	1	ʧɛkt		rule	MED		G
האלטסט	1	halʦt		rule	LOW	alef-default	G
אטאק	1	ˈatak		rule	LOW	alef-default	G
סטענד	1	stɛnd	stɛnt	rule	MED		G
דערקענען	1	dərkˈɛnən		rule	MED	prefix-rescue:gold+דער	G
באטעמ'טער	1	batˈɛmə tɛr		rule	LOW	alef-default	G
געשמאקער	1	ɡəʃmˈakər		rule	LOW	alef-default	G
לעב	1	lɛb	lɛp	rule	MED		G
מעידזשער	1	mˈajʤər		rule	MED		G
לעבעדיגער	1	lˈɛbədiɡər		rule	MED		G
אריינגעווילט	1	arˈaːnɡəvilt		rule	LOW	alef-default	G
אפערעיטינג	1	ˈafərajtinɡ	ˈafərajtink	rule	LOW	alef-default,pe-default	G
ס'לויפט	1	slɔjft		rule	LOW	clitic	G
פארגלעטן	1	farɡlˈɛtn		rule	LOW	alef-default,pe-default	G
עוועפארעיטן	1	ˈɛvəfarajtn		rule	LOW	alef-default,pe-default	G
נטיה	1	nti		rule	MED		G
ארויסצודרייען	1	arˈoʊsʦidrajən		rule	LOW	alef-default	G
צעטעלע	1	ʦətˈɛlə		rule	MED		G
רו	1	ri		rule	MED		G
קראנקע	1	krˈankə		rule	LOW	alef-default	G
אדורכלערנען	1	adˈirxlərnən		rule	LOW	alef-default	G
פארצולערנען	1	farʦˈilərnən		rule	LOW	alef-default,pe-default	G
העצלה	1	hˈɛʦlə		rule	MED		G
לנזקים	1	lnzkim		rule	MED		G
הרבה	1	harbˈajə	hˈarbaj	rule	LOW	sefaria-pointed	L
וסבה	1	ˈizbə		rule	MED		G
להרבה	1	ləharbˈajə		rule	LOW	lk-proclitic:sefaria+ל	L
דעמעדזש	1	dˈɛməʤ	dˈɛməʧ	rule	MED		G
ובמצות	1	ˈibmʦis		fallback	LOW	lk-fallback	L
ובמעשים	1	ˈibməʃim		rule	MED		G
תקרה	1	skrə		fallback	LOW	lk-fallback	L
יתקננו	1	ˈisknni		fallback	LOW	lk-fallback	L
לתקנו	1	lskni		fallback	LOW	lk-fallback	L
בהוצאה	1	bhˈiʦa		rule	LOW	alef-default	G
מועטת	1	mˈiəʦ		fallback	LOW	lk-fallback	L
יתעצל	1	ˈisəʦl		fallback	LOW	lk-fallback	L
להוציא	1	lhˈiʦia		rule	LOW	alef-default	G
עדות	1	ˈajdəs		lexicon	HIGH		L
פויל	1	foʊl		lexicon	HIGH		G
לעכל	1	lɛxl		rule	MED		G
פארעכט	1	farˈɛxt		rule	LOW	alef-default,pe-default	G
איבערמאכן	1	ˈibərmaxn		rule	MED	prefix-rescue:gold+איבער	G
ימקו	1	ˈimki		rule	MED		G
יסופו	1	ˈisifi		rule	LOW	pe-default	G
שיח	1	sˈixa	ʃˈixa|ʃjxa	rule	LOW	audio-homograph	L
ומעשיו	1	ˈiməʃji		rule	MED		G
אדרי	1	ˈadri		rule	LOW	alef-default	G
דרשן	1	darʃn		rule	LOW	printed-respelling	L
שושן	1	ʃiʃn		rule	MED		G
רעיון	1	rˈajin		rule	MED		G
יונגסטע	1	jˈinɡstə		rule	MED		G
אויסגעפיילט	1	ˈoʊzɡəfajlt		rule	LOW	alef-default,pe-default	G
געשורה'ט	1	ɡəʃˈirht		rule	MED		G
ובעל	1	ˈibəl		rule	MED		G
צעריסן	1	ʦərˈisn		rule	MED		G
פעטש	1	fɛʧ		rule	LOW	pe-default	G
נוהארדוק	1	nˈihardik		rule	LOW	alef-default	G
ומדבר	1	imdbr		rule	MED		G
אנגעלאטעוועט	1	ˈanɡəlatəvət		rule	LOW	alef-default	G
אפגעלאטעט	1	ˈɔpɡəlatət		rule	LOW	alef-default,pe-default	G
צוגענייט	1	ʦˈiɡənajt		rule	MED		G
פורהאנג	1	fˈirhanɡ	fˈirhank	rule	LOW	alef-default,pe-default	G
שעיד	1	ʃajd	ʃajt	rule	MED		G
זיין'ס	1	zajns		rule	MED		G
בעיבי	1	bˈajbi		rule	MED		G
ארויסגעזאגט	1	arˈoʊzɡəzuɡt		rule	MED	prefix-rescue:gold+ארויסגע	G
שדכן	1	ʃadxn		lexicon	HIGH		L
קלאודינג	1	klˈidinɡ	klˈidink	rule	LOW	alef-default	G
אפשענס	1	ˈafʃəns		rule	LOW	alef-default,pe-default	G
טיטשער	1	tˈiʧər		rule	MED		G
לאה'לע	1	lˈalə		rule	LOW	alef-default	G
פאררעגנט	1	farrˈɛɡnt		rule	LOW	alef-default,pe-default	G
פארוואלקענט	1	farvalkˈɛnt		rule	LOW	alef-default,pe-default	G
געוואונטשענער	1	ɡəvˈinʧənər		rule	LOW	alef-default	G
נאדן	1	nadn		rule	LOW	alef-default	G
ארויסגעטראסקעט	1	arˈoʊzɡətraskət		rule	LOW	alef-default	G
צוריקגעפאקט	1	ʦirˈikɡəfakt		rule	LOW	alef-default,pe-default	G
אפגעשניטן	1	ˈupɡəʃnitn		lexicon	MED	audio-vowel	G
שהחיינו	1	ʃəxəiˈuni	ʃəxəiˈɔnu	rule	LOW	printed-respelling	L
בעיטינג	1	bˈajtinɡ	bˈajtink	rule	MED		G
העומד	1	hˈɛimd	hˈɛimt	rule	MED		G
שלאגן	1	ʃlaɡn		rule	LOW	alef-default	G
נארישקייט	1	nˈariʃkaːt		rule	LOW	alef-default	G
חורבנות	1	xvrəbnˈɔjs		rule	LOW	model-pointed-guess	L
דחיינות	1	dxˈajnis		fallback	LOW	lk-fallback	L
תחסיסי	1	sxsˈisi		fallback	LOW	lk-fallback	L
ענדזשויען	1	ˈɛnʤɔjən		rule	MED		G
פאדערט	1	fˈadərt		rule	LOW	alef-default,pe-default	G
בחורים'ס	1	bxˈirims		rule	LOW	lk-fallback	L
פנימ'ער	1	fnˈimə ɛr		rule	LOW	pe-default	G
רעסטוראנטן	1	rˈɛstirantn		rule	LOW	alef-default	G
נאכטמאל	1	nˈaxtmal		rule	LOW	alef-default	G
מוד	1	mid	mit	rule	MED		G
מאלצייט	1	mˈalʦajt		rule	LOW	alef-default	G
ביכל'ע	1	bˈixlə		rule	MED		G
קנעפלעך	1	knˈɛfləx		rule	LOW	pe-default	G
געטייפט	1	ɡətˈajft		rule	LOW	pe-default	G
אראפגעפאקט	1	arˈupɡəfakt		rule	LOW	alef-default,pe-default	G
סטאפן	1	stafn		rule	LOW	alef-default,pe-default	G
תממה	1	smmə		fallback	LOW	lk-fallback	L
דקשה	1	dəkˈuʃə		rule	LOW	lk-proclitic:respelling+ד	L
סיינס	1	sajns		rule	MED		G
בטבע	1	btbə		rule	MED		G
ס'אנגעהויבן	1	sˈunɡəhɔjbn		rule	MED	clitic	G
מאסטעטש	1	mˈastəʧ		rule	LOW	alef-default	G
אנדערליינט	1	ˈandərlajnt		rule	LOW	alef-default	G
התחדשות	1	hisxˈadʃis	hisxˈadʃus	rule	LOW	model-pointed-guess	L
קדישא	1	kdˈiʃa		rule	LOW	alef-default	G
אפגעביסלט	1	ˈɔpɡəbislt		rule	LOW	alef-default,pe-default	G
הארה	1	hˈarə		rule	LOW	alef-default	G
צענומען	1	ʦənˈimən		rule	MED		G
גאולה'דיגע	1	ɡˈilhdiɡə		rule	LOW	alef-default	G
גאולה'דיג	1	ɡˈilhdiɡ	ɡˈilhdik	rule	LOW	alef-default	G
איבערנעמען	1	ˈibərnəmən		rule	MED	prefix-rescue:gold+איבער	G
גוף	1	ɡif		lexicon	HIGH		G
קייטלט	1	kajtlt		rule	MED		G
מאוו	1	mɔv	mɔf	rule	MED	clitic	G
פענסי	1	fˈɛnsi		rule	LOW	pe-default	G
פאביע	1	fˈabiə		rule	LOW	alef-default,pe-default	G
עלפאבעטיקל	1	ˈɛlfabətikl		rule	LOW	alef-default,pe-default	G
מוטה	1	mˈitə		rule	MED		G
פאביה	1	fˈabi		rule	LOW	alef-default,pe-default	G
חירות	1	xˈajris	xˈajrus	rule	LOW	model-pointed-guess	L
אוועקריקן	1	avˈɛkrikn		rule	LOW	alef-default	G
גרידיענט	1	ɡrˈidiənt		rule	MED		G
טייג	1	tajɡ	tajk	rule	MED		G
אריינגעגיסן	1	arˈaːnɡəɡisn		rule	LOW	alef-default	G
פרידלענדער	1	frˈidləndər		rule	LOW	pe-default	G
דזשאסט	1	ʤast		rule	LOW	alef-default	G
דזשערמס	1	ʤɛrms		rule	MED		G
יענצע	1	jˈɛnʦə		rule	MED		G
גדיא'ס	1	ɡdˈias		rule	LOW	alef-default	G
וועלגערן	1	vˈɛlɡərn		rule	MED		G
לעכערן	1	lˈɛxərn		rule	MED		G
רעדלען	1	rˈɛdlən		rule	MED		G
אויוון	1	ɔjvn		rule	LOW	alef-default	G
מאסר	1	masr		rule	LOW	alef-default	G
אריינגעפאקט	1	arˈaːnɡəfakt		rule	LOW	alef-default,pe-default	G
העווינעס	1	hˈɛvinəs		rule	MED		G
זאנענפעלד	1	zˈanənfəld	zˈanənfəlt	rule	LOW	alef-default,pe-default	G
המיתה	1	hamˈisə		rule	LOW	lk-proclitic-pointed:sefaria-pointed	L
טויטן	1	tɔjtn		rule	MED		G
קיטל	1	kitl		rule	MED		G
יזכיר	1	izxˈir		rule	MED		G
עמלק'ס	1	ɛmlks		rule	MED		G
מתבונן	1	misbˈɔjnajn		rule	LOW	model-pointed-guess	L
אנגעלייגט	1	ˈunɡəlajɡt		rule	MED	prefix-rescue:gold+אנגע	G
קאוטש	1	kiʧ		rule	LOW	alef-default	G
קאמפארטעבל	1	kˈamfartəbl		rule	LOW	alef-default,pe-default	G
קאמפארט	1	kˈamfart		rule	LOW	alef-default,pe-default	G
זאון	1	zin		rule	LOW	alef-default	G
אמורא	1	ˈamira		rule	LOW	alef-default	G
קאימנא	1	kˈaːmna		rule	LOW	alef-default	G
קמיה	1	kmi		rule	MED		G
דרבי	1	drbi		rule	MED		G
קבר	1	kˈɛvɛr	kˈuvɛr|kəvˈɔjr|kˈibur	rule	LOW	audio-homograph	L
היעוצה	1	hˈiəiʦə		rule	MED		G
טישטעכער	1	tˈiʃtəxər		rule	MED		G
מכובד'יגער	1	mxˈibdiɡər		rule	MED		G
אידל	1	idl		rule	LOW	alef-default	G
כפרים	1	xfrim		rule	LOW	pe-default	G
דערפלעך	1	dˈɛrfləx		rule	LOW	pe-default	G
געאוינט	1	ɡəˈɔjnt		rule	LOW	alef-default	G
וויניארדס	1	vˈiniards		rule	LOW	alef-default	G
זיתים	1	zˈajsim		rule	LOW	sefaria-pointed	L
רייסן	1	rajsn		rule	MED		G
געמעגט	1	ɡəmˈɛɡt		rule	MED		G
לאכלה	1	lˈaxlə		rule	LOW	alef-default	G
לסחורה	1	ləsxˈɔjrə		rule	LOW	lk-proclitic:audio-endorsed+ל	L
אייווי	1	ˈajvi		rule	LOW	alef-default	G
וואוין	1	vɔjn		rule	LOW	alef-default	G
חמיתי	1	xmˈisi		fallback	LOW	lk-fallback	L
ישרות'דיגע	1	ˈiʃrizdiɡə		fallback	LOW	lk-fallback	L
בצדוק	1	bʦdik		rule	MED		G
ברידה	1	brˈidə		rule	MED		G
מפקיר	1	mfkir		rule	LOW	pe-default	G
דערצאל	1	dˈɛrʦal		rule	LOW	alef-default	G
אפגעפוצט	1	ˈɔpɡəfiʦt		rule	LOW	alef-default,pe-default	G
סטאפטס	1	stafʦ		rule	LOW	alef-default,pe-default	G
פוסקים	1	fˈiskim		rule	LOW	pe-default	G
האפענדיג	1	hˈafəndiɡ	hˈafəndik	rule	LOW	alef-default,pe-default	G
אהיימצוקומען	1	ahˈajmʦikimən		rule	LOW	alef-default	G
הכוס	1	hxis		rule	MED		G
עגלה	1	ˈɛɡlə		rule	MED		G
צוריקגעפארן	1	ʦirˈikɡəfarn		rule	LOW	alef-default,pe-default	G
מ'בענטשט	1	mbɛnʧt		rule	MED	clitic	G
במזומן	1	bmzimn		rule	MED		G
וויכטיגער	1	vˈixtiɡər		rule	MED		G
בחירי	1	bxˈiri		fallback	LOW	lk-fallback	L
הישיבת	1	hˈiʃibs		fallback	LOW	lk-fallback	L
זוך	1	zix		rule	MED		G
קרעכצן	1	krɛxʦn		rule	MED		G
אווער	1	ˈavər		rule	LOW	alef-default	G
אוועקווארפן	1	avˈɛkvarfn		rule	LOW	alef-default,pe-default	G
גע'שחט'ענער	1	ɡəʃxtˈɛnər		fallback	LOW	lk-fallback	L
חשון	1	xˈɛʃvun		rule	LOW	model-pointed-guess	L
פארזויערט	1	farzˈɔjərt		rule	LOW	alef-default,pe-default	G
דאטומס	1	dˈatims		rule	LOW	alef-default	G
מצייר	1	mʦajr		rule	MED		G
הנחת	1	hnxs		fallback	LOW	lk-fallback	L
געהאנגענע	1	ɡəhˈanɡənə		rule	LOW	alef-default	G
גמול	1	ɡmil		rule	MED		G
עבעך	1	ˈɛbəx		rule	MED		G
רצועה	1	rʦˈiə		rule	MED		G
האלז	1	halz	hals	rule	LOW	alef-default	G
לְעוֹלָם	1	lˈɛɔjlum		rule	MED		G
בֶּאֱמוּנָה	1	bˈɛminə		rule	MED		G
וְיָדַעַתְּ	1	vˈudat		rule	LOW	lk-fallback	L
קאלד	1	kald	kalt	rule	LOW	alef-default	G
וְאַתֶּם	1	vˈatəm		rule	LOW	lk-fallback	L
הַדְּבֵקִים	1	hˈadvajkim		rule	MED		G
בַּה	1	bɛ		rule	LOW	lk-fallback	L
הִנֵּה	1	hinˈajə		rule	LOW	lk-fallback	L
טְפָחוֹת	1	tfˈuxɔjs		rule	LOW	pe-default,lk-fallback	L
נָתַתָּה	1	nusˈatə		rule	LOW	lk-fallback	L
יָמָי	1	jˈumuj		rule	MED		G
טפחים	1	tfˈuxim	təfˈuxim	rule	LOW	sefaria-pointed	L
וכמאמר	1	ˈixmamr		rule	LOW	alef-default	G
כמאמר	1	xmamr		rule	LOW	alef-default	G
המודד	1	hmid	hmit	rule	MED		G
חבלים	1	xavˈulim		rule	LOW	sefaria-pointed	L
אמות	1	ˈamɔjs		rule	LOW	sefaria-pointed	L
שזה	1	ʃˈɛzə	ʃˈɛzɛ	rule	LOW	sefaria-pointed	L
שמדד	1	ʃmd		fallback	LOW	lk-fallback	L
לידו	1	lˈidi		rule	MED		G
מדד	1	md		fallback	LOW	lk-fallback	L
איננו	1	ˈinni		rule	LOW	alef-default	G
הטפח	1	hatˈɛfax		rule	LOW	lk-proclitic-pointed:sefaria-pointed	L
שאוחז	1	ʃixz		fallback	LOW	alef-default,lk-fallback	L
ס'מעג	1	smejɡ	smejk	rule	MED	clitic	G
שעבר	1	ʃɛbr		rule	MED		G
סטרעס	1	strɛs		rule	MED		G
טראומא	1	trˈima		rule	LOW	alef-default	G
שעתיד	1	ʃˈɛsid		fallback	LOW	lk-fallback	L
לחשוב	1	laxˈaʃɔjv	laxˈaʃɔjf	rule	LOW	model-pointed-guess	L
הרגע	1	hˈarɡə		rule	MED		G
שעומד	1	ʃˈɛimd	ʃˈɛimt	rule	MED		G
טעראפיסט	1	tərafˈist		rule	LOW	alef-default,pe-default	G
נאציס	1	nˈaʦis		rule	LOW	alef-default	G
אוישוויץ	1	ˈoʊʃviʦ		rule	LOW	alef-default	G
פארנט	1	farnt		rule	LOW	alef-default,pe-default	G
אריינהאקן	1	arˈaːnhakn		rule	LOW	alef-default	G
צדוקים	1	ʦdˈikim		rule	MED		G
אריינפראקענען	1	arˈaːnfrakənən		rule	LOW	alef-default,pe-default	G
האקעס	1	hˈakəs		rule	LOW	alef-default	G
לאגער	1	lˈaɡər		rule	LOW	alef-default	G
היינטיגער	1	hˈajntiɡər		rule	MED		G
סאסוב	1	sˈasib	sˈasip	rule	LOW	alef-default	G
קעסלען	1	kˈɛslən		rule	MED		G
פאביעס	1	fˈabiəs		rule	LOW	alef-default,pe-default	G
מ'צוברעכט	1	mʦˈibrəxt		rule	MED	clitic	G
געשאכטענער	1	ɡəʃˈaxtənər		rule	LOW	alef-default	G
יחשב	1	ixʒb		fallback	LOW	lk-fallback	L
תיקו	1	tˈajki	tˈejku	rule	LOW	printed-respelling	L
דאטום	1	dˈatim		rule	LOW	alef-default	G
דאנערשטאגס	1	dˈanərʃtaɡs		rule	LOW	alef-default	G
ראה'ס	1	ras		rule	LOW	alef-default	G
מיטאגס	1	mˈitaɡs		rule	LOW	alef-default	G
שילוב	1	ʃˈilib	ʃˈilip	rule	MED		G
"פ""ו"	1	paj vuv	paj vuf	rule	LOW	letter-names	A
שנייאיגע	1	ʃnˈajaːɡə		rule	LOW	alef-default	G
סנדקאות	1	sandkˈuis	sandəkˈuus	rule	LOW	model-pointed-guess	L
שטרעקע	1	ʃtrˈɛkə		rule	MED		G
ראולס	1	rils		rule	LOW	alef-default	G
בולקעס	1	bˈilkəs		rule	MED		G
ווארימען	1	vˈarimən		rule	LOW	alef-default	G
ליידיגע	1	lˈajdiɡə		rule	MED		G
קייניער	1	kˈajniər		rule	MED		G
מבקש	1	mvˈakajʃ	məvˈakajʃ	rule	LOW	sefaria-pointed	L
תפקידו	1	sfkˈidi		fallback	LOW	pe-default,lk-fallback	L
אריינקומט	1	arˈaːnkimt		rule	LOW	alef-default	G
ולחם	1	vəlˈɛxɛm	vlˈɛxəm	rule	LOW	sefaria-pointed	L
קמו	1	kmi		rule	MED		G
בניה	1	bni		rule	MED		G
ויאשרוהו	1	ˈɔjaʃrihi		rule	LOW	alef-default	G
שאדל	1	ʃadl		rule	LOW	alef-default	G
ס'פליט	1	sflit		rule	LOW	clitic	G
צרי	1	ʦri		rule	MED		G
פעה	1	fɛ		rule	LOW	pe-default	G
קלינג	1	klinɡ	klink	rule	MED		G
פארגליוועניש	1	farɡlˈivəniʃ		rule	LOW	alef-default,pe-default	G
פארלעדיגן	1	farlˈɛdiɡn		rule	LOW	alef-default,pe-default	G
קאכט	1	kaxt		rule	LOW	alef-default	G
טויזנטערס	1	tˈɔjzntərs		rule	MED		G
דעסיידט	1	dˈɛsajdt		rule	MED		G
פארגליווערט	1	farɡlˈivərt		rule	LOW	alef-default,pe-default	G
אנאסטיזשע	1	ˈanastiʒə		rule	LOW	alef-default	G
פייו	1	fˈaji		rule	LOW	pe-default	G
אויסצונוצן	1	ˈoʊsʦiniʦn		rule	LOW	alef-default	G
צעמישט	1	ʦəmˈiʃt		rule	MED		G
שפאניע	1	ʃpˈaniə		rule	LOW	alef-default,pe-default	G
געזיצן	1	ɡəzˈiʦn		rule	MED		G
איינגעהאנדלט	1	ˈajnɡəhandlt		rule	LOW	alef-default	G
וויכטיגסטער	1	vˈixtiɡstər		rule	MED		G
צאגן	1	ʦaɡn		rule	LOW	alef-default	G
ומרור	1	imrˈir		rule	MED		G
נשאלתי	1	nʃˈalsi		fallback	LOW	alef-default,lk-fallback	L
המצות	1	hamˈaʦɔjs		rule	LOW	pointed-audio-endorsed	L
תפלין	1	tfˈilin	təfˈilin	rule	LOW	sefaria-pointed	L
דערלעבן	1	dərlˈejbn		rule	MED	prefix-rescue:gold+דער	G
נוץ	1	niʦ		rule	MED		G
געקושט	1	ɡəkˈiʃt		rule	MED		G
פאקן	1	fakn		rule	LOW	alef-default,pe-default	G
וואקסבערגער	1	vˈakzbərɡər		rule	LOW	alef-default	G
פאר'כמאר'עטער	1	fˈarxmarətər		rule	LOW	alef-default,pe-default	G
באמבס	1	bambs		rule	LOW	alef-default	G
שעלטסטו	1	ʃˈɛlʦti		rule	MED		G
שעלט	1	ʃɛlt		rule	MED		G
עגונות	1	aɡˈinɔjs	aɡˈunɔjs	rule	LOW	model-pointed-guess	L
נידון	1	nˈidin		rule	MED		G
אויסארבעטן	1	ˈoʊsarbətn		rule	MED	prefix-rescue:gold+אויס	G
צוזאמגעברענגט	1	ʦˈizamɡəbrənɡt		rule	LOW	alef-default	G
פארשטייטס	1	farʃtˈajʦ		rule	LOW	alef-default,pe-default	G
מערסטן	1	mɛrstn		rule	MED		G
"תש""ז"	1	tuf ʃin zˈajən		rule	LOW	letter-names	A
דאכטס	1	daxʦ		rule	LOW	alef-default	G
אויסגעארבעט	1	ˈoʊzɡəarbət		rule	MED	prefix-rescue:gold+אויסגע	G
מותר	1	mˈɔjsar		rule	LOW	sefaria-pointed	L
צוריקגעשיקט	1	ʦirˈikɡəʃikt		rule	MED		G
קלער	1	klɛr		rule	MED		G
להיתר	1	ləhajˈusajr		rule	LOW	lk-proclitic:sefaria+ל	L
ולעיסור	1	ilajsˈir		rule	MED		G
איבערטראכטן	1	ˈibərtraxtn		rule	LOW	alef-default	G
לידך	1	lidx		rule	MED		G
אויסטון	1	ˈoʊstin		rule	MED	prefix-rescue:gold+אויס	G
ווייג	1	vajɡ	vajk	rule	MED		G
שאיר	1	ʃaːr		rule	LOW	alef-default	G
לכלכלה	1	lxlxlə		fallback	LOW	lk-fallback	L
לשמועות	1	ləʃmiˈɛɔjs		rule	LOW	lk-proclitic:sefaria+ל	L
ומיטיב	1	ˈimitib	ˈimitip	rule	MED		G
פארהאקט	1	farhˈakt		rule	LOW	alef-default,pe-default	G
ס'ברענגט	1	sbrɛnɡt		rule	MED	clitic	G
רוחניות'דיגע	1	ruxənijusdˈiɡɛ		rule	LOW	model-pointed-guess	L
גע'חזר'ט	1	ɡɛxzrt		fallback	LOW	lk-fallback	L
נתחזק	1	nsxzk		fallback	LOW	lk-fallback	L
נשתרש	1	nʃsrʃ		fallback	LOW	lk-fallback	L
אמצעי	1	ˈamʦaj		rule	LOW	alef-default	G
חזר'ן	1	xˈazərn	xˈazɛrn	rule	LOW	model-pointed-guess	L
וויכטיגערע	1	vˈixtiɡərə		rule	MED		G
רודנ'ט	1	ridnt		rule	MED		G
מענטש'נס	1	mɛnʧns		rule	MED		G
חוסר	1	xˈɔjsər	xˈɔjsɛr	rule	LOW	model-pointed-guess	L
שואף	1	ʃˈiaf		rule	LOW	alef-default,pe-default	G
רדיפות	1	rdˈifɔjs	rədˈifɔjs	rule	LOW	model-pointed-guess	L
עיון	1	ˈajin		rule	MED		G
רודפ'ט	1	ridft		rule	LOW	pe-default	G
משקיע	1	mʃkˈiə		rule	MED		G
מיסט	1	mist		rule	MED		G
לבריתא	1	lbrˈisa		fallback	LOW	alef-default,lk-fallback	L
מקלי	1	mkli		rule	MED		G
טראכסטו	1	trˈaxsti		rule	LOW	alef-default	G
געשאנקען	1	ɡəʃˈankən		rule	LOW	alef-default	G
כהוא	1	xhˈiu		lexicon	MED	audio-vowel	G
ס'רוקט	1	srikt		rule	MED	clitic	G
בעסערס	1	bˈɛsərs		rule	MED		G
קרום	1	krim		rule	MED		G
לבך	1	libˈɛxu	lˈibxu|lˈibajx	rule	LOW	audio-homograph	L
שטערט	1	ʃtɛrt		rule	MED		G
הבנה	1	havˈunə	havˈɔnə	rule	LOW	printed-respelling	L
בטלות	1	btˈajlɔjs	bətˈajlɔjs	rule	LOW	sefaria-pointed	L
לצורך	1	lʦirx		rule	MED		G
ונוח	1	vnˈɔjxa	vənˈɔjxa	rule	LOW	sefaria-pointed	L
להודות	1	ləhˈɔjdɔjs		rule	LOW	sefaria-pointed	L
אשרי	1	ˈaʃri		rule	LOW	alef-default	G
הגבר	1	haɡˈɛvɛr		rule	LOW	sefaria-pointed	L
וידידים	1	ˈɔjdidim		rule	MED		G
לִפְנֵי	1	lˈifnaj		rule	LOW	pe-default	G
רָאשֵׁיכֶם	1	rˈuʃajxəm		rule	LOW	alef-default	G
שִׁבְטֵיכֶם	1	ʃˈivtajxəm		rule	MED		G
זִקְנֵיכֶם	1	zˈiknajxəm		rule	MED		G
וְשֹׁטְרֵיכֶם	1	vʃˈɔjtrajxəm		rule	MED		G
כֹּל	1	kɔl	kul	lexicon	HIGH		L
טַפְּכֶם	1	tˈapxəm		rule	LOW	lk-fallback	L
נְשֵׁיכֶם	1	nʃˈajxəm		rule	MED		G
וְגֵרְךָ	1	vɡˈajrxu		rule	MED		G
בְּקֶרֶב	1	bkˈɛrəv	bkˈɛrəf	rule	LOW	lk-fallback	L
מַחֲנֶיךָ	1	maxanˈajxu		rule	LOW	lk-fallback	L
מֵחֹטֵב	1	majxˈɔjtajv	majxˈɔjtajf	rule	LOW	lk-fallback	L
עֵצֶיךָ	1	ˈajʦajxu		rule	MED		G
שֹׁאֵב	1	ʃajb	ʃajp	rule	MED		G
מֵימֶיךָ	1	mˈajmajxu		rule	MED		G
רבינו'ס	1	rbˈinis		rule	MED		G
שמח	1	sumˈajxa		rule	LOW	model-pointed-guess	L
והסליחות	1	ˈislixis		fallback	LOW	lk-fallback	L
טיפקייט	1	tˈifkaːt		rule	LOW	pe-default	G
אויפפרישן	1	ˈɔjfriʃn		rule	LOW	alef-default,pe-default	G
אדיר	1	adˈir		rule	LOW	alef-default	G
צוגייט	1	ʦˈiɡajt		rule	MED	prefix-rescue:gold+צו	G
אריינצוקוקן	1	arˈaːnʦikikn		rule	LOW	alef-default	G
האדיר	1	hadˈir		rule	LOW	alef-default	G
הלך	1	hˈulax		rule	LOW	model-pointed-guess	L
ממחנה	1	mimaxanˈajə		rule	LOW	lk-proclitic:sefaria+מ	L
לכבדם	1	lxbdm		fallback	LOW	lk-fallback	L
שירצה	1	ʃˈirʦə		rule	MED		G
ליפטר	1	lˈipatər		rule	LOW	pe-default	G
מחבירו	1	mixavˈajrɔj		rule	LOW	lk-proclitic:sefaria+מ	L
ליטול	1	lˈitil		rule	MED		G
טעגליכע	1	tˈɛɡləxə		rule	MED		G
יודישע	1	jˈidiʃə		rule	MED		G
לעצטן	1	lɛʦtn		rule	MED		G
והיפוכו	1	ˈihifixi		rule	LOW	pe-default	G
שוואדראן	1	ʃvˈadran		rule	LOW	alef-default	G
קוֹל	1	kul		lexicon	HIGH		L
דּוֹדִי	1	dˈɔjdi		rule	MED		G
דוֹפֵק	1	dˈɔjfajk		rule	LOW	pe-default	G
טעלעגראם	1	tˈɛləɡram		rule	LOW	alef-default	G
גריסן	1	ɡrisn		rule	MED		G
שטייגט	1	ʃtajɡt		rule	MED		G
הארעוועט	1	hˈarəvət		rule	LOW	alef-default	G
צוזאמגעזאמלט	1	ʦˈizamɡəzamlt		rule	LOW	alef-default	G
פרוטה	1	frˈitə		rule	LOW	pe-default	G
לפרוטה	1	lfrˈitə		rule	LOW	pe-default	G
רצונות	1	rʦˈɔjnɔjs	rəʦˈɔjnɔjs	rule	LOW	model-pointed-guess	L
חשקות	1	xʃkis		fallback	LOW	lk-fallback	L
איינגעקויפט	1	ˈajnɡəkɔjft		rule	LOW	alef-default,pe-default	G
פארמעגן	1	farmˈɛɡn		rule	LOW	alef-default,pe-default	G
וטוב	1	ˈitib	ˈitip	rule	MED		G
באזוכנדיג	1	bazˈixndiɡ	bazˈixndik	rule	LOW	alef-default	G
פארסטו	1	farstˈi		rule	LOW	alef-default,pe-default	G
לשער	1	lʃɛr		rule	MED		G
ווארטנדיג	1	vˈartndiɡ	vˈartndik	rule	LOW	alef-default	G
פארטן	1	fartn		rule	LOW	alef-default,pe-default	G
עונה	1	ˈinə		rule	MED		G
לעמפלעך	1	lˈɛmfləx		rule	LOW	pe-default	G
טאוול	1	tavl		rule	LOW	alef-default	G
קלאפן	1	klapn		lexicon	MED	audio-pe	G
פארקלעבטע	1	farklˈɛbtə		rule	LOW	alef-default,pe-default	G
אראפגעלאזטע	1	arˈupɡəlaztə		rule	LOW	alef-default,pe-default	G
העווי	1	hˈɛvi		rule	MED		G
משא	1	mʃa		rule	LOW	alef-default	G
ארויסזאגן	1	arˈoʊzuɡn		rule	MED	prefix-rescue:gold+ארויס	G
ווענדט	1	vɛndt		rule	MED		G
ליכטיגקייטן	1	lˈixtiɡkaːtn		rule	MED		G
פמליא	1	fmlˈia		rule	LOW	alef-default,pe-default	G
גיימיר	1	ɡajmˈir		rule	MED		G
דערהויבן	1	dərhˈɔjbn		rule	MED		G
געפילן	1	ɡəfˈiln		rule	LOW	pe-default	G
סליחה	1	slˈixə	səlˈixu	rule	LOW	sefaria-pointed	L
פריזן	1	frizn		rule	LOW	pe-default	G
טאטעס	1	tˈatəs		rule	LOW	alef-default	G
וויזיטארס	1	vˈizitars		rule	LOW	alef-default	G
ארומנעמען	1	arˈimnəmən		rule	LOW	alef-default	G
יסורי	1	ˈisiri		rule	MED		G
איוב	1	jib	jip	rule	LOW	alef-default	G
פייניגסטו	1	fˈajniɡsti		rule	LOW	pe-default	G
מחזה	1	maxˈazaj	mɛxˈɛzu	rule	LOW	audio-homograph	L
אויסגעשטרעקטע	1	ˈoʊzɡəʃtrəktə		rule	LOW	alef-default	G
תירוצים	1	tirˈiʦim	tirˈuʦim	rule	LOW	model-pointed-guess	L
הסליחות	1	haslˈixis		rule	LOW	lk-proclitic:audio-endorsed+ה	L
השתדלות	1	hiʃtˈadlis	hiʃtˈadlus	rule	LOW	model-pointed-guess	L
ריקן	1	rajkn		rule	LOW	printed-respelling+suffix	L
פיזשאמעס	1	fˈiʒaməs		rule	LOW	alef-default,pe-default	G
פארדרייט	1	fardrˈajt		rule	LOW	alef-default,pe-default	G
בצילא	1	bʦˈila		rule	LOW	alef-default	G
דמהימנותא	1	dimhajmnˈisu	dimhajmənˈusu	rule	LOW	sefaria-pointed	L
גוסטע	1	ɡˈistə		rule	MED		G
שרעקליכקייט	1	ʃrˈɛklixkaːt		rule	MED		G
האפסט	1	hafst		rule	LOW	alef-default,pe-default	G
באים	1	bajˈam		rule	MED	prefix-rescue:gold+בא	L
צוזאמגעלייגטע	1	ʦˈizamɡəlajɡtə		rule	LOW	alef-default	G
וְשָׁב	1	vʃuv	vʃuf	rule	MED		G
שְׁבוּתְךָ	1	ʃvˈisxu		rule	LOW	lk-fallback	L
נִדַּחֲךָ	1	nidaxˈaxu		rule	LOW	lk-fallback	L
בִּקְצֵה	1	bikʦˈajə		rule	LOW	lk-fallback	L
הַשָּׁמָיִם	1	hˈaʃumim		rule	MED		G
מִשָּׁם	1	mˈiʃum		rule	LOW	lk-fallback	L
יְקַבֶּצְךָ	1	jkˈabəʦxu		rule	MED		G
וּמִשָּׁם	1	ˈimiʃum		rule	MED		G
יִקָּחֶךָ	1	jikuxˈɛxu		rule	LOW	lk-fallback	L
גלויות	1	ɡulˈijɔjs	ɡulˈujɔjs	rule	LOW	model-pointed-guess	L
ובקושי	1	ˈibkiʃi		rule	MED		G
אוחז	1	ˈɔjxajz	ˈɔjxajs	rule	LOW	sefaria-pointed	L
ממקומו	1	mmkˈimi		rule	MED		G
חביבות	1	xavˈivis	xavˈivus	rule	LOW	model-pointed-guess	L
ומל	1	iml		rule	MED		G
לייף	1	lajf		rule	LOW	pe-default	G
ביסעלע	1	bˈisələ		rule	MED		G
פארזארגן	1	farzˈarɡn		rule	LOW	alef-default,pe-default	G
פארדאגה'נען	1	fardˈaɡhnən		rule	LOW	alef-default,pe-default	G
פארדריקן	1	fardrˈikn		rule	LOW	alef-default,pe-default	G
גשמיות'דיג	1	ɡʃmjˈizdiɡ		fallback	LOW	lk-fallback	L
רוחניות'דיג	1	rˈixnjizdiɡ		fallback	LOW	lk-fallback	L
יאג	1	jaɡ	jak	rule	LOW	alef-default	G
פלאג	1	flaɡ	flak	rule	LOW	alef-default,pe-default	G
זאגער	1	zˈaɡər		rule	LOW	alef-default	G
התחייבות	1	hisxˈajjvus		rule	LOW	model-pointed-guess	L
"קכ""ח"	1	kif xuf xɛs		rule	LOW	letter-names	A
ימתין	1	ˈimsin		fallback	LOW	lk-fallback	L
הכפורים	1	hxfˈirim		rule	LOW	pe-default	G
קומסטו	1	kˈimsti		rule	MED		G
ליבליכע	1	lˈibləxə		rule	MED		G
מאחד	1	məˈaxud	mˈaxud|məˈaxut	rule	LOW	model-pointed-guess	L
אנדער	1	ˈandər		rule	LOW	alef-default	G
איבערצובעטן	1	ˈibərʦibətn		rule	LOW	alef-default	G
דערהויבנקייט	1	dərhˈɔjbnkaːt		rule	MED		G
רעות	1	rˈuɔjs		rule	LOW	sefaria-pointed	L
"פ""ז"	1	paj zˈajən		rule	LOW	letter-names	A
טבחא	1	tbxa		fallback	LOW	alef-default,lk-fallback	L
בוטשער	1	bˈiʧər		rule	MED		G
ואמוראים	1	ˈiamiraːm		rule	LOW	alef-default	G
במעלי	1	bmˈɛli		rule	MED		G
דכיפורי	1	dxˈifiri		rule	LOW	pe-default	G
איזיל	1	ˈizil		rule	LOW	alef-default	G
לפיוסי	1	lfjˈisi		rule	LOW	pe-default	G
טשעפע	1	ʧˈɛfə		rule	LOW	pe-default	G
קאפלמאן	1	kˈaflman		rule	LOW	alef-default,pe-default	G
אויסגערופן	1	ˈoʊzɡərifn		rule	MED	prefix-rescue:gold+אויסגע	G
אפנעמען	1	ˈupnəmən		rule	MED	prefix-rescue:gold+אפ	G
צוריקנעמען	1	ʦirˈiknəmən		rule	MED	prefix-rescue:gold+צוריק	G
איגא	1	ˈiɡa		rule	LOW	alef-default	G
פייט	1	fajt		rule	LOW	pe-default	G
רחוקים	1	rxˈɔjkim	rəxˈɔjkim	rule	LOW	sefaria-pointed	L
שטרעקסט	1	ʃtrɛkst		rule	MED		G
עפן	1	ɛfn		rule	LOW	pe-default	G
געלעגנהייטן	1	ɡəlˈɛɡnhaːtn		rule	MED		G
אנטשולדיג	1	ˈanʧuldiɡ	ˈanʧuldik	lexicon	MED	audio-vowel	G
העלף	1	hɛlf		rule	LOW	pe-default	G
באדערט	1	badˈɛrt		rule	LOW	alef-default	G
הייבסט	1	hajbst		rule	MED		G
באמערקן	1	bamˈɛrkn		rule	LOW	alef-default	G
געביידע	1	ɡəbˈajdə		rule	MED	prefix-rescue:gold+גע	G
באהאלטסט	1	bahˈalʦt		rule	LOW	alef-default	G
פאלגנד	1	falɡnd	falɡnt	rule	LOW	alef-default,pe-default	G
ספק	1	sˈufək		lexicon	HIGH		L
איידעמער	1	ˈajdəmər		rule	LOW	alef-default	G
אפצוהיטן	1	ˈafʦihitn		rule	LOW	alef-default,pe-default	G
סקעיר	1	skajr		rule	MED		G
געליגן	1	ɡəlˈiɡn		rule	MED		G
אפוינטמענטס	1	afɔjntmˈɛnʦ		rule	LOW	alef-default,pe-default	G
אנדרייען	1	ˈandrajən		rule	LOW	alef-default	G
אנגעדרייט	1	ˈanɡədrajt		rule	LOW	alef-default	G
אנגעצויגנקייט	1	ˈanɡəʦɔjɡnkaːt		rule	LOW	alef-default	G
פארגעהאלטן	1	farɡəhˈaltn		rule	LOW	alef-default,pe-default	G
רואיגערהייט	1	rˈiaːɡərhaːt		rule	LOW	alef-default	G
דריטן	1	dritn		rule	MED		G
ס'בויעט	1	sbˈɔjət		rule	MED	clitic	G
מסגרת	1	mzɡrs		fallback	LOW	lk-fallback	L
אויסגעלאזט	1	ˈoʊzɡəlɔzt		rule	MED	prefix-rescue:gold+אויסגע	G
פערטער	1	fˈɛrtər		rule	LOW	pe-default	G
נעכט	1	nɛxt		rule	MED		G
מ'שטרעקט	1	mʃtrɛkt		rule	MED	clitic	G
יענעמ'ס	1	jˈɛnɛms		rule	LOW	model-pointed-guess	L
ערבים	1	ˈɛrbim		rule	MED		G
פשוטי	1	fʃˈiti		rule	LOW	pe-default	G
בהמצאו	1	bhmʦi		rule	LOW	alef-default	G
קראוהו	1	krˈihi		rule	LOW	alef-default	G
בהיותו	1	bihjˈɔjsɔj		rule	LOW	sefaria-pointed	L
אונטערוועגנס	1	ˈintərvəɡns		rule	LOW	alef-default	G
וואנדערט	1	vˈandərt		rule	LOW	alef-default	G
לייזט	1	lajzt		rule	MED		G
פארהאנקערטקייט	1	farhˈankərtkaːt		rule	LOW	alef-default,pe-default	G
דויערט	1	dˈɔjərt		rule	MED		G
דאווענענס	1	dˈavənəns		rule	LOW	alef-default	G
בגשמיות	1	bəɡaʃmˈijus		rule	LOW	model-pointed-guess	L
וברוחניות	1	uvəruxənˈijus		rule	LOW	model-pointed-guess	L
וישועות	1	viʃiˈɛɔjs	viʃˈuɔjs	rule	LOW	model-pointed-guess	L
תענוג	1	taˈanuɡ	taˈanuk	rule	LOW	sefaria-pointed	L
וואקסטו	1	vˈaksti		rule	LOW	alef-default	G
גריסט	1	ɡrist		rule	MED		G
נצב	1	nˈiʦuv	nˈiʦuf	rule	LOW	sefaria-pointed	L
צמצום	1	ʦmʦim		rule	MED		G
פארדעמאלטס	1	fardˈɛmalʦ		rule	LOW	alef-default,pe-default	G
ללמד	1	llˈamajd	ləlˈamajd|llˈamajt	rule	LOW	sefaria-pointed	L
וללמד	1	illmd	illmt	rule	MED		G
ס'גיסט	1	sɡist		rule	MED	clitic	G
וטהרתם	1	utəhˈartɛm		rule	LOW	sefaria-pointed	L
השיבנו	1	hʃˈibni		rule	MED		G
אליך	1	ˈalix		rule	LOW	alef-default	G
ונשובה	1	ˈinʃibə		rule	MED		G
אריינטראגן	1	arˈaːntraɡn		rule	LOW	alef-default	G
פרייליכקייט	1	frˈajlixkaːt		rule	LOW	pe-default	G
נזכר	1	nizˈuxajr		rule	LOW	sefaria-pointed	L
הקדש	1	hakˈɔjdɛʃ	hˈɛkdajʃ	rule	LOW	audio-homograph	L
"ס""מ"	1	sˈaməx mɛm		rule	LOW	letter-names	A
שמאל	1	ʃmal		rule	LOW	alef-default	G
גערעגנט	1	ɡərˈɛɡnt		rule	MED		G
דורכלאזן	1	dˈirxluzn		rule	MED	prefix-rescue:gold+דורכ	G
לזכות	1	ləzˈakɔjs		rule	LOW	lk-proclitic-pointed:audio-homograph	L
ולברכת	1	ilbrxs		fallback	LOW	lk-fallback	L
יודא	1	jˈida		rule	LOW	alef-default	G
פאללטשעק	1	fˈallʧək		rule	LOW	alef-default,pe-default	G
בתנאים	1	bsnaːm		fallback	LOW	alef-default,lk-fallback	L
פארפאלק	1	farfˈalk		rule	LOW	alef-default,pe-default	G
זיווג	1	zivɡ	zivk	rule	MED		G
קימא	1	kˈima		rule	LOW	alef-default	G
בילה	1	bˈilə		rule	MED		G
ידידים	1	ˈididim		rule	MED		G
וואכנאכט	1	vˈaxnaxt		rule	LOW	alef-default	G
לייבוש	1	lˈajbiʃ		rule	MED		G
רוטנער	1	rˈitnər		rule	MED		G
לתורה	1	latˈɔjru		rule	LOW	lk-proclitic-pointed:audio-homograph	L
ולחופה	1	ilxˈɔjfə	uləxˈɔjfɛ	rule	LOW	model-pointed-guess	L
ולמעשים	1	ˈilməʃim		rule	MED		G
אראפגעכאפט	1	arˈupɡəxapt		rule	MED	prefix-rescue:gold+אראפ	G
רעדל	1	rɛdl		rule	MED		G
מ'קנאקט	1	mknakt		rule	LOW	clitic	G
פארהערן	1	farhˈirn		rule	MED	prefix-rescue:gold+פאר	G
אויסנווייניג	1	ˈoʊsnvajniɡ	ˈoʊsnvajnik	rule	LOW	alef-default	G
פסחים	1	psˈuxim	pəsˈuxim	rule	LOW	sefaria-pointed	L
מקצועות	1	mkʦˈiəis		fallback	LOW	lk-fallback	L
לשולחן	1	lʃˈilxajn		rule	LOW	lk-fallback	L
יורה	1	jˈirə		rule	MED		G
הויט	1	hoʊt		lexicon	HIGH		G
מאשקאוויטש	1	mˈaʃkaviʧ		rule	LOW	alef-default	G
פארקאש	1	farkˈaʃ		rule	LOW	alef-default,pe-default	G
ונחת	1	inxs		fallback	LOW	lk-fallback	L
הנגיד	1	hnɡid	hnɡit	rule	MED		G
לדעתי	1	lədˈati		rule	LOW	lk-proclitic-pointed:sefaria-pointed	L
בגוף	1	bɡif		rule	LOW	pe-default	G
בחסד	1	bxˈɛsəd	bəxˈɛsɛd|bxˈɛsət	rule	LOW	sefaria-pointed	L
מציל	1	mʦil		rule	MED		G
באש	1	baʃ		rule	LOW	alef-default	G
ובמים	1	ˈibmim		rule	MED		G
אנלויפעניש	1	ˈanlɔjfəniʃ		rule	LOW	alef-default,pe-default	G
מיטפרייען	1	mˈitfrajən		rule	LOW	pe-default	G
צוריקגעגעבן	1	ʦirˈikɡəɡejbn		rule	MED	prefix-rescue:gold+צוריקגע	G
נאכצוזאגן	1	nˈaxʦizaɡn		rule	LOW	alef-default	G
ברבי	1	brbi		rule	MED		G
ברוקא	1	brˈika		rule	LOW	alef-default	G
חסמא	1	xsma		fallback	LOW	alef-default,lk-fallback	L
שהלכו	1	ʃhlxi		rule	MED		G
להקביל	1	lhkbil		rule	MED		G
בפקיעין	1	bfkˈiajn		rule	LOW	pe-default	G
תלמידיך	1	slmˈidix		fallback	LOW	lk-fallback	L
ומימיך	1	ˈimimix		rule	MED		G
שותין	1	ʃˈisin		fallback	LOW	lk-fallback	L
בלא	1	bla		rule	LOW	alef-default	G
בפרשת	1	bfurˈuʃas	bəfurˈuʃas	rule	LOW	sefaria-pointed	L
הַקְהֵל	1	hˈakhajl		rule	LOW	lk-fallback	L
הָאֲנָשִׁים	1	hˈanuʃim		rule	MED		G
וְהַנָּשִׁים	1	vhˈanuʃim		rule	MED		G
וְהַטַּף	1	vtaf		rule	LOW	pe-default	G
ללמוד	1	llmid	llmit	rule	MED		G
באות	1	bis		fallback	LOW	alef-default,lk-fallback	L
בידכם	1	bidxm		rule	MED		G
לאבדם	1	labdm		rule	LOW	alef-default	G
לרבי	1	lrbi		rule	MED		G
געדריקט	1	ɡədrˈikt		rule	MED		G
התינוקות	1	hatinˈɔjkɔjs		rule	LOW	lk-proclitic:sefaria+ה	L
קטנים	1	ktnim		rule	MED		G
יונגערהייט	1	jˈinɡərhaːt		rule	MED		G
בביאתם	1	bˈiasm		fallback	LOW	alef-default,lk-fallback	L
ודאי	1	vˈadə		lexicon	HIGH		L
הם	1	hajm		rule	LOW	sefaria-pointed	L
כששמע	1	xʃmə		rule	MED		G
לייכט	1	lajxt		rule	MED		G
זהו	1	zhi		rule	MED		G
למביאים	1	lmbˈiaːm		rule	LOW	alef-default	G
שישתדלו	1	ʃˈiʒzdli		fallback	LOW	lk-fallback	L
בקיום	1	bkjim		rule	MED		G
ורביה	1	ˈirbi		rule	MED		G
ס'פרעגט	1	sfrɛɡt		rule	LOW	clitic	G
שטויבער	1	ʃtˈɔjbər		rule	MED		G
"שס""ה"	1	ʃin sˈaməx haj		rule	LOW	letter-names	A
פלענט	1	flɛnt		rule	LOW	pe-default	G
משמרת	1	miʃmˈɛrɛs		rule	LOW	lk-proclitic-pointed:sefaria-pointed	L
נשמה'לעך	1	nəʃˈumuhlx		rule	LOW	model-pointed-guess	L
לאומן	1	limn		rule	LOW	alef-default	G
יסופר	1	ˈisifr		rule	LOW	pe-default	G
בחייו	1	bəxˈajujv	bəxˈajujf	rule	LOW	lk-proclitic-pointed:sefaria-pointed	L
אכצנטן	1	axʦntn		fallback	LOW	alef-default,vowel-ratio	G
גוסס'ן	1	ɡˈisəs n		fallback	LOW	vowel-ratio	G
שניא	1	ʃnˈia		rule	LOW	alef-default	G
ביימעל	1	bˈajməl		rule	MED		G
ההיא	1	hhˈia		rule	LOW	alef-default	G
דערשראקנקייט	1	dərʃrˈaknkaːt		rule	LOW	alef-default	G
דערשראקענע	1	dˈɛrʃrakənə		rule	LOW	alef-default	G
געגוססט	1	ɡəɡˈist		rule	MED		G
חיים'ל	1	xajml		rule	LOW	lk-fallback	L
חיים'לעך	1	xˈajmləx		rule	LOW	lk-fallback	L
אריינגעלאפן	1	arˈaːnɡəlafn		rule	LOW	alef-default,pe-default	G
קרוין	1	krɔjn		rule	MED		G
דערבארעמדיגער	1	dˈɛrbarəmdiɡər		rule	LOW	alef-default	G
חיקה	1	xˈikə		fallback	LOW	lk-fallback	L
דלת	1	dˈalas	dˈɛlɛs	rule	LOW	audio-homograph	L
דערבארעמ'דיגער	1	dˈɛrbarəmə dˈiɡər		rule	LOW	alef-default	G
אויפגעראכטן	1	ˈɔjfɡəraxtn		rule	LOW	alef-default,pe-default	G
מזכה	1	mzˈakə	məzˈakɛ	rule	LOW	sefaria-pointed	L
סאנרייז	1	sˈanrajz	sˈanrajs	rule	LOW	alef-default	G
אונטערגעפירט	1	ˈintərɡəfirt		rule	MED	prefix-rescue:gold+אונטערגע	G
פארגיין	1	farɡˈajn		rule	MED	prefix-rescue:gold+פאר	G
אפעטיט	1	ˈafətit		rule	LOW	alef-default,pe-default	G
אהינגיין	1	ahˈinɡajn		rule	LOW	alef-default	G
צונומען	1	ʦˈinimən		rule	MED		G
חמת	1	xˈamas		rule	LOW	model-pointed-guess	L
פריעדמאן	1	frˈiədman		rule	LOW	alef-default,pe-default	G
פאסיגער	1	fˈasiɡər		rule	LOW	alef-default,pe-default	G
נתתי	1	nusˈati		rule	LOW	sefaria-pointed	L
שהשמש	1	ʃhʃmʃ		fallback	LOW	lk-fallback	L
ופועל	1	ˈifiəl		rule	LOW	pe-default	G
פועל	1	fˈiəl		rule	LOW	pe-default	G
ממסך	1	mmsx		fallback	LOW	lk-fallback	L
השעוה	1	hʃˈɛi		rule	MED		G
ברענעדיגע	1	brˈɛnədiɡə		rule	MED		G
צעגייט	1	ʦəɡˈajt		rule	MED	prefix-rescue:gold+צע	G
ומקפא	1	ˈimkfa		rule	LOW	alef-default,pe-default	G
הביצה	1	hbˈiʦə		rule	MED		G
אפקאכן	1	ˈafkaxn		rule	LOW	alef-default,pe-default	G
ומלבין	1	ˈimlbin		rule	MED		G
ביגלען	1	bˈiɡlən		rule	MED		G
וועש	1	vɛʃ		rule	MED		G
השמש	1	haʃˈɛməʃ	haʃˈɛmɛʃ	rule	LOW	model-pointed-guess	L
המקבל	1	hamkˈabajl		rule	LOW	lk-proclitic:sefaria+ה	L
הברכות	1	habrˈuxɔjs		rule	LOW	lk-proclitic-pointed:sefaria-pointed	L
והקללות	1	ˈikllis		fallback	LOW	lk-fallback	L
מאתו	1	majˈitɔj		rule	LOW	model-pointed-guess	L
וקללות	1	ˈikllis		fallback	LOW	lk-fallback	L
שניתי	1	ʃunˈisi	ʃinˈisi	rule	LOW	audio-homograph	L
השינוי	1	hʃˈinɔj		rule	MED		G
המקבלים	1	hamkˈablim		rule	LOW	sefaria-pointed	L
הרעות	1	harˈuɔjs		rule	LOW	lk-proclitic:sefaria+ה	L
והטוב	1	ˈitib	ˈitip	rule	MED		G
במדרש	1	bəmˈɛdruʃ		rule	LOW	lk-proclitic-pointed:model-pointed-guess	L
טעצל	1	tɛʦl		rule	MED		G
ומעשים	1	ˈiməʃim		rule	MED		G
בחצוצרות	1	baxaʦˈɔjʦrɔjs		rule	LOW	lk-proclitic-pointed:sefaria-pointed	L
ארויסהאבן	1	arˈoʊshubn		rule	MED	prefix-rescue:gold+ארויס	G
פייטסט	1	fajʦt		rule	LOW	pe-default	G
שטערקערע	1	ʃtˈɛrkərə		rule	MED		G
מאסלס	1	masls		rule	LOW	alef-default	G
מתגבר	1	misɡˈabajr		rule	LOW	model-pointed-guess	L
קרי	1	kri		rule	MED		G
בכהן	1	bˈixən		rule	LOW	model-pointed-guess+suffix	L
מפריש	1	mfriʃ		rule	LOW	pe-default	G
פרישות	1	prˈiʃis	pərˈiʃus	rule	LOW	sefaria-pointed	L
באכעט	1	baxˈɛt		rule	LOW	alef-default	G
וועקט	1	vɛkt		rule	MED		G
הנחמות	1	hanəxˈumɔjs	hanɛxˈumɔjs	rule	LOW	sefaria-pointed	L
שהולכות	1	ʃhˈilxis		fallback	LOW	lk-fallback	L
ומשבחות	1	ˈimʒbxis		fallback	LOW	lk-fallback	L
והולכות	1	ˈihilxis		fallback	LOW	lk-fallback	L
הכבד	1	hakˈuvajd	hakˈuvajt	rule	LOW	sefaria-pointed	L
יאמר	1	jamr		rule	LOW	alef-default	G
עזבני	1	ˈɛzbni		rule	MED		G
שכחני	1	ʃxni		fallback	LOW	lk-fallback	L
מעסענדזשער	1	mˈɛsənʤər		rule	MED		G
אעירה	1	ˈaajrə		rule	LOW	alef-default	G
רני	1	rni		rule	MED		G
עקרה	1	ˈɛkrə		rule	MED		G
ילדה	1	ˈildə		rule	MED		G
זעקסטע	1	zˈɛkstə		rule	MED		G
קומי	1	kˈimi		rule	MED		G
אורי	1	ˈiri		rule	LOW	alef-default	G
פאראיבער	1	farˈibər		rule	MED	prefix-rescue:gold+פאר	G
גואל	1	ɡˈial		rule	LOW	alef-default	G
מקבץ	1	mkbʦ		fallback	LOW	lk-fallback	L
נדחי	1	nˈidxaj		rule	LOW	sefaria-pointed	L
ס'דרייען	1	sdrˈajən		rule	MED	clitic	G
צעבראכענע	1	ʦəbrˈaxənə		rule	LOW	alef-default	G
ווייטאגט	1	vˈajtaɡt		rule	LOW	alef-default	G
פארוואגלט	1	farvˈaɡlt		rule	LOW	alef-default,pe-default	G
תקומה	1	tkˈimə	tkˈumə	rule	LOW	printed-respelling	L
ס'זאלן	1	szɔln		rule	MED	clitic	G
מפיץ	1	mfiʦ		rule	LOW	pe-default	G
נאכגיין	1	nˈaxɡajn		rule	LOW	alef-default	G
דרייוו	1	drajv	drajf	rule	MED		G
אראפגעדרייווט	1	arˈupɡədrajvt		rule	LOW	alef-default,pe-default	G
וועטערס	1	vˈɛtərs		rule	MED		G
הענטשיק	1	hˈɛnʧik		rule	MED		G
פייפט	1	fajft		rule	LOW	pe-default	G
טשייניז	1	ʧˈajniz	ʧˈajnis	rule	MED		G
קרויסבורער	1	krˈɔjzbirər		rule	MED		G
שמייכלט	1	ʃmajxlt		rule	MED		G
מטורף	1	mtirf		rule	LOW	pe-default	G
געפרוירן	1	ɡəfrˈɔjrn		rule	LOW	pe-default	G
העמדלעך	1	hˈɛmdləx		rule	MED		G
הענטשיף	1	hˈɛnʧif		rule	LOW	pe-default	G
צולאכט	1	ʦˈilaxt		rule	LOW	alef-default	G
ונפרדו	1	ˈinfrdi		rule	LOW	pe-default	G
לשלום	1	lʃlim		rule	MED		G
מגבית	1	mˈaɡbis		rule	LOW	model-pointed-guess	L
אקציע	1	ˈakʦiə		rule	LOW	alef-default	G
מיען	1	mˈiən		rule	MED		G
ברומישיגע	1	brˈimiʃiɡə		rule	MED		G
קייט	1	kajt		rule	MED		G
ניסלעך	1	nˈisləx		rule	MED		G
פאפקארן	1	fˈafkarn		rule	LOW	alef-default,pe-default	G
צוטראסקעט	1	ʦˈitraskət		rule	LOW	alef-default	G
אראפגעזעצט	1	arˈupɡəzəʦt		rule	LOW	alef-default,pe-default	G
חאצקל	1	xaʦkl	xˈaʦkəl	rule	LOW	model-pointed-guess	L
רייבן	1	rajbn		rule	MED		G
פאפירט	1	fˈafirt		rule	LOW	alef-default,pe-default	G
אודיענס	1	ˈidiəns		rule	LOW	alef-default	G
שטריימל	1	ʃtrajml		rule	MED		G
ורבותי	1	vərabˈɔjsaj		rule	LOW	sefaria-pointed	L
געדראפט	1	ɡədrˈaft		rule	LOW	alef-default,pe-default	G
בימען	1	bˈimən		rule	MED		G
מייקעפארן	1	mˈajkəfarn		rule	LOW	alef-default,pe-default	G
צוזאמגעליטן	1	ʦˈizamɡəlitn		rule	LOW	alef-default	G
מסירות	1	msˈirɔjs	məsˈirɔjs	rule	LOW	sefaria-pointed	L
פשוטה	1	fʃˈitə		rule	LOW	pe-default	G
אונטערצואווארפן	1	ˈintərʦiavarfn		rule	LOW	alef-default,pe-default	G
אראפגערוקט	1	arˈupɡərikt		rule	LOW	alef-default,pe-default	G
אפגעשוירן	1	ˈɔpɡəʃɔjrn		rule	LOW	alef-default,pe-default	G
אפגעקלינט	1	ˈɔpɡəklint		rule	LOW	alef-default,pe-default	G
הענדלען	1	hˈɛndlən		rule	MED		G
דעתא	1	dˈɛsa		fallback	LOW	alef-default,lk-fallback	L
דהכא	1	dhxa		rule	LOW	alef-default	G
פעסטקייט	1	fˈɛstkaːt		rule	LOW	pe-default	G
גייס	1	ɡajs		rule	MED		G
קרישן	1	kriʃn		rule	MED		G
גארטל	1	ɡartl		rule	LOW	alef-default	G
וואק	1	vak		rule	LOW	alef-default	G
בלאו	1	bli		rule	LOW	alef-default	G
אידענטיפייען	1	ˈidəntifajən		rule	LOW	alef-default,pe-default	G
בכיות	1	bəxˈijɔjs		rule	LOW	model-pointed-guess	L
פארדאנקען	1	fardˈankən		rule	LOW	alef-default,pe-default	G
שחטא	1	ʃəxˈutu	ʃɛxˈutu	rule	LOW	sefaria-pointed	L
אהיימנעמען	1	ahˈajmnəmən		rule	LOW	alef-default	G
מטהר	1	mtˈahajr	mətˈahajr	rule	LOW	sefaria-pointed	L
אויפשטיין	1	ˈoʊfʃtajn		rule	MED	prefix-rescue:gold+אויפ	G
וחסדים	1	vaxasˈudim		rule	LOW	model-pointed-guess	L
האגער	1	hˈaɡər		rule	LOW	alef-default	G
עסטרייך	1	ˈɛstrajx		rule	MED		G
געסטארט	1	ɡəstˈart		rule	LOW	alef-default	G
סעלינגען	1	sˈɛlinɡən		rule	MED		G
שווארמא	1	ʃvˈarma		rule	LOW	alef-default	G
שניצל	1	ʃniʦl		rule	MED		G
דאגס	1	daɡs		rule	LOW	alef-default	G
ווייטאגליך	1	vˈajtaɡləx		rule	LOW	alef-default	G
געפארעכץ	1	ɡəfarˈɛxʦ		rule	LOW	alef-default,pe-default	G
אריינזעצן	1	arˈaːnzəʦn		rule	LOW	alef-default	G
מיטברענגען	1	mˈitbrejnɡən		rule	MED	prefix-rescue:gold+מיט	G
קאסטקא	1	kˈastka		rule	LOW	alef-default	G
טעיק	1	tajk		rule	MED		G
אוט	1	it		rule	LOW	alef-default	G
אנגעהאלטן	1	ˈunɡəhaltn		rule	MED	prefix-rescue:gold+אנגע	G
בראקערס	1	brˈakərs		rule	LOW	alef-default	G
מאטאטוב	1	mˈatatib	mˈatatip	rule	LOW	alef-default	G
אדערווייל	1	ˈadərvajl		rule	LOW	alef-default	G
שאקד	1	ʃakd	ʃakt	rule	LOW	alef-default	G
באדאנקט	1	badˈankt		rule	LOW	alef-default	G
בערלער	1	bˈɛrlər		rule	MED		G
גאסע	1	ɡˈasə		rule	LOW	alef-default	G
בראוקער	1	brˈikər		rule	LOW	alef-default	G
קאריער	1	kˈariər		rule	LOW	alef-default	G
וואך'ס	1	vaxs		rule	LOW	alef-default	G
מ'פרובירט	1	mprˈibirt		rule	MED	clitic	G
בראוקערס	1	brˈikərs		rule	LOW	alef-default	G
לאיער	1	lˈaːər		rule	LOW	alef-default	G
קלאוזינג	1	klˈizinɡ	klˈizink	rule	LOW	alef-default	G
יורא	1	jˈira		rule	LOW	alef-default	G
אמאונט	1	ˈamint		rule	LOW	alef-default	G
פאלעטס	1	fˈaləʦ		rule	LOW	alef-default,pe-default	G
ארויסוואקן	1	arˈoʊsvakn		rule	LOW	alef-default	G
לויער'ס	1	lˈɔjərs		rule	MED		G
חודש'ליך	1	xˈidʃləx		rule	LOW	lk-fallback	L
געמליער	1	ɡəmlˈiər		rule	MED		G
מ'גיסט	1	mɡist		rule	MED	clitic	G
מ'רייסט	1	mrajst		rule	MED	clitic	G
ליכטיג	1	lˈixtiɡ	lˈixtik	rule	MED		G
נפתלי'ס	1	nfslis		fallback	LOW	pe-default,lk-fallback	L
שעלע	1	ʃˈɛlə		rule	MED		G
"אי""ה"	1	ˈaləf jid haj	ˈaləf jit haj	rule	LOW	letter-names	A
קערעסטירער'ס	1	kˈɛrəstirərs		rule	MED		G
לשובע	1	lʃˈibə		rule	MED		G
ולרזון	1	ˈilrzin		rule	MED		G
מ'ווילט	1	mvilt		rule	MED	clitic	G
פרטות	1	frtis		fallback	LOW	pe-default,lk-fallback	L
הסתרה	1	hsrə		fallback	LOW	lk-fallback	L
שבהסתרה	1	ʒbhsrə		fallback	LOW	lk-fallback	L
נבנה	1	nˈivnɛ	nˈivnə	rule	LOW	model-pointed-guess	L
נחרב	1	nəxˈɛrav	nɛxˈɛrav|nəxˈɛraf	rule	LOW	model-pointed-guess	L
מנסה	1	mnˈasə	mənˈasɛ	rule	LOW	sefaria-pointed	L
שפך	1	ʃˈufax		rule	LOW	model-pointed-guess	L
חמתו	1	xamˈusɔj		rule	LOW	sefaria-pointed	L
ואבנים	1	ˈiabnim		rule	LOW	alef-default	G
טרייסט	1	trajst		rule	MED		G
אפלערנען	1	ˈuplirnən		rule	MED	prefix-rescue:gold+אפ	G
קדושי	1	kdˈiʃi		rule	MED		G
השירים	1	hʃˈirim		rule	MED		G
כמשה	1	kəmˈɔjʃɛ	kmˈɔjʃə	rule	LOW	model-pointed-guess	L
באליידיגט	1	balˈajdiɡt		rule	LOW	alef-default	G
געטשעפעט	1	ɡəʧˈɛfət		rule	LOW	pe-default	G
בדורנו	1	bdˈirni		rule	MED		G
להוכיח	1	ləhɔjxˈixa		rule	LOW	sefaria-pointed	L
תוכחות	1	tɔjxˈuxɔjs	tɔjxˈajxɔjs	rule	LOW	audio-homograph	L
ומנה	1	ˈimnə		rule	MED		G
המקומות	1	hamkˈɔjmɔjs		rule	LOW	lk-proclitic:sefaria+ה	L
שהכעיסו	1	ʃhxˈajsi		rule	MED		G
והזכירם	1	ˈizxirm		rule	MED		G
ברמז	1	bərˈɛməz	bərˈɛməs	rule	LOW	lk-proclitic-pointed:printed-respelling	L
כבודן	1	kˈuvədn		rule	LOW	lk-lexicon+suffix	L
כחות	1	kˈɔjxɔjs		rule	LOW	model-pointed-guess	L
במדבר	1	bmˈidbar		rule	LOW	pointed-audio-endorsed	L
באצייג	1	baʦˈajɡ	baʦˈajk	rule	LOW	alef-default	G
מרתא	1	mrsa		fallback	LOW	alef-default,lk-fallback	L
המלוכהים	1	hmlˈixhim		rule	MED		G
במצרים	1	bmʦrim		rule	MED		G
מפרים	1	mfrim		rule	LOW	pe-default	G
תופר	1	sifr		fallback	LOW	pe-default,lk-fallback	L
והחצרת	1	ixʦrs		fallback	LOW	lk-fallback	L
לחלשו	1	lxlʃi		fallback	LOW	lk-fallback	L
ודוזר	1	ˈidizr		rule	MED		G
מ'דערציילט	1	mdərʦˈajlt		rule	MED	clitic	G
מסר	1	mˈusar		rule	LOW	sefaria-pointed	L
כדוריה	1	xdˈiri		rule	MED		G
בשלושה	1	bʃlˈiʃə		rule	MED		G
וקה	1	ˈikə		rule	MED		G
חצי	1	xˈaʦi		rule	LOW	sefaria-pointed	L
מתלבטת	1	mslbʦ		fallback	LOW	lk-fallback	L
ביותם	1	bjism		fallback	LOW	lk-fallback	L
אהינדריען	1	ahˈindriən		rule	LOW	alef-default	G
בלוזקע	1	blˈizkə		rule	MED		G
סלחתי	1	sulˈaxti		rule	LOW	sefaria-pointed	L
כדברך	1	xdbrx		fallback	LOW	lk-fallback	L
בחוש	1	bˈɛxiʃ	bˈɛxuʃ	rule	LOW	printed-respelling	L
אריינפארן	1	arˈaːnfarn		rule	LOW	alef-default,pe-default	G
אריינדרייען	1	arˈaːndrajən		rule	LOW	alef-default	G
אפקאסטן	1	ˈafkastn		rule	LOW	alef-default,pe-default	G
אנגעווייטאגט	1	ˈanɡəvajtaɡt		rule	LOW	alef-default	G
ובנה	1	ˈibnə		rule	MED		G
ותחזינה	1	vsəxəzˈajnə	vəsɛxɛzˈɛjnu	rule	LOW	sefaria-pointed	L
שמדות	1	ʃəmˈidɔjs		rule	LOW	lk-proclitic:audio-endorsed+ש	L
נשכחו	1	nʃxi		fallback	LOW	lk-fallback	L
כמת	1	kəmˈajs	kˈamajs	rule	LOW	audio-homograph	L
וטף	1	itf		rule	LOW	pe-default	G
בארבעים	1	barbˈajm		rule	LOW	alef-default	G
בעשתי	1	bˈɛʃsi		fallback	LOW	lk-fallback	L
פערציגסטן	1	fˈɛrʦiɡstn		rule	LOW	pe-default	G
ממי	1	mmi		rule	MED		G
למד	1	lˈaməd	lˈamət	rule	LOW	printed-respelling	L
מיעקב	1	mˈiəkb	mˈiəkp	rule	MED		G
הללו	1	hlli		rule	MED		G
איצט	1	iʦt		rule	LOW	alef-default	G
תענישני	1	sˈɛniʃni		fallback	LOW	lk-fallback	L
ותלך	1	vatˈajləx		rule	LOW	pointed-audio-endorsed	L
ותדבק	1	izdbk		fallback	LOW	lk-fallback	L
בעשו	1	bˈɛʃi		rule	MED		G
אחי	1	ˈuxi	ˈɔxi	rule	LOW	printed-respelling	L
וצער	1	ˈiʦər		rule	MED		G
השביעי	1	hʒbˈiaj		rule	MED		G
מלאכתו	1	mlˈaxtɔj	məlˈaxtɔj	rule	LOW	sefaria-pointed	L
השישי	1	hʃˈiʃi		rule	MED		G
שתיקה	1	ʃsˈikə	ʃəsˈiku	rule	LOW	sefaria-pointed	L
חכמינו	1	xaxumˈajni	xaxumˈajnu	rule	LOW	model-pointed-guess	L
זכרונם	1	zxrinm		rule	MED		G
שמצוה	1	ʃmʦi		rule	MED		G
הנשמע	1	hnʃmə		rule	MED		G
נשמע	1	nʃmə		rule	MED		G
פרעמד	1	frɛmd	frɛmt	rule	LOW	pe-default	G
הסתת	1	hs		fallback	LOW	lk-fallback	L
מעדני	1	mˈɛdni		rule	MED		G
השולחן	1	hʃˈilxajn		rule	LOW	lk-fallback	L
מציעא	1	mʦˈiəa		rule	LOW	alef-default	G
דעות	1	dˈɛis		rule	LOW	pointed-audio-endorsed	L
להזכיר	1	lhzxir		rule	MED		G
שטנדיג	1	sˈutundiɡ	sˈutundik	rule	LOW	sefaria-pointed+suffix	L
ביהושע	1	bˈihiʃə		rule	MED		G
בדוד	1	bdid	bdit	rule	MED		G
לשלמה	1	liʃlɔjmˈɔjə		rule	LOW	lk-proclitic-pointed:sefaria-pointed	L
בנו	1	bni		rule	MED		G
בשיטה	1	bʃˈitə		rule	MED		G
אוועקשיקן	1	avˈɛkʃikn		rule	MED	prefix-rescue:gold+אוועק	G
גיסן	1	ɡisn		rule	MED		G
מלוה	1	mli		rule	MED		G
שטעקנס	1	ʃtɛkns		rule	MED		G
אַחֲרֵי	1	axˈaraj		rule	LOW	lk-fallback	L
הַכֹּתוֹ	1	hakˈɔjsɔj		rule	LOW	lk-fallback	L
סִיחֹן	1	sˈixɔjn		rule	LOW	lk-fallback	L
הָאֱמֹרִי	1	hˈɛmɔjri		rule	MED		G
בְּחֶשְׁבּוֹן	1	bəxˈɛʒbɔjn		rule	LOW	lk-proclitic:sefaria+ב	L
עוֹג	1	ɔjɡ	ɔjk	rule	MED		G
הַבָּשָׁן	1	habˈuʃun		rule	LOW	lk-fallback	L
בְּעַשְׁתָּרֹת	1	baʃtˈurɔjs		rule	LOW	lk-fallback	L
בְּאֶדְרֶעִי	1	bˈɛdri		rule	MED		G
מוכיחם	1	mˈixixm		fallback	LOW	lk-fallback	L
שיכנסו	1	ʃˈixnsi		rule	MED		G
הטיב	1	htib	htip	rule	MED		G
לקנתר	1	lknsr		fallback	LOW	lk-fallback	L
ולמצוא	1	ˈilmʦia		rule	LOW	alef-default	G
עילה	1	ˈajlə		rule	MED		G
להכניסנו	1	lhxnˈisni		rule	MED		G
אריינצוברענגען	1	arˈaːnʦibrənɡən		rule	LOW	alef-default	G
המתין	1	hmsin		fallback	LOW	lk-fallback	L
ושמעון	1	ˈiʃməin		rule	MED		G
וחצי	1	vuxˈajʦi		rule	LOW	model-pointed-guess	L
סיחן	1	sˈixajn		rule	LOW	lk-fallback	L
האמרי	1	hˈamri		rule	LOW	alef-default	G
שהמדינה	1	ʃhmdˈinə		rule	MED		G
בעשתרות	1	bˈɛʃsris		fallback	LOW	lk-fallback	L
באדרעי	1	badrˈaj		rule	LOW	alef-default	G
דעסטוועגן	1	dˈɛstvəɡn		rule	MED		G
מכניע	1	mxnˈiə		rule	MED		G
עוג	1	iɡ	ik	rule	MED		G
מגייר	1	mɡajr		rule	MED		G
מאנקאנער	1	mankˈanər		rule	LOW	alef-default	G
דתן	1	dˈusun		rule	LOW	sefaria-pointed	L
המילות	1	hamˈilɔjs		rule	LOW	model-pointed-guess	L
יובא	1	jˈiba		rule	LOW	alef-default	G
רבנוב'ער	1	rbnˈibər		rule	MED		G
אויסלענען	1	ˈoʊslənən		rule	LOW	alef-default	G
תרצין	1	srʦin		fallback	LOW	lk-fallback	L
קשור	1	kʃir		rule	MED		G
דערוויילער	1	dˈɛrvajlər		rule	MED		G
חג	1	xaɡ	xuɡ|xak	rule	LOW	audio-homograph	L
ושבח	1	vʃˈɛvax	vəʃˈɛvax	rule	LOW	model-pointed-guess	L
רבעצין	1	rbˈɛʦin		rule	MED		G
דיבר	1	dibr		rule	MED		G
ולאמר	1	ˈilamr		rule	LOW	alef-default	G
בסד	1	bzd		fallback	LOW	lk-fallback	L
השילה	1	hʃˈilə		rule	MED		G
ארבע	1	ˈarbə		rule	LOW	alef-default	G
ישועתם	1	jʃiˈusum	jəʃuˈusum	rule	LOW	model-pointed-guess	L
מעגל	1	mɛɡl		rule	MED		G
אנגעזעצט	1	ˈanɡəzəʦt		rule	LOW	alef-default	G
מנורה	1	mnˈirə		rule	MED		G
וקיבלתם	1	ˈikiblsm		fallback	LOW	lk-fallback	L
מניתם	1	mnism		fallback	LOW	lk-fallback	L
סנדרין	1	sndrin		rule	MED		G
אלאפין	1	ˈalafin		rule	LOW	alef-default,pe-default	G
אמער	1	ˈamər		rule	LOW	alef-default	G
ציילט	1	ʦajlt		rule	MED		G
שוואכסטער	1	ʃvˈaxstər		rule	LOW	alef-default	G
באחרונה	1	baxrˈinə		fallback	LOW	alef-default,lk-fallback	L
בשלמא	1	bʃlma		rule	LOW	alef-default	G
חבר'סט	1	xbrst		fallback	LOW	lk-fallback,vowel-ratio	L
ידבק	1	idbk		rule	MED		G
לשחור	1	ləʃˈuxɔjr		rule	LOW	lk-proclitic:sefaria+ל	L
וישתחוה	1	ˈoʊʃsxi		fallback	LOW	lk-fallback	L
באקן	1	bakn		rule	LOW	alef-default	G
דהינא	1	dhˈina		rule	LOW	alef-default	G
ואידהן	1	ˈiaːdhn		rule	LOW	alef-default	G
בנגיעתו	1	bnɡˈiəsi		fallback	LOW	lk-fallback	L
וברוחץ	1	ˈibrixʦ		fallback	LOW	lk-fallback	L
לכן	1	lˈuxajn		rule	LOW	sefaria-pointed	L
נחשב	1	nˈɛxʃuv	nˈɛxʃuf	rule	LOW	sefaria-pointed	L
בבואו	1	bˈii		rule	LOW	alef-default	G
שמן	1	ʃˈɛmɛn	ʃˈumɛn	rule	LOW	audio-homograph	L
אויבערשטן	1	ˈɔjbərʃtn		rule	LOW	alef-default	G
מגושם	1	mɡiʃm		rule	MED		G
תאוות	1	tˈavɔjs		rule	LOW	pointed-audio-endorsed	L
גדולים	1	ɡdˈilim		rule	MED		G
הישן	1	hiʃn		rule	MED		G
דערהער	1	dˈɛrhər		rule	MED		G
נָתַתִּי	1	nusˈati		rule	LOW	lk-fallback	L
נִשְׁבַּע	1	nˈiʒba		rule	MED		G
לְאַבְרָהָם	1	lˈabruhum		rule	MED		G
לְיִצְחָק	1	lˈiʦxuk		rule	LOW	lk-fallback	L
וּלְיַעֲקֹב	1	ˈilaakɔjv	ˈilaakɔjf	rule	MED		G
לָתֵת	1	lˈusajs		rule	LOW	lk-fallback	L
לָהֶם	1	lˈuhəm		rule	LOW	lk-fallback	L
וּלְזַרְעָם	1	ˈilzarum		rule	MED		G
אַחֲרֵיהֶם	1	axarˈajhəm		rule	LOW	lk-fallback	L
בעיניכם	1	bˈajnixm		rule	MED		G
רואים	1	rˈiaːm		rule	LOW	alef-default	G
איני	1	ˈini		rule	LOW	alef-default	G
השמועה	1	hʃmˈiə		rule	MED		G
מעכב	1	mɛxb	mɛxp	rule	MED		G
אילו	1	ˈili		rule	LOW	alef-default	G
שלחתי	1	ʃlxsi		fallback	LOW	lk-fallback	L
מערכות	1	maˈarxɔjs		rule	LOW	model-pointed-guess	L
הוזכרו	1	hˈizxri		rule	MED		G
לאברהם	1	labrhm		rule	LOW	alef-default	G
וָאֹמַר	1	vˈuɔjmar		rule	MED		G
אֲלֵכֶם	1	ˈalajxəm		rule	MED		G
בָּעֵת	1	bajs		rule	LOW	lk-fallback	L
הַהִוא	1	hˈahiia		rule	LOW	alef-default	G
מעצמי	1	mˈɛʦmi		rule	MED		G
מפי	1	mfi		rule	LOW	pe-default	G
הִיא	1	hˈia		rule	LOW	alef-default	G
דֹּרֵשׁ	1	dˈɔjrajʃ		rule	LOW	lk-fallback	L
לָהּ	1	luh		rule	LOW	lk-fallback	L
דבעיא	1	dbˈaja		rule	LOW	alef-default	G
אילמלי	1	ˈilmli		rule	LOW	alef-default	G
כהלכתן	1	kəhilxˈusun		rule	LOW	sefaria-pointed	L
נגאלין	1	nɡˈalin		rule	LOW	alef-default	G
גרעסטער	1	ɡrˈɛstər		rule	MED		G
והצלחה	1	vəhaʦlˈuxu		rule	LOW	sefaria-pointed	L
אודבלי	1	ˈidbli		rule	LOW	alef-default	G
דאי	1	daː		rule	LOW	alef-default	G
אריינגעמופט	1	arˈaːnɡəmift		rule	LOW	alef-default,pe-default	G
אונטערצוהערן	1	ˈintərʦihərn		rule	LOW	alef-default	G
דורון	1	dˈirin		rule	MED		G
נויזעס	1	nˈɔjzəs		rule	MED		G
אוועקגערוקט	1	avˈɛkɡərikt		rule	LOW	alef-default	G
מיינעם	1	mˈajnəm		rule	MED		G
אינדערווייניג	1	ˈindərvajniɡ	ˈindərvajnik	rule	LOW	alef-default	G
שעם	1	ʃɛm		rule	MED		G
קראנק	1	krank		rule	LOW	alef-default	G
ענדיגסט	1	ˈɛndiɡst		rule	MED		G
געטרעפט	1	ɡətrˈɛft		rule	LOW	pe-default	G
השכל	1	hˈaskajl		rule	LOW	lk-proclitic-pointed:sefaria-pointed	L
גאנצעטע	1	ɡˈanʦətə		rule	LOW	alef-default	G
טריקס	1	triks		rule	MED		G
אוצרות	1	ˈɔjʦrɔjs	ˈɔjʦərɔjs	rule	LOW	sefaria-pointed	L
שבתי	1	ʃˈabəsi		rule	LOW	lk-fallback	L
לחזות	1	laxˈazɔjs		rule	LOW	sefaria-pointed	L
בנועם	1	bnˈiəm		rule	MED		G
דעטרויט	1	dˈɛtrɔjt		rule	MED		G
מ'פארברענגט	1	mfarbrˈɛnɡt		rule	MED	clitic	G
בשבת	1	bəʃˈabəs		rule	LOW	lk-proclitic:gold+ב	L
אחים	1	ˈaxim		rule	LOW	sefaria-pointed	L
מאכלים	1	mˈaxlim		rule	LOW	alef-default	G
אפעסן	1	ˈupəsn		rule	MED	prefix-rescue:gold+אפ	G
געשטערט	1	ɡəʃtˈɛrt		rule	MED		G
דערקוויקט	1	dərkvˈikt		rule	MED		G
באפעסטיגט	1	bafˈɛstiɡt		rule	LOW	alef-default,pe-default	G
אפהאקן	1	ˈafhakn		rule	LOW	alef-default,pe-default	G
אפרייסן	1	ˈafrajsn		rule	LOW	alef-default,pe-default	G
אנווינטשן	1	ˈanvinʧn		rule	LOW	alef-default	G
אנגענעם	1	ˈanɡənəm		rule	LOW	alef-default	G
ארדענונג	1	ˈardəninɡ	ˈardənink	rule	LOW	alef-default	G
במאמרו	1	bmˈamri		rule	LOW	alef-default	G
אויפלעבן	1	ˈoʊflejbn		rule	MED	prefix-rescue:gold+אויפ	G
נערוועז	1	nˈɛrvəz	nˈɛrvəs	rule	MED		G
קראצט	1	kraʦt		rule	LOW	alef-default	G
משיח'ס	1	mʃixs		rule	LOW	lk-fallback	L
מיסטער	1	mˈistər		rule	MED		G
ירום	1	ˈirim		rule	MED		G
"אדמורי""ם"	1	ˈaləf dˈuləd mɛm vuv rajʃ jid mɛm	ˈaləf dˈulət mɛm vuf rajʃ jit mɛm	rule	LOW	letter-names	A
מ'פאר'ארבעט	1	mfarˈarbət		rule	LOW	clitic	G
ברחמיו	1	bəraxˈamujv	bəraxˈamujf	rule	LOW	lk-proclitic-pointed:sefaria-pointed	L
יתן	1	jˈitajn		rule	LOW	model-pointed-guess	L
ובלב	1	iblb	iblp	rule	MED		G
יועציו	1	jˈiəʦji		rule	MED		G
ושריו	1	ˈiʃrji		rule	MED		G
עמנו	1	ˈɛmni		rule	MED		G
למחשבה	1	ləmaxaʃˈuvə		rule	LOW	lk-proclitic:sefaria+ל	L
צוהערערס	1	ʦˈihərərs		rule	MED		G
עצך	1	ɛʦx		rule	MED		G
דארעא	1	dˈarəa		rule	LOW	alef-default	G
כעין	1	xajn		rule	MED		G
"תקפ""ט"	1	tuf kif paj tɛs		rule	LOW	letter-names	A
פרעשבורג	1	frˈɛʒbirɡ	frˈɛʒbirk	rule	LOW	pe-default	G
ווידערגעשפעניגט	1	vˈidərɡəʃpəniɡt		rule	LOW	pe-default	G
ווידערשפעניגן	1	vˈidərʃpəniɡn		rule	LOW	pe-default	G
מ'שירט	1	mʃirt		rule	MED	clitic	G
איבערצודרייען	1	ˈibərʦidrajən		rule	LOW	alef-default	G
מרות	1	mˈurɔjs		rule	LOW	lk-proclitic-pointed:sefaria-pointed	L
בפומביא	1	bfˈimbia		rule	LOW	alef-default,pe-default	G
פארארבעטן	1	farˈarbətn		rule	MED	prefix-rescue:gold+פאר	G
אונטערווארפן	1	ˈintərvarfn		rule	LOW	alef-default,pe-default	G
ושלוה	1	ˈiʃli		rule	MED		G
טייערדיגע	1	tˈajərdiɡə		rule	MED		G
מרחמים	1	majraxˈamim		rule	LOW	lk-proclitic-pointed:model-pointed-guess	L
וכפור	1	ixfˈir		rule	LOW	pe-default	G
מתקרבין	1	mskrbin		fallback	LOW	lk-fallback	L
בראשונה	1	brˈaʃinə		rule	LOW	alef-default	G
אנדריי	1	ˈundraj		rule	MED	prefix-rescue:gold+אנ	G
מהרחמים	1	mihuraxˈamim		rule	LOW	lk-proclitic:audio-endorsed+מ	L
מתקרבים	1	mskrbim		fallback	LOW	lk-fallback	L
הערדיג	1	hˈɛrdiɡ	hˈɛrdik	rule	MED		G
פילסט	1	filst		rule	LOW	pe-default	G
במוצאו	1	bmˈiʦi		rule	LOW	alef-default	G
נאנטלי	1	nˈantli		rule	LOW	alef-default	G
פלייסיג	1	flˈajsiɡ	flˈajsik	rule	LOW	pe-default	G
חורבה	1	xˈirvə	xˈurvə	rule	LOW	printed-respelling	L
גאוה	1	ɡi		rule	LOW	alef-default	G
קלייט	1	klajt		rule	MED		G
בגד	1	bˈɛɡəd	bˈɛɡɛd|bˈɛɡət	rule	LOW	sefaria-pointed	L
אריינברענגען	1	arˈaːnbrənɡən		rule	LOW	alef-default	G
נאנטקייט	1	nˈantkaːt		rule	LOW	alef-default	G
התפלה	1	hatfˈilə		rule	LOW	lk-proclitic-pointed:sefaria-pointed	L
ווילעדניקער	1	vˈilədnikər		rule	MED		G
קלייד	1	klajd	klajt	rule	MED		G
בענקט	1	bɛnkt		rule	MED		G
צוקלאפט	1	ʦˈiklaft		rule	LOW	alef-default,pe-default	G
פיינשטיין	1	fˈajnʃtajn		rule	LOW	pe-default	G
מיינס	1	majns		rule	MED		G
באטייליגט	1	batˈajliɡt		rule	LOW	alef-default	G
טאנצט	1	tanʦt		rule	LOW	alef-default	G
רינג	1	rinɡ	rink	rule	MED		G
אפגעטאנצן	1	ˈɔpɡətanʦn		rule	LOW	alef-default,pe-default	G
נתעורר	1	nisəˈɔjrajr	nisˈɔjrajr	rule	LOW	model-pointed-guess	L
אפגעלאזט	1	ˈupɡəlɔzt		rule	MED	prefix-rescue:gold+אפגע	G
ווינטשט	1	vinʧt		rule	MED		G
הבן	1	hˈabajn		rule	LOW	sefaria-pointed	L
מכירני	1	mxˈirni		rule	MED		G
געבלאזן	1	ɡəblˈazn		rule	LOW	alef-default	G
קישקעס	1	kˈiʃkəs		rule	MED		G
ארויפגעפארן	1	arˈoʊfɡəfarn		rule	LOW	alef-default,pe-default	G
פולקאמער	1	fˈilkamər		rule	LOW	alef-default,pe-default	G
ולרצון	1	ˈilrʦin		rule	MED		G
קריאה	1	krˈia		rule	LOW	alef-default	G
תוליד	1	tˈɔjlid	tˈɔjlit	rule	LOW	sefaria-pointed	L
ובני	1	ˈibni		rule	MED		G
ויקרא	1	ˈɔjkra		rule	LOW	alef-default	G
לבכי	1	lbxi		rule	MED		G
ולמספד	1	ilmsfd		fallback	LOW	pe-default,vowel-ratio	G
ולקרחה	1	ˈilkrxə		fallback	LOW	lk-fallback	L
ומנויים	1	ˈimnɔjim		rule	MED		G
ומנוחאי	1	ˈimnixaː		fallback	LOW	alef-default,lk-fallback	L
קלאגן	1	kluɡn		lexicon	MED	audio-vowel	G
בכי	1	bxi		rule	MED		G
והספד	1	isfd	isft	rule	LOW	pe-default	G
דוחוי	1	dˈixɔj		fallback	LOW	lk-fallback	L
סתקבל	1	skbl		fallback	LOW	lk-fallback	L
עליינו	1	ˈɛlajni		rule	MED		G
כוכבים	1	xˈixbim		rule	MED		G
ומזלות	1	imazˈulɔjs	umazˈulɔjs	rule	LOW	model-pointed-guess	L
בוכין	1	bˈixin		rule	MED		G
בבכיה	1	bxi		rule	MED		G
ובמספד	1	ibmsfd		fallback	LOW	pe-default,vowel-ratio	G
במסתרים	1	bmistˈurim	bəmistˈurim	rule	LOW	model-pointed-guess	L
תבכה	1	tˈivkə	tˈivkɛ	rule	LOW	sefaria-pointed	L
גוה	1	ɡi		rule	MED		G
ווידערקול	1	vˈidərkil		rule	MED		G
יושב	1	jiʒb	jiʒp	rule	MED		G
ובוכה	1	ˈibixə		rule	MED		G
תעניתים	1	taanˈisim		rule	LOW	model-pointed-guess	L
ותיקון	1	ˈisikin		fallback	LOW	lk-fallback	L
הרהורי	1	hrhˈiri		rule	MED		G
פרט	1	pərˈut	pˈɛrɛt	rule	LOW	audio-homograph	L
ומלכי	1	ˈimlxi		rule	MED		G
לחומת	1	ləxˈɔjmas		rule	LOW	lk-proclitic:sefaria+ל	L
פרטיות	1	frtjis		fallback	LOW	pe-default,lk-fallback	L
תתמה	1	smə		fallback	LOW	lk-fallback	L
בכורות	1	bxˈɔjrɔjs	bəxˈɔjrɔjs	rule	LOW	sefaria-pointed	L
שאהנה	1	ʃˈanə		rule	LOW	alef-default	G
מכם	1	mˈikɛm	mˈikəm	rule	LOW	sefaria-pointed	L
אודאי	1	ˈidaː		rule	LOW	alef-default	G
חנם	1	xˈinum		rule	LOW	sefaria-pointed	L
תמור	1	smir		fallback	LOW	lk-fallback	L
חיון	1	xˈajvun		rule	LOW	sefaria-pointed	L
ויאמו	1	ˈɔjami		rule	LOW	alef-default	G
ניגן	1	niɡn		rule	MED		G
סוטה	1	sˈitə		rule	MED		G
תל	1	tajl		rule	LOW	sefaria-pointed	L
אביב	1	ˈabib	ˈabip	rule	LOW	alef-default	G
פתיחת	1	psˈixas	pəsˈixas	rule	LOW	sefaria-pointed	L
רשימה	1	rʃˈimə		rule	MED		G
צוריקגעבן	1	ʦirˈikɡəbən		rule	MED	prefix-rescue:gold+צוריקגע	L
אייגענעם	1	ˈajɡənəm		rule	LOW	alef-default	G
מידה	1	mˈidə		rule	MED		G
צעקלאפט	1	ʦəklˈaft		rule	LOW	alef-default,pe-default	G
באלסם	1	balsm		rule	LOW	alef-default	G
היילן	1	hajln		rule	MED		G
השער	1	hʃɛr		rule	MED		G
יבואו	1	ˈubii		lexicon	MED	audio-vowel	G
מ'ציט	1	mʦit		rule	MED	clitic	G
אריינציען	1	arˈaːnʦiən		rule	LOW	alef-default	G
התבוננות	1	hisbˈɔjnənus		rule	LOW	model-pointed-guess	L
תבורך	1	zbirx		fallback	LOW	lk-fallback	L
פארשטארקערן	1	farʃtˈarkərn		rule	LOW	alef-default,pe-default	G
איבערקערן	1	ˈibərkərn		rule	LOW	alef-default	G
לגר	1	lɡɔjr	ləɡˈɔjr	rule	LOW	model-pointed-guess	L
עקר	1	ɛkr		rule	MED		G
דגל	1	dˈɛɡəl	dˈɛɡɛl	rule	LOW	sefaria-pointed	L
לפיהן	1	lfin		rule	LOW	pe-default	G
והראיה	1	ˈiraːə		rule	LOW	alef-default	G
מובנים	1	mˈibnim		rule	MED		G
לפרטם	1	lfrtm		fallback	LOW	pe-default,lk-fallback	L
רבו	1	rbi		rule	MED		G
צעד	1	ʦɛd	ʦɛt	rule	MED		G
ושעל	1	ˈiʃəl		rule	MED		G
איבערשלאפן	1	ˈibərʃlufn		rule	MED	prefix-rescue:word-latin+איבער	G
ביחידות	1	bixˈidis	bixˈidus	rule	LOW	model-pointed-guess	L
אנצוהייבן	1	ˈanʦihajbn		rule	LOW	alef-default	G
פארמאטערט	1	farmˈatərt		rule	LOW	alef-default,pe-default	G
אנגעיאגט	1	ˈanɡajaɡt		rule	LOW	alef-default	G
קלעבן	1	klɛbn		rule	MED		G
געריסן	1	ɡərˈisn		rule	MED		G
שטיקער	1	ʃtˈikər		rule	MED		G
קוועטש	1	kvɛʧ		rule	MED		G
קנעפל	1	knɛfl		rule	LOW	pe-default	G
יִסָּתֵר	1	jisˈusajr		rule	LOW	lk-fallback	L
בַּמִּסְתָּרִים	1	bamistˈurim		rule	LOW	lk-fallback	L
וַאֲנִי	1	vˈaani		rule	MED		G
אֶרְאֶנּוּ	1	ˈɛrəni		rule	MED		G
נְאֻם	1	nim		rule	MED		G
חוֹפֵשׂ	1	xˈɔjfajs		rule	LOW	pe-default,lk-fallback	L
חַדְרֵי	1	xˈadraj		rule	LOW	lk-fallback	L
בָטֶן	1	vˈutən		rule	LOW	lk-fallback	L
אכן	1	axn		rule	LOW	alef-default	G
וְשַׁבְתָּ	1	vəʃˈabəs		rule	LOW	lk-proclitic:gold+ו	L
אום	1	im		rule	LOW	alef-default	G
קומענדיגער	1	kˈiməndiɡər		rule	MED		G
וּבִקַּשְׁתֶּם	1	ivikˈaʃtəm		rule	LOW	lk-fallback	L
מִשָּׁם	1	mˈiʃum		rule	LOW	lk-fallback	L
וּמָצָאתָ	1	imuʦˈusu		rule	LOW	alef-default,lk-fallback	L
תִדְרְשֶׁנּוּ	1	sidrʃˈɛni		rule	LOW	lk-fallback	L
וּבְכָל	1	ˈibxul		rule	MED		G
נַפְשֶׁךָ	1	nafʃˈɛxu		rule	LOW	pe-default,lk-fallback	L
הִשְׁלִיךְ	1	hˈiʃləx		rule	MED		G
מִשָּׁמַיִם	1	mˈiʃumim		rule	MED		G
אֶרֶץ	1	ˈɛrəʦ		lexicon	HIGH		L
תִּפְאֶרֶת	1	tˈifərəs		rule	LOW	pe-default,lk-fallback	L
מאיגרא	1	mˈaːɡra		rule	LOW	alef-default	G
רמא	1	rma		rule	LOW	alef-default	G
לבירא	1	lbˈira		rule	LOW	alef-default	G
עמיקתא	1	ˈɛmiksa		fallback	LOW	alef-default,lk-fallback	L
השליך	1	hʃlix		rule	MED		G
ראדאמסקער	1	rˈadamskər		rule	LOW	alef-default	G
נביאים	1	nbˈiaːm		rule	LOW	alef-default	G
נתנבאו	1	nsnbi		fallback	LOW	alef-default,lk-fallback	L
בסגנון	1	bzɡnin		rule	MED		G
ביחס	1	bixs		fallback	LOW	lk-fallback	L
פתחו	1	pˈisxi	pˈisxu	rule	LOW	sefaria-pointed	L
זיצסט	1	ziʦst		rule	MED		G
אנגעפלאקערט	1	ˈanɡəflakərt		rule	LOW	alef-default,pe-default	G
ארומצוזוכן	1	arˈimʦizixn		rule	LOW	alef-default	G
טאפט	1	taft		rule	LOW	alef-default,pe-default	G
"ושס""ה"	1	vuv ʃin sˈaməx haj	vuf ʃin sˈaməx haj	rule	LOW	letter-names	A
תכונת	1	sxins		fallback	LOW	lk-fallback	L
יכולות	1	ˈixilis		fallback	LOW	lk-fallback	L
סנהדרין	1	sanhˈədrin		rule	LOW	pointed-audio-endorsed	L
מספיד	1	msfid	msfit	rule	LOW	pe-default	G
כראוי	1	xrɔj		rule	LOW	alef-default	G
נשלם	1	nˈiʃlam		rule	LOW	model-pointed-guess	L
בימי	1	bˈimi		rule	MED		G
ומופת	1	imˈɔjfajs	umˈɔjfajs	rule	LOW	sefaria-pointed	L
מראדך	1	mradx		rule	LOW	alef-default	G
בלאדן	1	bladn		rule	LOW	alef-default	G
קריאנא	1	krˈiana		rule	LOW	alef-default	G
דאגרתא	1	dˈaɡrsa		fallback	LOW	alef-default,lk-fallback	L
המלאך	1	hmlax		rule	LOW	alef-default	G
בכיפה	1	bxˈifə		rule	LOW	pe-default	G
תמידין	1	tmˈidin	təmˈidin	rule	LOW	sefaria-pointed	L
כעבד	1	xɛbd	xɛbt	rule	MED		G
שקיבל	1	ʃkibl		rule	MED		G
פרס	1	pˈurəs	pˈɔrəs	rule	LOW	printed-respelling	L
מרבו	1	mrbi		rule	MED		G
זכותם	1	zxˈisum	zəxˈusum	rule	LOW	model-pointed-guess	L
קאמפאט	1	kˈamfat		rule	LOW	alef-default,pe-default	G
צעפלאקערט	1	ʦəflˈakərt		rule	LOW	alef-default,pe-default	G
פלוימע	1	flˈɔjmə		rule	LOW	pe-default	G
פניה	1	fni		rule	LOW	pe-default	G
ומצאתו	1	ˈimʦasi		fallback	LOW	alef-default,lk-fallback	L
כשתדרשנו	1	xʒzdrʃni		fallback	LOW	lk-fallback	L
בקצרה	1	bkʦrə		fallback	LOW	lk-fallback	L
הבטחות	1	havtˈuxɔjs		rule	LOW	model-pointed-guess	L
ונפלינו	1	ˈinflini		rule	LOW	pe-default	G
ועמך	1	ˈiəmx		rule	MED		G
בליעל	1	blˈiəl		rule	MED		G
חללו	1	xlli		fallback	LOW	lk-fallback	L
שפכת	1	ʃpxs		fallback	LOW	pe-default,lk-fallback	L
זעמך	1	zɛmx		rule	MED		G
גדלת	1	ɡdals	ɡədˈals	rule	LOW	model-pointed-guess	L
ורוממת	1	ˈirimms		fallback	LOW	lk-fallback	L
להניק	1	lhnik		rule	MED		G
זבת	1	zˈuvas		rule	LOW	sefaria-pointed	L
חלב	1	xˈuluv	xˈajlɛv|xˈalajv|xˈuluf	rule	LOW	audio-homograph	L
ודבש	1	idbʃ		rule	MED		G
האומן	1	himn		rule	LOW	alef-default	G
היונק	1	hjink		rule	MED		G
דודנים	1	dˈidnim		rule	MED		G
דצו	1	dʦi		rule	MED		G
לזנק	1	lznk		fallback	LOW	lk-fallback	L
ישמעאלים	1	ˈiʃməalim		rule	LOW	alef-default	G
מזנק	1	mznk		fallback	LOW	lk-fallback	L
ואריה	1	ˈiari		rule	LOW	alef-default	G
דנבוכדנצר	1	dnbixdnʦr		fallback	LOW	vowel-ratio	G
דלייב	1	dlajb	dlajp	rule	MED		G
גוריו	1	ɡˈirji		rule	MED		G
לחנק	1	ləxˈɛnək		rule	LOW	lk-proclitic:sefaria+ל	L
דערשטיקן	1	dərʃtˈikn		rule	MED		G
נהינו	1	nhˈini		rule	MED		G
הדיבה	1	hdˈibə		rule	MED		G
באתנו	1	basnˈi		fallback	LOW	alef-default,lk-fallback	L
בחובה	1	bəxˈɔjvə		rule	LOW	lk-proclitic:sefaria+ב	L
אותות	1	ˈisis		fallback	LOW	alef-default,lk-fallback	L
מאז	1	maz	mas	rule	MED	clitic	G
לקחת	1	lukˈaxas		rule	LOW	sefaria-pointed	L
במסעות	1	bmsˈɛis		fallback	LOW	lk-fallback	L
בש	1	bɔjʃ		rule	LOW	sefaria-pointed	L
התביאני	1	hzbˈiani		fallback	LOW	alef-default,lk-fallback	L
במרורים	1	bmrˈirim		rule	MED		G
וערבני	1	ˈiərbni		rule	MED		G
לנה	1	lnə		fallback	LOW	lk-fallback	L
ותשובה	1	isʃˈivə	usəʃˈuvu	rule	LOW	model-pointed-guess	L
איינגעבאקן	1	ˈajnɡəbakn		rule	LOW	alef-default	G
קלארער	1	klˈarər		rule	LOW	alef-default	G
אויסגעשארפט	1	ˈoʊzɡəʃarft		rule	LOW	alef-default,pe-default	G
התהא	1	hatəhˈaj		rule	LOW	lk-proclitic:sefaria+ה	L
אלקי	1	ˈalki		rule	LOW	alef-default	G
אזנך	1	aznx		rule	LOW	alef-default	G
לתפלצת	1	lsflʦs		fallback	LOW	pe-default,lk-fallback	L
העצת	1	hɛʦs		fallback	LOW	lk-fallback	L
מלי	1	mli		rule	MED		G
בשמים	1	bʃmim		rule	MED		G
ושמע	1	ˈiʃmə		rule	MED		G
שאגת	1	ʃaˈaɡas		rule	LOW	sefaria-pointed	L
עורריך	1	ˈirrix		rule	MED		G
האומרים	1	hˈimrim		rule	LOW	alef-default	G
היסוד	1	hˈisid	hˈisit	rule	MED		G
לשמך	1	lʃˈimxu	ləʃˈimxu	rule	LOW	model-pointed-guess	L
מחולל	1	mxˈɔjlajl	məxˈɔjlajl	rule	LOW	sefaria-pointed	L
פארשוועכן	1	farʃvˈɛxn		rule	LOW	alef-default,pe-default	G
קנייטש	1	knajʧ		rule	MED		G
ולפלפי	1	ˈilflfi		rule	LOW	pe-default	G
יצטרכו	1	ˈiʦtrxi		rule	MED		G
לעם	1	lɛm		rule	MED		G
שמוציגער	1	ʃmˈiʦiɡər		rule	MED		G
בלבבי	1	blbi		rule	MED		G
אבנה	1	ˈabnə		rule	LOW	alef-default	G
ועשו	1	ˈiəʃi		rule	MED		G
ושכנתי	1	vəʃuxˈanti	vʃuxˈanti	rule	LOW	sefaria-pointed	L
המדור	1	hmdir		rule	MED		G
דברו	1	dbri		rule	MED		G
שוב	1	ʃib	ʃip	rule	MED		G
המודעי	1	hmˈidaj		rule	MED		G
אדורכגיין	1	adˈirxɡajn		rule	LOW	alef-default	G
אוממעגליך	1	ˈimməɡləx		rule	LOW	alef-default	G
ביומו	1	bjˈimi		rule	MED		G
שיש	1	ʃiʃ		rule	MED		G
ודואג	1	ˈidiaɡ	ˈidiak	rule	LOW	alef-default	G
יאכל	1	jaxl		rule	LOW	alef-default	G
מקטני	1	mktni		rule	MED		G
שווערן	1	ʃvɛrn		rule	MED		G
המחיה	1	hamˈixju		rule	LOW	sefaria-pointed	L
הכלכלה	1	hakalkˈulə	hakalkˈulu	rule	LOW	sefaria-pointed	L
חיילות	1	xˈajlis		fallback	LOW	lk-fallback	L
איינגעפלאנצט	1	ˈajnɡəflanʦt		rule	LOW	alef-default,pe-default	G
צוברענגען	1	ʦˈibrejnɡən		rule	MED	prefix-rescue:gold+צו	G
מזלזל	1	mzˈalzajl	məzˈalzajl	rule	LOW	model-pointed-guess	L
בפועל	1	bfˈiəl		rule	LOW	pe-default	G
מקדשא	1	mkdʃa		rule	LOW	alef-default	G
זהיר	1	zhir		rule	MED		G
העבודה	1	hˈɛbidə		rule	MED		G
תמאס	1	smas		fallback	LOW	alef-default,lk-fallback	L
פארשמיר	1	farʃmˈir		rule	LOW	alef-default,pe-default	G
אנדערער	1	ˈandərər		rule	LOW	alef-default	G
התייחסות	1	hsˈajxsis		fallback	LOW	lk-fallback	L
אשקא	1	ˈaʃka		rule	LOW	alef-default	G
ברתא	1	brsa		fallback	LOW	alef-default,lk-fallback	L
נגרא	1	nɡra		rule	LOW	alef-default	G
ונגרא	1	ˈinɡra		rule	LOW	alef-default	G
דנגלה	1	dənˈiɡlə		rule	LOW	lk-proclitic:sefaria+ד	L
צבא	1	ʦba		rule	LOW	alef-default	G
אך	1	ax		rule	LOW	alef-default	G
צוריקגעהאלטן	1	ʦirˈikɡəhaltn		rule	MED	prefix-rescue:gold+צוריקגע	G
זהירות	1	zəhˈirɔjs		rule	LOW	sefaria-pointed	L
באוואוסטע	1	bavˈistə		rule	LOW	alef-default	G
בריסק	1	brisk		rule	MED		G
קבוצה	1	kbˈiʦə		rule	MED		G
מטבחיים	1	mtbxajm		fallback	LOW	lk-fallback	L
שווארצערהייט	1	ʃvˈarʦərhaːt		rule	LOW	alef-default	G
ווייסערהייט	1	vˈajsərhaːt		rule	MED		G
צוזאמגערופן	1	ʦˈizamɡərifn		rule	LOW	alef-default,pe-default	G
השגחת	1	hʒɡxs		fallback	LOW	lk-fallback	L
אומגערופענער	1	ˈimɡərifənər		rule	LOW	alef-default,pe-default	G
מתעסק	1	misˈasajk		rule	LOW	sefaria-pointed	L
ארומגעקוקט	1	arˈimɡəkikt		rule	LOW	alef-default	G
לדרכו	1	ldrxi		rule	MED		G
פארנישט	1	farnˈiʃt		rule	MED	prefix-rescue:gold+פאר	G
ענדערשער	1	ˈɛndərʃər		rule	MED		G
תקופות	1	tkˈifɔjs	təkˈufɔjs	rule	LOW	sefaria-pointed	L
לפרסם	1	lfˈarsajm	ləfˈarsajm	rule	LOW	sefaria-pointed	L
דאטשע	1	dˈaʧə		rule	LOW	alef-default	G
שפאציר	1	ʃpaʦˈir		rule	LOW	alef-default,pe-default	G
ארומפארן	1	arˈimfarn		rule	LOW	alef-default,pe-default	G
צוזאמגעפאקט	1	ʦˈizamɡəfakt		rule	LOW	alef-default,pe-default	G
מיטגענומען	1	mˈitɡənimən		rule	MED	prefix-rescue:gold+מיט	G
לצרכיו	1	lʦrxji		fallback	LOW	vowel-ratio	G
אפצושטעלן	1	ˈafʦiʃtəln		rule	LOW	alef-default,pe-default	G
זייטיגע	1	zˈajtiɡə		rule	MED		G
אריינקומענדיג	1	arˈaːnkiməndiɡ	arˈaːnkiməndik	rule	LOW	alef-default	G
בחפץ	1	bəxˈajfɛʦ	bxˈajfəʦ	rule	LOW	sefaria-pointed	L
באזינגען	1	bazˈinɡən		rule	LOW	alef-default	G
אוועקלייגן	1	avˈɛklajɡn		rule	MED	prefix-rescue:gold+אוועק	G
באזונגען	1	bazˈinɡən		rule	LOW	alef-default	G
אויסקומען	1	ˈoʊskimən		rule	MED	prefix-rescue:gold+אויס	G
בזיון	1	bzjin		rule	MED		G
אפווארטן	1	ˈafvartn		rule	LOW	alef-default,pe-default	G
מ'באשטעלט	1	mbaʃtˈɛlt		rule	LOW	clitic	G
מבוזה	1	mbˈizə		rule	MED		G
והשלום	1	ˈiʃlim		rule	MED		G
אהבו	1	ˈabi		rule	LOW	alef-default	G
מ'באקט	1	mbakt		rule	LOW	clitic	G
כופר	1	xifr		rule	LOW	pe-default	G
ובנביאים	1	ˈibnbiaːm		rule	LOW	alef-default	G
שיתמהמה	1	ʃɛjismahmˈajha		rule	LOW	sefaria-pointed	L
מאמין'ס	1	mˈamins		rule	LOW	alef-default	G
בעסטן	1	bɛstn		rule	MED		G
שענסטן	1	ʃɛnstn		rule	MED		G
ברוחניות	1	bəruxənˈijus		rule	LOW	model-pointed-guess	L
ובגשמיות	1	uvəɡaʃmˈijus		rule	LOW	model-pointed-guess	L
מסיצה	1	msˈiʦə		rule	MED		G
קיסר	1	kisr		rule	MED		G
אפיקורס	1	afikˈirs		rule	LOW	alef-default,pe-default	G
שטום	1	ʃtim		rule	MED		G
מחוויי	1	mxvaj		fallback	LOW	lk-fallback	L
במחויי	1	bmxˈɔji		fallback	LOW	lk-fallback	L
דאדרינהו	1	dˈadrinhi		rule	LOW	alef-default	G
מרה	1	mˈuru	mˈɔjrɛ	rule	LOW	audio-homograph	L
לאפיה	1	lˈafi		rule	LOW	alef-default,pe-default	G
מינה	1	mˈinə		rule	MED		G
אוועקגעדרייט	1	avˈɛkɡədrajt		rule	LOW	alef-default	G
הדרוני	1	hdrˈini		rule	MED		G
מרי	1	mri		rule	MED		G
לאפי	1	lˈafi		rule	LOW	alef-default,pe-default	G
מיניה	1	mˈini		rule	MED		G
שמשנכנס	1	ʃəmiʃənˈixnas		rule	LOW	lk-proclitic:sefaria+ש	L
ממעט	1	mmɛt		rule	MED		G
יאוש	1	jiʃ		rule	LOW	alef-default	G
ותפתח	1	vatˈiftax		rule	LOW	sefaria-pointed	L
ותראהו	1	vatirˈajhi	vatirˈajhu	rule	LOW	sefaria-pointed	L
נער	1	nɛr		rule	MED		G
מילדי	1	mˈildi		rule	MED		G
העברים	1	hˈɛbrim		rule	MED		G
לחשך	1	laxˈɔjʃəx	laxˈɔjʃɛx	rule	LOW	model-pointed-guess	L
לישועתך	1	liʃiˈusxu	liʃuˈusəxu	rule	LOW	sefaria-pointed	L
קויתי	1	kivˈisi		rule	LOW	sefaria-pointed	L
ציפיה	1	ʦˈifi		rule	LOW	pe-default	G
אלופו	1	ˈalifi		rule	LOW	alef-default,pe-default	G
אדרבה	1	ˈadrbə		rule	LOW	alef-default	G
בליבנו	1	blˈibni		rule	MED		G
שנראה	1	ʃnra		rule	LOW	alef-default	G
שמועות	1	ʃmiˈɛɔjs	ʃəmˈuɔjs	rule	LOW	sefaria-pointed	L
אויסצוארבעטן	1	ˈoʊsʦiarbətn		rule	LOW	alef-default	G
לקוטים	1	lkˈitim		rule	MED		G
"ס'עפ""צ"	1	sˈaməx ˈajən paj ʦˈadik		rule	LOW	letter-names	A
סגור	1	zɡir		rule	MED		G
פארמאך	1	farmˈax		rule	MED	prefix-rescue:gold+פאר	G
כפשוטו	1	xfʃˈiti		rule	LOW	pe-default	G
ולענינו	1	ˈilənini		rule	MED		G
בלעדים	1	blˈɛdim		rule	MED		G
דיבורים	1	dˈibirim		rule	MED		G
זוים	1	zɔjm		rule	MED		G
הארת	1	hars		fallback	LOW	alef-default,lk-fallback	L
תְּרוּעַת	1	trˈias		rule	LOW	lk-fallback	L
אֱלֹקָיו	1	ˈɛlɔjkuji		rule	MED		G
עִמּוֹ	1	ˈimɔj		rule	MED		G
מעזריטש	1	mˈɛzriʧ		rule	MED		G
מעולם	1	mˈɛilm		rule	MED		G
פגמים	1	fɡmim		rule	LOW	pe-default	G
הדבק	1	hdbk		fallback	LOW	lk-fallback	L
חסרונות	1	xəsrˈɔjnɔjs	xɛsrˈɔjnɔjs	rule	LOW	sefaria-pointed	L
התורפה	1	hsˈirfə		fallback	LOW	pe-default,lk-fallback	L
בנוגע	1	bnˈiɡə		rule	MED		G
כולן	1	xiln		rule	MED		G
באבק	1	babk		rule	LOW	alef-default	G
נחסך	1	nxsx		fallback	LOW	lk-fallback	L
בטוב	1	btib	btip	rule	MED		G
צוגעבינדן	1	ʦˈiɡəbindn		rule	MED		G
זלאטאוויץ	1	zlˈataviʦ		rule	LOW	alef-default	G
מייסד	1	majzd	majzt	rule	MED		G
ארטסקראלל	1	ˈarʦkrall		rule	LOW	alef-default	G
נשמתה	1	niʃmˈusuh	niʃmˈusu	rule	LOW	model-pointed-guess	L
איבערצוטייטשן	1	ˈibərʦitajʧn		rule	LOW	alef-default	G
איבערגעטייטשט	1	ˈibərɡətajʧt		rule	LOW	alef-default	G
אויסטיילן	1	ˈoʊstajln		rule	LOW	alef-default	G
הארטע	1	hˈartə		rule	LOW	alef-default	G
פארקויף	1	farkˈɔjf		rule	LOW	alef-default,pe-default	G
מגילות	1	mɡˈilɔjs	məɡˈilɔjs	rule	LOW	model-pointed-guess	L
נחלת	1	naxˈalas		rule	LOW	sefaria-pointed	L
בעשרה	1	bˈɛʃrə		rule	MED		G
מאמרות	1	mˈamris		fallback	LOW	alef-default,lk-fallback	L
נברא	1	nbra		rule	LOW	alef-default	G
באפם	1	bafm		rule	LOW	alef-default,pe-default	G
הרגו	1	hˈarɡi		rule	MED		G
הרג'ענען	1	hˈarɡənən		rule	MED		G
מאטל	1	matl		rule	LOW	alef-default	G
בדינו	1	bdˈini		rule	MED		G
ודחקות	1	ˈidxkis		fallback	LOW	lk-fallback	L
בנסיון	1	bnsjin		rule	MED		G
געפסק'נט	1	ɡəpˈasknt		rule	LOW	pe-default	G
תיקח	1	tikx		rule	LOW	model-pointed-guess	L
געהיצן	1	ɡəhˈiʦn		rule	MED		G
טורעם	1	tˈirəm		rule	MED		G
נתכפר	1	niskˈapajr		rule	LOW	model-pointed-guess	L
ואוי	1	ˈiɔj		rule	LOW	alef-default	G
לנפשי	1	lnfʃi		rule	LOW	pe-default	G
ציווי	1	ʦˈivi		rule	MED		G
צוקלאפן	1	ʦˈiklafn		rule	LOW	alef-default,pe-default	G
צעברעקלט	1	ʦəbrˈɛklt		rule	MED		G
בחלום	1	baxˈalɔjm		rule	LOW	lk-proclitic-pointed:sefaria-pointed	L
פשיטות	1	fʃˈitis		fallback	LOW	pe-default,lk-fallback	L
ארויסראפענען	1	arˈoʊsrafənən		rule	LOW	alef-default,pe-default	G
ירמיה	1	ˈirmi		rule	MED		G
געשפאלטן	1	ɡəʃpˈaltn		rule	LOW	alef-default,pe-default	G
החשבון	1	haxˈɛʃbɔjn		rule	LOW	lk-proclitic-pointed:sefaria-pointed	L
פארשריבן	1	farʃrˈibn		rule	LOW	alef-default,pe-default	G
אלעווסקי	1	ˈaləvski		rule	LOW	alef-default	G
דורכגעלעבט	1	dˈirxɡəlejbt		rule	MED	prefix-rescue:word-latin+דורכגע	G
גערינט	1	ɡərˈint		rule	MED		G
נתינה	1	nəsˈinə		rule	LOW	printed-respelling	L
אוועקגעגעבן	1	avˈɛkɡəɡejbn		rule	MED	prefix-rescue:gold+אוועקגע	G
אויפהענגען	1	ˈɔjfhənɡən		rule	LOW	alef-default,pe-default	G
טבל	1	tbl		fallback	LOW	lk-fallback	L
לזכרון	1	lzxrin		rule	MED		G
בהיכל	1	bhixl		rule	MED		G
מנצח	1	mnaʦˈajxa	mənaʦˈajxa	rule	LOW	model-pointed-guess	L
עינוים	1	ˈajnɔjm		rule	MED		G
וואונדערסטו	1	vˈindərsti		rule	LOW	alef-default	G
הבט	1	hˈabət	hˈabɛt	rule	LOW	model-pointed-guess	L
וראה	1	ˈira		rule	LOW	alef-default	G
היינו	1	hˈajni		rule	MED		G
לעג	1	lɛɡ	lɛk	rule	MED		G
וקלס	1	ikls		rule	MED		G
נחשבנו	1	nəxʃˈavni	nɛxʃˈavnu	rule	LOW	sefaria-pointed	L
כצאן	1	xʦan		rule	LOW	alef-default	G
לטבח	1	ltbx		fallback	LOW	lk-fallback	L
להרוג	1	lhriɡ	lhrik	rule	MED		G
ולאבד	1	ˈilabd	ˈilabt	rule	LOW	alef-default	G
ולמכה	1	ˈilmxə		rule	MED		G
ולחרפה	1	ˈilxrfə		fallback	LOW	pe-default,lk-fallback	L
אויסצושרייען	1	ˈoʊsʦiʃrajən		rule	LOW	alef-default	G
מ'קלאגט	1	mklaɡt		rule	LOW	clitic	G
אויף'ן	1	ɔjfn		rule	LOW	alef-default,pe-default	G
תשכחנו	1	tiʃkuxˈajnu	tiʃkuxˈajni	rule	LOW	sefaria-pointed	L
אעשה	1	ˈaəʃə		rule	LOW	alef-default	G
לביתי	1	ləbˈajsi		rule	LOW	lk-proclitic:sefaria+ל	L
השלישי	1	hʃlˈiʃi		rule	MED		G
נדבת	1	ndbs		fallback	LOW	lk-fallback	L
גרינבוים	1	ɡrˈinbɔjm		rule	MED		G
ומשפחתו	1	ˈimʃpxsi		fallback	LOW	pe-default,lk-fallback	L
שיחיו	1	ʃɛjixˈɛju		rule	LOW	model-pointed-guess	L
הִוא	1	hˈiia		rule	LOW	alef-default	G
הָעֹלָה	1	hˈɔjlə		rule	MED		G
מוֹקְדָה	1	mˈɔjkdə		rule	MED		G
הַמִּזְבֵּחַ	1	hamizbˈajəx		rule	LOW	lk-fallback	L
דיבור	1	dibˈir		rule	MED		G
המתחיל	1	hamˈasxil		rule	LOW	lk-proclitic-pointed:model-pointed-guess	L
יסוד'דיגע	1	ˈisidiɡə		rule	MED		G
וגאולה	1	ˈiɡilə		rule	LOW	alef-default	G
בעתו	1	bˈitɔj	bəˈitɔj	rule	LOW	sefaria-pointed	L
החירותינו	1	haxajrisˈajni		rule	LOW	lk-proclitic:audio-endorsed+ה	L
מתחילה	1	masxˈilə	masxˈilu	rule	LOW	model-pointed-guess	L
אבותינו	1	avɔjsˈajni	avɔjsˈajnu	rule	LOW	sefaria-pointed	L
הגוף	1	hɡif		rule	LOW	pe-default	G
הנשמה	1	hanʃˈumə		rule	LOW	lk-proclitic-pointed:model-pointed-guess	L
ועכשיו	1	ˈiəxʃji		rule	MED		G
האחרון	1	huaxˈarɔjn		rule	LOW	sefaria-pointed	L
לנחמנו	1	lnxmni		fallback	LOW	lk-fallback	L
מעצבון	1	mˈɛʦbin		rule	MED		G
בראותו	1	brˈisi		fallback	LOW	alef-default,lk-fallback	L
למי	1	lmi		rule	MED		G
למצרים	1	lmʦrim		rule	MED		G
לבבל	1	ləbˈuvəl		rule	LOW	lk-proclitic:sefaria+ל	L
לשניהם	1	lʃnim		rule	MED		G
"ת""ע"	1	tuf ˈajən		rule	LOW	letter-names	A
"ותרע""ב"	1	vuv tuf rajʃ ˈajən bajs	vuf tuf rajʃ ˈajən bajs	rule	LOW	letter-names	A
אומגעפער	1	ˈumɡəfər		lexicon	MED	audio-vowel	G
איחל	1	ixl		fallback	LOW	alef-default,lk-fallback	L
לבד	1	lvad	ləvˈad|lvat	rule	LOW	model-pointed-guess	L
אנויי	1	ˈanɔji		rule	LOW	alef-default	G
וממלכה	1	ˈimmlxə		rule	MED		G
בבני	1	bni		rule	MED		G
יעבודו	1	jˈɛbidi		rule	MED		G
משעבד	1	mʃɛbd	mʃɛbt	rule	MED		G
ואשר	1	ˈiaʃr		rule	LOW	alef-default	G
סובב	1	sib	sip	rule	MED		G
הוכרעה	1	hˈixrə		rule	MED		G
בקינות	1	bəkˈinɔjs		rule	LOW	lk-proclitic:sefaria+ב	L
והאריכה	1	ˈiharixə		rule	LOW	alef-default	G
ארגיעה	1	ˈarɡiə		rule	LOW	alef-default	G
והריחה	1	ˈirixə		fallback	LOW	lk-fallback	L
איינגעזונקען	1	ˈajnɡəzinkən		rule	LOW	alef-default	G
ומעבד	1	ˈiməbd	ˈiməbt	rule	MED		G
מראש	1	mraʃ		rule	LOW	alef-default	G
למשה	1	lmˈɔjʃə	ləmˈɔjʃɛ	rule	LOW	model-pointed-guess	L
נזרעו	1	nzrˈɛi		rule	MED		G
בראשם	1	braʃm		rule	LOW	alef-default	G
שפתים	1	ʃpsim		fallback	LOW	pe-default,lk-fallback	L
יבקשו	1	ˈibkʃi		rule	MED		G
מפיהם	1	mfim		rule	LOW	pe-default	G
להודיע	1	lhˈidiə		rule	MED		G
לדורות	1	ladˈɔjrɔjs		rule	LOW	lk-proclitic-pointed:sefaria-pointed	L
למעט	1	lmɛt		rule	MED		G
העליות	1	hˈɛljis		fallback	LOW	lk-fallback	L
כמוה	1	xmi		rule	MED		G
וקמת	1	ikms		fallback	LOW	lk-fallback	L
ועלית	1	ˈiəlis		fallback	LOW	lk-fallback	L
וחזר	1	ixzr		fallback	LOW	lk-fallback	L
ופירש	1	ˈifirʃ		rule	LOW	pe-default	G
יוצאי	1	jˈiʦaː		rule	LOW	alef-default	G
והב	1	ib	ip	rule	MED		G
נתונים	1	nsˈinim		fallback	LOW	lk-fallback	L
ביסורים	1	bˈisirim		rule	MED		G
בדלות	1	bədˈalis		rule	LOW	lk-proclitic:sefaria+ב	L
שנמשלה	1	ʃənˈimʃəlu		rule	LOW	lk-proclitic:sefaria+ש	L
לאש	1	laʃ		rule	LOW	alef-default	G
תמצא	1	tˈimʦu		rule	LOW	model-pointed-guess	L
שאמרו	1	ʃˈamri		rule	LOW	alef-default	G
צורבא	1	ʦˈirba		rule	LOW	alef-default	G
מרבנן	1	majrabˈunun		rule	LOW	lk-proclitic-pointed:model-pointed-guess	L
דרתח	1	drsx		fallback	LOW	lk-fallback	L
ס'קאכט	1	skaxt		rule	LOW	clitic	G
דקא	1	dka		rule	LOW	alef-default	G
מרתחא	1	mrsxa		fallback	LOW	alef-default,lk-fallback	L
וכנגד	1	ixnɡd	ixnɡt	rule	MED		G
וענפיו	1	ˈiənfji		rule	LOW	pe-default	G
מתייחסים	1	msˈajxsim		fallback	LOW	lk-fallback	L
להיותם	1	lhjism		fallback	LOW	lk-fallback	L
משום	1	mʃim		rule	MED		G
באמצעות	1	bamʦˈɛis		fallback	LOW	alef-default,lk-fallback	L
עלייתנו	1	ˈɛlajsni		fallback	LOW	lk-fallback	L
מיועדת	1	mjˈiəds		fallback	LOW	lk-fallback	L
בהפלגות	1	bhflɡis		fallback	LOW	pe-default,lk-fallback	L
המעלות	1	hamaˈalɔjs		rule	LOW	lk-proclitic-pointed:sefaria-pointed	L
משונות	1	mʃˈinɔjs	məʃˈunɔjs	rule	LOW	model-pointed-guess	L
לשבח	1	lˈiʃvax		rule	LOW	lk-proclitic-pointed:printed-respelling	L
שבחים	1	ʃvˈuxim	ʃvˈɔxim	rule	LOW	printed-respelling	L
וואונדערליכע	1	vˈindərləxə		rule	LOW	alef-default	G
אויסטערלישע	1	ˈoʊstərliʃə		rule	LOW	alef-default	G
וגאולתנו	1	ˈiɡilsni		fallback	LOW	alef-default,lk-fallback	L
ובאור	1	ibˈir		rule	LOW	alef-default	G
מ'דערקענט	1	mdərkˈɛnt		rule	MED	clitic	G
תאמין	1	taˈamin		rule	LOW	sefaria-pointed	L
הנמשל	1	hanˈimʃal		rule	LOW	lk-proclitic:sefaria+ה	L
ללילה	1	llˈilə		rule	MED		G
בפסוק	1	bfsik		rule	LOW	pe-default	G
לינו	1	lˈini		rule	MED		G
שיאיר	1	ʃˈiaːr		rule	LOW	alef-default	G
הצדיקים	1	hʦdˈikim		rule	MED		G
זמני	1	zmni		rule	MED		G
פקידה	1	fkˈidə		rule	LOW	pe-default	G
קציר	1	kʦir		rule	MED		G
קיץ	1	kiʦ		rule	MED		G
ואנחנו	1	vaanˈaxni	vaanˈaxnu	rule	LOW	sefaria-pointed	L
נושענו	1	nˈiʃəni		rule	MED		G
עידן	1	ajdn		rule	MED		G
ועידנים	1	ˈiajdnim		rule	MED		G
דניאל	1	dnˈial		rule	LOW	alef-default	G
מייאש	1	mˈajaʃ		rule	LOW	alef-default	G
ואנו	1	ˈiani		rule	LOW	alef-default	G
נוחל	1	nixl		fallback	LOW	lk-fallback	L
להבטחת	1	lhbtxs		fallback	LOW	lk-fallback	L
ריכטיגן	1	rˈixtiɡn		rule	MED		G
עבור	1	əbˈir		rule	MED		G
לאלף	1	lalf		rule	LOW	alef-default,pe-default	G
ותלמידיו	1	vəsalmˈidujv	vəsalmˈidujf	rule	LOW	model-pointed-guess	L
"ות""ק"	1	vuv tuf kif	vuf tuf kif	rule	LOW	letter-names	A
שקדמונו	1	ʃkdmˈini		rule	MED		G
דבריהם	1	dbrim		rule	MED		G
בעיניך	1	bˈajnix		rule	MED		G
כיום	1	xjim		rule	MED		G
אתמול	1	ˈasmil		fallback	LOW	alef-default,lk-fallback	L
ומהשכל	1	imhʃxl		fallback	LOW	vowel-ratio	G
שניה	1	ʃni		rule	MED		G
שכשיגמרו	1	ʃxʃˈiɡmri		rule	MED		G
העליה	1	hˈɛli		rule	MED		G
ובוקר	1	ˈibikr		rule	MED		G
באלף	1	balf		rule	LOW	alef-default,pe-default	G
גלו	1	ɡli		rule	MED		G
פערשט	1	fɛrʃt		rule	LOW	pe-default	G
"קע""ב"	1	kif ˈajən bajs		rule	LOW	letter-names	A
רביעי	1	rbˈiaj		rule	MED		G
גילה	1	ɡˈilə		rule	MED		G
סודו	1	sˈidi		rule	MED		G
עבדיו	1	ˈɛbdji		rule	MED		G
הנביאים	1	hnbˈiaːm		rule	LOW	alef-default	G
הידוע	1	hˈidiə		rule	MED		G
השומר	1	hʃimr		rule	MED		G
פאטענציאל	1	fˈatənʦial		rule	LOW	alef-default,pe-default	G
נאכגעפאלגט	1	nˈaxɡəfalɡt		rule	LOW	alef-default,pe-default	G
שאתה	1	ʃɛˈatu		rule	LOW	model-pointed-guess	L
אחריו	1	axˈarujv	axˈarujf	rule	LOW	sefaria-pointed	L
נשענו	1	nʃˈɛni		rule	MED		G
שלמים	1	ʃlmim		rule	MED		G
אילמלא	1	ˈilmla		rule	LOW	alef-default	G
זכינו	1	zxˈini		rule	MED		G
שרמז	1	ʃərˈɛməz	ʃərˈɛməs	rule	LOW	lk-proclitic:audio-endorsed+ש	L
בדבריו	1	bidvˈurujv	bidvˈurujf	rule	LOW	sefaria-pointed	L
נגזר	1	nˈiɡzar		rule	LOW	sefaria-pointed	L
יענך	1	jɛnx		rule	MED		G
גערופענע	1	ɡərˈifənə		rule	LOW	pe-default	G
ס'פאנגט	1	sfanɡt		rule	LOW	clitic	G
"עק""ר"	1	ˈajən kif rajʃ		rule	LOW	letter-names	A
שנשארו	1	ʃnʃˈari		rule	LOW	alef-default	G
מאלף	1	malf		rule	LOW	alef-default,pe-default	G
ועוד	1	ˈiəid	ˈiəit	rule	MED		G
ובבוקרו	1	ˈibikri		rule	MED		G
ולצד	1	ilʦd	ilʦt	rule	MED		G
מעשינו	1	mˈɛʃini		rule	MED		G
הרעים	1	hrajm		rule	MED		G
עוכב	1	ixb	ixp	rule	MED		G
מיטעלע	1	mˈitələ		rule	MED		G
פופציגער	1	fˈifʦiɡər		rule	LOW	pe-default	G
ולזה	1	ˈilzə		rule	MED		G
נתכוון	1	nsxvn		fallback	LOW	lk-fallback	L
חננו	1	xunˈajni	xunˈajnu	rule	LOW	sefaria-pointed	L
לעכב	1	lɛxb	lɛxp	rule	MED		G
כשיעברו	1	xʃˈiəbri		rule	MED		G
שניהם	1	ʃnim		rule	MED		G
ואמרו	1	ˈiamri		rule	LOW	alef-default	G
ארויפקומען	1	arˈoʊfkimən		rule	MED	prefix-rescue:gold+ארויפ	G
מוקדא	1	mˈikda		rule	LOW	alef-default	G
ואומרו	1	ˈiimri		rule	LOW	alef-default	G
יודיע	1	jˈidiə		rule	MED		G
תהש	1	shʃ		fallback	LOW	lk-fallback	L
פארברענען	1	farbrˈɛnən		rule	LOW	alef-default,pe-default	G
מפיו	1	mfji		rule	LOW	pe-default	G
עינונו	1	ˈajnini		rule	MED		G
געפייניגט	1	ɡəfˈajniɡt		rule	LOW	pe-default	G
ויסרוני	1	ˈoʊsrini		rule	MED		G
ביסורי	1	bˈisiri		rule	MED		G
מיסר	1	misr		rule	MED		G
ובפרט	1	ibfrt		rule	LOW	pe-default	G
החיצון	1	hxˈiʦin		fallback	LOW	lk-fallback	L
טוניסיע	1	tˈinisiə		rule	MED		G
בקבלה	1	bkabˈulə	bəkabˈulu	rule	LOW	sefaria-pointed	L
פאלאקן	1	fˈalakn		rule	LOW	alef-default,pe-default	G
שריה	1	ʃri		rule	MED		G
אחסד	1	axzd		fallback	LOW	alef-default,lk-fallback	L
וואוינענדיג	1	vˈɔjnəndiɡ	vˈɔjnəndik	rule	LOW	alef-default	G
מר	1	mar	mur|mɔjr	rule	LOW	audio-homograph	L
הטעימו	1	htˈajmi		rule	MED		G
תמיד	1	tˈumid	tˈumit	lexicon	HIGH		L
אקטיוו	1	ˈaktiv	ˈaktif	rule	LOW	alef-default	G
שרמזנו	1	ʃrmzni		fallback	LOW	vowel-ratio	G
מהאומות	1	mhˈimis		fallback	LOW	alef-default,lk-fallback	L
רחם	1	rˈaxajm		rule	LOW	pointed-audio-endorsed	L
לבם	1	lˈibum		rule	LOW	pointed-audio-endorsed	L
דערבארעמט	1	dərbarˈɛmt		rule	LOW	alef-default	G
לאשר	1	laʃr		rule	LOW	alef-default	G
הכה	1	hxə		fallback	LOW	lk-fallback	L
והשפיל	1	ˈiʃpil		rule	LOW	pe-default	G
"ס""ו"	1	sˈaməx vuv	sˈaməx vuf	rule	LOW	letter-names	A
והיו	1	ˈihji		rule	MED		G
בשר	1	bˈusur	bəsˈar	rule	LOW	audio-homograph	L
צוזאמענגעשטעלט	1	ʦizˈamənɡəʃtəlt		rule	LOW	alef-default	G
עליוני	1	ˈɛljini		rule	MED		G
מושפל	1	miʃpl		rule	LOW	pe-default	G
לעפר	1	lɛfr		rule	LOW	pe-default	G
ותגביה	1	ˈizɡbi		fallback	LOW	lk-fallback	L
קרנינו	1	krnˈini		rule	MED		G
מפלה	1	mapˈulə	mapˈulu	rule	LOW	sefaria-pointed	L
ירידה	1	ˈiridə		rule	MED		G
שונאי	1	ʃˈinaː		rule	LOW	alef-default	G
מבחינת	1	mibxˈinas		rule	LOW	model-pointed-guess	L
עליונה	1	ˈɛljinə		rule	MED		G
הייעך	1	hˈajəx		rule	MED		G
מעניש	1	mˈɛniʃ		rule	MED		G
זאלץ	1	zalʦ		rule	LOW	alef-default	G
אנגעמאכט	1	ˈunɡəmaxt		rule	MED	prefix-rescue:gold+אנגע	G
בנעלם	1	bnɛlm		rule	MED		G
נעלם	1	nɛlm		rule	MED		G
המקנא	1	hmkna		rule	LOW	alef-default	G
ולובש	1	ˈilibʃ		rule	MED		G
ורמז	1	irmz	irms	rule	MED		G
באמרו	1	bamrˈi		rule	LOW	alef-default	G
לבחינת	1	lvəxˈinas	lvxˈinas	rule	LOW	model-pointed-guess	L
געדענקענדיג	1	ɡədˈɛnkəndiɡ	ɡədˈɛnkəndik	rule	MED		G
יתעוררו	1	ˈisəirri		fallback	LOW	lk-fallback	L
הדינים	1	hdˈinim		rule	MED		G
ויתגברו	1	ˈoʊzɡbri		fallback	LOW	lk-fallback	L
סוד	1	sud	sut	lexicon	HIGH		L
ס'ברענט	1	sbrɛnt		rule	MED	clitic	G
והבן	1	ibn		rule	MED		G
נוקם	1	nikm		rule	MED		G
"ה""א"	1	haj		rule	LOW	letter-name-word	A
אפצוליינען	1	ˈafʦilajnən		rule	LOW	alef-default,pe-default	G
ממך	1	mimˈɛxu		rule	LOW	model-pointed-guess	L
יקבצו	1	ˈikbʦi		rule	MED		G
ושמעו	1	ˈiʃməi		rule	MED		G
האספו	1	hˈasfi		rule	LOW	alef-default,pe-default	G
ואגידה	1	ˈiaɡidə		rule	LOW	alef-default	G
הלילות	1	halˈajlɔjs		rule	LOW	sefaria-pointed	L
מבעלזא	1	mbˈɛlza		rule	LOW	alef-default	G
בנוסח	1	bnˈisax	bənˈusax	rule	LOW	model-pointed-guess	L
ההגדה	1	hahˈaɡudə		rule	LOW	lk-proclitic:lk-lexicon+ה	L
באנדלעך	1	bandlˈɛx		rule	LOW	alef-default	G
דיצא	1	dˈiʦa		rule	LOW	alef-default	G
פרעון	1	frˈɛin		rule	LOW	pe-default	G
החוב	1	haxˈɔjv	haxˈɔjf	rule	LOW	lk-proclitic:sefaria+ה	L
חירותינו	1	xajrisˈajni		rule	LOW	pointed-audio-endorsed	L
אומה	1	ˈimə		rule	LOW	alef-default	G
ולשון	1	ˈilʃin		rule	MED		G
שפוך	1	ʃpix		rule	LOW	pe-default	G
חמתך	1	xamˈusxu	xamˈusəxu	rule	LOW	model-pointed-guess	L
ידעוך	1	ˈidəix		rule	MED		G
בלבד	1	bˈilvad	bˈilvat	rule	LOW	model-pointed-guess	L
מלכו	1	mlxi		rule	MED		G
קוטנער	1	kˈitnər		rule	MED		G
והיא	1	ˈihia		rule	LOW	alef-default	G
שעמדה	1	ʃˈɛmdə		rule	MED		G
לאבותינו	1	laavɔjsˈajnu		rule	LOW	sefaria-pointed	L
ראסיסטיש	1	rˈasistiʃ		rule	LOW	alef-default	G
וואוילער	1	vˈɔjlər		rule	LOW	alef-default	G
שמייכלדיגער	1	ʃmˈajxldiɡər		rule	MED		G
נטשתי	1	nʧsi		fallback	LOW	lk-fallback	L
לנשק	1	lnʃk		fallback	LOW	lk-fallback	L
לבני	1	lbni		rule	MED		G
ולבנותי	1	ˈilbnisi		fallback	LOW	lk-fallback	L
ואשלחך	1	ˈiaʃlx		fallback	LOW	alef-default,lk-fallback	L
דזשענטלמאן	1	ʤˈɛntlman		rule	LOW	alef-default	G
ביקש	1	bikʃ		rule	MED		G
לעקור	1	ləkˈir		rule	MED		G
כלבן	1	kˈɛlɛvn		rule	LOW	audio-homograph+suffix	L
שמייכלדיגע	1	ʃmˈajxldiɡə		rule	MED		G
אמת'דיגער	1	ˈɛməzdiɡər		rule	LOW	alef-default,lk-fallback	L
תורתינו	1	tvrusˈajnu		rule	LOW	sefaria-pointed	L
געלעכצט	1	ɡəlˈɛxʦt		rule	MED		G
מישט	1	miʃt		rule	MED		G
שכינתא	1	ʃxˈintu	ʃəxˈintu	rule	LOW	model-pointed-guess	L
בגלותא	1	bɡulˈisu	bəɡulˈusu	rule	LOW	model-pointed-guess	L
ובלע	1	ˈiblə		rule	MED		G
לנצח	1	lunˈɛʦax		rule	LOW	lk-proclitic-pointed:sefaria-pointed	L
אראפגיין	1	arˈupɡajn		rule	MED	prefix-rescue:gold+אראפ	G
לשמה	1	ləʃˈamu	lˈiʃmu	rule	LOW	audio-homograph	L
הכא	1	hxa		rule	LOW	alef-default	G
לשנה	1	laʃˈunu		rule	LOW	lk-proclitic-pointed:audio-homograph	L
חורין	1	xˈɔjrin		rule	LOW	sefaria-pointed	L
משולם	1	mʃilm		rule	MED		G
פייש	1	fajʃ		rule	LOW	pe-default	G
ציגאנער	1	ʦiɡˈanər		rule	LOW	alef-default	G
כינור	1	xinˈir		rule	MED		G
זמר	1	zˈamur		rule	LOW	sefaria-pointed	L
ויגד	1	ɔjɡd	ɔjɡt	rule	MED		G
אינטערעסירט	1	ˈintərəsirt		rule	LOW	alef-default	G
הסוס	1	hsis		rule	MED		G
סודות	1	sˈɔjdəs		lexicon	HIGH		L
יחודים	1	jixˈidim	jixˈudim	rule	LOW	model-pointed-guess	L
מהרה	1	məhˈajru		rule	LOW	sefaria-pointed	L
יבנה	1	ˈibnə		rule	MED		G
מקדיש	1	mkdiʃ		rule	MED		G
בדק	1	bdk		fallback	LOW	lk-fallback	L
איינגעבן	1	ˈaːnɡəbən		rule	MED	prefix-rescue:gold+איינגע	L
סאלאנט	1	salˈant		rule	LOW	alef-default	G
כותל	1	kˈɔjsəl	kˈɔjsɛl	rule	LOW	model-pointed-guess	L
המערבי	1	hmˈɛrbi		rule	MED		G
ונאכל	1	ˈinaxl		rule	LOW	alef-default	G
הזבחים	1	hazvˈuxim		rule	LOW	sefaria-pointed	L
שערים	1	ʃˈɛrim		rule	MED		G
ווארשא	1	vˈarʃa		rule	LOW	alef-default	G
בעלות	1	baˈalɔjs		rule	LOW	sefaria-pointed	L
ריאליסטיש	1	rˈialistiʃ		rule	LOW	alef-default	G
יתמהמה	1	ˈismhmə		fallback	LOW	lk-fallback	L
ציפית	1	ʦˈifis		fallback	LOW	pe-default,lk-fallback	L
ולישועתך	1	ˈiliʃiəsx		fallback	LOW	lk-fallback	L
ומצפים	1	ˈimʦfim		rule	LOW	pe-default	G
ומקומך	1	ˈimkimx		rule	MED		G
תופיע	1	sˈifiə		fallback	LOW	pe-default,lk-fallback	L
מחכים	1	mxˈakim	məxˈakim	rule	LOW	model-pointed-guess	L
ועושה	1	ˈiəiʃə		rule	MED		G
ערשטנס	1	ˈɛrʃətnəs		rule	LOW	model-pointed-guess	L
ספאנסערס	1	sfˈansərs		rule	LOW	alef-default,pe-default	G
רייכמאן	1	rˈajxman		rule	LOW	alef-default	G
אויפרוף	1	ˈɔjfrif		rule	LOW	alef-default,pe-default	G
עופעלעך	1	ˈifələx		rule	LOW	pe-default	G
המשוער	1	hmʃˈiər		rule	MED		G
מ'וואונטשט	1	mvinʧt		rule	LOW	clitic	G
אדירים	1	ˈadirim		rule	LOW	alef-default	G
העניינים	1	hˈɛnajnim		rule	MED		G
אלול'ס	1	ˈalils		rule	LOW	alef-default	G
האח	1	hax		fallback	LOW	alef-default,lk-fallback	L
אנווארעמען	1	ˈanvarəmən		rule	LOW	alef-default	G
רעק	1	rɛk		rule	MED		G
דורכגעלאפן	1	dˈirxɡəlafn		rule	LOW	alef-default,pe-default	G
חצר	1	xˈuʦər	xˈɔʦər	rule	LOW	printed-respelling	L
סטאנטער	1	stˈantər		rule	LOW	alef-default	G
שיינט	1	ʃajnt		rule	MED		G
קילורים	1	kˈilirim		rule	MED		G
פארלייגן	1	farlˈajɡn		rule	MED	prefix-rescue:gold+פאר	G
אויסרעדן	1	ˈoʊsrədn		rule	MED	prefix-rescue:gold+אויס	G
טארסט	1	tarst		rule	LOW	alef-default	G
נעמסט	1	nɛmst		rule	MED		G
סופי	1	sˈifi		rule	LOW	pe-default	G
בליצן	1	bliʦn		rule	MED		G
בראך	1	brax		rule	LOW	alef-default	G
דיבוק	1	dˈibik		rule	MED		G
פושות	1	fˈiʃis		fallback	LOW	pe-default,lk-fallback	L
ארומגעגאנגען	1	arˈimɡəɡanɡən		rule	LOW	alef-default	G
קולות	1	kˈɔjləs		lexicon	HIGH		L
טערעוול	1	tˈɛrəvl		rule	MED		G
לאזענסק	1	lˈazənsk		rule	LOW	alef-default	G
עלול	1	ˈɛlil		rule	MED		G
טעפער	1	tˈɛfər		rule	LOW	pe-default	G
מפרצה	1	mfrʦə		fallback	LOW	pe-default,lk-fallback	L
ידרים	1	ˈidrim		rule	MED		G
וסייגים	1	ˈisajɡim		rule	MED		G
מינדער	1	mˈindər		rule	MED		G
חתונה'ן	1	xsinhn		rule	LOW	lk-fallback	L
געפייסט	1	ɡəfˈajst		rule	LOW	pe-default	G
פיקוח	1	pˈikix	pˈikux	rule	LOW	model-pointed-guess	L
געוויסער	1	ɡəvˈisər		rule	MED		G
מחוצן	1	mˈixiʦn		rule	LOW	sefaria-pointed+suffix	L
אנגעזונדערט	1	ˈanɡəzindərt		rule	LOW	alef-default	G
חריגה	1	xrˈiɡə		fallback	LOW	lk-fallback	L
אלימלך'ס	1	ˈalimlxs		rule	LOW	alef-default	G
באוויינען	1	bavˈajnən		rule	LOW	alef-default	G
ליזענסק	1	lˈizənsk		rule	MED		G
בזמנו	1	bzmni		rule	MED		G
עקסטע	1	ˈɛkstə		rule	MED		G
המופת	1	hamˈɔjfajs		rule	LOW	lk-proclitic:sefaria+ה	L
נהריו	1	nhrji		rule	MED		G
בשותפות	1	bʃitˈufis	bəʃutˈufus	rule	LOW	model-pointed-guess	L
"תקט""ו"	1	tuf kif tɛs vuv	tuf kif tɛs vuf	rule	LOW	letter-names	A
מרוב	1	mrib	mrip	rule	MED		G
מופת	1	mˈɔjfajs		rule	LOW	sefaria-pointed	L
יצחקי'ן	1	ˈiʦxkin		fallback	LOW	lk-fallback	L
זיכערן	1	zˈixərn		rule	MED		G
אבת	1	abs		fallback	LOW	alef-default,lk-fallback	L
הרבותי	1	harabˈɔjsaj		rule	LOW	lk-proclitic:sefaria+ה	L
שאסן	1	ʃasn		rule	LOW	alef-default	G
פארלויער	1	farlˈɔjər		rule	LOW	alef-default,pe-default	G
אינטערערנטער	1	ˈintərərntər		rule	LOW	alef-default	G
המזגש	1	hmzɡʃ		fallback	LOW	lk-fallback	L
גרייבט	1	ɡrajbt		rule	MED		G
אנווארענען	1	ˈanvarənən		rule	LOW	alef-default	G
שלנו	1	ʃlni		rule	MED		G
צדיקי	1	ʦdˈiki		rule	MED		G
תיבל	1	sibl		fallback	LOW	lk-fallback	L
געלויבן	1	ɡəlˈɔjbn		rule	MED		G
עליינג	1	ˈɛlajnɡ	ˈɛlajnk	rule	MED		G
ועמת	1	ˈiəms		fallback	LOW	lk-fallback	L
פאריאר	1	farjˈur		rule	MED	prefix-rescue:gold+פאר	G
יכתבון	1	jˈixtəvuən		rule	LOW	model-pointed-guess+suffix	L
המצב	1	hamˈaʦuv	hamˈaʦuf	rule	LOW	lk-proclitic-pointed:sefaria-pointed	L
יכול	1	ˈixil		rule	MED		G
ארומדרייען	1	arˈimdrajən		rule	LOW	alef-default	G
שיי	1	ʃaj		rule	MED		G
מועדיך	1	mˈiədix		rule	MED		G
הודעה	1	hˈidə		rule	MED		G
לעווענשטיין	1	lˈɛvənʃtajn		rule	MED		G
קברי	1	kbri		rule	MED		G
קליפ	1	klif		rule	LOW	pe-default	G
מאדע	1	mˈadə		rule	LOW	alef-default	G
שטעטעלע	1	ʃtˈɛtələ		rule	MED		G
שלעזינגער	1	ʃlˈɛzinɡər		rule	MED		G
מוזיקאליש	1	mˈuzikaliʃ		lexicon	MED	audio-vowel	G
האבי	1	hˈabi		rule	LOW	alef-default	G
טיעם	1	tˈiəm		rule	MED		G
קרו	1	kri		rule	MED		G
סייט	1	sajt		rule	MED		G
געמאניטארט	1	ɡəmˈanitart		rule	LOW	alef-default	G
הבהיר	1	hbhir		rule	MED		G
אדווערטייזמענט	1	advərtajzmˈɛnt		rule	LOW	alef-default	G
קוקטס	1	kikʦ		rule	MED		G
פילם	1	film		rule	LOW	pe-default	G
מאניטארן	1	mˈanitarn		rule	LOW	alef-default	G
ווינט	1	vint		rule	MED		G
סאמער	1	sˈamər		rule	LOW	alef-default	G
קאסטס	1	kasʦ		rule	LOW	alef-default	G
סעיווינגס	1	sˈajvinɡs		rule	MED		G
סענטרי	1	sˈɛntri		rule	MED		G
יונתא	1	jˈinsa		fallback	LOW	alef-default,lk-fallback	L
פאן	1	fan		rule	LOW	alef-default,pe-default	G
"כ""ט"	1	xuf tɛs		rule	LOW	letter-names	A
ידעתם	1	jədˈatɛm		rule	LOW	model-pointed-guess	L
ישבנו	1	ˈiʒbni		rule	MED		G
יונטער	1	jˈintər		rule	MED		G
קריגיג	1	krˈiɡiɡ	krˈiɡik	rule	MED		G
השובבנו	1	hʃˈibni		rule	MED		G
עבדתם	1	ɛbdsm		fallback	LOW	lk-fallback	L
שיחון	1	sˈixuən		rule	LOW	sefaria-pointed+suffix	L
הֲרֵי	1	hˈaraj		rule	MED		G
אַתֶּם	1	ˈatəm		rule	LOW	lk-fallback	L
יְדַעְתֶּם	1	jdtɛm		rule	LOW	lk-fallback	L
יָשַׁבְנוּ	1	jˈuʃavni		rule	MED		G
בְּאֶרֶץ	1	bˈɛrəʦ		rule	MED		G
מִצְרָיִם	1	mˈiʦrim		rule	MED		G
עָבַרְנוּ	1	ˈuvarni		rule	MED		G
בְּקֶרֶב	1	bkˈɛrəv	bkˈɛrəf	rule	LOW	lk-fallback	L
עֲבַרְתֶּם	1	avˈartəm		rule	LOW	lk-fallback	L
וַתִּרְאוּ	1	vatˈiri		rule	LOW	alef-default,lk-fallback	L
שִׁקּוּצֵיהֶם	1	ʃˈikiʦajhəm		rule	MED		G
"ט""ז"	1	tɛs zˈajən		rule	LOW	letter-names	A
דוקן	1	dikn		rule	MED		G
עקלהאפטיגע	1	ˈɛklhaftiɡə		rule	LOW	alef-default,pe-default	G
זרה'ס	1	zˈuruhs		rule	LOW	model-pointed-guess	L
שרץ	1	ʃˈɛrəʦ	ʃˈɛrɛʦ	rule	LOW	sefaria-pointed	L
באג	1	baɡ	bak	rule	LOW	alef-default	G
עקלדיגקייט	1	ˈɛkldiɡkaːt		rule	MED		G
העלפלאז	1	hˈɛlflaz	hˈɛlflas	rule	LOW	alef-default,pe-default	G
סאקן	1	sakn		rule	LOW	alef-default	G
גִּלּוּלֵיהֶם	1	ɡˈililajhəm		rule	MED		G
גילולים	1	ɡˈililim		rule	MED		G
עֵץ	1	ajʦ		rule	MED		G
וָאֶבֶן	1	vˈuəvən		rule	MED		G
סילי	1	sˈili		rule	MED		G
יומען	1	jˈimən		rule	MED		G
וואטשן	1	vaʧn		rule	LOW	alef-default	G
גע'גנב'עט	1	ɡəɡnbˈɛt		rule	MED		G
כֶּסֶף	1	kˈɛsəf		rule	LOW	pe-default,lk-fallback	L
וְזָהָב	1	vzˈuhuv	vzˈuhuf	rule	MED		G
עִמָּהֶם	1	ˈimuhəm		rule	MED		G
סעיפס	1	sajfs		rule	LOW	pe-default	G
צושליסן	1	ʦˈiʃlisn		rule	MED		G
גנב'ל	1	ɡnbl		fallback	LOW	lk-fallback,vowel-ratio	L
מחזיתון	1	mxzˈisin		fallback	LOW	lk-fallback	L
שיקוציהון	1	ʃˈikiʦihin		rule	MED		G
שקוצים	1	ʃkˈiʦim		rule	MED		G
גילוליהון	1	ɡˈililihin		rule	MED		G
תפחות	1	sfxis		fallback	LOW	pe-default,lk-fallback	L
אעא	1	ˈaəa		rule	LOW	alef-default	G
ואבנא	1	ˈiabna		rule	LOW	alef-default	G
כספא	1	xsfa		rule	LOW	alef-default,pe-default	G
ודהבא	1	ˈidhba		rule	LOW	alef-default	G
עמהון	1	ˈɛmhin		rule	MED		G
שמץ	1	ʃˈajməʦ	ʃˈajmɛʦ	rule	LOW	sefaria-pointed	L
אִשָּׁה	1	ˈiʃə		rule	MED		G
מִשְׁפָּחָה	1	miʃpˈuxə		lexicon	HIGH		L
שֵׁבֶט	1	ʃˈajvət		rule	LOW	lk-fallback	L
לְבָבוֹ	1	lvˈuvɔj		rule	MED		G
פֹנֶה	1	fˈɔjnə		rule	LOW	pe-default,lk-fallback	L
מֵעִם	1	mim		rule	MED		G
אֱלֹהֵינוּ	1	ˈɛlɔjhajni		rule	MED		G
אוועקגעקערט	1	avˈɛkɡəkərt		rule	LOW	alef-default	G
לָלֶכֶת	1	lˈuləxəs		rule	LOW	lk-fallback	L
לַעֲבֹד	1	lˈavɔjd	lˈavɔjt	rule	MED		G
אֱלֹהֵי	1	ˈɛlɔjhaj		rule	MED		G
הָהֵם	1	hˈuhajm		rule	LOW	lk-fallback	L
נאכצוגיין	1	nˈaxʦiɡajn		rule	LOW	alef-default	G
געטשקעס	1	ɡəʧkˈɛs		rule	MED		G
אימפלענטעד	1	ˈimfləntəd	ˈimfləntət	rule	LOW	alef-default,pe-default	G
סיד	1	sid	sit	rule	MED		G
ארויסוואקסן	1	arˈoʊsvaksn		rule	LOW	alef-default	G
שֹׁרֶשׁ	1	ʃˈɔjrəʃ		rule	LOW	lk-fallback	L
פֹּרֶה	1	pˈɔjrə		rule	LOW	lk-fallback	L
רֹאשׁ	1	rɔjʃ	rɔʃ	lexicon	HIGH		L
וְלַעֲנָה	1	vlˈanə		rule	MED		G
ווארצל	1	varʦl		rule	LOW	alef-default	G
ביטערן	1	bˈitərn		rule	MED		G
גראז	1	ɡraz	ɡras	rule	LOW	alef-default	G
ולענה	1	ˈilənə		rule	MED		G
דלמא	1	dlma		rule	LOW	alef-default	G
איתתא	1	ˈisa		fallback	LOW	alef-default,lk-fallback	L
זרע	1	zrə		rule	MED		G
שבטא	1	ʒbta		rule	LOW	alef-default	G
דלביה	1	dlbi		rule	MED		G
אלההון	1	ˈalhhin		rule	LOW	alef-default	G
למיהך	1	lmix		rule	MED		G
למפלח	1	lmflx		fallback	LOW	pe-default,lk-fallback	L
ודלמא	1	ˈidlma		rule	LOW	alef-default	G
מהרהר	1	mhˈarhajr	məhˈarhajr	rule	LOW	sefaria-pointed	L
חטאין	1	xˈatujn		rule	LOW	model-pointed-guess+suffix	L
אויביהון	1	ˈɔjbihin		rule	LOW	alef-default	G
דאדם	1	dadm		rule	LOW	alef-default	G
וְהָיָה	1	vhu		rule	MED		G
בְּשָׁמְעוֹ	1	bʃˈuməɔj		rule	MED		G
דִּבְרֵי	1	dˈivraj		rule	MED		G
הָאָלָה	1	hˈulə		rule	MED		G
דאזיגע	1	dˈaziɡə		rule	LOW	alef-default	G
שבועה	1	ʒbˈiə		rule	MED		G
וְהִתְבָּרֵךְ	1	vhizbˈurajx		rule	LOW	lk-fallback	L
בִּלְבָבוֹ	1	bˈilvuvɔj		rule	MED		G
שָׁלוֹם	1	ʃˈuləm	ʃˈɔləm	lexicon	HIGH		L
לִּי	1	li		rule	MED		G
בִּשְׁרִרוּת	1	biʃrˈiris		rule	LOW	lk-fallback	L
לִבִּי	1	lˈibi		rule	MED		G
אֵלֵךְ	1	ˈajlajx		rule	MED		G
זעאונג	1	zˈɛinɡ	zˈɛink	rule	LOW	alef-default	G
גלוסט	1	ɡlist		rule	MED		G
לְמַעַן	1	lman		rule	MED		G
סְפוֹת	1	sfɔjs		rule	LOW	pe-default,lk-fallback	L
הָרָוָה	1	hˈuruvə		rule	MED		G
פארמערן	1	farmˈɛrn		rule	LOW	alef-default,pe-default	G
זאטע	1	zˈatə		rule	LOW	alef-default	G
הַצְּמֵאָה	1	hˈaʦmajə		rule	MED		G
דארשטיגע	1	dˈarʃtiɡə		rule	LOW	alef-default	G
במזיד	1	bmzid	bmzit	rule	MED		G
גלוסטיגקייט	1	ɡlˈistiɡkaːt		rule	MED		G
באשטראפן	1	baʃtrˈafn		rule	LOW	alef-default,pe-default	G
שוגג	1	ʃiɡ	ʃik	rule	MED		G
מזיד	1	mzid	mzit	rule	MED		G
בשמעיה	1	bʃmˈajə		rule	MED		G
פתגמי	1	fzɡmi		fallback	LOW	pe-default,lk-fallback	L
מומתא	1	mˈimsa		fallback	LOW	alef-default,lk-fallback	L
ויחשב	1	ɔjxʒb		fallback	LOW	lk-fallback	L
בלביה	1	blbi		rule	MED		G
למימר	1	lmimr		rule	MED		G
סלמא	1	slma		rule	LOW	alef-default	G
בהרהור	1	bhrhir		rule	MED		G
לבי	1	lbi		rule	MED		G
אזיל	1	ˈazil		rule	LOW	alef-default	G
בדיל	1	bdil		rule	MED		G
לאוספא	1	lˈisfa		rule	LOW	alef-default,pe-default	G
חטאי	1	xˈatuj		rule	LOW	model-pointed-guess	L
שלותא	1	ʃlˈisa		fallback	LOW	alef-default,lk-fallback	L
זדנותא	1	zdnˈisa		fallback	LOW	alef-default,lk-fallback	L
"ס""ב"	1	sˈaməx bajs		rule	LOW	letter-names	A
מערידזשעס	1	mˈɛriʤəs		rule	MED		G
צוזאמגעטראכט	1	ʦˈizamɡətraxt		rule	LOW	alef-default	G
"ס""ם"	1	sˈaməx mɛm		rule	LOW	letter-names	A
"מ""ם"	1	mɛm		rule	LOW	letter-name-word	A
מערידזש	1	mˈɛriʤ	mˈɛriʧ	rule	MED		G
לעדזשיטימעט	1	lˈɛʤitimət		rule	MED		G
והגפן	1	iɡfn		rule	LOW	pe-default	G
ומתקבל	1	imskbl		fallback	LOW	lk-fallback	L
אריינצוזעצן	1	arˈaːnʦizəʦn		rule	LOW	alef-default	G
וישראל	1	ˈoʊʃral		rule	LOW	alef-default	G
פאסיגסטער	1	fˈasiɡstər		rule	LOW	alef-default,pe-default	G
יִבְעַל	1	jˈibal		rule	MED		G
בָּחוּר	1	bˈuxər	bˈuxir	lexicon	HIGH		L
בְּתוּלָה	1	bsˈilə		rule	LOW	lk-fallback	L
יִבְעָלוּךְ	1	jˈibulix		rule	MED		G
בָּנָיִךְ	1	bˈunix		rule	MED		G
קאמפליט	1	kˈamflit		rule	LOW	alef-default,pe-default	G
מיטטאנצן	1	mˈitanʦn		rule	LOW	alef-default	G
כמודא	1	xmˈida		rule	LOW	alef-default	G
דמתייחד	1	dmsajxd		fallback	LOW	lk-fallback	L
אילן	1	iln		rule	LOW	alef-default	G
בתולתא	1	bsˈilsa		fallback	LOW	alef-default,lk-fallback	L
יתייחדון	1	ˈisajxdin		fallback	LOW	lk-fallback	L
בגוך	1	bɡix		rule	MED		G
וכמודא	1	ˈixmida		rule	LOW	alef-default	G
דחדי	1	dxdi		fallback	LOW	lk-fallback	L
חתנא	1	xsna		fallback	LOW	alef-default,lk-fallback	L
כלתא	1	xlsa		fallback	LOW	alef-default,lk-fallback	L
יחדי	1	ˈixdi		fallback	LOW	lk-fallback	L
עלך	1	ɛlx		rule	MED		G
אלהך	1	alhx		rule	LOW	alef-default	G
חוֹמֹתַיִךְ	1	xɔjmˈɔjsix		rule	LOW	lk-fallback	L
יְרוּשָׁלִַם	1	jrˈiʃulim		rule	MED		G
הִפְקַדְתִּי	1	hifkˈadti		rule	LOW	pe-default,lk-fallback	L
שֹׁמְרִים	1	ʃˈɔjmrim		rule	MED		G
מויערן	1	mˈɔjərn		rule	MED		G
הפקדתי	1	hapukˈadti		rule	LOW	lk-proclitic:sefaria+ה	L
אַתָּה	1	ˈatə		rule	LOW	lk-fallback	L
תָקוּם	1	sˈukim		rule	LOW	lk-fallback	L
תְּרַחֵם	1	trˈaxajm		rule	LOW	lk-fallback	L
עֵת	1	ajs		rule	LOW	lk-fallback	L
לְחֶנְנָהּ	1	lxˈɛnnuh		rule	LOW	lk-fallback	L
בָא	1	bu		rule	LOW	alef-default	G
מוֹעֵד	1	mˈɔjajd	mˈɔjajt	rule	MED		G
תָּמִיד	1	tˈumid	tˈumit	lexicon	HIGH		L
יֶחֱשׁוּ	1	jəxˈɛʃi		rule	LOW	lk-fallback	L
הַמַּזְכִּרִים	1	hˈamazkirim		rule	MED		G
אַל	1	al		rule	MED		G
דֳּמִי	1	dˈumi		rule	MED		G
לָכֶם	1	lˈuxəm		rule	LOW	lk-fallback	L
שווייגט	1	ʃvajɡt		rule	MED		G
אהבתך	1	ahavˈusxu	ahavˈusəxu	rule	LOW	model-pointed-guess	L
צדקיא	1	ʦdkˈia		rule	LOW	alef-default	G
קריתא	1	krˈisa		fallback	LOW	alef-default,lk-fallback	L
מתקני	1	mskni		fallback	LOW	lk-fallback	L
נטרין	1	ntrin		rule	MED		G
קדמאי	1	kdmaː		rule	LOW	alef-default	G
הפסק	1	hˈɛfsək		rule	LOW	lk-proclitic-pointed:printed-respelling	L
אויפהער	1	ˈɔjfhər		rule	LOW	alef-default,pe-default	G
מתאמרין	1	msˈamrin		fallback	LOW	alef-default,lk-fallback	L
דכרן	1	dxrn		fallback	LOW	lk-fallback	L
תדירא	1	zdˈira		fallback	LOW	alef-default,lk-fallback	L
פסקין	1	pˈaskin		rule	LOW	pe-default	G
לעלמין	1	lˈɛlmin		rule	MED		G
תתנו	1	sni		fallback	LOW	lk-fallback	L
דמי	1	dmi		rule	MED		G
יכונן	1	ˈixinn		rule	MED		G
ישים	1	ˈiʃim		rule	MED		G
באפעסטיגן	1	bafˈɛstiɡn		rule	LOW	alef-default,pe-default	G
באגרינדן	1	baɡrˈindn		rule	LOW	alef-default	G
לויב	1	lɔjb	lɔjp	rule	MED		G
תהלה	1	təhˈilu		rule	LOW	sefaria-pointed	L
יפסוק	1	ˈifsik		rule	LOW	pe-default	G
דכרנהון	1	dxrnhin		fallback	LOW	vowel-ratio	G
קדמוהי	1	kdmˈihi		rule	MED		G
יתקן	1	iskn		fallback	LOW	lk-fallback	L
ישוי	1	ˈiʃɔj		rule	MED		G
תשבחן	1	zʒbxajn		rule	LOW	lk-fallback	L
בארעא	1	barˈɛa		rule	LOW	alef-default	G
רוממה	1	rˈimmə		rule	MED		G
חיל	1	xˈajil		rule	LOW	model-pointed-guess	L
רעכטע	1	rˈɛxtə		rule	MED		G
בזרועו	1	bzrˈiəi		rule	MED		G
תבואה	1	tvˈiə	təvˈuu	rule	LOW	sefaria-pointed	L
שונאים	1	ʃˈinaːm		rule	LOW	alef-default	G
סימבאל	1	sˈimbal		rule	LOW	alef-default	G
ואספתי	1	ˈiasfsi		fallback	LOW	alef-default,pe-default,lk-fallback	L
ויצהרך	1	ɔjʦhrx		rule	MED		G
ונתתי	1	vnusˈati	vənusˈati	rule	LOW	sefaria-pointed	L
עשב	1	ɛʒb	ɛʒp	rule	MED		G
בשדך	1	bʒdx		fallback	LOW	lk-fallback	L
אויבים	1	ˈɔjbim		rule	LOW	alef-default	G
יגעת	1	juɡˈatu	juɡˈaat	rule	LOW	audio-homograph	L
געפלאגט	1	ɡəflˈaɡt		rule	LOW	alef-default,pe-default	G
קיים	1	kajm		rule	MED		G
בימיניה	1	bˈimini		rule	MED		G
ובדרע	1	ˈibdrə		rule	MED		G
תקפיה	1	skfi		fallback	LOW	pe-default,lk-fallback	L
עבוריך	1	ˈɛbirix		rule	MED		G
לבעלי	1	lbˈɛli		rule	MED		G
דבביך	1	dbix		rule	MED		G
ישתון	1	ˈiʃsin		fallback	LOW	lk-fallback	L
חמרך	1	xmrx		fallback	LOW	lk-fallback	L
דלאית	1	dlaːs		fallback	LOW	alef-default,lk-fallback	L
הבאר	1	hbar		rule	LOW	alef-default	G
אבותיך	1	avɔjsˈajxu	avɔjsˈɛjxu	rule	LOW	sefaria-pointed	L
ירש'ענען	1	ˈirʃənən		rule	MED		G
תשיתמו	1	sʃˈismi		fallback	LOW	lk-fallback	L
לשרים	1	lʃrim		rule	MED		G
אנפרעגן	1	ˈanfrəɡn		rule	LOW	alef-default,pe-default	G
אזכירה	1	ˈazxirə		rule	LOW	alef-default	G
יהודוך	1	ˈihidix		rule	MED		G
ושמו	1	ˈiʃmi		rule	MED		G
קורח	1	kˈɔjrax		rule	LOW	model-pointed-guess	L
לִבְנֵי	1	lˈivnaj		rule	MED		G
קֹרַח	1	kˈɔjrax		rule	LOW	lk-fallback	L
שִׁיר	1	ʃir		rule	MED		G
נאוט	1	nit		rule	LOW	alef-default	G
ליד	1	lid	lit	rule	MED		G
אֱלֹקִים	1	ˈɛlɔjkim		rule	MED		G
לָנוּ	1	lˈuni		rule	MED		G
מַחֲסֶה	1	maxˈasə		rule	LOW	lk-fallback	L
וָעֹז	1	vˈuɔjz	vˈuɔjs	rule	MED		G
באשיצט	1	baʃˈiʦt		rule	LOW	alef-default	G
עֶזְרָה	1	ˈɛzrə		rule	MED		G
בְצָרוֹת	1	bəʦˈurɔjs		rule	LOW	lk-proclitic:sefaria+ב	L
קָרוֹב	1	kˈurɔjb	kˈurɔjp	rule	MED		G
קֹרְאָיו	1	kˈɔjruji		rule	MED		G
בֶּאֱמֶת	1	bəˈɛməs		lexicon	HIGH		L
"רד""ק"	1	rajʃ dˈuləd kif	rajʃ dˈulət kif	rule	LOW	letter-names	A
הסתרת	1	hsrs		fallback	LOW	lk-fallback	L
מִכָּל	1	mˈikul		rule	LOW	lk-fallback	L
מָעוֹזֶךָ	1	mˈuɔjzəxu		rule	MED		G
פליטולי	1	flˈitili		rule	LOW	pe-default	G
קאנטיאנער	1	kˈantianər		rule	LOW	alef-default	G
דודא	1	dˈida		rule	LOW	alef-default	G
ארומרידערן	1	arˈimridərn		rule	LOW	alef-default	G
דערסטו	1	dˈɛrsti		rule	MED		G
תרני	1	srni		fallback	LOW	lk-fallback	L
נשתכח	1	niʃtˈakax		rule	LOW	model-pointed-guess	L
משנות	1	mʃnis		fallback	LOW	lk-fallback	L
גוי'איש	1	ɡˈɔjaːʃ		rule	LOW	alef-default	G
וואכנטליך	1	vˈaxntləx		rule	LOW	alef-default	G
בכבוד'יג	1	bxbˈidiɡ	bxbˈidik	rule	MED		G
קרעיטס	1	krajʦ		rule	MED		G
וואכנדיגע	1	vˈaxndiɡə		rule	LOW	alef-default	G
עירה	1	ˈajrə		rule	MED		G
תחומין	1	txˈimin	təxˈumin	rule	LOW	sefaria-pointed	L
תבשילים	1	zbʃˈilim		fallback	LOW	lk-fallback	L
יביאין	1	ˈibiaːn		rule	LOW	alef-default	G
בסל	1	bsl		fallback	LOW	lk-fallback	L
ובקופה	1	ˈibkifə		rule	LOW	pe-default	G
באסקעט	1	baskˈɛt		rule	LOW	alef-default	G
כתפו	1	xsfi		fallback	LOW	pe-default,lk-fallback	L
אקסל	1	aksl		rule	LOW	alef-default	G
המוליך	1	hmˈilix		rule	MED		G
יפשיל	1	ˈifʃil		rule	LOW	pe-default	G
הכפיפה	1	hxfˈifə		rule	LOW	pe-default	G
לאחוריו	1	lˈaxirji		fallback	LOW	alef-default,lk-fallback	L
בכבוד'דיג	1	bxbˈidiɡ	bxbˈidik	rule	MED		G
ומתחילין	1	ˈimsxilin		fallback	LOW	lk-fallback	L
בערימת	1	bˈɛrims		fallback	LOW	lk-fallback	L
בעצים	1	bˈɛʦim		rule	MED		G
שבמוקצה	1	ʒbmˈikʦə		rule	MED		G
העלצער	1	hˈɛlʦər		rule	MED		G
רעילינג	1	rˈajlinɡ	rˈajlink	rule	MED		G
אויק	1	ɔjk		rule	LOW	alef-default	G
נוטלין	1	nˈitlin		rule	MED		G
הסוכה	1	hsˈixə		rule	MED		G
אויטדאורס	1	ɔjtdˈirs		rule	LOW	alef-default	G
באד	1	bad	bat	rule	LOW	alef-default	G
הסמוך	1	hsmix		rule	MED		G
אנגעלאנט	1	anɡəlˈant		rule	LOW	alef-default	G
הסדן	1	hˈasajdn		rule	LOW	model-pointed-guess+suffix	L
המחינות	1	hmxˈinis		fallback	LOW	lk-fallback	L
העלצעלעך	1	hˈɛlʦələx		rule	MED		G
צוזאמגעקליבענע	1	ʦˈizamɡəklibənə		rule	LOW	alef-default	G
ומן	1	imn		rule	MED		G
הקרפף	1	hkrf		fallback	LOW	pe-default,lk-fallback	L
ארומגעגעטע	1	arˈimɡəɡətə		rule	LOW	alef-default	G
המפוזר	1	hmfizr		rule	LOW	pe-default	G
אויסגעשפרייטערט	1	ˈoʊzɡəʃprajtərt		rule	LOW	alef-default,pe-default	G
איזהו	1	ˈizhi		rule	LOW	alef-default	G
קרפף	1	krf		fallback	LOW	pe-default,lk-fallback	L
שסמוך	1	ʃsmix		rule	MED		G
לעיר	1	lajr		rule	MED		G
ארומגעצוימט	1	arˈimɡəʦɔjmt		rule	LOW	alef-default	G
סעקיור	1	səkjˈir		rule	MED		G
זלט	1	zlt		fallback	LOW	lk-fallback	L
יוסי	1	jˈisi		rule	MED		G
שנכנסין	1	ʃnxnsin		fallback	LOW	vowel-ratio	G
בפתחת	1	bfsxs		fallback	LOW	pe-default,lk-fallback	L
ארומגענומענע	1	arˈimɡənimənə		rule	LOW	alef-default	G
שליסל	1	ʃlisl		rule	MED		G
הקורות	1	hakˈɔjrɔjs		rule	LOW	lk-proclitic:sefaria+ה	L
קלעצער	1	klˈɛʦər		rule	MED		G
הקורה	1	hkˈirə		rule	MED		G
שנשברה	1	ʃənˈiʒbəru		rule	LOW	lk-proclitic:sefaria+ש	L
קלאץ	1	klaʦ		rule	LOW	alef-default	G
צוהאצן	1	ʦˈihaʦn		rule	LOW	alef-default	G
ערדיג	1	ˈɛrdiɡ	ˈɛrdik	rule	MED		G
בקרדום	1	bkrdim		rule	MED		G
האק	1	hak		rule	LOW	alef-default	G
במגרה	1	bmɡrə		fallback	LOW	lk-fallback	L
זעג	1	zɛɡ	zɛk	rule	MED		G
במגל	1	bmɡl		fallback	LOW	lk-fallback	L
האקמעסער	1	hˈakməsər		rule	LOW	alef-default	G
טול	1	til		rule	MED		G
שמלא	1	ʃmla		rule	LOW	alef-default	G
סתום	1	sim		fallback	LOW	lk-fallback	L
ונפחת	1	infxs		fallback	LOW	pe-default,lk-fallback	L
אויפגעבראכן	1	ˈɔjfɡəbraxn		rule	LOW	alef-default,pe-default	G
שעד	1	ʃɛd	ʃɛt	rule	MED		G
ליים	1	lajm		rule	MED		G
געיטעד	1	ɡˈajtəd	ɡˈajtət	rule	MED		G
הפחת	1	hfxs		fallback	LOW	pe-default,lk-fallback	L
ונוטל	1	ˈinitl		rule	MED		G
לעמפעלע	1	lˈɛmfələ		rule	LOW	pe-default	G
שעושה	1	ʃˈɛiʃə		rule	MED		G
אריינקוועטשן	1	arˈaːnkvəʧn		rule	LOW	alef-default	G
קלעי	1	klaj		rule	MED		G
קולים	1	kˈilim		rule	MED		G
חדכין	1	xdxin		fallback	LOW	lk-fallback	L
פסולת	1	psˈɔjləs		rule	LOW	printed-respelling	L
לעכטל	1	lɛxtl		rule	MED		G
שערל	1	ʃɛrl		rule	MED		G
חדכה	1	xdxə		fallback	LOW	lk-fallback	L
ביעור	1	bˈiəir		rule	MED		G
ס'צינדט	1	sʦindt		rule	MED	clitic	G
צושניטן	1	ʦˈiʃnitn		rule	MED		G
שובלין	1	ʃˈiblin		rule	MED		G
זכרת	1	zˈuxart		rule	LOW	sefaria-pointed	L
כתכן	1	xsxn		fallback	LOW	lk-fallback	L
צונען	1	ʦˈinən		rule	MED		G
מנוח	1	munˈɔjxa		rule	LOW	lk-proclitic-pointed:sefaria-pointed	L
אפבראטן	1	ˈafbratn		rule	LOW	alef-default,pe-default	G
געזאלצענעם	1	ɡəzˈalʦənəm		rule	LOW	alef-default	G
פישל	1	fiʃl		rule	LOW	pe-default	G
געבראטן	1	ɡəbrˈatn		rule	LOW	alef-default	G
וקראם	1	ˈikram		rule	LOW	alef-default	G
אויסשיידן	1	ˈoʊsʃajdn		rule	LOW	alef-default	G
תעניו	1	sˈɛnji		fallback	LOW	lk-fallback	L
שמא	1	ʃma		rule	LOW	alef-default	G
צודריקן	1	ʦˈidrikn		rule	MED		G
אראפדריקן	1	arˈupdrikn		rule	LOW	alef-default,pe-default	G
מקיפה	1	mkˈifə		rule	LOW	pe-default	G
חבית	1	xbis		fallback	LOW	lk-fallback	L
לשפות	1	lʃpis		fallback	LOW	pe-default,lk-fallback	L
ארויפצולערן	1	arˈoʊfʦilərn		rule	LOW	alef-default,pe-default	G
סומכה	1	sˈimxə		rule	MED		G
אונטערליינען	1	ˈintərlajnən		rule	MED	prefix-rescue:gold+אונטער	G
מתהאלטן	1	mshaltn		fallback	LOW	alef-default,lk-fallback	L
בדלת	1	bdls		fallback	LOW	lk-fallback	L
אונטערלייגן	1	ˈintərlajɡn		rule	MED	prefix-rescue:gold+אונטער	G
שיקל	1	ʃikl		rule	MED		G
מנהיגין	1	mnhˈiɡin		rule	MED		G
הבהמה	1	habhˈajmə		rule	LOW	lk-proclitic-pointed:sefaria-pointed	L
במקל	1	bmkl		fallback	LOW	lk-fallback	L
שטרייבן	1	ʃtrajbn		rule	MED		G
לעוו	1	lɛv	lɛf	rule	MED		G
כיסם	1	xism		rule	MED		G
שפענדל	1	ʃpɛndl		rule	LOW	pe-default	G
טשאטש	1	ʧaʧ		rule	LOW	alef-default	G
קאליצא	1	kˈaliʦa		rule	LOW	alef-default	G
קרוישן	1	krɔjʃn		rule	MED		G
אגלא	1	ˈaɡla		rule	LOW	alef-default	G
דאפילא	1	dˈafila		rule	LOW	alef-default,pe-default	G
גריק	1	ɡrik		rule	MED		G
וויכטיגסטע	1	vˈixtiɡstə		rule	MED		G
גריכנלאנד	1	ɡrˈixnland	ɡrˈixnlant	rule	LOW	alef-default	G
גריכיש	1	ɡrˈixiʃ		rule	MED		G
קאלימערא	1	kˈaliməra		rule	LOW	alef-default	G
ראשל	1	raʃl		rule	LOW	alef-default	G
קיסם	1	kism		rule	MED		G
לחצוץ	1	lxʦiʦ		fallback	LOW	lk-fallback	L
שיניו	1	ʃˈinji		rule	MED		G
ציינער	1	ʦˈajnər		rule	MED		G
ומגבב	1	imɡb	imɡp	rule	MED		G
החצר	1	hxʦr		fallback	LOW	lk-fallback	L
שבחצר	1	ʒbxʦr		fallback	LOW	lk-fallback	L
מוכן	1	mixn		rule	MED		G
מגבב	1	mɡb		fallback	LOW	lk-fallback	L
שפענדלעך	1	ʃpˈɛndləx		rule	LOW	pe-default	G
מוציאין	1	mˈiʦiaːn		rule	LOW	alef-default	G
לייטער	1	lˈajtər		rule	MED		G
מעטשעס	1	mˈɛʧəs		rule	MED		G
העפר	1	hɛfr		rule	LOW	pe-default	G
המים	1	hmim		rule	MED		G
מלבנין	1	mlbnin		rule	MED		G
הרעפים	1	hrˈɛfim		rule	LOW	pe-default	G
אנגליען	1	ˈanɡliən		rule	LOW	alef-default	G
בהן	1	bˈuhən	bˈuhɛn	rule	LOW	sefaria-pointed	L
בראטן	1	bratn		rule	LOW	alef-default	G
והתיר	1	isˈir		fallback	LOW	lk-fallback	L
המוקצה	1	hmˈikʦə		rule	MED		G
אפגעשיידטע	1	ˈɔpɡəʃajdtə		rule	LOW	alef-default,pe-default	G
בשביעית	1	baʃvˈiis		rule	LOW	lk-proclitic-pointed:sefaria-pointed	L
ואומר	1	ˈiimr		rule	LOW	alef-default	G
שירשום	1	ʃˈirʃim		rule	MED		G
אנצייכענען	1	ˈanʦajxənən		rule	LOW	alef-default	G
ביצה	1	bˈiʦə		rule	MED		G
"ל""ב"	1	lˈaməd bajs	lˈamət bajs	rule	LOW	letter-names	A
למאי	1	lmaː		rule	LOW	alef-default	G
צורך	1	ʦirx		rule	MED		G
נצרכה	1	nʦrxə		fallback	LOW	lk-fallback	L
למותן	1	lumˈuvɛsn		rule	LOW	model-pointed-guess+suffix	L
לעוללין	1	lˈɛillin		rule	MED		G
ולבא	1	ˈilba		rule	LOW	alef-default	G
שוויץ	1	ʃviʦ		rule	MED		G
בעדער	1	bədˈɛr		rule	MED	prefix-rescue:gold+בע	G
איבערצוגעבן	1	ˈibərʦiɡəbn		rule	LOW	alef-default	G
בדר	1	bdr		fallback	LOW	lk-fallback	L
שרי	1	ʃri		rule	MED		G
געווארעמט	1	ɡəvˈarəmt		rule	LOW	alef-default	G
אסור	1	asˈir		rule	LOW	alef-default	G
כדאמר	1	xdamr		rule	LOW	alef-default	G
והכא	1	ˈixa		rule	LOW	alef-default	G
שנא	1	ʃna		rule	LOW	alef-default	G
בסכין	1	bsxin		rule	MED		G
דלא	1	dla		rule	LOW	alef-default	G
חותכה	1	xˈisxə		fallback	LOW	lk-fallback	L
נרות	1	nˈajrɔjs		rule	LOW	sefaria-pointed	L
לאכטערס	1	lˈaxtərs		rule	LOW	alef-default	G
צינדט	1	ʦindt		rule	MED		G
אנגעצינדן	1	ˈanɡəʦindn		rule	LOW	alef-default	G
חנון	1	xˈanin	xˈanun	rule	LOW	sefaria-pointed	L
בשלמיא	1	bʃlmˈia		rule	LOW	alef-default	G
דרב	1	drb		fallback	LOW	lk-fallback	L
להדיח	1	lhdix		fallback	LOW	lk-fallback	L
חשכה	1	xʃxə		fallback	LOW	lk-fallback	L
אראפצונעמען	1	arˈupʦinəmən		rule	LOW	alef-default,pe-default	G
טונקלקייט	1	tˈinklkaːt		rule	MED		G
אויסלעשן	1	ˈoʊsləʃn		rule	LOW	alef-default	G
ששה	1	ʃˈiʃə	ʃˈiʃu	rule	LOW	sefaria-pointed	L
נאמרו	1	nˈamri		rule	LOW	alef-default	G
מחמיר	1	mˈaxmir		rule	LOW	sefaria-pointed	L
גודלין	1	ɡˈidlin		rule	MED		G
לעכטן	1	lɛxtn		rule	MED		G
מהבהבין	1	mhbhbin		fallback	LOW	vowel-ratio	G
אפברענען	1	ˈafbrənən		rule	LOW	alef-default,pe-default	G
סטאקע	1	stˈakə		rule	LOW	alef-default	G
ממחם	1	mmxm		fallback	LOW	lk-fallback	L
צוזאמענדריקן	1	ʦizˈaməndrikn		rule	LOW	alef-default	G
ושורר	1	ˈiʃirr		rule	MED		G
ווייגן	1	vajɡn		rule	MED		G
וחותכה	1	ˈixisxə		fallback	LOW	lk-fallback	L
בעיר	1	bajr		rule	MED		G
קונגען	1	kˈinɡən		rule	MED		G
דורכברענען	1	dˈirxbrənən		rule	MED		G
ידעה	1	ˈidə		rule	MED		G
הלא	1	hla		rule	LOW	alef-default	G
לבבא	1	lba		rule	LOW	alef-default	G
בואו	1	bˈui		lexicon	MED	audio-vowel	G
העיסקא	1	hˈajska		rule	LOW	alef-default	G
אפיסל	1	ˈafisl		rule	LOW	alef-default,pe-default	G
העוולי	1	hˈɛvli		rule	MED		G
סוכנים	1	sˈixnim		rule	MED		G
מזוני	1	mzˈini		rule	MED		G
מייז	1	majz	majs	rule	MED		G
נמלא	1	nmla		rule	LOW	alef-default	G
הנא	1	hna		rule	LOW	alef-default	G
כסא	1	xsa		rule	LOW	alef-default	G
זרעו	1	zrˈɛi		rule	MED		G
ורחמך	1	irxmx		fallback	LOW	lk-fallback	L
והרבך	1	irbx		rule	MED		G
לאבותיך	1	lˈabisix		fallback	LOW	alef-default,lk-fallback	L
אכזריות	1	axzərˈijus		rule	LOW	sefaria-pointed	L
המרחם	1	hamrˈaxajm		rule	LOW	sefaria-pointed	L
שטאמט	1	ʃtamt		rule	LOW	alef-default	G
מרחם	1	mrˈaxajm	mərˈaxajm	rule	LOW	model-pointed-guess	L
סטרעיט	1	strajt		rule	MED		G
פארווערד	1	farvˈɛrd	farvˈɛrt	rule	LOW	alef-default,pe-default	G
אחרים	1	axˈajrim		rule	LOW	sefaria-pointed	L
אנגעוויזן	1	ˈanɡəvizn		rule	LOW	alef-default	G
בעדו	1	bədˈi		rule	MED	prefix-rescue:gold+בע	G
נודד	1	nid	nit	rule	MED		G
ללחם	1	lalˈɛxəm	lalˈɛxɛm	rule	LOW	model-pointed-guess	L
איה	1	i		rule	LOW	alef-default	G
ארומוואנדערן	1	arˈimvandərn		rule	LOW	alef-default	G
נכון	1	nxin		rule	MED		G
חייהם	1	xajˈajhɛm		rule	LOW	sefaria-pointed	L
לשלחן	1	lʃlxajn		rule	LOW	lk-fallback	L
שאשתו	1	ʃˈaʃsi		fallback	LOW	alef-default,lk-fallback	L
קאנטראלט	1	kˈantralt		rule	LOW	alef-default	G
ס'פארדרייט	1	sfardrˈajt		rule	LOW	clitic	G
יוצרות	1	jˈɔjʦrɔjs	jˈɔjʦərɔjs	rule	LOW	model-pointed-guess	L
מאסקוליניטי	1	mˈaskiliniti		rule	LOW	alef-default	G
שיסורים	1	ʃˈisirim		rule	MED		G
קאנטראלן	1	kˈantraln		rule	LOW	alef-default	G
ויש	1	oʊʃ		rule	MED		G
חלוק	1	xˈulik	xˈuluk	rule	LOW	sefaria-pointed	L
לייז	1	lajz	lajs	rule	MED		G
ותנא	1	ˈisna		fallback	LOW	alef-default,lk-fallback	L
למים	1	lmim		rule	MED		G
במים	1	bmim		rule	MED		G
איבערקוקן	1	ˈibərkikn		rule	LOW	alef-default	G
אויסרייניגן	1	ˈoʊsrajniɡn		rule	LOW	alef-default	G
אויסשאקלען	1	ˈoʊsʃaklən		rule	LOW	alef-default	G
כוונת	1	kavvˈunas		rule	LOW	model-pointed-guess	L
השופר	1	hʃifr		rule	LOW	pe-default	G
צעבראכנקייט	1	ʦəbrˈaxnkaːt		rule	LOW	alef-default	G
עוונות	1	avˈɔjnɔjs		rule	LOW	sefaria-pointed	L
געטשוזט	1	ɡəʧˈizt		rule	MED		G
חולקיהון	1	xˈilkihin		fallback	LOW	lk-fallback	L
דצדיקייא	1	dʦdˈikaja		rule	LOW	alef-default	G
ידעין	1	ˈidajn		rule	MED		G
לכוונה	1	lxvnə		rule	MED		G
רעותא	1	rˈɛisa		fallback	LOW	alef-default,lk-fallback	L
מאריהון	1	mˈarihin		rule	LOW	alef-default	G
לתקנא	1	lskna		fallback	LOW	alef-default,lk-fallback	L
בקול	1	bkil		rule	MED		G
כתיב	1	ksiv	kəsˈiv|ksif	rule	LOW	sefaria-pointed	L
אַשְׁרֵי	1	ˈaʃraj		rule	MED		G
יֹדְעֵי	1	jˈɔjdaj		rule	MED		G
תְרוּעָה	1	srˈiə		rule	LOW	lk-fallback	L
בעי	1	baj		rule	MED		G
עמא	1	ˈɛma		rule	LOW	alef-default	G
לאשכחא	1	lˈaʃxa		fallback	LOW	alef-default,lk-fallback	L
נש	1	nuʃ		rule	LOW	model-pointed-guess	L
שלים	1	ʃlim		rule	MED		G
מכלום	1	mxlim		rule	MED		G
מושלם	1	miʃlm		rule	MED		G
חכמת	1	xˈuxmas		rule	LOW	sefaria-pointed	L
הכוונה	1	hxvnə		rule	MED		G
בקרא	1	bkra		rule	LOW	alef-default	G
דיבעי	1	dˈibaj		rule	MED		G
בהאי	1	bhaː		rule	LOW	alef-default	G
ולזמנא	1	ˈilzmna		rule	LOW	alef-default	G
שופרא	1	ʃˈifra		rule	LOW	alef-default,pe-default	G
בקרי	1	bkri		rule	MED		G
בכוונה	1	bxvnə		rule	MED		G
דלבא	1	dlba		rule	LOW	alef-default	G
בחכמתא	1	bxmsa		fallback	LOW	alef-default,lk-fallback	L
וויזדאם	1	vˈizdam		rule	LOW	alef-default	G
חכמות	1	xˈuxmɔjs	xˈuxəmɔjs	rule	LOW	model-pointed-guess	L
בשלימו	1	bʃlˈimi		rule	MED		G
גאנצקייט	1	ɡˈanʦkaːt		rule	LOW	alef-default	G
דיסתלק	1	dislk		fallback	LOW	lk-fallback	L
דיליהון	1	dˈilihin		rule	MED		G
דאשתכח	1	daʃsx		fallback	LOW	alef-default,lk-fallback	L
וחלילה	1	vxulˈilə	vəxulˈilu	rule	LOW	model-pointed-guess	L
חובא	1	xˈiba		fallback	LOW	alef-default,lk-fallback	L
אתערו	1	ˈasəri		fallback	LOW	alef-default,lk-fallback	L
לעדכרא	1	lˈɛdxra		rule	LOW	alef-default	G
בנגוניא	1	bnɡˈinia		rule	LOW	alef-default	G
הַכֹּהֵן	1	hakˈɔjhajn		rule	LOW	lk-fallback	L
הַמָּשִׁיחַ	1	hamuʃˈiəx		rule	LOW	lk-fallback	L
יֶחֱטָא	1	jəxˈɛtu		rule	LOW	alef-default,lk-fallback	L
ירא	1	ˈira		rule	LOW	alef-default	G
ורך	1	irx		rule	MED		G
הלבב	1	halˈajvuv	halˈajvuf	rule	LOW	sefaria-pointed	L
דכל	1	dəxˈul	dxul	rule	LOW	sefaria-pointed	L
לְאַשְׁמַת	1	lˈaʃmas		rule	LOW	lk-fallback	L
דדינא	1	dˈina		rule	LOW	alef-default	G
שריא	1	ʃrˈia		rule	LOW	alef-default	G
עלויה	1	ˈɛlɔjə		rule	MED		G
דשליחא	1	dʃlˈixa		fallback	LOW	alef-default,lk-fallback	L
זכותא	1	zəxˈusu	zxˈisu	rule	LOW	model-pointed-guess	L
לעמא	1	lˈɛma		rule	LOW	alef-default	G
דינין	1	dˈinin		rule	MED		G
מסתלקין	1	mslkin		fallback	LOW	lk-fallback	L
מניה	1	mni		rule	MED		G
ידוי	1	ˈidɔj		rule	MED		G
דעליהון	1	dˈɛlihin		rule	MED		G
אתברכן	1	azbrxn		fallback	LOW	alef-default,lk-fallback	L
עלאין	1	ˈɛlaːn		rule	LOW	alef-default	G
ותתאין	1	ˈisaːn		fallback	LOW	alef-default,lk-fallback	L
אויבערשטע	1	ˈɔjbərʃtə		rule	LOW	alef-default	G
ולוי	1	ˈilɔj		rule	MED		G
בדקין	1	bdkin		rule	MED		G
לבתראה	1	lbsra		fallback	LOW	alef-default,lk-fallback	L
מ'בודק	1	mbidk		rule	MED	clitic	G
דעבידתא	1	dˈɛbidsa		fallback	LOW	alef-default,lk-fallback	L
בסנהדרין	1	bsnhdrin		fallback	LOW	vowel-ratio	G
בודקין	1	bˈidkin		rule	MED		G
מ'טשעקט	1	mʧɛkt		rule	MED	clitic	G
ואי	1	ˈiaː		rule	LOW	alef-default	G
אשתכח	1	aʃsx		fallback	LOW	alef-default,lk-fallback	L
יהבין	1	ˈibin		rule	MED		G
חומרתא	1	xˈimrsa		fallback	LOW	alef-default,lk-fallback	L
חומרים	1	xˈimrim		fallback	LOW	lk-fallback	L
וּלְלֵוִי	1	ˈillajvi		rule	MED		G
אָמַר	1	ˈumar		rule	MED		G
זכה	1	zˈuxə	zˈuxu	rule	LOW	model-pointed-guess	L
אורים	1	ˈirim		rule	LOW	alef-default	G
ותומים	1	vsˈɔjmim	vəsˈɔjmim	rule	LOW	model-pointed-guess	L
ולאשתכחא	1	ˈilaʃsxa		fallback	LOW	alef-default,lk-fallback	L
בעבודה	1	bˈɛbidə		rule	MED		G
הוי	1	hɔj		rule	MED		G
נִסִּיתוֹ	1	nisˈisɔj		rule	LOW	lk-fallback	L
הָאֹמֵר	1	hˈɔjmajr		rule	MED		G
לְאָבִיו	1	lˈubii		rule	MED		G
וּלְאִמּוֹ	1	ˈilimɔj		rule	MED		G
רְאִיתִיו	1	risˈii		rule	LOW	lk-fallback	L
וכיון	1	ˈixjin		rule	MED		G
דאשתכחו	1	dˈaʃsxi		fallback	LOW	alef-default,lk-fallback	L
באלין	1	balˈin		rule	LOW	alef-default	G
דרגין	1	drɡin		rule	MED		G
אריינגעווארפן	1	arˈaːnɡəvarfn		rule	LOW	alef-default,pe-default	G
פלעט	1	flɛt		rule	LOW	pe-default	G
אומברענגען	1	ˈimbrənɡən		rule	LOW	alef-default	G
געטעסטעט	1	ɡətˈɛstət		rule	MED		G
יורו	1	jˈiri		rule	MED		G
משפטיך	1	mʃptix		rule	LOW	pe-default	G
ותורתך	1	ˈisirsx		fallback	LOW	lk-fallback	L
לישראל	1	lˈiʃral		rule	LOW	alef-default	G
ישימו	1	ˈiʃimi		rule	MED		G
קטורה	1	ktˈirə		rule	MED		G
באפך	1	bafx		rule	LOW	alef-default,pe-default	G
רוגז	1	riɡz	riɡs	rule	MED		G
ולזמנה	1	ˈilzmnə		rule	MED		G
אנצוגלייכן	1	ˈanʦiɡlajxn		rule	LOW	alef-default	G
אתבחרו	1	ˈazbxri		fallback	LOW	alef-default,lk-fallback	L
בגוונין	1	bɡvnin		rule	MED		G
דאתמתקן	1	dasmskn		fallback	LOW	alef-default,lk-fallback	L
וישתכחון	1	ˈoʊʃsxin		fallback	LOW	lk-fallback	L
ברכאן	1	brxan		rule	LOW	alef-default	G
עלמין	1	ˈɛlmin		rule	MED		G
משלש	1	mʃˈiluʃ	məʃˈuluʃ	rule	LOW	model-pointed-guess	L
זימן	1	zimn		rule	MED		G
בחבורה	1	bxbˈirə		fallback	LOW	lk-fallback	L
שלו	1	ʃli		rule	MED		G
חייבין	1	xˈajjvin		rule	LOW	model-pointed-guess	L
בזימון	1	bzˈimin		rule	MED		G
שכבר	1	ʃəkvˈur		rule	LOW	lk-proclitic:sefaria+ש	L
זימנו	1	zˈimni		rule	MED		G
שישבו	1	ʃˈiʒbi		rule	MED		G
משלו	1	mʃli		rule	MED		G
פונדעסטוועגן	1	fˈindəstvəɡn		rule	LOW	pe-default	G
שהיו	1	ʃhji		rule	MED		G
אוכלין	1	ˈixlin		rule	LOW	alef-default	G
שבקצתן	1	ʒbkʦsn		fallback	LOW	lk-fallback	L
מצרף	1	mʦrf		fallback	LOW	pe-default,lk-fallback	L
ביניהם	1	bˈinim		rule	MED		G
הולך	1	hilx		rule	MED		G
ומשמש	1	imʃmʃ		rule	MED		G
וחבורה	1	ˈixbirə		fallback	LOW	lk-fallback	L
באדינער	1	badˈinər		rule	LOW	alef-default	G
בקצתן	1	bkʦsn		fallback	LOW	lk-fallback	L
שישמעו	1	ʃˈiʃməi		rule	MED		G
שתיהן	1	ʃtˈiən		rule	LOW	printed-respelling	L
המברך	1	hmbrx		fallback	LOW	lk-fallback	L
בבירור	1	birˈir		rule	MED		G
מצדד	1	mʦd		fallback	LOW	lk-fallback	L
יונה	1	jˈinə		rule	MED		G
אוועקשפעטן	1	avˈɛkʃpətn		rule	LOW	alef-default,pe-default	G
אפחוזק'ן	1	ˈafxizkn		fallback	LOW	alef-default,pe-default,lk-fallback	L
וכלה	1	ˈixlə		rule	MED		G
אפצושאצן	1	ˈafʦiʃaʦn		rule	LOW	alef-default,pe-default	G
באוואוסטער	1	bavˈistər		rule	LOW	alef-default	G
דזשאוקס	1	ʤiks		rule	LOW	alef-default	G
ארויסווארפן	1	arˈoʊsvarfn		rule	LOW	alef-default,pe-default	G
וואונדערטס	1	vˈindərʦ		rule	LOW	alef-default	G
שברון	1	ʒbrin		rule	MED		G
צעשאסן	1	ʦəʃˈasn		rule	LOW	alef-default	G
ארומלויפן	1	arˈimlɔjfn		rule	LOW	alef-default,pe-default	G
קינדערהיימען	1	kˈindərhajmən		rule	MED		G
לאכן	1	laxn		rule	LOW	alef-default	G
אראפברענגען	1	arˈupbrejnɡən		rule	MED	prefix-rescue:gold+אראפ	G
שמייכלעך	1	ʃmˈajxləx		rule	MED		G
עובד	1	ibd	ibt	rule	MED		G
המתלוצץ	1	hmsliʦ		fallback	LOW	lk-fallback	L
שפתיו	1	səfˈusujv	səfˈusujf	rule	LOW	sefaria-pointed	L
והדברים	1	ˈidbrim		rule	MED		G
דבריו	1	dbrji		rule	MED		G
מהווקח	1	mhvkx		fallback	LOW	lk-fallback	L
פלאצט	1	flaʦt		rule	LOW	alef-default,pe-default	G
פלאפלט	1	flaflt		rule	LOW	alef-default,pe-default	G
שיבות	1	ʃˈibis		fallback	LOW	lk-fallback	L
מדרך	1	midˈɛrəx		rule	LOW	lk-proclitic-pointed:model-pointed-guess	L
שמחים	1	smˈajxim	səmˈajxim	rule	LOW	sefaria-pointed	L
צובראכענער	1	ʦˈibraxənər		rule	LOW	alef-default	G
ופעמים	1	ˈifəmim		rule	LOW	pe-default	G
שגורם	1	ʒɡirm		rule	MED		G
פלאפלען	1	flˈaflən		rule	LOW	alef-default,pe-default	G
פרעיער	1	frˈajər		rule	LOW	pe-default	G
ורוצה	1	ˈiriʦə		rule	MED		G
לשלשה	1	lʃlʃə		fallback	LOW	lk-fallback	L
רעים	1	rajm		rule	MED		G
אנוש	1	ˈaniʃ		rule	LOW	alef-default	G
האחד	1	haxd		fallback	LOW	alef-default,lk-fallback	L
האיש	1	haːʃ		rule	LOW	alef-default	G
מתלוצץ	1	msliʦ		fallback	LOW	lk-fallback	L
אפצולאכן	1	ˈafʦilaxn		rule	LOW	alef-default,pe-default	G
והשני	1	ˈiʃni		rule	MED		G
טרינקט	1	trinkt		rule	MED		G
ברימט	1	brimt		rule	MED		G
המרבה	1	hamˈarbɛ	hamrˈubɛ	rule	LOW	audio-homograph	L
כסיל	1	xsil		rule	MED		G
והשלישי	1	ˈiʃliʃi		rule	MED		G
קלוג	1	kliɡ	klik	rule	MED		G
איינזאמלען	1	ˈajnzamlən		rule	LOW	alef-default	G
קלוגשאפט	1	klˈiɡʃaft		rule	LOW	alef-default,pe-default	G
ודע	1	ˈidə		rule	MED		G
הלצנות	1	hlʦnis		fallback	LOW	lk-fallback	L
קבוע	1	kbˈiə		rule	MED		G
בנפש	1	bnˈɛfəʃ	bənˈɛfɛʃ	rule	LOW	sefaria-pointed	L
שטענדיגע	1	ʃtˈɛndiɡə		rule	MED		G
שיהא	1	ʃˈiha		rule	LOW	alef-default	G
פורק	1	firk		rule	LOW	pe-default	G
מעליו	1	mˈɛlji		rule	MED		G
פריקת	1	prˈikas	pərˈikas	rule	LOW	model-pointed-guess	L
יענש	1	jɛnʃ		rule	MED		G
געשטראפט	1	ɡəʃtrˈaft		rule	LOW	alef-default,pe-default	G
לתת	1	lˈusəs	lˈusɛs	rule	LOW	model-pointed-guess	L
תתלוצצו	1	slˈiʦi		fallback	LOW	lk-fallback	L
פן	1	pɛn		rule	LOW	sefaria-pointed	L
יחזקו	1	ˈixzki		fallback	LOW	lk-fallback	L
מוסריכם	1	mˈisrixm		rule	MED		G
והחכמים	1	ˈixmim		fallback	LOW	lk-fallback	L
מזהירין	1	mzhˈirin		rule	MED		G
תלמידיהם	1	talmidˈajhɛm	talmidˈajhəm	rule	LOW	sefaria-pointed	L
להתלוצץ	1	lhsliʦ		fallback	LOW	lk-fallback	L
ואראי	1	ˈiaraː		rule	LOW	alef-default	G
צופאליג	1	ʦˈifaliɡ	ʦˈifalik	rule	LOW	alef-default,pe-default	G
אוועקצושפעטן	1	avˈɛkʦiʃpətn		rule	LOW	alef-default,pe-default	G
והחלק	1	ixlk		fallback	LOW	lk-fallback	L
הוצרך	1	hiʦrx		rule	MED		G
להזהיר	1	lhzhir		rule	MED		G
נצחה	1	nʦxə		fallback	LOW	lk-fallback	L
יכשלו	1	ˈixʃli		rule	MED		G
צאת	1	ʦajs		rule	LOW	model-pointed-guess	L
הכוכבים	1	hxˈixbim		rule	MED		G
פאריאגט	1	farˈiaɡt		rule	LOW	alef-default,pe-default	G
פארפלאגט	1	farflˈaɡt		rule	LOW	alef-default,pe-default	G
"אר""י"	1	ˈari		lexicon	LOW	acronym-word	A
הארב	1	harb	harp	rule	LOW	alef-default	G
באמצע	1	bamʦˈə		rule	LOW	alef-default	G
"ל""ג"	1	laɡ	lak	lexicon	LOW	acronym-word	A
נגר	1	nɡr		fallback	LOW	lk-fallback	L
"סת""ם"	1	sˈaməx tuf mɛm		rule	LOW	letter-names	A
ספרדישע	1	sfˈardiʃə		rule	LOW	printed-respelling+suffix	L
שטייענדיגע	1	ʃtˈajəndiɡə		rule	MED		G
נחזור	1	nxzir		fallback	LOW	lk-fallback	L
"ל""ד"	1	lˈaməd dˈuləd	lˈamət dˈulət	rule	LOW	letter-names	A
עלם	1	ɛlm		rule	MED		G
יחידאה	1	ˈixida		fallback	LOW	alef-default,lk-fallback	L
אגב'דיגע	1	ˈaɡbdiɡə		rule	LOW	alef-default	G
שיטתיה	1	ʃˈiʦi		fallback	LOW	lk-fallback	L
קונטרס	1	kintrs		rule	MED		G
ס'האב	1	shub	shup	rule	MED	clitic	G
תודיעני	1	sˈidiəni		fallback	LOW	lk-fallback	L
עלעף	1	ˈɛləf		rule	LOW	pe-default	G
נפוץ	1	nfiʦ		rule	LOW	pe-default	G
משים	1	mʃim		rule	MED		G
