word	corpus_count	ipa	source	confidence	other_reading	phonetic_respelling
די	3976	də	lexicon	HIGH		
א	3287	a	rule	LOW	ˈaləf	אַלעף
ער	2782	ɛr	lexicon	HIGH		
איז	2484	iz	lexicon	HIGH		
און	2420	in	lexicon	HIGH		
האט	2212	hut	lexicon	HIGH		
וואס	1835	vus	lexicon	HIGH		
נישט	1714	niʃt	lexicon	HIGH		
דער	1647	dɛr	lexicon	HIGH		
אין	1576	in	lexicon	HIGH		
איך	1555	ix	lexicon	HIGH		
פון	1552	fin	lexicon	HIGH		
אז	1511	az	lexicon	HIGH		
צו	1083	ʦi	lexicon	HIGH		
זיין	993	zaːn	lexicon	HIGH		
זיך	966	zix	lexicon	HIGH		
מיט	957	mit	lexicon	HIGH		
ס'איז	945	siz	lexicon	HIGH		
געווען	907	ɡəvˈejn	lexicon	HIGH		
דעם	830	dejm	lexicon	HIGH		
זאגט	709	zuɡt	lexicon	HIGH		
דא	705	du	lexicon	HIGH		
פאר	700	far	lexicon	HIGH		
אויף	678	oʊf	lexicon	HIGH		
יא	639	ju	lexicon	HIGH		
דאס	629	dus	lexicon	HIGH		
עס	625	ɛs	lexicon	HIGH		
אים	572	ejm	lexicon	HIGH		
מיר	565	mir	lexicon	HIGH		
מען	557	mɛn	lexicon	HIGH		
אזוי	529	azˈɔj	lexicon	HIGH		
האבן	526	hubn	lexicon	HIGH		
זיי	505	zaj	lexicon	HIGH		
ווי	504	vi	lexicon	HIGH		
האב	490	hub	lexicon	HIGH		
אן	481	un	lexicon	HIGH		
שוין	462	ʃɔjn	lexicon	HIGH		
אבער	445	ˈɔbər	lexicon	HIGH		
דו	444	di	lexicon	HIGH		
נאך	427	nux	lexicon	HIGH		
געזאגט	415	ɡəzˈuɡt	lexicon	HIGH		
רבי	371	rˈɛbə	lexicon	HIGH		
קיין	360	kan	lexicon	HIGH		
ווען	354	vɛn	lexicon	HIGH		
זאל	348	zul	lexicon	HIGH		
קען	332	kɛn	lexicon	HIGH		
אונז	324	inz	lexicon	HIGH		
ביי	318	baː	lexicon	HIGH		
וועט	310	vɛt	lexicon	HIGH		
דאך	307	dɔx	lexicon	HIGH		
זענען	302	zˈɛnən	lexicon	HIGH		
זאגן	300	zuɡn	lexicon	HIGH		
מ'האט	297	mhut	rule	MED		
אייבערשטער	281	ˈajbərʃtər	rule	LOW		
יעצט	281	jɛʦt	lexicon	HIGH		
גייט	277	ɡajt	lexicon	HIGH		
מיין	253	maːn	lexicon	HIGH		
אלע	252	ˈalə	lexicon	HIGH		
ר	250	rajʃ	rule	LOW	rajʃ	רייש
ווייל	247	vaːl	lexicon	HIGH		
טאג	247	tuɡ	lexicon	HIGH		
נאר	242	nɔr	lexicon	HIGH		
עפעס	233	ˈɛpəs	lexicon	HIGH		
איד	230	jid	lexicon	HIGH		
דארף	229	daf	lexicon	HIGH		
אזא	228	azˈa	lexicon	HIGH		
ישראל	223	jisrˈuəl	lexicon	HIGH		
דארטן	220	dɔrtn	lexicon	HIGH		
יאר	220	jur	lexicon	HIGH		
זייער	214	zˈajər	lexicon	HIGH		
זאך	204	zax	lexicon	HIGH		
געהאט	202	ɡəhˈat	lexicon	HIGH		
איינער	197	ˈajnər	lexicon	HIGH		
בין	197	bin	lexicon	HIGH		
דארט	197	dɔrt	lexicon	HIGH		
קומט	195	kimt	lexicon	HIGH		
רב	186	ruv	lexicon	HIGH		
מענטש	185	mɛnʧ	lexicon	HIGH		
וויל	179	vil	lexicon	HIGH		
דיר	178	dir	lexicon	HIGH		
כל	175	kɔl	lexicon	HIGH		
היינט	173	haːnt	lexicon	HIGH		
טון	173	tin	lexicon	HIGH		
אויך	171	ɔjx	lexicon	HIGH		
וואו	171	vi	lexicon	HIGH		
געווארן	169	ɡəvˈɔrn	lexicon	HIGH		
צוויי	166	ʦvaj	lexicon	HIGH		
גאנצע	165	ɡˈanʦə	lexicon	HIGH		
אויב	164	ɔjb	lexicon	HIGH		
וואך	163	vɔx	lexicon	HIGH		
אריין	160	arˈaːn	lexicon	HIGH		
ה	158	haj	rule	LOW	haj	היי
על	158	al	lexicon	HIGH		
קינדער	157	kˈindər	lexicon	HIGH		
שבת	157	ʃˈabəs	lexicon	HIGH		
איין	153	ajn	lexicon	HIGH		
זאכן	153	zaxn	lexicon	HIGH		
גוט	151	ɡit	lexicon	HIGH		
אידן	149	jidn	lexicon	HIGH		
מאכן	146	maxn	lexicon	HIGH		
אמאל	144	amˈul	lexicon	HIGH		
קומען	142	kˈimən	lexicon	HIGH		
אויס	141	oʊs	lexicon	HIGH		
קענען	139	kˈɛnən	lexicon	HIGH		
גיין	137	ɡajn	lexicon	HIGH		
געמאכט	137	ɡəmˈaxt	lexicon	HIGH		
טאטע	135	tˈatə	lexicon	HIGH		
מ'דארף	133	mdaf	rule	MED		
צום	130	ʦim	lexicon	HIGH		
ניין	128	najn	lexicon	HIGH		
שטייט	128	ʃtajt	lexicon	HIGH		
תורה	128	tˈɔjrə	lexicon	HIGH		
בית	127	bajs	lexicon	HIGH		
וועגן	126	vejɡn	lexicon	HIGH		
מ'קען	125	mˈɛkən	lexicon	HIGH		
לא	124	lɔj	lexicon	HIGH		
יעדער	123	jˈɛdər	lexicon	HIGH		
נצבים	123	niʦˈuvim	printed-index	MED	nʦbim	ניצאָווים
אלעס	122	ˈaləs	lexicon	HIGH		
אסאך	121	ˈasax	lexicon	HIGH		
פארוואס	120	farvˈus	lexicon	HIGH		
מעשה	119	mˈaːsə	lexicon	HIGH		
אנדערע	117	ˈandərə	lexicon	HIGH		
יום	117	jɔjm	lexicon	HIGH		
מער	117	mɛr	lexicon	HIGH		
צייט	117	ʦaːt	lexicon	HIGH		
עולם	116	ˈɔjləm	lexicon	HIGH		
געזען	115	ɡəzˈejn	lexicon	HIGH		
מיינט	115	majnt	lexicon	HIGH		
לאמיר	114	lˈɔmir	lexicon	HIGH		
אפילו	110	afˈilə	lexicon	HIGH		
ווארט	110	vɔrt	lexicon	HIGH		
וילך	109	vaˈajiləx	printed-index	MED	ɔjlx	וואַייילעך
אדער	108	ˈɔdər	lexicon	HIGH		
מאל	108	mul	lexicon	HIGH		
טוב	106	tɔjv	lexicon	HIGH		
טעג	106	tejɡ	lexicon	HIGH		
צוריק	105	ʦirˈik	lexicon	HIGH		
טאקע	104	tˈakə	lexicon	HIGH		
אידישע	103	jˈidiʃə	lexicon	HIGH		
געוואלט	103	ɡəvˈɔlt	lexicon	HIGH		
הייסט	103	hajst	lexicon	HIGH		
ראש	102	rɔjʃ	lexicon	HIGH		
געגאנגען	101	ɡəɡˈanɡən	lexicon	HIGH		
האסט	101	hust	lexicon	HIGH		
וויאזוי	101	vizˈɔj	lexicon	HIGH		
לעבן	101	lejbn	lexicon	HIGH		
דריי	99	draj	lexicon	HIGH		
דעמאלטס	98	dˈɛmalʦ	rule	LOW		
זען	98	zejn	lexicon	HIGH		
איר	97	ir	lexicon	HIGH		
הייליגער	97	hˈajliɡər	rule	MED		
ווערן	97	virn	lexicon	HIGH		
אביסל	96	abˈisl	lexicon	HIGH		
אויפ'ן	96	afn	rule	LOW		
איבער	96	ˈibər	lexicon	HIGH		
ווייסט	95	vajst	lexicon	HIGH		
געקומען	94	ɡəkˈimən	lexicon	HIGH		
געבן	93	ɡejbn	lexicon	HIGH		
ווייס	93	vajs	lexicon	HIGH		
מ'זאל	93	mzul	rule	MED		
געגעבן	92	ɡəɡˈɛbn	lexicon	HIGH		
כי	92	ki	lexicon	HIGH		
משה	92	mˈɔjʃə	lexicon	HIGH		
ארויס	91	arˈoʊs	lexicon	HIGH		
ביז	91	biz	lexicon	HIGH		
געקענט	91	ɡəkˈɛnt	lexicon	HIGH		
ווער	91	vɛr	lexicon	HIGH		
וועל	90	vɛl	lexicon	HIGH		
גיי	89	ɡaj	lexicon	HIGH		
יעדן	89	jejdn	lexicon	HIGH		
מענטשן	89	mɛnʧn	lexicon	HIGH		
ס'האט	89	səhˈut	lexicon	HIGH		
חתונה	88	xˈasənə	lexicon	HIGH	xˈasənə	כאַסענע
יעדע	88	jˈɛdə	lexicon	HIGH		
ישיבה	88	jəʃˈivə	lexicon	HIGH		
נאכדעם	88	nuxdˈejm	lexicon	HIGH		
לערנען	87	lˈirnən	lexicon	HIGH		
גרויסע	84	ɡrˈɔjsə	lexicon	HIGH		
זאלן	84	zɔln	lexicon	HIGH		
אלול	83	ˈɛləl	printed-index	MED	ˈalil	עלעל
גוטע	83	ɡˈitə	lexicon	HIGH		
דיין	83	daːn	lexicon	HIGH		
נעמען	83	nˈɛmən	lexicon	HIGH		
רעדן	83	rɛdn	lexicon	HIGH		
גמרא	82	ɡəmˈurə	lexicon	HIGH		
סאו	82	sɔ	lexicon	HIGH		
וועלן	81	vɛln	lexicon	HIGH		
טוט	81	tit	lexicon	HIGH		
מאכט	81	maxt	lexicon	HIGH		
ממש	81	mˈamiʃ	lexicon	HIGH		
אייבערשטן	80	ˈajbərʃtn	rule	LOW		
ס'שטייט	80	sʃtajt	rule	MED		
דורך	79	dˈɔrəx	lexicon	HIGH		
קינד	79	kind	lexicon	HIGH		
ווייטער	78	vˈaːtər	lexicon	HIGH		
ס'זאל	78	szul	rule	MED		
שעה	78	ʃu	lexicon	HIGH		
געלט	77	ɡɛlt	lexicon	HIGH		
של	77	ʃɛl	lexicon	HIGH		
איראן	76	irˈan	lexicon	HIGH		
ביים	76	bam	lexicon	HIGH		
וויסן	76	visn	lexicon	HIGH		
זי	76	zi	lexicon	HIGH		
דיך	75	dix	lexicon	HIGH		
אוועק	74	avˈɛk	lexicon	HIGH		
וועג	74	vejɡ	lexicon	HIGH		
פלעגט	74	flɛɡt	rule	LOW		
גארנישט	73	ɡˈurniʃt	lexicon	HIGH		
געהערט	73	ɡəhˈirt	lexicon	HIGH		
מ'גייט	73	mɡajt	rule	MED		
מארגן	73	mɔrɡn	lexicon	HIGH		
רבינו	73	rbˈini	rule	MED		
מורא'דיגע	72	mˈiradiɡə	rule	LOW		
ס'וועט	72	svɛt	rule	MED		
השם	71	haʃˈɛm	lexicon	HIGH		
וואלט	71	vɔlt	lexicon	HIGH		
וועלט	71	vɛlt	lexicon	HIGH		
פרעזידענט	71	prəzidˈɛnt	lexicon	HIGH		
פנים	70	pˈunəm	lexicon	HIGH		
אה	69	a	rule	LOW		
אמעריקע	69	amˈɛrikə	lexicon	HIGH		
ברוך	69	bˈurəx	lexicon	HIGH		
שפעטער	69	ʃpˈejtər	lexicon	HIGH		
ווערט	68	virt	lexicon	HIGH		
הונדערט	67	hˈindərt	rule	MED		
מיט'ן	67	mitn	rule	MED		
פלאץ	67	plaːʦ	lexicon	HIGH		
אזעלכע	66	azˈɛlxə	rule	LOW		
יארן	66	jurn	lexicon	HIGH		
פסוק	66	pˈusik	lexicon	HIGH	pˈusək	פּאָסעק
ארץ	65	ˈɛrəʦ	lexicon	HIGH		
ברענגט	65	brɛnɡt	lexicon	HIGH		
בעל	64	baːl	lexicon	HIGH		
מ'איז	64	miz	rule	MED		
פאר'ן	64	farn	rule	LOW		
טראמפ	63	trɔmp	lexicon	HIGH		
גאולה	62	ɡˈulə	lexicon	MED		
ווערטער	62	vˈɛrtər	lexicon	HIGH		
ולא	62	ˈila	rule	LOW		
ניגון	62	niɡn	printed-index	MED	nˈiɡin	ניגן
אנגעהויבן	61	ˈunɡəhɔjbn	lexicon	HIGH		
אפאר	61	apˈur	lexicon	HIGH		
גייען	61	ɡˈajən	lexicon	HIGH		
געטון	61	ɡətˈin	rule	MED		
גערעדט	61	ɡərˈɛt	lexicon	HIGH		
הרע	61	hrə	rule	MED		
נאכמיטאג	61	nˈaxmitaɡ	rule	LOW		
ס'גייט	61	sɡajt	rule	MED		
היום	60	hˈaːəm	printed-index	MED	hjim	הײַעם
וויפיל	60	vˈifil	lexicon	HIGH		
חודש	60	xˈɔjdəʃ	lexicon	HIGH		
דאווענען	59	dˈavənən	rule	LOW		
הויז	59	hoʊz	lexicon	HIGH		
מיך	59	mix	lexicon	HIGH		
אזויפיל	58	ˈazɔjfil	rule	LOW		
אפשר	58	ˈɛfʃir	lexicon	HIGH		
את	58	ɛs	lexicon	HIGH		
יצר	58	iʦr	rule	MED		
תפילין	58	tfiln	printed-index	MED	tfiln	טפֿילן
מלך	57	mˈajləx	lexicon	HIGH		
נייע	57	nˈaːjə	lexicon	HIGH		
פונעם	57	fˈinəm	lexicon	HIGH		
שיינע	57	ʃˈajnə	lexicon	HIGH		
ארום	56	arˈim	lexicon	HIGH		
באשעפער	56	baʃˈɛfər	lexicon	HIGH		
בן	56	bɛn	lexicon	HIGH		
זעט	56	zejt	lexicon	HIGH		
לשון	56	luʃn	printed-index	MED	lʃin	לאָשן
אנגעקומען	55	ˈunɡəkimən	rule	MED		
בו	55	bi	rule	MED		
געדענק	55	ɡədˈɛnk	rule	MED		
האנט	55	hant	rule	LOW		
יענער	55	jˈɛnər	rule	MED		
ערשטע	55	ˈɛrʃtə	lexicon	HIGH		
ארויף	54	arˈoʊf	lexicon	HIGH		
שאלה	54	ʃˈaːlə	lexicon	HIGH		
ביסט	53	bist	lexicon	HIGH		
געזונט	53	ɡəzˈint	rule	MED		
געשען	53	ɡəʃˈɛn	rule	MED		
מדינת	53	mdˈinas	rule	LOW		
צען	53	ʦɛn	rule	MED		
אכט	52	axt	rule	LOW		
לעצטע	52	lˈɛʦtə	lexicon	HIGH		
מ'וועט	52	mvɛt	rule	MED		
מינוט	52	minˈit	lexicon	HIGH		
איי	51	aj	rule	LOW		
געדארפט	51	ɡədˈarft	lexicon	HIGH		
געפרעגט	51	ɡəfrˈɛɡt	rule	LOW		
הייליגן	51	hˈajliɡn	rule	MED		
סתם	51	stam	lexicon	HIGH		
פארציילט	51	farʦˈajlt	rule	LOW		
זיינע	50	zˈaːnə	lexicon	HIGH		
מין	50	min	rule	MED		
געוואוסט	49	ɡəvˈist	rule	LOW		
הקדוש	49	hakˈudəʃ	printed-index	MED	hkdiʃ	האַקאָדעש
צדיק	49	ʦˈadik	lexicon	HIGH		
צדיקים	49	ʦdˈikim	rule	MED		
"רש""י"	49	rˈaʃi	lexicon	LOW		
שטיקל	49	ʃtikl	rule	MED		
שלום	49	ʃˈuləm	lexicon	HIGH		
אמעריקאנער	48	amərˈikanər	lexicon	HIGH		
בחור	48	bˈuxər	lexicon	HIGH		
גענומען	48	ɡənˈimən	lexicon	HIGH		
מ'זאגט	48	mzuɡt	rule	MED		
צוזאמען	48	ʦizˈamən	lexicon	HIGH		
גוי	47	ɡɔj	printed-index	MED	ɡɔj	גוי
גלות	47	ɡˈuləs	lexicon	HIGH		
זאג	47	zuɡ	lexicon	HIGH		
זמן	47	zman	lexicon	HIGH	zman	זמאַן
שרייבט	47	ʃraːbt	lexicon	HIGH		
אליין	46	alˈajn	lexicon	HIGH		
וועלכע	46	vˈɛlxə	lexicon	HIGH		
חיים	46	xˈajim	lexicon	HIGH		
מצוה	46	mˈiʦvə	lexicon	HIGH		
פינף	46	finf	rule	LOW		
פרעגט	46	frɛɡt	rule	LOW		
פרעגן	46	frɛɡn	rule	LOW		
קענסט	46	kɛnst	lexicon	HIGH		
שלמה	46	ʃlˈɔjmə	lexicon	HIGH	ʃlˈɔjmə	שלוימע
תשובה	46	ʧˈivə	lexicon	HIGH	ʧˈivə	טשוּווע
אקעי	45	ˈɔkaj	lexicon	HIGH		
ברכה	45	brˈuxə	lexicon	HIGH		
המקדש	45	hamˈikduʃ	rule	LOW		
טו	45	ti	rule	MED		
יענע	45	jˈɛnə	lexicon	HIGH		
פרשת	45	pˈarʃis	lexicon	HIGH		
צווישן	45	ʦviʃn	lexicon	HIGH		
שיין	45	ʃajn	lexicon	HIGH		
בכל	44	bxul	rule	LOW		
המדרש	44	hamˈidruʃ	rule	LOW		
העלפן	44	hɛlfn	lexicon	HIGH		
השנה	44	haʃˈunə	rule	LOW		
זוכה	44	zˈixə	rule	MED		
ספר	44	sˈajfər	lexicon	HIGH		
קינדערלעך	44	kˈindərləx	rule	MED		
אזייגער	43	ˈazajɡər	rule	LOW		
אפ	43	ɔp	lexicon	HIGH		
הארץ	43	harʦ	lexicon	HIGH		
יענעם	43	jˈɛnəm	rule	MED		
לאנג	43	laːnɡ	lexicon	HIGH		
נאמען	43	nˈumən	lexicon	HIGH		
נו	43	ni	rule	MED		
עסן	43	ɛsn	lexicon	HIGH		
פיר	43	fir	rule	LOW		
אינטערעסאנט	42	intərəsˈant	rule	LOW		
הרב	42	harˈaːv	lexicon	HIGH		
ווייסן	42	vajsn	rule	MED		
זון	42	zin	rule	MED		
מ'רעדט	42	mrɛdt	rule	MED		
קודם	42	kˈɔjdəm	lexicon	HIGH		
רגע	42	rˈɛɡə	lexicon	HIGH	rˈɛɡə	רעגע
אלס	41	ˈalis	lexicon	HIGH		
אראפ	41	arˈup	lexicon	HIGH		
ארבעט	41	ˈarbət	lexicon	HIGH		
ביינאכט	41	bˈajnaxt	rule	LOW		
געבט	41	ɡɛbt	rule	MED		
האלט	41	halt	lexicon	HIGH		
ירושלים	41	jəruʃulˈajim	lexicon	HIGH		
כלל	41	klal	lexicon	HIGH		
לברכה	41	livrˈuxə	lexicon	HIGH		
מה	41	mɛ	rule	LOW		
מלחמה	41	milxˈumə	lexicon	HIGH		
נאכאמאל	41	nˈuxamul	lexicon	HIGH		
ס'קומט	41	skimt	rule	MED		
קול	41	kul	lexicon	HIGH		
רבי'ן	41	rbin	rule	MED		
שטארק	41	ʃtark	lexicon	HIGH		
תהלים	41	təhˈilim	rule	LOW		
אמת	40	ˈɛməs	lexicon	HIGH		
אשר	40	ˈuʃər	printed-index	MED	aʃr	אָשער
גלייך	40	ɡlaːx	lexicon	HIGH		
דאנערשטאג	40	dˈanərʃtaɡ	rule	LOW		
הייליגע	40	hˈajliɡə	lexicon	HIGH		
הערן	40	hirn	lexicon	HIGH		
ימי	40	jˈɛmaj	printed-index	MED	ˈimi	יעמיי
לו	40	li	rule	MED		
שמחה	40	sˈimxə	lexicon	HIGH		
איינס	39	ajns	lexicon	HIGH		
דארפן	39	daːfn	lexicon	HIGH		
דוד	39	dˈuvid	printed-index	MED	did	דאָוויד
האסטו	39	hˈusti	lexicon	HIGH		
מיטוואך	39	mˈitvɔx	rule	MED		
פשוט	39	pˈuʃit	lexicon	HIGH		
רבותי	39	rabˈɔjsaj	rule	LOW		
רבנים	39	rˈabunim	lexicon	HIGH		
אוודאי	38	avˈadə	lexicon	HIGH	avˈadə	אַוואַדע
אטאקעס	38	ˈatakəs	rule	LOW		
בר	38	bar	rule	LOW		
הוא	38	hˈia	rule	LOW		
לויט	38	loʊt	lexicon	HIGH		
מאמע	38	mˈamə	rule	LOW		
נייעס	38	nˈaːjəs	lexicon	HIGH		
עד	38	ɛd	rule	MED		
קיינמאל	38	kˈajnmul	lexicon	HIGH		
שיעור	38	ʃˈiər	printed-index	MED	ʃˈiəir	שי*ער
אונטער	37	ˈintər	lexicon	HIGH		
דינסטאג	37	dˈinstaɡ	rule	LOW		
נעמט	37	nɛmt	lexicon	HIGH		
פארשטייט	37	farʃtˈajt	lexicon	HIGH		
קעגן	37	kejɡn	lexicon	HIGH		
בקיצור	36	bˈɛkiʦər	lexicon	HIGH	bˈɛkiʦər	בעקיצער
גאנץ	36	ɡanʦ	lexicon	HIGH		
מאיר	36	mˈajər	lexicon	HIGH		
משיח	36	mˈuʃiəx	lexicon	HIGH		
נעבעך	36	nˈɛbəx	rule	MED		
איינעם	35	ˈajnəm	lexicon	HIGH		
אלעמאל	35	ˈaləmal	rule	LOW		
גאר	35	ɡur	lexicon	HIGH		
דאלאר	35	dˈɔlar	lexicon	HIGH		
וועסט	35	vɛst	rule	MED		
"חז""ל"	35	xazˈal	lexicon	LOW		
יארצייט	35	jˈurʦajt	lexicon	MED		
למעשה	35	ləmˈaːsə	lexicon	HIGH		
נאכט	35	naxt	lexicon	HIGH		
עלינו	35	ulˈajni	printed-index	MED	ˈɛlini	אָליינו
ראשי	35	rˈuʃi	lexicon	MED		
שטאט	35	ʃtut	lexicon	MED		
"שליט""א"	35	ʃlˈitə	lexicon	HIGH		
איינמאל	34	ˈajnmul	lexicon	HIGH		
אינמיטן	34	ˈinmitn	lexicon	HIGH		
אל	34	al	rule	LOW		
טאטן	34	tatn	rule	LOW		
טובה	34	tˈɔjvə	printed-index	MED	tˈibə	טויווע
מורא	34	mˈɔjrə	printed-index	MED	mˈira	מוירע
נקודה	34	nəkˈidə	printed-index	MED	nkˈidə	נעקודע
סוף	34	sɔf	lexicon	HIGH		
פרישע	34	frˈiʃə	lexicon	HIGH		
פשט	34	pʃat	lexicon	HIGH		
קוק	34	kik	rule	MED		
קעניג	34	kˈɛniɡ	rule	MED		
שווער	34	ʃvir	lexicon	HIGH		
אוי	33	ɔj	lexicon	HIGH		
אונזער	33	ˈinzər	lexicon	HIGH		
אלקיך	33	ˈalkix	rule	LOW		
בני	33	bnaj	lexicon	HIGH		
ברענגען	33	brˈejnɡən	lexicon	HIGH		
זייט	33	zaːt	lexicon	HIGH		
זעלבע	33	zˈɛlbə	lexicon	HIGH		
טרעפן	33	trɛfn	lexicon	HIGH		
מורא'דיג	33	mˈiradiɡ	rule	LOW		
מן	33	min	lexicon	HIGH		
צוואנציג	33	ʦvˈanʦiɡ	rule	LOW		
איינע	32	ˈajnə	lexicon	HIGH		
אלף	32	alf	rule	LOW		
באקומען	32	bakˈimən	lexicon	HIGH		
בעט	32	bɛt	lexicon	HIGH		
געטראפן	32	ɡətrˈafn	rule	LOW		
וואכן	32	vɔxn	lexicon	HIGH		
וואסער	32	vˈasər	lexicon	HIGH		
מ'זעט	32	mzejt	rule	MED		
מ'טאר	32	mtur	rule	MED		
נעם	32	nɛm	rule	MED		
אליינס	31	alˈajns	lexicon	HIGH		
אם	31	im	printed-index	MED	am	אים
באאמטע	31	baˈamtə	rule	LOW		
בכלל	31	bəxlˈaːl	lexicon	HIGH		
גרייט	31	ɡrajt	lexicon	HIGH		
פארן	31	farn	lexicon	HIGH		
פארק	31	park	lexicon	HIGH		
רעדט	31	rɛdt	lexicon	HIGH		
שמועס	31	ʃmˈiəs	lexicon	HIGH		
אויכעט	30	ˈɔjxət	rule	LOW		
אמר	30	ˈumar	printed-index	MED	amr	אָמאַר
אני	30	ˈani	rule	LOW		
אריבער	30	arˈibər	lexicon	HIGH		
געב	30	ɡɛb	rule	MED		
דיינע	30	dˈaːnə	lexicon	HIGH		
הייבט	30	hajbt	rule	MED		
ווילסט	30	vilst	rule	MED		
זאלסט	30	zulst	lexicon	HIGH		
זיכער	30	zˈixər	lexicon	HIGH		
לך	30	ləxˈu	rule	LOW		
מוסר	30	misr	rule	MED		
פריער	30	frˈiər	rule	LOW		
פרשה	30	pˈarʃə	lexicon	HIGH	pˈarʃə	פּאַרשע
צווייטע	30	ʦvˈajtə	lexicon	HIGH		
אחד	29	ˈɛxud	rule	LOW		
אלא	29	ˈala	rule	LOW		
אמן	29	ˈumajn	printed-index	MED	amn	אָמיין
ארבעטן	29	ˈarbətn	lexicon	HIGH		
ברכות	29	brˈuxəs	lexicon	HIGH		
געכאפט	29	ɡəxˈapt	lexicon	HIGH		
דערציילט	29	dərʦˈajlt	rule	MED		
חשבון	29	xˈɛʃbɔjn	rule	LOW		
לייגן	29	lajɡn	lexicon	HIGH		
מוז	29	miz	lexicon	HIGH		
מכבד	29	mxˈabajd	rule	LOW		
נאנט	29	nant	rule	LOW		
ס'קען	29	skɛn	rule	MED		
פרוי	29	frɔj	rule	LOW		
קויפן	29	kɔjfn	lexicon	HIGH		
קיינער	29	kˈajnər	lexicon	HIGH		
רבונו	29	rbˈini	rule	MED		
שול	29	ʃil	rule	MED		
תיבות	29	tˈajvɔjs	rule	LOW		
ווייסטו	28	vˈajsti	rule	MED		
יוי	28	jɔj	rule	MED		
ניו	28	nju	lexicon	HIGH		
סליחות	28	slˈixis	rule	LOW		
עבודה	28	avˈɔjdə	lexicon	HIGH	avˈɔjdə	אַוווידע
קוקט	28	kikt	lexicon	HIGH		
שידוך	28	ʃˈidəx	lexicon	HIGH	ʃˈidəx	שידעך
אלץ	27	alʦ	lexicon	HIGH		
גוים	27	ɡɔjm	rule	MED		
זיצונג	27	zˈiʦinɡ	rule	MED		
חתן	27	xusn	lexicon	HIGH	xusn	כאָסן
מ'האלט	27	mhalt	rule	MED		
מיליאן	27	miljˈɔn	lexicon	HIGH		
ענין	27	ˈinjən	lexicon	HIGH	ˈiniən	איניען
פאריגע	27	furˈiɡə	lexicon	MED		
קליינע	27	klˈajnə	lexicon	HIGH		
איבערבעטן	26	ˈibərbejtn	rule	MED		
אינטערעסאנטע	26	ˈintərəsantə	rule	LOW		
אנקומען	26	ˈunkimən	rule	MED		
בארא	26	barˈa	rule	LOW		
געשיקט	26	ɡəʃˈikt	rule	MED		
האלטן	26	haltn	lexicon	HIGH		
יעקב	26	jˈankəv	lexicon	HIGH		
לי	26	li	rule	MED		
לייגט	26	lajɡt	lexicon	HIGH		
סאטמארער	26	sˈatmarər	rule	LOW		
פי	26	pi	lexicon	MED		
קום	26	kim	rule	MED		
רופט	26	rift	lexicon	HIGH		
אריינגעקומען	25	arˈaːnɡəkimən	rule	MED		
בחורים	25	buxˈirim	lexicon	HIGH		
בלעם	25	bˈiləm	printed-index	MED	blɛm	בילעם
געהאלטן	25	ɡəhˈaltn	rule	MED		
גרעסטע	25	ɡrˈɛstə	rule	MED		
הויזן	25	hɔjzn	rule	MED		
יהושע	25	jəhˈɔjʃiə	lexicon	HIGH		
יונתן	25	jɔjnˈusun	rule	LOW		
כיפור	25	xifˈir	rule	LOW		
לאזט	25	lɔzt	lexicon	HIGH		
לערנט	25	lirnt	lexicon	HIGH		
ממילא	25	mˈɛmajlə	lexicon	HIGH	mimˈajlə	מימיילע
מתנה	25	matˈunə	rule	LOW		
נעכטן	25	nɛxtn	rule	MED		
ענדיגן	25	ˈɛndiɡn	rule	MED		
פארדעם	25	fardˈejm	rule	MED		
פיין	25	faːn	lexicon	HIGH		
צרות	25	ʦˈurɔjs	rule	LOW		
קאפיטל	25	kˈapitl	lexicon	MED		
שטוב	25	ʃtib	rule	MED		
באזוך	24	bazˈix	rule	LOW		
גייסט	24	ɡajst	lexicon	HIGH		
געהייסן	24	ɡəhˈajsn	rule	MED		
געוואלדיגע	24	ɡəvˈaldiɡə	rule	LOW		
געלאזט	24	ɡəlˈɔzt	rule	MED		
החיים	24	haxˈajim	rule	LOW		
חדשים	24	xadˈuʃim	lexicon	HIGH		
חלק	24	xˈajlək	lexicon	HIGH		
כדי	24	kədˈaj	lexicon	HIGH		
משפחה	24	miʃpˈuxə	lexicon	HIGH		
פונקט	24	pinkt	lexicon	HIGH		
פייער	24	fˈajər	rule	LOW		
פערציג	24	fˈɛrʦiɡ	rule	LOW		
צוביסלעך	24	ʦˈibisləx	rule	MED		
שטעלט	24	ʃtɛlt	rule	MED		
תהיה	24	tˈihjɛ	rule	LOW		
תם	24	tam	printed-index	MED	tam	טאַם
אונזערע	23	ˈinzərə	rule	LOW		
אור	23	ɔjr	printed-index	MED	ir	אויר
איראנער	23	irˈanər	rule	LOW		
באקאנט	23	bakˈant	rule	LOW		
בוקר	23	bikr	rule	MED		
בעטן	23	bejtn	lexicon	HIGH		
גאון	23	ɡˈuən	printed-index	MED	ɡin	גאָען
געבעטן	23	ɡəbˈejtn	rule	MED		
געדענקען	23	ɡədˈɛnkən	rule	MED		
גערופן	23	ɡərˈifn	rule	MED		
דערמאנען	23	dərmˈanən	rule	LOW		
הענט	23	hɛnt	rule	MED		
זכרונו	23	zxrˈini	rule	MED		
זעקס	23	zɛks	rule	MED		
טויזנט	23	toʊznt	lexicon	HIGH		
ימים	23	ˈimim	rule	MED		
כלי	23	kˈajlə	printed-index	MED	xli	קיילע
לאנגע	23	lˈanɡə	rule	LOW		
ליגט	23	liɡt	rule	MED		
מעג	23	mejɡ	lexicon	HIGH		
סיי	23	saj	lexicon	HIGH		
סענדוויטש	23	sˈɛndviʧ	rule	MED		
ספרים	23	sfˈurim	lexicon	HIGH		
פונקטליך	23	fˈinktləx	rule	LOW		
פסח	23	pˈajsəx	lexicon	HIGH		
צווייטן	23	ʦvajtn	rule	MED		
קענסטו	23	kˈɛnsti	rule	MED		
שולדיג	23	ʃˈildiɡ	rule	MED		
אֶת	22	ɛs	lexicon	HIGH		
אדם	22	udm	lexicon	MED		
בויען	22	bˈoʊən	lexicon	HIGH		
געבליבן	22	ɡəblˈibn	lexicon	HIGH		
געמיינט	22	ɡəmˈajnt	rule	MED		
געשטאנען	22	ɡəʃtˈanən	rule	LOW		
גרופע	22	ɡrˈifə	rule	LOW		
דור	22	dur	printed-index	MED	dir	דאָר
וועסטו	22	vˈɛsti	rule	MED		
זה	22	zɛ	lexicon	HIGH		
טונא	22	tˈina	rule	LOW		
טראכט	22	traxt	rule	LOW		
יואל	22	jˈɔjəl	lexicon	HIGH		
יצחק	22	jˈiʦxuk	lexicon	HIGH	jˈiʦxuk	יי*צכאָק
ליידער	22	lˈajdər	lexicon	HIGH		
מצב	22	mˈaʦəv	lexicon	HIGH		
עטליכע	22	ˈɛtləxə	lexicon	HIGH		
פירט	22	firt	lexicon	HIGH		
ציון	22	ʦjin	rule	MED		
רצון	22	ruʦn	printed-index	MED	rʦin	ראָצן
שפעט	22	ʃpɛt	rule	LOW		
אייביג	21	ˈajbiɡ	lexicon	HIGH		
אלעזר	21	ˈaluzr	lexicon	MED		
באקאנטע	21	bakˈantə	rule	LOW		
בשעת	21	biʃˈas	rule	LOW		
גבאי	21	ɡˈabə	printed-index	MED	ɡbaː	גאַבע
גדול	21	ɡdil	rule	MED		
געשעפט	21	ɡəʃˈɛft	rule	LOW		
דערווייל	21	dərvˈaːl	rule	MED		
הגאון	21	hɡin	rule	LOW		
המלך	21	hamˈɛlɛx	rule	LOW		
ווארטן	21	vartn	rule	LOW		
זייערע	21	zˈajərə	lexicon	HIGH		
חבר	21	xˈavər	lexicon	HIGH		
חורבן	21	xirbn	lexicon	HIGH		
טיר	21	tir	rule	MED		
טיש	21	tiʃ	rule	MED		
יונגערמאן	21	jˈinɡərman	rule	LOW		
כאילו	21	kəjˈilə	printed-index	MED	xˈaːli	קעי*לע
כביכול	21	kavˈiuxl	printed-index	MED	xbˈixil	קאַוויאָכל
כח	21	kˈɔjəx	lexicon	HIGH		
לאז	21	laz	rule	LOW		
מעסעדזש	21	mˈɛsəʤ	rule	MED		
מקבל	21	mkˈabajl	rule	LOW		
נישטא	21	niʃtˈu	lexicon	HIGH		
עם	21	ejm	lexicon	HIGH		
פראצענט	21	prɔʦˈɛnt	lexicon	HIGH		
שבע	21	ʃˈɛvə	printed-index	MED	ʒbə	שעווע
שם	21	ʃɛm	lexicon	HIGH		
אייך	20	aːx	lexicon	HIGH		
אריינגיין	20	arˈaːnɡajn	rule	LOW		
ב	20	ba	rule	LOW		
באלד	20	bald	rule	LOW		
ביידע	20	bˈajdə	lexicon	HIGH		
בעלזער	20	bˈɛlzər	rule	MED		
געלעבט	20	ɡəlˈejbt	rule	MED		
דודו	20	dˈidi	rule	MED		
הַיּוֹם	20	hˈaːəm	printed-index	MED	hˈaːɔjm	הײַעם
הנאה	20	hanˈuə	printed-index	MED	hna	האַנאָע
הערט	20	hɛrt	rule	MED		
זוהר	20	zˈɔjər	printed-index	MED	zir	זויער
חוץ	20	xiʦ	lexicon	HIGH		
טראכטן	20	traxtn	rule	LOW		
יוסף	20	jˈɔsəf	lexicon	HIGH		
כאפט	20	xɔft	rule	MED		
מגיד	20	mˈaɡəd	printed-index	MED	mɡid	מאַגעד
מציאות	20	mʦˈiɔjs	rule	LOW		
סקווירא	20	skvˈira	rule	LOW		
פאות	20	pˈajɔjs	rule	LOW		
פארשטאנען	20	farʃtˈanən	rule	LOW		
פארשטיין	20	farʃtˈajn	lexicon	HIGH		
פופציג	20	fˈifʦiɡ	rule	LOW		
פראבלעם	20	prɔblˈejm	lexicon	HIGH		
פרובירט	20	prˈibirt	lexicon	HIGH		
רבה	20	rˈabu	rule	LOW		
רחמים	20	raxˈamim	rule	LOW		
תפילה	20	tfˈilə	lexicon	HIGH	tfˈilə	טפֿילע
אבא	19	ˈabə	printed-index	MED	ˈaba	אַבע
אזויווי	19	ˈazɔjvi	rule	LOW		
איש	19	iʃ	printed-index	MED	iʃ	איש
אנגעפאנגען	19	ˈanɡəfanɡən	rule	LOW		
דערפון	19	dərfˈin	lexicon	HIGH		
התורה	19	hatˈɔjrə	lexicon	HIGH		
ואם	19	ˈiam	rule	LOW		
זיצן	19	ziʦn	rule	MED		
זכר	19	zˈajxər	rule	LOW		
חסיד	19	xˈusid	printed-index	MED	xˈusid	כאָסיד
חרוב	19	xˈurəv	printed-index	MED	xˈurəv	כאָרעוו
יארק	19	jɔrk	lexicon	HIGH		
יסורים	19	jəsˈirim	printed-index	MED	ˈisirim	יעסורים
כאפן	19	xapn	lexicon	MED		
כמעט	19	kəmˈat	lexicon	HIGH		
ליינען	19	lˈajnən	lexicon	HIGH		
מזל	19	mazl	lexicon	HIGH	mazl	מאַזל
מיליטער	19	mˈilitər	rule	MED		
מסביר	19	mazbˈir	lexicon	HIGH		
עטס	19	ɛʦ	rule	MED		
ענק	19	ɛnk	lexicon	HIGH		
פארגעסן	19	faːrɡˈɛsn	lexicon	HIGH		
פול	19	fil	rule	LOW		
רופן	19	rifn	lexicon	HIGH		
שווערע	19	ʃvˈɛrə	rule	MED		
שטארקע	19	ʃtˈarkə	lexicon	HIGH		
שטיין	19	ʃtajn	lexicon	HIGH		
שלא	19	ʃˈɛlɔj	printed-index	MED	ʃla	שעלוי
תוספות	19	tɔjsˈufɔjs	rule	LOW		
אברהם	18	ˈavrum	lexicon	HIGH		
אהיים	18	ahˈajm	lexicon	HIGH		
אהרן	18	arn	printed-index	MED	arn	אַרן
אותיות	18	ɔjsˈijɔjs	rule	LOW		
אנגערופן	18	ˈunɡərifn	rule	MED		
אנהייבן	18	ˈunhajbn	lexicon	HIGH		
באב	18	bab	rule	LOW		
געברענגט	18	ɡəbrˈɛnɡt	rule	MED		
געוויסע	18	ɡəvˈisə	lexicon	HIGH		
געענדיגט	18	ɡəˈɛndiɡt	rule	MED		
געשריבן	18	ɡəʃrˈibn	lexicon	HIGH		
היינטיגע	18	hˈajntiɡə	rule	MED		
וואלטן	18	vɔltn	lexicon	HIGH		
ווייט	18	vaːt	lexicon	HIGH		
ווילן	18	viln	rule	MED		
זיצט	18	ziʦt	rule	MED		
יוד	18	jid	printed-index	MED	jid	יוד
יעצטיגע	18	jˈɛʦtiɡə	rule	MED		
ישעי'לע	18	ˈiʃajlə	rule	MED		
מאך	18	max	lexicon	HIGH		
מסכת	18	mˈasəxəs	printed-index	MED	masˈɛxɛs	מאַסעכעס
מצוות	18	mˈiʦvɔjs	rule	LOW		
נאכ'ן	18	nuxn	rule	LOW		
נעקסטע	18	nˈɛkstə	rule	MED		
ס'דארף	18	sdaf	rule	MED		
סאטמאר	18	sˈatmar	lexicon	HIGH		
עסקנים	18	ˈɛsknim	rule	MED		
פארלוירן	18	farlˈɔjrn	rule	LOW		
פחד	18	pˈaxad	rule	LOW		
צאל	18	ʦal	rule	LOW		
קאפ	18	kɔp	lexicon	HIGH		
קומענדיגע	18	kˈiməndiɡə	rule	MED		
קליין	18	klajn	rule	MED		
קמצא	18	kmʦa	rule	LOW		
קרית	18	kˈirjas	lexicon	HIGH		
רעד	18	rɛd	rule	MED		
שוחד	18	ʃˈɔjxəd	printed-index	MED	ʃˈɔjxəd	שויכעד
שום	18	ʃim	lexicon	HIGH		
שטיק	18	ʃtik	rule	MED		
שכר	18	sxar	printed-index	MED	səxˈar	סכאַר
שליח	18	ʃulˈixa	rule	LOW		
שמו	18	ʃmi	rule	MED		
שפיטאל	18	ʃpˈitul	lexicon	MED		
אהין	17	ahˈin	rule	LOW		
אורחים	17	ˈɔjrxim	rule	LOW		
אינגאנצן	17	inɡˈanʦn	lexicon	HIGH		
איצי	17	ˈiʦi	rule	LOW		
אלימלך	17	əlˈimajləx	printed-index	MED	ˈalimlx	עלימיילעך
ארבעטער	17	ˈarbətər	rule	LOW		
ארויסגעקומען	17	arˈoʊzɡəkimən	rule	MED		
אתה	17	ˈatu	rule	LOW		
באמת	17	bəˈɛməs	lexicon	HIGH		
ביום	17	bjim	rule	MED		
בשמחה	17	bsˈimxə	rule	LOW		
גאנצן	17	ɡanʦn	rule	LOW		
געהאלפן	17	ɡəhˈalfn	rule	LOW		
דברים	17	dvˈurim	printed-index	MED	dbrim	דוואָרים
דערמאנט	17	dərmˈant	rule	LOW		
דרך	17	dˈɛrəx	lexicon	HIGH	dˈɛrəx	דערעך
הכנסת	17	haknˈɛsɛs	rule	LOW		
הלכה	17	halˈuxə	lexicon	HIGH		
זיבעציג	17	zˈibəʦiɡ	rule	MED		
חלילה	17	xalˈilə	lexicon	HIGH	xulˈilə	כאָלילע
טובות	17	tˈɔjvɔjs	rule	LOW		
טשעק	17	ʧɛk	rule	MED		
יהודה	17	jəhˈidə	printed-index	MED	ˈihidə	יעהודע
כאטש	17	xɔʧ	lexicon	HIGH		
כבוד	17	kˈuvəd	lexicon	HIGH		
לה	17	luh	rule	LOW		
מיינע	17	mˈaːnə	lexicon	HIGH		
נאכנישט	17	nˈuxniʃt	lexicon	HIGH		
עיקר	17	ˈikər	printed-index	MED	ajkr	איקער
עלטערן	17	ˈɛltərn	rule	MED		
עמלק	17	amˈulək	printed-index	MED	ɛmlk	אַמאָלעק
עצה	17	ˈajʦə	printed-index	MED	ˈɛʦə	אייצע
ערגעץ	17	ˈɛrɡəʦ	rule	MED		
פארט	17	fɔrt	lexicon	HIGH		
פלאן	17	plaːn	lexicon	HIGH		
פליגער	17	flˈiɡər	rule	LOW		
קאר	17	kar	lexicon	HIGH		
קוקן	17	kikn	rule	MED		
ראה	17	rˈɛaj	printed-index	MED	ra	רעיי
שופר	17	ʃˈɔjfər	printed-index	MED	ʃifr	שויפֿער
שיף	17	ʃif	rule	LOW		
שיר	17	ʃir	printed-index	MED	ʃir	שיר
שנה	17	ʃˈunə	rule	LOW		
אייניקל	16	ˈajnikl	rule	LOW		
אלטע	16	ˈaltə	lexicon	HIGH		
אנדערש	16	ˈandiʃ	lexicon	HIGH		
ביסטו	16	bˈisti	rule	MED		
ברודער	16	brˈidər	rule	MED		
גוטן	16	ɡitn	rule	MED		
געפארן	16	ɡəfˈarn	rule	LOW		
גרויסער	16	ɡrˈɔjsər	rule	MED		
דארפסט	16	darfst	rule	LOW		
דין	16	din	printed-index	MED	din	דין
הבית	16	habˈajis	rule	LOW		
הושענא	16	hˈiʃəna	rule	LOW		
הער	16	hɛr	rule	MED		
הקדושים	16	hkdˈiʃim	rule	MED		
ואין	16	ˈiaːn	rule	LOW		
וואשינגטאן	16	vˈaʃinɡtan	rule	LOW		
וויליאמסבורג	16	vˈiljamsburɡ	lexicon	HIGH		
וועלוול	16	vɛlvl	rule	MED		
זיידע	16	zˈajdə	rule	MED		
זכות	16	zxis	rule	LOW		
זע	16	zɛ	rule	MED		
חכמה	16	xˈuxmə	lexicon	HIGH		
טייערע	16	tˈaːjərə	lexicon	HIGH		
כולל	16	kˈɔjləl	printed-index	MED	xill	קוילעל
לאזן	16	luzn	lexicon	HIGH		
לב	16	lajv	rule	LOW		
למשל	16	ləmˈuʃl	lexicon	HIGH		
לעכט	16	lɛxt	rule	MED		
מ'לייגט	16	mlajɡt	rule	MED		
מ'מאכט	16	mmaxt	rule	MED		
מחליט	16	mˈaxlit	rule	LOW		
מרדכי	16	mˈurtxə	printed-index	MED	mrdxi	מאָרטכע
ניגונים	16	niɡˈinim	lexicon	HIGH		
ס'ווערט	16	svirt	rule	MED		
ענגליש	16	ˈɛnɡliʃ	rule	MED		
ערב	16	ɛrb	rule	MED		
קעמפ	16	kɛmf	rule	LOW		
רוף	16	rif	rule	LOW		
רחמנות	16	rˈaxmunəs	lexicon	HIGH		
ריכטיגע	16	rˈixtiɡə	rule	MED		
שוטה	16	ʃˈɔjtə	printed-index	MED	ʃˈitə	שויטע
תמים	16	tˈumim	rule	LOW		
תפיסה	16	tfˈisə	rule	LOW		
אב	15	ab	rule	LOW		
אויסשטרעקן	15	ˈoʊsʃtrəkn	rule	LOW		
אטאקע	15	ˈatakə	rule	LOW		
ארויסקומען	15	arˈoʊskimən	rule	MED		
באצאלן	15	baʦˈuln	rule	MED		
באקאנטער	15	bakˈantər	rule	LOW		
בערך	15	bəˈejrəx	lexicon	HIGH		
בריוו	15	briv	rule	MED		
גאס	15	ɡaːs	lexicon	HIGH		
גיב	15	ɡib	rule	MED		
געבענטשט	15	ɡəbˈɛnʧt	rule	MED		
געלייגט	15	ɡəlˈajɡt	rule	MED		
געמאלדן	15	ɡəmˈaldn	rule	LOW		
דרייסיג	15	drˈajsiɡ	rule	MED		
הארמוז	15	hˈarmiz	rule	LOW		
זאלסטו	15	zˈalsti	rule	LOW		
חידוש	15	xˈidiʃ	rule	LOW		
חילוק	15	xˈilək	printed-index	MED	xˈilək	כילעק
טובים	15	tˈibim	rule	MED		
יונגל	15	jinɡl	rule	MED		
כוחות	15	kˈɔjxəs	lexicon	HIGH		
מ'מעג	15	mmejɡ	rule	MED		
מ'קומט	15	mkimt	rule	MED		
מי	15	mi	rule	MED		
נאכגעזאגט	15	nˈuxɡəzuɡt	lexicon	MED		
נוצן	15	niʦn	rule	MED		
סקולענער	15	skˈilənər	rule	MED		
עין	15	ˈaːən	printed-index	MED	ajn	אײַען
עכשיו	15	ˈɛxʃji	rule	MED		
ערנסטע	15	ˈɛrnstə	rule	MED		
פארשטעלן	15	farʃtˈɛln	rule	LOW		
פיל	15	fil	lexicon	HIGH		
פלעצער	15	plˈɛʦər	lexicon	MED		
ציבור	15	ʦˈibər	lexicon	HIGH		
צייטן	15	ʦaːtn	lexicon	HIGH		
קאנאדע	15	kˈanadə	rule	LOW		
קארד	15	kard	rule	LOW		
רוסלאנד	15	rˈusland	lexicon	HIGH		
רעגירונג	15	rəɡˈirinɡ	rule	MED		
שיקט	15	ʃikt	rule	MED		
שלאפן	15	ʃlufn	lexicon	HIGH		
שפראך	15	ʃprax	rule	LOW		
תלמיד	15	tˈalmid	lexicon	HIGH	tˈalməd	טאַלמעד
תשעה	15	tˈiʃə	rule	LOW		
אופן	14	ɔjfn	printed-index	MED	ifn	אויפֿן
אידיש	14	jˈidiʃ	lexicon	HIGH		
אינטערוויו	14	ˈintərvji	rule	LOW		
אינעווייניג	14	ˈinəvajniɡ	rule	LOW		
אליעזר	14	əlˈiəzər	printed-index	MED	ˈaliəzr	עליעזער
אפיס	14	ˈɔfis	lexicon	HIGH		
ארויסנעמען	14	arˈoʊsnəmən	rule	MED		
אתם	14	ˈatɛm	rule	LOW		
בעלי	14	baˈali	printed-index	MED	bˈɛli	באַאַלי
בעצם	14	bˈɛʦəm	lexicon	HIGH	bəˈɛʦəm	בעעצעם
געגנט	14	ɡɛɡnt	rule	MED		
געגעסן	14	ɡəɡˈɛsn	rule	MED		
געליינט	14	ɡəlˈajnt	rule	MED		
געשעפטן	14	ɡəʃˈɛftn	rule	LOW		
גראדע	14	ɡrˈadə	rule	LOW		
דאלער	14	dˈɔlər	lexicon	HIGH		
דשמיא	14	dʃmˈia	rule	LOW		
המזבח	14	hamizbˈajxa	rule	LOW		
הערליכע	14	hˈɛrləxə	rule	MED		
ווארענונג	14	vˈarəninɡ	rule	LOW		
ווייזן	14	vajzn	rule	MED		
טוען	14	tˈɔjən	printed-index	MED	tˈiən	טויען
טעות	14	tˈuəs	lexicon	HIGH		
כאטשיג	14	xˈaʧiɡ	rule	LOW		
כן	14	kajn	rule	LOW		
לאנד	14	land	rule	LOW		
למה	14	lˈumə	rule	LOW		
לעצטנס	14	lɛʦtns	rule	MED		
מ'הייבט	14	mhajbt	rule	MED		
מאנסי	14	mˈɔnsi	lexicon	HIGH		
מיניסטער	14	minˈistər	rule	MED		
מסדר	14	msˈadajr	rule	LOW		
משנה	14	mˈiʃnə	rule	LOW		
ס'מיינט	14	smajnt	rule	MED		
סארט	14	sɔrt	lexicon	HIGH		
סוכות	14	sˈikəs	lexicon	HIGH		
סיטי	14	sˈiti	rule	MED		
עבירות	14	avˈajrɔjs	rule	LOW		
פארמיטאג	14	farmˈitaɡ	rule	LOW		
פארשטיי	14	farʃtˈaj	rule	LOW		
פעטער	14	fˈɛtər	rule	LOW		
פריערדיגע	14	frˈiərdiɡə	rule	LOW		
פרעג	14	frɛɡ	rule	LOW		
צופרי	14	ʦˈifri	rule	LOW		
קוויטל	14	kvitl	rule	MED		
שבעה	14	ʒbə	rule	MED		
שטייען	14	ʃtˈajən	rule	MED		
שנעל	14	ʃnɛl	rule	MED		
או	13	i	rule	LOW		
אמונה	13	əmˈinə	lexicon	HIGH	əmˈinə	עמונע
אריינגעלייגט	13	arˈaːnɡəlajɡt	rule	MED		
באריכטן	13	barˈixtn	rule	LOW		
בגימטריא	13	bəɡimatrˈiə	printed-index	MED	bɡˈimtria	בעגימאַטריע
בחינה	13	bxˈinə	rule	LOW		
בפרט	13	bfˈɛrət	rule	LOW		
גיהנום	13	ɡˈinim	rule	MED		
גלייבן	13	ɡlaːbn	lexicon	HIGH		
גם	13	ɡam	rule	LOW		
געוויזן	13	ɡəvˈizn	rule	MED		
געווענליך	13	ɡəvˈɛnləx	rule	MED		
געלערנט	13	ɡəlˈirnt	lexicon	HIGH		
געקויפט	13	ɡəkˈɔjft	rule	LOW		
געריכט	13	ɡərˈixt	rule	MED		
דברי	13	dbri	rule	MED		
דרייצן	13	drajʦn	rule	MED		
ההוא	13	hhˈia	rule	LOW		
המשיח	13	hamuʃˈixa	rule	LOW		
וחתימה	13	vaxasˈimə	rule	LOW		
ועד	13	ˈiəd	rule	MED		
ושלום	13	ˈiʃlim	rule	MED		
זאקן	13	zakn	rule	LOW		
זאת	13	zɔjs	rule	LOW		
זעען	13	zˈɛən	rule	MED		
חדש	13	xˈuduʃ	rule	LOW		
חמץ	13	xˈuməʦ	printed-index	MED	xˈuməʦ	כאָמעץ
טאטי	13	tˈati	rule	LOW		
טאמער	13	tˈamər	rule	LOW		
טעלעפאן	13	tˈɛləfan	rule	LOW		
טרינקען	13	trˈinkən	rule	MED		
כאפ	13	xɔp	rule	MED		
כדאי	13	kˈɛdaː	printed-index	MED	xdaː	קעדײַ
כתיבה	13	ksˈivə	printed-index	MED	ksˈivə	קסיווע
לֹא	13	lɔj	lexicon	HIGH		
למספרם	13	lmispˈurum	rule	LOW		
מ'געבט	13	mɡɛbt	rule	MED		
מ'וויל	13	mvil	rule	MED		
מלאך	13	mˈaləx	printed-index	MED	mlax	מאַלעך
מצרים	13	miʦrˈajim	printed-index	MED	mʦrim	מיצראַי*ם
נחת	13	nˈaxəs	printed-index	MED	nˈaxas	נאַכעס
ספעציעל	13	sfˈɛʦiəl	rule	LOW		
עולה	13	ˈilə	rule	MED		
ערשטער	13	ˈɛrʃtər	rule	MED		
פארקויפן	13	farkˈɔjfn	rule	MED		
פארשידענע	13	farʃˈidənə	rule	LOW		
פיש	13	fiʃ	rule	LOW		
פרובירן	13	prˈibirn	lexicon	HIGH		
פרטים	13	frtim	rule	LOW		
צאלן	13	ʦuln	lexicon	HIGH		
צוועלף	13	ʦvɛlf	rule	LOW		
צושטעלן	13	ʦˈiʃtəln	rule	MED		
"רמב""ם"	13	rˈambam	lexicon	LOW		
רשע	13	rˈuʃə	printed-index	MED	rʃə	ראָשע
שמע	13	ʃmə	rule	MED		
תפארת	13	tifˈɛrɛs	rule	LOW		
אבינו	12	ˈabini	rule	LOW		
אדורך	12	adˈirx	rule	LOW		
אויגן	12	ɔjɡn	rule	LOW		
איבערגעדרייט	12	ˈibərɡədrajt	rule	LOW		
אייגענע	12	ˈajɡənə	lexicon	HIGH		
אינדערפרי	12	ˈindərfri	rule	LOW		
ארויסגיין	12	arˈoʊzɡajn	rule	MED		
ארויפלייגן	12	arˈoʊflajɡn	rule	MED		
בארג	12	barɡ	rule	LOW		
בלויז	12	blɔjz	lexicon	HIGH		
בלייבן	12	blaːbn	lexicon	HIGH		
בענטשן	12	bɛnʧn	rule	MED		
געוואוינט	12	ɡəvˈɔjnt	rule	LOW		
געטראכט	12	ɡətrˈaxt	rule	LOW		
גענוג	12	ɡənˈiɡ	lexicon	HIGH		
געפינען	12	ɡəfˈinən	rule	LOW		
דבר	12	dˈuvur	rule	LOW		
הדעת	12	hadˈaas	rule	LOW		
הזה	12	hˈazə	rule	LOW		
היה	12	hi	rule	MED		
הנביא	12	hanˈuvi	printed-index	MED	hnbˈia	האַנאָווי
וויבאלד	12	vˈibald	lexicon	HIGH		
ווייזט	12	vajzt	rule	MED		
וויין	12	vaːn	lexicon	HIGH		
ונאמר	12	ˈinamr	rule	LOW		
זוכן	12	zixn	rule	MED		
זונטאג	12	zˈintaɡ	rule	LOW		
חופה	12	xˈɔjfɛ	rule	LOW		
חייו	12	xˈajujv	rule	LOW		
טעראר	12	tˈɛrar	rule	LOW		
לחיים	12	ləxˈajim	rule	LOW		
לפניך	12	lfnix	rule	LOW		
מ'טוט	12	mtit	rule	MED		
מבשר	12	məvˈasajr	rule	LOW		
מגדל	12	mɡˈadajl	rule	LOW		
מחויב	12	məxiˈiəv	printed-index	MED	məxiˈiəv	מעכוּיעוו
מחזק	12	mxˈazajk	rule	LOW		
מעסעדזשעס	12	mˈɛsəʤəs	rule	MED		
נאכן	12	nuxn	lexicon	HIGH		
נוגע	12	nˈiɡə	rule	MED		
נפש	12	nˈejfiʃ	lexicon	HIGH		
נשמות	12	nʃˈumɔjs	rule	LOW		
סטעיט	12	stajt	rule	MED		
סיסטעם	12	sˈistəm	lexicon	HIGH		
סעודה	12	sˈidə	printed-index	MED	sˈɛidə	סודע
עוד	12	id	rule	MED		
עומד	12	imd	rule	MED		
פ	12	f	fallback	LOW		
פארבעסערן	12	farbəsˈɛrn	rule	LOW		
פארקויפט	12	farkˈɔjft	rule	LOW		
פועל'ן	12	fˈiəln	rule	LOW		
פלוצלינג	12	plˈiʦlinɡ	lexicon	HIGH		
פרייזן	12	praːzn	lexicon	HIGH		
פרייטאג	12	frˈaːtuɡ	lexicon	HIGH		
פרנסה	12	pˈarnusə	lexicon	HIGH	parnˈusə	פּאַרנאָסע
פשוט'ע	12	pˈiʃətə	rule	LOW		
צוגעזאגט	12	ʦˈiɡəzuɡt	rule	MED		
צענדליגער	12	ʦəndlˈiɡər	rule	MED		
קידוש	12	kˈidəʃ	lexicon	HIGH	kˈidəʃ	קידעש
קלאר	12	klur	lexicon	HIGH		
רמז	12	rˈɛməz	rule	LOW		
תוכחה	12	tɔjxˈuxə	rule	LOW		
תולדות	12	tˈɔjldɔjs	rule	LOW		
תם'ס	12	tams	rule	LOW		
אבל	11	uvl	printed-index	MED	abl	אָוול
אהער	11	ahˈɛr	rule	LOW		
אויסגעזען	11	ˈoʊzɡəzejn	rule	MED		
איידעם	11	ˈajdəm	rule	LOW		
אליהו	11	əliˈuhi	printed-index	MED	ˈalihi	עליאָהו
ארויסברענגען	11	arˈoʊzbrejnɡən	rule	MED		
ארויסגעגעבן	11	arˈoʊzɡəɡejbn	rule	MED		
ארויסגעשטעלט	11	arˈoʊzɡəʃtəlt	rule	LOW		
באזוכן	11	bazˈixn	rule	LOW		
בדרך	11	bˈɛdərəx	lexicon	HIGH		
בה	11	bu	rule	LOW		
בעסער	11	bˈɛsər	lexicon	HIGH		
געבויט	11	ɡəbˈoʊt	lexicon	HIGH		
געדאוונט	11	ɡədˈavnt	rule	LOW		
געדענקסט	11	ɡədˈɛnkst	rule	MED		
גערעכט	11	ɡərˈɛxt	rule	MED		
געשמאק	11	ɡəʃmˈak	rule	LOW		
געשמועסט	11	ɡəʃmˈiəst	rule	MED		
דארפסטו	11	dˈarfsti	rule	LOW		
דעפארטמענט	11	dəfartmˈɛnt	rule	LOW		
דערמאן	11	dərmˈan	rule	LOW		
דערנאך	11	dərnˈux	lexicon	HIGH		
דרכיך	11	drxix	rule	MED		
האלבע	11	hˈalbə	rule	LOW		
הויכע	11	hˈɔjxə	rule	MED		
הילף	11	hilf	rule	LOW		
הלילה	11	hlˈilə	rule	MED		
השפעות	11	haʃpˈuɔjs	rule	LOW		
וואוינען	11	vˈɔjnən	rule	LOW		
וויינען	11	vˈajnən	rule	MED		
ווייסע	11	vˈajsə	rule	MED		
וכל	11	ixl	rule	MED		
חכם	11	xˈuxəm	lexicon	HIGH		
חס	11	xas	rule	LOW		
חשוב'ע	11	xaʃˈivə	rule	LOW		
חשוב'ער	11	xˈuʃivər	rule	LOW		
טעלער	11	tˈɛlər	rule	MED		
טריסקער	11	trˈiskər	rule	MED		
כהן	11	kˈɔjhajn	rule	LOW		
כך	11	kux	rule	LOW		
כלה	11	kˈalə	lexicon	HIGH	kˈalə	קאַלע
לאנדאן	11	lˈandan	rule	LOW		
לויף	11	lɔjf	rule	LOW		
לילה	11	lˈilə	rule	MED		
לעולם	11	ləˈɔjləm	printed-index	MED	lˈɛilm	לעוילעם
לעכטיגע	11	lˈɛxtiɡə	rule	MED		
מ'ווייסט	11	mvajst	rule	MED		
מוח	11	mˈɔjxa	rule	LOW		
מילך	11	milx	rule	MED		
מיני	11	mˈini	rule	MED		
מעמד	11	mˈaːməd	printed-index	MED	mɛmd	מײַמעד
מצא	11	mʦa	rule	LOW		
מקרב	11	mikˈɛrəv	rule	LOW		
משם	11	mˈiʃum	rule	LOW		
מתפלל	11	mispˈalajl	rule	LOW		
נושא	11	nˈɔjsə	lexicon	HIGH		
נענטער	11	nˈɛntər	rule	MED		
ספעציעלע	11	spˈɛʦiələ	lexicon	MED		
עסט	11	ɛst	rule	MED		
ערד	11	ɛrd	rule	MED		
ערלעדיגן	11	ˈɛrlədiɡn	rule	MED		
פאון	11	foʊn	lexicon	HIGH		
פארציילן	11	farʦˈajln	rule	LOW		
פערפעקט	11	fˈɛrfəkt	rule	LOW		
צימער	11	ʦˈimər	rule	MED		
קריג	11	kriɡ	rule	MED		
רוסישע	11	rˈisiʃə	rule	MED		
ריכטיג	11	rˈixtiɡ	rule	MED		
רפואה	11	rəfˈiə	printed-index	MED	rfˈia	רעפֿוע
שטאב	11	ʃtab	rule	LOW		
שירו	11	ʃˈiri	rule	MED		
שמים	11	ʃmim	rule	MED		
שעות	11	ʃˈuəs	lexicon	HIGH		
"תשפ""ו"	11	tuf ʃin paj vuv	rule	LOW		
"אדמו""רים"	10	ˈaləf dˈuləd mɛm vuv rajʃ jid mɛm	rule	LOW		
אויפן	10	afn	lexicon	HIGH		
אוקראינע	10	ˈikraːnə	rule	LOW		
אימתי	10	ajmˈusaj	rule	LOW		
אינעם	10	ˈinəm	lexicon	HIGH		
אלו	10	ˈali	rule	LOW		
אנכי	10	ˈanxi	rule	LOW		
ארויסגעגאנגען	10	arˈoʊzɡəɡanɡən	rule	MED		
בא	10	bɔj	printed-index	MED	ba	בוי
באקומט	10	bakˈimt	rule	MED		
בארד	10	bard	rule	LOW		
באריכטעט	10	barˈixtət	rule	LOW		
באשטעטיגט	10	baʃtˈɛtiɡt	rule	LOW		
בלייבט	10	blaːbt	lexicon	HIGH		
בסיעתא	10	bisjˈatu	rule	LOW		
בעזרת	10	bˈɛzras	rule	LOW		
בת	10	bas	rule	LOW		
געדאנק	10	ɡədˈank	lexicon	HIGH		
געהאנגען	10	ɡəhˈanɡən	rule	LOW		
געזינגען	10	ɡəzˈinɡən	rule	MED		
געזעסן	10	ɡəzˈɛsn	rule	MED		
דאוונט	10	davnt	rule	LOW		
דורכאויס	10	dˈirxoʊs	rule	MED		
דורכגיין	10	dˈirxɡajn	rule	MED		
דערציילן	10	dərʦˈajln	rule	MED		
דף	10	daf	rule	LOW		
האלץ	10	halʦ	rule	LOW		
הויפט	10	hɔjft	rule	LOW		
הימל	10	himl	rule	MED		
הלכות	10	halˈuxɔjs	rule	LOW		
הנפש	10	hanˈɛfəʃ	rule	LOW		
הצדיק	10	hˈaʦadik	printed-index	MED	hʦdik	האַצאַדיק
ו	10	i	rule	MED	vuv	וואָוו
ואז	10	ˈiaz	rule	LOW		
ובקשתם	10	ivikˈaʃtəm	rule	LOW		
והוא	10	ˈihia	rule	LOW		
וואוינט	10	vɔjnt	rule	LOW		
וואכעדיגע	10	vˈaxədiɡə	rule	LOW		
ווערטל	10	vɛrtl	rule	MED		
ועל	10	ˈiəl	rule	MED		
ורצון	10	ˈirʦin	rule	MED		
זומער	10	zˈimər	rule	MED		
זיבן	10	zibn	rule	MED		
זיסע	10	zˈisə	rule	MED		
חדר	10	xˈɛdər	rule	LOW		
טייטשט	10	tajʧt	rule	MED		
טייל	10	tajl	rule	MED		
טראק	10	trak	rule	LOW		
י	10	jid	rule	LOW	jid	יוד
יגן	10	iɡn	rule	MED		
יהיה	10	ˈihi	rule	MED		
לבנון	10	lˈɛvunən	printed-index	MED	lbnin	לעוואָנען
לויפט	10	lɔjft	rule	LOW		
לויפן	10	lɔjfn	lexicon	HIGH		
ליכט	10	lixt	rule	MED		
לכאורה	10	lixˈɔjrə	lexicon	HIGH		
לכבוד	10	lxbid	rule	MED		
לעיק	10	lajk	rule	MED		
לענדער	10	lˈɛndər	rule	MED		
לפניו	10	lfnji	rule	LOW		
מ'שטייט	10	mʃtajt	rule	MED		
מלאכים	10	mlˈaxim	rule	LOW		
מלמד	10	mlˈamajd	rule	LOW		
מסודר	10	msidr	rule	MED		
משוגע	10	mʃˈiɡə	rule	MED		
נאמבער	10	nˈambər	rule	LOW		
נביא	10	nˈuvi	lexicon	HIGH	nˈuvi	נאָווי
נסיעה	10	nəsˈiə	printed-index	MED	nsˈiə	נעסי*ע
סדר	10	sˈajdər	lexicon	HIGH		
סוכה	10	sˈikə	printed-index	MED	sˈixə	סוקע
סופר	10	sˈɔjfər	printed-index	MED	sifr	סויפֿער
סיבה	10	sˈibə	lexicon	HIGH		
סימן	10	sˈimən	printed-index	MED	simn	סימען
סערוויס	10	sˈɛrvis	rule	MED		
סקווערער	10	skvˈɛrər	rule	MED		
עַל	10	al	lexicon	HIGH		
עכט	10	ɛxt	rule	MED		
ענדיגט	10	ˈɛndiɡt	rule	MED		
עפענען	10	ˈɛfənən	lexicon	HIGH		
עצלות	10	ˈaʦlis	rule	LOW		
פאליציי	10	pˈɔliʦaj	lexicon	HIGH		
פארטאגס	10	fartˈaɡs	rule	LOW		
פארנומען	10	farnˈimən	rule	LOW		
פארקערט	10	farkˈɛrt	rule	LOW		
פויערן	10	fˈɔjərn	rule	LOW		
פשטות	10	pˈaʃtis	rule	LOW		
צדוק	10	ʦˈudək	printed-index	MED	ʦdik	צאָדעק
צוגעלייגט	10	ʦˈiɡəlajɡt	rule	MED		
קאל	10	kal	rule	LOW		
קאמפאני	10	kˈamfani	rule	LOW		
קאסטן	10	kastn	rule	LOW		
קבלה	10	kˈibluh	rule	LOW		
קלויזנבורגער	10	klˈɔjznbirɡər	rule	MED		
קריאת	10	krˈias	rule	LOW		
קרעדיט	10	krˈɛdit	lexicon	HIGH		
קשיא	10	kˈaʃə	printed-index	MED	kʃˈia	קאַשע
קשר	10	kˈɛʃər	printed-index	MED	kˈɛʃɛr	קעשער
ראקון	10	rˈakin	rule	LOW		
רוצה	10	rˈiʦə	rule	MED		
רמון	10	rmin	rule	MED		
רע	10	rɛ	rule	MED		
רשות	10	rʃis	rule	LOW		
שאלות	10	ʃˈajlɔjs	rule	LOW		
שבט	10	ʃˈajvət	rule	LOW		
שומר	10	ʃˈɔjmər	printed-index	MED	ʃimr	שוימער
שטעלן	10	ʃtɛln	rule	MED		
שלשה	10	ʃlˈɔjʃə	rule	LOW		
שמעלצער	10	ʃmˈɛlʦər	rule	MED		
שמעתי	10	ʃumˈati	rule	LOW		
שר	10	sar	rule	LOW		
שרייען	10	ʃrˈajən	rule	MED		
תפלה	10	tfˈilə	lexicon	HIGH		
תצא	10	tˈajʦaj	rule	LOW		
אויפגענומען	9	ˈoʊfɡənimən	rule	MED		
אומר	9	imr	rule	LOW		
אורח	9	ɔjrˈajxa	rule	LOW		
אטאקירן	9	ˈatakirn	rule	LOW		
אייניקלעך	9	ˈajnikləx	rule	LOW		
אינדרויסן	9	ˈindroʊsn	lexicon	HIGH		
אינטשעס	9	ˈinʧəs	rule	LOW		
אינפארמאציע	9	ˈinfarmaʦiə	rule	LOW		
אכטונג	9	ˈaxtinɡ	rule	LOW		
אלט	9	alt	rule	LOW		
אלטער	9	ˈaltər	rule	LOW		
אפמאך	9	ˈupmax	rule	MED		
אקעגן	9	akˈɛɡn	rule	LOW		
באריכט	9	barˈixt	rule	LOW		
בהמה	9	bəhˈajmu	rule	LOW		
בילד	9	bild	lexicon	HIGH		
בירגער	9	bˈirɡər	rule	MED		
בנים	9	bnim	rule	MED		
בעלזא	9	bˈɛlza	rule	LOW		
בקולו	9	bkˈili	rule	MED		
ברכת	9	bˈirxɔjs	rule	LOW		
גברא	9	ɡbra	rule	LOW		
גוטס	9	ɡiʦ	rule	MED		
גזירה	9	ɡzˈajrə	printed-index	MED	ɡzˈirə	גזיירע
גייסטו	9	ɡˈajsti	rule	MED		
געדענקט	9	ɡədˈɛnkt	rule	MED		
געהעריג	9	ɡəhˈɛriɡ	lexicon	HIGH		
געוואויר	9	ɡəvˈɔjr	rule	LOW		
געלאפן	9	ɡəlˈafn	rule	LOW		
געלעגן	9	ɡəlˈɛɡn	rule	MED		
געענטפערט	9	ɡəˈɛntfərt	rule	LOW		
געפערליך	9	ɡəfˈɛrləx	rule	LOW		
גרויס	9	ɡrɔjs	lexicon	HIGH		
דאכט	9	daxt	rule	LOW		
דעהו	9	dˈɛhi	rule	MED		
דראון	9	drin	rule	LOW		
דריטע	9	drˈitə	rule	MED		
דרייען	9	drˈajən	rule	MED		
האלב	9	halb	rule	LOW		
הטוב	9	htib	rule	MED		
היסטארישע	9	hˈistariʃə	rule	LOW		
הלל	9	halˈɛl	lexicon	HIGH		
העולם	9	hˈɛilm	rule	MED		
העכסטע	9	hˈɛxstə	rule	MED		
הצלחה	9	hˈaʦluxə	lexicon	HIGH	haʦlˈuxə	האַצלאָכע
הקדושה	9	hkdˈiʃə	rule	MED		
וואסערע	9	vˈasərə	rule	LOW		
ווייב	9	vaːb	lexicon	HIGH		
זאגסטו	9	zˈaɡsti	rule	LOW		
זיידן	9	zajdn	rule	MED		
זכיה	9	zxi	rule	MED		
זענט	9	zɛnt	rule	MED		
זעסט	9	zɛst	rule	MED		
חדשה	9	xadˈuʃə	rule	LOW		
חסד	9	xˈɛsəd	rule	LOW		
טויזנטער	9	tˈoʊzntər	lexicon	HIGH		
טוישן	9	toʊʃn	lexicon	HIGH		
טייטש	9	tajʧ	rule	MED		
טעקסט	9	tɛkst	lexicon	HIGH		
טרעפט	9	trɛft	rule	LOW		
ישעיה	9	jəʃˈaːə	printed-index	MED	ˈiʃajə	יעשײַע
כנגד	9	knˈɛɡəd	rule	LOW		
לייב	9	lajb	rule	MED		
מ'נעמט	9	mnɛmt	rule	MED		
מבטל	9	mvˈatajl	rule	LOW		
מדינה	9	mədˈinə	printed-index	MED	mdˈinə	מעדינע
מדרש	9	mˈɛdrəʃ	lexicon	HIGH	mˈɛdrəʃ	מעדרעש
מוטב	9	mitb	rule	MED		
מוצאי	9	mˈuʦə	printed-index	MED	mˈiʦaː	מאָצע
מזוזות	9	mzˈizɔjs	rule	LOW		
מיטאג	9	mˈitaɡ	rule	LOW		
ממנו	9	mmni	rule	MED		
מנחה	9	mˈinxə	rule	LOW		
מערסטע	9	mˈɛrstə	rule	MED		
מצליח	9	maʦlˈixa	rule	LOW		
משיג	9	mʃiɡ	rule	MED		
נדן	9	ndən	rule	LOW		
נטע	9	ntə	rule	MED		
נסיונות	9	nisjˈɔjnɔjs	rule	LOW		
נשמה	9	nəʃˈumə	lexicon	HIGH	nəʃˈumə	נעשאָמע
ס'הייסט	9	shajst	rule	MED		
סטאר	9	star	rule	LOW		
סידור	9	sˈidər	printed-index	MED	sidˈir	סידער
ע	9	ɛ	rule	MED	ˈaːən	אײַען
עבירה	9	ˈavajrə	lexicon	HIGH		
עוסק	9	isk	rule	MED		
עליכם	9	ˈɛlixm	rule	MED		
עמו	9	ˈɛmi	rule	MED		
ענינים	9	ˈɛninim	rule	MED		
עצרת	9	aʦˈɛrɛs	rule	LOW		
ערנסט	9	ɛrnst	rule	MED		
עשו	9	ˈajsəv	printed-index	MED	ˈɛʃi	אייסעוו
פאל	9	fal	rule	LOW		
פאלק	9	falk	rule	LOW		
פירן	9	firn	rule	LOW		
פערד	9	fɛrd	rule	LOW		
פערצן	9	fɛrʦn	rule	LOW		
פרייז	9	praːz	lexicon	HIGH		
פריש	9	friʃ	rule	LOW		
קאנטרי	9	kˈantri	rule	LOW		
קדושת	9	kdˈiʃas	rule	LOW		
קוגל	9	kiɡl	rule	MED		
קורצע	9	kˈirʦə	rule	MED		
קרעפטן	9	krɛftn	rule	LOW		
רבי'ס	9	rbis	rule	MED		
"רדב""ז"	9	rajʃ dˈuləd bajs zˈajən	rule	LOW		
ריזיגע	9	rˈiziɡə	rule	MED		
שאין	9	ʃaːn	rule	LOW		
שטעל	9	ʃtɛl	rule	MED		
שטרעק	9	ʃtrɛk	rule	MED		
שייך	9	ʃˈaːəx	lexicon	HIGH	ʃˈaːəx	שײַעך
שיפן	9	ʃifn	rule	LOW		
שיקן	9	ʃikn	lexicon	HIGH		
שירה	9	ʃˈirə	lexicon	HIGH	ʃˈirə	שירע
שלימה	9	ʃlˈimə	rule	MED		
שלם	9	ʃˈulajm	rule	LOW		
שמואל	9	ʃmˈiəl	printed-index	MED	ʃmˈial	שמועל
שמעון	9	ʃˈimən	printed-index	MED	ʃmˈɛin	שימען
שרייבן	9	ʃraːbn	lexicon	HIGH		
שרייט	9	ʃrajt	rule	MED		
תורת	9	tˈɔjras	rule	LOW		
תכלית	9	tˈaxləs	lexicon	HIGH	tˈaxləs	טאַכלעס
אֱלֹקֶיךָ	8	ˈɛlɔjkajxu	rule	MED		
אויסנוצן	8	ˈoʊsniʦn	rule	LOW		
אויפגעשטאנען	8	ˈɔjfɡəʃtanən	rule	LOW		
אונטערגענומען	8	ˈintərɡənimən	rule	MED		
אחר	8	ˈaxər	printed-index	MED	ˈaxar	אַכער
אימיגראציע	8	ˈimiɡraʦiə	rule	LOW		
אינדערהיים	8	ˈindərhajm	rule	LOW		
איראן'ס	8	ˈirans	rule	LOW		
אכסניא	8	axsanˈiə	printed-index	MED	ˈaxsnia	אַכסאַניע
אלקינו	8	ˈalkini	rule	LOW		
אמרו	8	ˈamri	rule	LOW		
אמרי	8	ˈamri	rule	LOW		
אפענע	8	ˈafənə	rule	LOW		
ארויפגיין	8	arˈoʊfɡajn	rule	MED		
אריבערגיין	8	arˈibərɡajn	rule	MED		
אריבערגעגאנגען	8	arˈibərɡəɡanɡən	rule	MED		
אריינכאפן	8	arˈaːnxafn	rule	LOW		
אריינלייגן	8	arˈaːnlajɡn	rule	LOW		
אריינקומען	8	arˈaːnkimən	rule	LOW		
באלאנגט	8	balˈanɡt	rule	LOW		
בחיי	8	baxˈajaj	rule	LOW		
בחנם	8	bxˈinum	rule	LOW		
ביהודה	8	bˈihidə	rule	MED		
ביטול	8	bitl	printed-index	MED	bˈitil	ביטל
בנין	8	bˈiniən	printed-index	MED	bnin	ביניען
בעפאר	8	bəfˈar	rule	MED		
בערג	8	bɛrɡ	rule	MED		
בריסקער	8	brˈiskər	rule	MED		
ברירה	8	brˈajrə	printed-index	MED	brˈirə	בריירע
ברית	8	bris	lexicon	HIGH	bris	בריס
בתוך	8	bsɔjx	rule	LOW		
בתים	8	bˈutim	rule	LOW		
גאלד	8	ɡald	rule	LOW		
גבוה	8	ɡbi	rule	MED		
גווארדיע	8	ɡvˈardiə	rule	LOW		
גורם	8	ɡirm	rule	MED		
געלטער	8	ɡəltˈɛr	rule	MED		
געעפנט	8	ɡəˈɛfnt	rule	LOW		
געפילט	8	ɡəfˈilt	rule	LOW		
געשטיגן	8	ɡəʃtˈiɡn	rule	MED		
געשעט	8	ɡəʃˈɛt	rule	MED		
גרופעס	8	ɡrˈifəs	rule	LOW		
גרייטן	8	ɡrajtn	rule	MED		
גרעסערע	8	ɡrˈɛsərə	rule	MED		
דאפלט	8	daplt	lexicon	MED		
דודי	8	dˈidi	rule	MED		
דורות	8	dˈɔjrɔjs	rule	LOW		
דורכגעפירט	8	dˈirxɡəfirt	rule	MED		
דינים	8	dˈinim	rule	MED		
דרוק	8	drik	rule	MED		
האטס	8	haʦ	rule	LOW		
האפן	8	hafn	rule	LOW		
הגלות	8	hˈaɡlɔjs	rule	LOW		
היא	8	hˈia	rule	LOW		
הייב	8	hajb	rule	MED		
היימישער	8	hˈajmiʃər	rule	MED		
היתר	8	hajˈusajr	rule	LOW		
הכל	8	hakl	lexicon	HIGH		
העולה	8	hˈɛilə	rule	MED		
הצדקה	8	haʦdˈukə	rule	LOW		
ואש	8	ˈiaʃ	rule	LOW		
ווייניגער	8	vˈajniɡər	rule	MED		
וויכטיגע	8	vˈixtiɡə	rule	MED		
ווילנער	8	vˈilnər	rule	MED		
ווילסטו	8	vˈilsti	rule	MED		
וועי	8	vaj	rule	MED		
וועמען	8	vˈɛmən	rule	MED		
וחיי	8	ˈixaj	fallback	LOW		
וכן	8	ixn	rule	MED		
זו	8	zi	rule	MED		
זושא	8	zˈiʃa	rule	LOW		
זיידעס	8	zˈajdəs	rule	MED		
זייטן	8	zajtn	rule	MED		
זימון	8	zˈimin	rule	MED		
זיס	8	zis	rule	MED		
זירא	8	zˈira	rule	LOW		
זעלבן	8	zɛlbn	rule	MED		
זעמעלע	8	zˈɛmələ	rule	MED		
חזקיהו	8	xizkijˈuhu	rule	LOW		
חטא	8	xɛt	printed-index	MED	xˈajtə	כעט
חיוב	8	xˈiəv	printed-index	MED	xˈiəv	כי*עוו
חשוב	8	xˈuʃiv	rule	LOW		
חתם	8	xˈasam	rule	LOW		
ט	8	t	fallback	LOW		
טראץ	8	traʦ	rule	LOW		
טשאלנט	8	ʧalnt	rule	LOW		
ידיד	8	jˈɛdid	printed-index	MED	ˈidid	יעדיד
יודן	8	jidn	rule	LOW		
יסוד	8	jˈɛsud	printed-index	MED	ˈisid	יעסאָד
יראת	8	jˈiras	rule	LOW		
ישוב	8	ˈiʃib	rule	MED		
כִּי	8	ki	lexicon	HIGH		
לאמר	8	lˈajmər	printed-index	MED	lamr	ליימער
להם	8	lˈuhəm	rule	LOW		
לוי	8	lɔj	rule	MED		
לופט	8	lift	rule	LOW		
ליב	8	lib	rule	MED		
ליבשאפט	8	lˈibʃaft	rule	LOW		
ליגעדיג	8	lˈiɡədiɡ	rule	MED		
לייג	8	lajɡ	lexicon	HIGH		
לייט	8	lajt	rule	MED		
ליתן	8	ləjtˈajn	rule	LOW		
לכם	8	lˈuxəm	rule	LOW		
מ'זיצט	8	mziʦt	rule	MED		
מ'כאפט	8	mxɔft	rule	MED		
מאד	8	mad	rule	LOW		
מאן	8	mun	rule	MED		
מוזן	8	mizn	rule	MED		
מוחל	8	mˈɔjxajl	rule	LOW		
מחותן	8	məxˈitn	lexicon	HIGH	məxˈitn	מעכוטן
מחלוקת	8	mˈaxlɔjkəs	printed-index	MED	maxalˈɔjkɛs	מאַכלויקעס
מיד	8	miˈiad	printed-index	MED	mid	מי*יאַד
מיטהאלטן	8	mˈithaltn	rule	MED		
מיידל	8	majdl	rule	MED		
מיינען	8	mˈajnən	rule	MED		
מלכא	8	mlxa	rule	LOW		
מנהג	8	mˈinhəɡ	lexicon	HIGH		
מנחם	8	mnˈaxajm	rule	LOW		
מנין	8	mˈiniən	printed-index	MED	mnin	מיניען
מסתמא	8	mˈistamə	lexicon	HIGH		
מצער	8	mʦɛr	rule	MED		
מקיים	8	mkajm	rule	MED		
משמש	8	mʃˈamajʃ	rule	LOW		
משנכנס	8	miʃənˈixnas	rule	LOW		
מתקן	8	msˈikun	rule	LOW		
נודע	8	nˈidə	rule	MED		
נומער	8	nˈimər	lexicon	HIGH		
נועם	8	nˈiəm	rule	MED		
נחמה	8	nəxˈumə	rule	LOW		
נקמה	8	nkˈumə	rule	LOW		
נשים	8	nˈuʃim	printed-index	MED	nʃim	נאָשים
ס'קוקט	8	skikt	rule	MED		
סאך	8	sax	rule	LOW		
סיין	8	sajn	rule	MED		
סעודות	8	səˈidɔjs	rule	LOW		
סענדער	8	sˈɛndər	rule	MED		
סעקונדעס	8	sˈɛkindəs	rule	MED		
סעקרעטאר	8	sˈɛkrətar	rule	LOW		
עליך	8	ˈɛlix	rule	MED		
עמוד	8	ˈuməd	printed-index	MED	ˈɛmid	אָמעד
פארגעקומען	8	farɡəkˈimən	rule	MED		
פארנאכטס	8	farnˈaxʦ	rule	LOW		
פירוש	8	pˈajrəʃ	lexicon	HIGH	pˈajrəʃ	פּיירעש
פלייש	8	flajʃ	lexicon	HIGH		
פעדעראלע	8	fˈɛdəralə	rule	LOW		
פעלער	8	fˈɛlər	rule	LOW		
פערזענליך	8	fˈɛrzənləx	rule	LOW		
פראבלעמען	8	prˈɔbləmən	lexicon	HIGH		
פראגראם	8	prˈɔɡram	lexicon	HIGH		
פריוואטע	8	frˈivatə	rule	LOW		
פרק	8	pˈajrək	printed-index	MED	pˈɛrɛk	פּיירעק
צדקה	8	ʦdˈukə	rule	LOW		
צווייטער	8	ʦvˈajtər	rule	MED		
צוזאם	8	ʦˈizam	rule	LOW		
צעבראכן	8	ʦəbrˈaxn	rule	LOW		
קויפט	8	kɔjft	rule	LOW		
קלייניגקייט	8	klˈajniɡkaːt	rule	MED		
קנויט	8	knɔjt	rule	MED		
קרוב	8	krib	rule	MED		
קשה	8	kˈuʃə	printed-index	MED	kˈuʃə	קאָשע
רְאֵה	8	rˈɛaj	printed-index	MED	rˈajə	רעיי
ראיה	8	rˈaːə	rule	LOW		
"רמ""א"	8	rajʃ mɛm ˈaləf	rule	LOW		
שבתים	8	ʃabˈusim	lexicon	HIGH		
שוועסטער	8	ʃvˈɛstər	rule	MED		
שטיי	8	ʃtaj	rule	MED		
שטערן	8	ʃtɛrn	rule	MED		
שטריק	8	ʃtrik	rule	MED		
שיריים	8	ʃirˈajim	printed-index	MED	ʃˈirajm	שיראַי*ם
שכוח	8	ʃkvax	rule	LOW		
שמועסן	8	ʃmˈiəsn	rule	MED		
שמייכל	8	ʃmajxl	rule	MED		
שמיני	8	ʃmˈini	printed-index	MED	ʃmˈini	שמיני
שפיץ	8	ʃpiʦ	rule	LOW		
שרים	8	ʃrim	rule	MED		
תבוא	8	tuvˈɔja	rule	LOW		
תכלה	8	tˈixlə	rule	LOW		
תלמידים	8	talmˈidim	rule	LOW		
תפילות	8	tfˈilɔjs	rule	LOW		
אֱלֹהֶיךָ	7	ˈɛlɔjhajxu	rule	MED		
אגענטור	7	aɡəntˈir	rule	LOW		
אהיימקומען	7	ahˈajmkimən	rule	LOW		
אויבן	7	ɔjbn	rule	LOW		
אויל	7	ɔjl	rule	LOW		
אויסגעקומען	7	ˈoʊzɡəkimən	rule	MED		
אויסגעשטעלט	7	ˈoʊzɡəʃtəlt	rule	LOW		
אויסטוישונגען	7	ˈoʊstɔjʃinɡən	rule	LOW		
אומות	7	ˈimɔjs	rule	LOW		
אונטן	7	intn	rule	LOW		
אות	7	ɔjs	rule	LOW		
אחיך	7	uxˈixu	rule	LOW		
אט	7	at	rule	LOW		
איבעראל	7	ˈibəral	rule	LOW		
אייז	7	ajz	rule	LOW		
איינגעפאלן	7	ˈajnɡəfaln	rule	LOW		
אלקיכם	7	ˈalkixm	rule	LOW		
אמעריקע'ס	7	ˈamərikəs	rule	LOW		
אמת'ע	7	ˈɛməsə	rule	LOW		
אנגיין	7	ˈunɡajn	rule	MED		
אנקעטע	7	ˈankətə	rule	LOW		
אנשטאט	7	ˈanʃtat	rule	LOW		
אסתר	7	ˈɛstajr	rule	LOW		
אף	7	ɔp	lexicon	HIGH		
אפגעשטעלט	7	ˈɔpɡəʃtəlt	rule	LOW		
אריינגעגאנגען	7	arˈaːnɡəɡanɡən	rule	LOW		
באין	7	baːn	rule	LOW		
באיסור	7	bˈɛjisər	printed-index	MED	baːsˈir	בעי*סער
באס	7	bas	rule	LOW		
בארץ	7	barʦ	rule	LOW		
בהם	7	bˈuhəm	rule	LOW		
בוים	7	bɔjm	rule	MED		
ביה	7	bi	rule	MED		
בילדער	7	bˈildər	lexicon	HIGH		
בימינו	7	bˈimini	rule	MED		
בלי	7	bli	rule	MED		
בעסטע	7	bˈɛstə	lexicon	HIGH		
ברויט	7	brɔjt	rule	MED		
ברענג	7	brɛnɡ	rule	MED		
בשם	7	bʃajm	rule	LOW		
בתמימות	7	bismˈimɔjs	rule	LOW		
גאונים	7	ɡˈinim	rule	LOW		
גדולי	7	ɡdˈili	rule	MED		
גיט	7	ɡit	rule	MED		
געבוירן	7	ɡəbˈɔjrn	rule	MED		
געגועים	7	ɡəɡˈiajm	rule	MED		
געהעריגע	7	ɡəhˈɛriɡə	rule	MED		
געזעצט	7	ɡəzˈɛʦt	rule	MED		
געסט	7	ɡɛst	rule	MED		
געפאלן	7	ɡəfˈaln	rule	LOW		
געפינט	7	ɡəfˈint	rule	LOW		
געקאסט	7	ɡəkˈɔst	rule	MED		
גערעכנט	7	ɡərˈɛxnt	rule	MED		
דאקטאר	7	dˈaktar	rule	LOW		
דעטאלן	7	dˈɛtaln	rule	LOW		
דען	7	dɛn	rule	MED		
דעפענס	7	dˈɛfəns	rule	LOW		
דראונס	7	drins	rule	LOW		
דרייווער	7	drˈajvər	rule	MED		
דרייט	7	drajt	rule	MED		
האוצר	7	hiʦr	rule	LOW		
האמערל	7	hˈamərl	rule	LOW		
האר	7	har	rule	LOW		
הגדרה	7	hɡdrə	fallback	LOW		
הדברים	7	hdbrim	rule	MED		
החמישי	7	haxamˈiʃi	rule	LOW		
החסיד	7	haxˈusid	rule	LOW		
היו	7	hji	rule	MED		
היימישע	7	hˈajmiʃə	lexicon	HIGH		
הימים	7	hˈimim	rule	MED		
הערות	7	hɛˈurɔjs	rule	LOW		
הערסט	7	hɛrst	rule	MED		
הפטורה	7	haftˈɔjrə	printed-index	MED	hftˈirə	האַפֿטוירע
הקודש	7	hkidʃ	rule	MED		
"הרי""ם"	7	haj rajʃ jid mɛm	rule	LOW		
השגה	7	hasˈuɡə	printed-index	MED	hasˈuɡə	האַסאָגע
ובכל	7	ibxl	rule	MED		
וואלן	7	valn	rule	LOW		
ווארימע	7	vˈarimə	rule	LOW		
וויכטיג	7	vˈixtiɡ	rule	MED		
וועלכער	7	vˈɛlxər	rule	MED		
וועם	7	vɛm	rule	MED		
ווערד	7	vɛrd	rule	MED		
ונתנה	7	vnsˈanə	rule	LOW		
וקללה	7	ˈikllə	rule	MED		
וקללותיה	7	vəkillɔjsˈɛjhu	rule	LOW		
"ז""ל"	7	zal	lexicon	HIGH		
זאלט	7	zalt	rule	LOW		
זינגט	7	zinɡt	rule	MED		
זכותו	7	zxˈisɔj	rule	LOW		
זעמלע	7	zˈɛmlə	rule	MED		
חידושים	7	xidˈiʃim	rule	LOW		
חסידים	7	xasˈidəm	lexicon	HIGH		
טאכטער	7	tˈaxtər	rule	LOW		
טעכנאלאגיע	7	tˈɛxnalaɡiə	rule	LOW		
ידו	7	ˈidi	rule	MED		
ידוע	7	jədˈiə	printed-index	MED	ˈidiə	יעדוע
יומא	7	jˈɔjmə	printed-index	MED	jˈima	יוימע
יונגעלע	7	jˈinɡələ	rule	MED		
יחסרנו	7	jxasrˈajni	rule	LOW		
יישר	7	jˈaʃər	lexicon	HIGH		
יפת	7	jˈɛfəs	printed-index	MED	jˈɛfəs	יעפֿעס
ירבה	7	ˈirbə	rule	MED		
ישא	7	ˈiʃa	rule	LOW		
כאמאס	7	xˈamas	rule	LOW		
כהלל	7	kəhˈilajl	rule	LOW		
כוונות	7	kavvˈunɔjs	rule	LOW		
כועס	7	xˈiəs	rule	MED		
כעס	7	kas	lexicon	HIGH	kˈaas	קאַאַס
כשמאי	7	xʃmaː	rule	LOW		
לִפְנֵיכֶם	7	lˈifnajxəm	rule	LOW		
לאו	7	li	rule	LOW		
לאולער	7	lˈilər	rule	LOW		
לאך	7	lax	rule	LOW		
לאמיך	7	lˈamix	rule	LOW		
להיות	7	lˈihjɔjs	rule	LOW		
לויה	7	lˈɔjə	rule	MED		
לטובת	7	lˈɛtɔjvəs	printed-index	MED	lˈɛtɔjvəs	לעטויוועס
ליה	7	li	rule	MED		
לעבט	7	lejbt	lexicon	HIGH		
לעכטיגן	7	lˈɛxtiɡn	rule	MED		
לפניכם	7	lfnixm	rule	LOW		
לץ	7	lajʦ	rule	LOW		
מ'בעט	7	mbɛt	rule	MED		
מ'לאזט	7	mlɔzt	rule	MED		
מ'פרעגט	7	mfrɛɡt	rule	LOW		
מ'רופט	7	mrift	rule	MED		
מ'שטעלט	7	mʃtɛlt	rule	MED		
מאיר'ל	7	maːrl	rule	LOW		
מאכסט	7	maxst	rule	LOW		
מגילה	7	məɡˈilə	printed-index	MED	mɡˈilə	מעגילע
מזוזה	7	məzˈizə	printed-index	MED	mzˈizə	מעזוזע
מזרח	7	mˈizrəx	lexicon	HIGH		
מחייב	7	məxˈajjajv	rule	LOW		
מחנך	7	maxanˈɛxu	rule	LOW		
מיטן	7	mitn	lexicon	HIGH		
מיליאנען	7	mˈilianən	rule	LOW		
מיליטערישע	7	mˈilitəriʃə	rule	MED		
מעיאר	7	mˈajar	rule	LOW		
מעריב	7	mˈaːrəv	printed-index	MED	mˈɛrib	מײַרעוו
מפני	7	mfni	rule	LOW		
מצד	7	mˈiʦad	rule	LOW		
מצה	7	mˈaʦə	printed-index	MED	mˈaʦu	מאַצע
מקור	7	mˈukər	printed-index	MED	mkir	מאָקער
מרמז	7	mrˈamajz	rule	LOW		
משמח	7	məsamˈajxa	rule	LOW		
נגיד	7	nˈuɡəd	printed-index	MED	nɡid	נאָגעד
נעבן	7	nɛbn	rule	MED		
נפטר	7	npˈatər	rule	LOW		
נפילה	7	nfˈilə	rule	LOW		
נתן	7	nusn	printed-index	MED	nusn	נאָסן
ס	7	sˈaməx	rule	LOW	sˈaməx	סאַמעך
ס'וואלט	7	svɔlt	rule	MED		
ס'זעט	7	szejt	rule	MED		
ס'פעלט	7	sfɛlt	rule	LOW		
סאסובער	7	sˈasibər	rule	LOW		
סדרה	7	sˈidrə	rule	LOW		
סי	7	si	rule	MED		
ספאנסער	7	sfˈansər	rule	LOW		
עבודת	7	avˈɔjdas	rule	LOW		
עגל	7	ajɡl	printed-index	MED	ɛɡl	אייגל
עי	7	aj	rule	MED		
עכטע	7	ˈɛxtə	rule	MED		
ענטפערט	7	ˈɛntfərt	rule	LOW		
עק	7	ɛk	rule	MED		
עקאנאמישע	7	ˈɛkanamiʃə	rule	LOW		
עשה	7	ˈɛsə	printed-index	MED	ˈɛʃə	עסע
עשרה	7	ˈɛʃrə	rule	MED		
פאדעם	7	fˈadəm	rule	LOW		
פאנגט	7	fanɡt	rule	LOW		
פארמאכט	7	farmˈaxt	rule	MED		
פארעפנטליכט	7	farˈɛfntlixt	rule	LOW		
פוילן	7	pɔjln	lexicon	HIGH		
פונט	7	fint	rule	LOW		
פורים	7	pˈirim	lexicon	HIGH	pˈirim	פּורים
פילן	7	filn	rule	LOW		
פיקטשער	7	fˈikʧər	rule	LOW		
פנחס	7	pˈinxus	rule	LOW		
פסוקים	7	psˈikim	lexicon	MED		
פסק	7	pask	rule	LOW		
פעלט	7	fɛlt	rule	LOW		
פערזענליכע	7	fˈɛrzənləxə	rule	LOW		
פראנט	7	frant	rule	LOW		
פריי	7	fraj	rule	LOW		
פרייטיג	7	frˈajtiɡ	rule	LOW		
פרעמיער	7	frˈɛmiər	rule	LOW		
צאלט	7	ʦalt	rule	LOW		
צובראכן	7	ʦˈibraxn	rule	LOW		
צוגיין	7	ʦˈiɡajn	rule	MED		
צוגעגאנגען	7	ʦˈiɡəɡanɡən	rule	MED		
צוליב	7	ʦilˈib	lexicon	HIGH		
צונאכטס	7	ʦˈinaxʦ	rule	LOW		
צופיל	7	ʦˈifil	rule	MED		
צושטאנד	7	ʦˈiʃtand	rule	LOW		
צינדן	7	ʦindn	rule	MED		
צענטער	7	ʦˈɛntər	rule	MED		
קאסט	7	kɔst	lexicon	HIGH		
קאפישער	7	kˈafiʃər	rule	LOW		
קודש	7	kˈɔjdəʃ	printed-index	MED	kidʃ	קוידעש
קיינעם	7	kˈajnəm	rule	MED		
קלאפט	7	klapt	lexicon	MED		
קלארע	7	klˈarə	rule	LOW		
קעטסקילס	7	kˈɛʦkils	rule	MED		
קענט	7	kɛnt	rule	MED		
ראובן	7	rivn	printed-index	MED	ribn	רוּוון
ראטע	7	rˈatə	rule	LOW		
ראיאן	7	rˈaːan	rule	LOW		
ראשון	7	riʃn	printed-index	MED	rˈaʃin	רישן
רוח	7	rˈiəx	lexicon	HIGH		
רצה	7	rˈuʦə	rule	LOW		
רק	7	rak	rule	LOW		
שארפע	7	ʃˈarfə	rule	LOW		
שבועות	7	ʃvˈiəs	lexicon	HIGH		
שבעים	7	ʒbajm	rule	MED		
שווארץ	7	ʃvarʦ	rule	LOW		
שטאק	7	ʃtak	rule	LOW		
שטארבן	7	ʃtarbn	rule	LOW		
שטיל	7	ʃtil	rule	MED		
שטרעקט	7	ʃtrɛkt	rule	MED		
שידוכים	7	ʃidˈixim	lexicon	HIGH		
שייכות	7	ʃˈajjxus	rule	LOW		
שלאפט	7	ʃluft	lexicon	MED		
שלש	7	ʃˈulɔjʃ	rule	LOW		
שמיטה	7	ʃmˈitə	printed-index	MED	ʃmˈitə	שמיטע
שנים	7	ʃnim	rule	MED		
שפירן	7	ʃpirn	rule	LOW		
שפת	7	sfas	rule	LOW		
שתי	7	ʃtaj	rule	LOW		
תוקף	7	tˈɔjkəf	rule	LOW		
תחת	7	tˈaxas	rule	LOW		
תירוץ	7	tˈɛrəʦ	printed-index	MED	tˈɛrəʦ	טערעץ
תמימות	7	tmˈimɔjs	rule	LOW		
תפקיד	7	tˈafkid	rule	LOW		
תקיעה	7	tkˈiə	rule	LOW		
תרגום	7	tˈarɡim	rule	LOW		
"תשפ""ז"	7	tuf ʃin paj zˈajən	rule	LOW		
אֲשֶׁר	6	ˈuʃər	printed-index	MED	ˈaʃər	אָשער
אָנֹכִי	6	ˈunɔjxi	rule	MED		
אדמיניסטראציע	6	ˈadministraʦiə	rule	LOW		
אדר	6	ˈɔdər	lexicon	HIGH	ˈudər	אָדער
אהבה	6	ˈabə	rule	LOW		
אהיימגעקומען	6	ahˈajmɡəkimən	rule	MED		
אוועל	6	ˈavəl	rule	LOW		
אוועקגיין	6	avˈɛkɡajn	rule	MED		
אוועקגעשטעלט	6	avˈɛkɡəʃtəlt	rule	LOW		
אונטערערדישע	6	ˈintərərdiʃə	rule	LOW		
אונטערשמירן	6	ˈintərʃmirn	rule	LOW		
איבעי	6	ˈibaj	rule	LOW		
איבערגעלאזט	6	ˈibərɡəlɔzt	rule	MED		
איינציגסטע	6	ˈajnʦiɡstə	rule	LOW		
אייער	6	ˈaːjər	lexicon	HIGH		
אירע	6	ˈirə	rule	LOW		
אכציג	6	ˈaxʦiɡ	rule	LOW		
אלקים	6	ˈalkim	rule	LOW		
אנגעגרייט	6	ˈunɡəɡrajt	rule	MED		
אנגעפילט	6	ˈunɡəfilt	lexicon	MED		
אנונג	6	ˈanunɡ	lexicon	MED		
אפעראציע	6	ˈafəraʦiə	rule	LOW		
אראפקומען	6	arˈupkimən	rule	MED		
ארויסצונעמען	6	arˈoʊsʦinəmən	rule	LOW		
ארויפגעלייגט	6	arˈoʊfɡəlajɡt	rule	MED		
אריינגערעכנט	6	arˈaːnɡərəxnt	rule	LOW		
ארעסטירט	6	ˈarəstirt	rule	LOW		
באבע	6	babˈə	rule	LOW		
באמבארדירונגען	6	bambˈardirinɡən	rule	LOW		
באמערק	6	bamˈɛrk	rule	LOW		
באקס	6	baks	rule	LOW		
בבלי	6	bˈavli	printed-index	MED	bli	באַוולי
בידו	6	bˈidi	rule	MED		
ביזי	6	bˈizi	rule	MED		
ביטערע	6	bˈitərə	rule	MED		
ביל	6	bil	rule	MED		
בכבודו	6	bxbˈidi	rule	MED		
במהרה	6	bimhˈajrə	rule	LOW		
במשך	6	bˈɛməʃəx	lexicon	HIGH	bəmˈɛʃəx	בעמעשעך
בעסענט	6	bəsˈɛnt	rule	MED		
בקר	6	bˈukur	rule	LOW		
בתי	6	bˈutaj	rule	LOW		
ג	6	ɡiml	rule	LOW	ɡiml	גימל
גאנצער	6	ɡˈanʦər	rule	LOW		
גאסט	6	ɡast	rule	LOW		
גדולה	6	ɡədˈilə	printed-index	MED	ɡdˈilə	געדולע
גיהנם	6	ɡinm	rule	MED		
גע'חתמ'עט	6	ɡəxsmˈə ɛt	fallback	LOW		
געבויעט	6	ɡəbˈɔjət	rule	MED		
געווארט	6	ɡəvˈɔrt	rule	MED		
געווארנט	6	ɡəvˈarnt	rule	LOW		
געזינדיגט	6	ɡəzˈindiɡt	rule	MED		
געלעגנהייט	6	ɡəlˈɛɡnhaːt	rule	MED		
געפאסט	6	ɡəpˈɔst	rule	MED		
געפונען	6	ɡəfˈinən	rule	LOW		
געציילטע	6	ɡəʦˈajltə	rule	MED		
געשפרעכן	6	ɡəʃprˈɛxn	rule	LOW		
גר	6	ɡɛr	printed-index	MED	ɡɛr	גער
דזשאוק	6	ʤik	rule	LOW		
דינען	6	dˈinən	rule	MED		
דערהיים	6	dˈɛrhajm	rule	MED		
דערצייל	6	dˈɛrʦajl	rule	MED		
האף	6	huf	lexicon	HIGH		
הגוים	6	hɡɔjm	rule	MED		
הכהן	6	hakˈɔjhajn	rule	LOW		
המקום	6	hmkim	rule	MED		
העמים	6	hˈɛmim	rule	MED		
הערטס	6	hɛrʦ	rule	MED		
הפנים	6	hfnim	rule	LOW		
הר	6	har	rule	LOW		
הרחמים	6	huraxˈamim	rule	LOW		
הרשע	6	harˈuʃə	printed-index	MED	hrʃə	האַראָשע
השכינה	6	hʃxˈinə	rule	MED		
הששי	6	hʃi	rule	MED		
"ואדמו""רים"	6	vuv ˈaləf dˈuləd mɛm vuv rajʃ jid mɛm	rule	LOW		
ודודי	6	ˈididi	rule	MED		
וואויס	6	vɔjs	rule	LOW		
וואן	6	van	rule	LOW		
ווידער	6	vˈidər	rule	MED		
וויינט	6	vajnt	rule	MED		
ווילנא	6	vˈilna	rule	LOW		
וועבזייטל	6	vˈɛbzajtl	rule	MED		
וועיטער	6	vˈajtər	rule	MED		
ולנו	6	ˈilni	rule	MED		
ומצאת	6	umuʦˈusu	rule	LOW		
וקרא	6	ˈikra	rule	LOW		
זאגסט	6	zuɡst	lexicon	HIGH		
זיינער	6	zˈajnər	rule	MED		
זיכערהייט	6	zˈixərhaːt	rule	MED		
זין	6	zin	rule	MED		
זינגען	6	zˈinɡən	rule	MED		
זינען	6	zˈinən	rule	MED		
חומר	6	xˈɔjmər	printed-index	MED	xˈɔjmər	כוימער
חידושי	6	xidˈiʃaj	rule	LOW		
חיזבאללא	6	xˈizballa	fallback	LOW		
חפץ	6	xˈajfəʦ	printed-index	MED	xˈajfəʦ	כייפֿעץ
חק	6	xɔjk	rule	LOW		
טאנצן	6	tanʦn	rule	LOW		
טאר	6	tur	lexicon	MED		
טיילן	6	tajln	rule	MED		
טעם	6	tam	lexicon	HIGH		
טעראריזם	6	tərarˈizm	rule	LOW		
טראגעדיע	6	trˈaɡədiə	rule	LOW		
טריט	6	trit	rule	MED		
טרייסטן	6	trajstn	rule	MED		
טרעזשורי	6	trˈɛʒiri	rule	MED		
יהודית	6	jəhˈudis	rule	LOW		
יושר	6	jˈɔjʃər	printed-index	MED	jiʃr	יוישער
יקרא	6	ˈikru	lexicon	MED		
יש	6	iʃ	rule	MED		
ישועה	6	jəʃˈiə	printed-index	MED	ˈiʃiə	יעשוע
ישועות	6	jʃiˈɛɔjs	rule	LOW		
ית	6	is	fallback	LOW		
כוונה	6	kavˈunə	printed-index	MED	xvnə	קאַוואָנע
כפרה	6	kapˈurə	printed-index	MED	kapˈuru	קאַפּאָרע
ל	6	lˈaməd	rule	LOW	lˈaməd	לאַמעד
לארץ	6	lurʦ	lexicon	MED		
לבבך	6	lvˈuvxu	rule	LOW		
לדודי	6	ldˈidi	rule	MED		
להבדיל	6	lˈɛhavdl	printed-index	MED	lhbdil	לעהאַוודל
ליל	6	lil	rule	MED		
לימוד	6	lˈiməd	printed-index	MED	lˈimid	לימעד
למעלה	6	ləmˈaːlə	printed-index	MED	lmˈɛlə	לעמײַלע
לנו	6	lni	rule	MED		
לפני	6	lfni	rule	LOW		
מ'הערט	6	mhɛrt	rule	MED		
מ'מוז	6	mmiz	rule	MED		
מ'ענדיגט	6	mˈɛndiɡt	rule	MED		
מְאֹד	6	mɔjd	rule	MED		
מאנטיסעלא	6	mˈantisəla	rule	LOW		
מוזט	6	mizt	rule	MED		
מוקדה	6	mˈikdə	rule	MED		
מזמור	6	mzmir	rule	MED		
מחיה	6	məxˈajɛ	rule	LOW		
מחשבה	6	maxaʃˈuvə	rule	LOW		
מיכל	6	mixl	rule	MED		
ממשיך	6	mmʃix	rule	MED		
מענדי	6	mˈɛndi	rule	MED		
מערב	6	mˈaːrəv	lexicon	HIGH	mˈaːrəv	מײַרעוו
מקוה	6	mki	rule	MED		
משפיע	6	mʃpˈiə	rule	LOW		
מתנות	6	matˈunɔjs	rule	LOW		
נֹתֵן	6	nusn	printed-index	MED	nˈɔjsajn	נאָסן
נבוכדנצר	6	nvixadnˈɛʦar	rule	LOW		
נוטל	6	nitl	rule	MED		
נוצט	6	niʦt	rule	MED		
ניצול	6	nˈiʦil	rule	MED		
נעשה	6	nˈɛʃə	rule	MED		
נפשי	6	nfʃi	rule	LOW		
נקודות	6	nkˈidɔjs	rule	LOW		
ס'ארבעט	6	sˈarbət	rule	MED		
ס'וויל	6	svil	rule	MED		
ס'פאסט	6	spɔst	rule	MED		
ס'קומען	6	skˈimən	rule	MED		
סאמיט	6	sˈamit	rule	LOW		
סגולה	6	zɡˈilə	printed-index	MED	zɡˈilə	זגולע
סוכת	6	sˈikas	rule	LOW		
סטרייק	6	strajk	rule	MED		
סעפטעמבער	6	sˈɛftəmbər	rule	LOW		
ספרד'ישע	6	sfrdˈiʃə	rule	LOW		
עֲלָמוֹת	6	alˈumɔjs	rule	LOW		
עול	6	ul	printed-index	MED	il	אָל
עמערדזשענסי	6	ˈɛmərʤənsi	rule	MED		
ענדע	6	ˈɛndə	rule	MED		
ענטפערן	6	ˈɛntfərn	rule	LOW		
עני	6	ˈani	lexicon	HIGH		
ערוך	6	ˈɛrix	rule	MED		
עשר	6	ɛʃr	rule	MED		
פארלירט	6	farlˈirt	rule	LOW		
פארשעמט	6	farʃˈɛmt	rule	LOW		
פופצן	6	fifʦn	rule	LOW		
פטור	6	pˈutər	printed-index	MED	ftir	פּאָטער
פלאם	6	flam	rule	LOW		
פלעגן	6	flɛɡn	rule	LOW		
פעדעמער	6	fˈɛdəmər	rule	LOW		
פעולה	6	pˈilə	printed-index	MED	fˈɛilə	פּולע
פענסטער	6	fˈɛnstər	rule	LOW		
פערזאן	6	fˈɛrzan	rule	LOW		
פרויען	6	frˈɔjən	rule	LOW		
פרי	6	pˈajrə	printed-index	MED	fri	פּיירע
צא	6	ʦa	rule	LOW		
צובראכענע	6	ʦˈibraxənə	rule	LOW		
צולייגן	6	ʦˈilajɡn	rule	MED		
צומארגנס	6	ʦˈimarɡns	rule	LOW		
צוקומען	6	ʦˈikimən	rule	MED		
צוריקגעקומען	6	ʦirˈikɡəkimən	rule	MED		
ציצית	6	ʦˈiʦis	rule	LOW		
צעטל	6	ʦɛtl	rule	MED		
צרכי	6	ʦrxi	rule	MED		
קאנטראל	6	kˈantral	rule	LOW		
קאנטראקט	6	kˈantrakt	rule	LOW		
קאפל	6	kafl	rule	LOW		
קוועלער	6	kvˈɛlər	rule	MED		
קל	6	kal	printed-index	MED	kal	קאַל
קלוגער	6	klˈiɡər	rule	MED		
קליפות	6	klˈipɔjs	rule	LOW		
קללות	6	klˈulɔjs	rule	LOW		
קערעסטיר	6	kərəstˈir	rule	MED		
ראטעווען	6	rˈatəvən	rule	LOW		
רוב	6	rɔv	lexicon	HIGH		
רוז'ינער	6	rˈizinər	rule	MED		
רוקט	6	rikt	rule	MED		
רעבעצין	6	rˈɛbəʦin	rule	MED		
רעגט	6	rɛɡt	rule	MED		
רעוואלוציאנערע	6	rˈɛvaliʦianərə	rule	LOW		
רענצלעך	6	rˈɛnʦləx	rule	MED		
רעפובליקאנער	6	rəpiblikˈanər	lexicon	HIGH		
"ש""ך"	6	ʃin xuf	rule	LOW		
"ש""ס"	6	ʃas	lexicon	LOW		
שאול	6	ʃˈuəl	printed-index	MED	ʃil	שאָעל
שאקל	6	ʃakl	rule	LOW		
שהוא	6	ʃhˈia	rule	LOW		
שומרים	6	ʃˈimrim	rule	MED		
שורה	6	ʃˈirə	printed-index	MED	ʃˈirə	שורע
שחרית	6	ʃaxˈaris	rule	LOW		
שטופ	6	ʃtif	rule	LOW		
שטערקער	6	ʃtˈɛrkər	rule	MED		
שינאווער	6	ʃˈinavər	rule	LOW		
שכינה	6	ʃxˈinə	printed-index	MED	ʃxˈinə	שכינע
שלאף	6	ʃluf	lexicon	HIGH		
שמאי	6	ʃmaː	rule	LOW		
שני	6	ʃnaj	printed-index	MED	ʃni	שניי
שניי	6	ʃnaj	rule	MED		
שניידן	6	ʃnajdn	rule	MED		
שעלטן	6	ʃɛltn	rule	MED		
שפע	6	ʃˈɛfə	printed-index	MED	ʃpə	שעפֿע
שקר	6	ʃˈɛkər	printed-index	MED	ʃˈɛkɛr	שעקער
שריט	6	ʃrit	rule	MED		
שרייב	6	ʃrajb	rule	MED		
"ת""ק"	6	tuf kif	rule	LOW		
תואר	6	tvar	rule	LOW		
תוקד	6	tˈikad	rule	LOW		
תיקון	6	tikn	printed-index	MED	tikn	טיקן
תקופה	6	tkˈifə	printed-index	MED	tkˈifə	טקופֿע
תקיעת	6	tkˈias	rule	LOW		
תתן	6	tˈitajn	rule	LOW		
אֲשֶׁר	5	ˈuʃər	printed-index	MED	ˈaʃər	אָשער
אֵת	5	ɛs	lexicon	HIGH		
אבי	5	ˈabi	rule	LOW		
אדלער	5	ˈadlər	rule	LOW		
"אדמו""ר"	5	ˈaləf dˈuləd mɛm vuv rajʃ	rule	LOW		
אוועקגעלייגט	5	avˈɛkɡəlajɡt	rule	MED		
אויסגעפירט	5	ˈoʊzɡəfirt	rule	MED		
אויפגעהויבן	5	ˈɔjfɡəhɔjbn	rule	LOW		
אויפגעוועקט	5	ˈɔjfɡəvəkt	rule	LOW		
אויפטון	5	ˈoʊftin	rule	MED		
אויפרעגן	5	ˈɔjfrəɡn	rule	LOW		
אומגעברענגט	5	ˈimɡəbrənɡt	rule	LOW		
אומגעקומען	5	ˈimɡəkimən	rule	LOW		
אומרים	5	ˈimrim	rule	LOW		
אונטערשטע	5	ˈintərʃtə	rule	LOW		
אונסדארפער	5	ˈinzdarfər	rule	LOW		
אותו	5	ˈɔjsɔj	rule	LOW		
אחרון	5	axˈarɔjn	rule	LOW		
איבערגעבן	5	ˈibərɡəbən	rule	MED		
איבערגעבעטן	5	ˈibərɡəbejtn	rule	MED		
איבערזאגן	5	ˈibərzuɡn	rule	MED		
איידער	5	ˈajdər	rule	LOW		
אלעם	5	ˈaləm	rule	LOW		
אלקא	5	ˈalka	rule	LOW		
אנטעריא	5	ˈantəria	rule	LOW		
אנליין	5	ˈanlajn	rule	LOW		
אננעמען	5	ˈunnəmən	rule	MED		
אנפאנג	5	ˈanfanɡ	rule	LOW		
אנצוקומען	5	ˈanʦikimən	rule	LOW		
אראפנעמען	5	arˈupnəmən	rule	MED		
ארגאניזעישאן	5	ˈarɡanizajʃan	rule	LOW		
ארדער	5	ˈardər	rule	LOW		
ארויסגעברענגט	5	arˈoʊzɡəbrənɡt	rule	MED		
ארויסגענומען	5	arˈoʊzɡənimən	rule	MED		
ארויפגעגאנגען	5	arˈoʊfɡəɡanɡən	rule	MED		
אריינגענומען	5	arˈaːnɡənimən	rule	LOW		
אריינגעפירט	5	arˈaːnɡəfirt	rule	MED		
ארייננעמען	5	arˈaːnnəmən	rule	LOW		
אש	5	aʃ	rule	LOW		
אשה	5	ˈaʃə	rule	LOW		
באבוב	5	babˈib	rule	LOW		
באחרית	5	baxˈaris	rule	LOW		
באטראכט	5	batrˈaxt	rule	LOW		
באטראפן	5	batrˈafn	rule	LOW		
באמערקט	5	bamˈɛrkt	rule	LOW		
בארדיטשובער	5	bardˈiʧibər	rule	LOW		
באריכות	5	baarˈixus	rule	LOW		
בביאת	5	bvˈias	rule	LOW		
בבית	5	bvajs	rule	LOW		
בגוים	5	bɡɔjm	rule	MED		
ביזנעס	5	bˈiznəs	lexicon	HIGH		
ביליאן	5	bˈiljɔn	lexicon	HIGH		
ביתר	5	bˈajsɛr	rule	LOW		
בכור	5	bxir	rule	MED		
בלאט	5	blat	rule	LOW		
בעטסט	5	bɛʦt	rule	MED		
בער	5	bɛr	rule	MED		
בערבות	5	buarˈuvɔjs	rule	LOW		
בערל	5	bɛrl	rule	MED		
בערקעלע	5	bˈɛrkələ	rule	MED		
ברען	5	brɛn	rule	MED		
ברענען	5	brˈɛnən	rule	MED		
בשורות	5	bsˈɔjrɔjs	rule	LOW		
בשנים	5	bʃnim	rule	MED		
בתולה	5	bsˈilə	rule	LOW		
בתמוז	5	bsˈamiz	rule	LOW		
גאווערנאר	5	ɡˈavərnar	rule	LOW		
גוטער	5	ɡˈitər	rule	MED		
גורל	5	ɡɔjrl	printed-index	MED	ɡirl	גוירל
גיבט	5	ɡibt	rule	MED		
גלעזל	5	ɡlɛzl	rule	MED		
גע'פועל'ט	5	ɡəfˈiəlt	rule	LOW		
געברויכן	5	ɡəbrˈoʊxn	rule	MED		
געדרייט	5	ɡədrˈajt	rule	MED		
געהיטן	5	ɡəhˈitn	rule	MED		
געוויינט	5	ɡəvˈajnt	rule	MED		
געזונגען	5	ɡəzˈinɡən	rule	MED		
געטאנצן	5	ɡətˈanʦn	rule	LOW		
גענוצט	5	ɡənˈiʦt	rule	MED		
געפיל	5	ɡəfˈil	rule	MED		
געפירט	5	ɡəfˈirt	rule	MED		
געפעלט	5	ɡəfˈɛlt	rule	LOW		
געצאלט	5	ɡəʦˈalt	rule	LOW		
געקוקט	5	ɡəkˈikt	rule	MED		
געראטעוועט	5	ɡərˈatəvət	rule	LOW		
געשטעלט	5	ɡəʃtˈɛlt	rule	MED		
געשמאקע	5	ɡəʃmˈakə	rule	LOW		
גראמען	5	ɡrˈamən	rule	LOW		
גראסערי	5	ɡrˈasəri	rule	LOW		
גרינע	5	ɡrˈinə	rule	MED		
ד	5	dˈalət	rule	LOW	dˈalət	דאַלעט
דברה	5	dəbˈurə	rule	LOW		
דגנך	5	dɡnx	fallback	LOW		
דוב	5	dib	rule	MED		
דוקא	5	dˈika	rule	LOW		
דורכגעגאנגען	5	dˈirxɡəɡanɡən	rule	MED		
דיעל	5	dˈiəl	rule	MED		
דירה	5	dˈirə	printed-index	MED	dˈirə	דירע
דעליווערט	5	dˈɛlivərt	rule	MED		
דעליווערן	5	dˈɛlivərn	rule	MED		
דריטער	5	drˈitər	rule	MED		
דריספק	5	drisfk	rule	LOW		
האטעל	5	hˈatəl	rule	LOW		
האפענונג	5	hˈafəninɡ	rule	LOW		
הבקר	5	habˈukɛr	rule	LOW		
הדרך	5	hadˈɛrəx	rule	LOW		
ההכנה	5	hahakˈanu	rule	LOW		
הויכראנגיגע	5	hˈɔjxranɡiɡə	rule	LOW		
הונדערטער	5	hˈindərtər	rule	MED		
היות	5	hˈajɔjs	rule	LOW		
היי	5	haj	rule	MED		
היין	5	hajn	rule	MED		
היינטיגן	5	hˈajntiɡn	rule	MED		
הכנה	5	hakˈanə	rule	LOW		
הכרת	5	hakˈuras	rule	LOW		
הכשר	5	hˈɛxʃər	printed-index	MED	hˈɛxʃər	העכשער
המן	5	hˈumun	rule	LOW		
העכערע	5	hˈɛxərə	rule	MED		
העלפט	5	hɛlft	rule	LOW		
הערש	5	hɛrʃ	rule	MED		
הרביעי	5	hrbˈiaj	rule	MED		
השמים	5	hʃmim	rule	MED		
וְלֹא	5	vlɔj	rule	LOW		
ואתה	5	vˈatə	rule	LOW		
ובעצמו	5	ˈibəʦmi	rule	MED		
וגם	5	iɡm	rule	MED		
ודור	5	idˈir	rule	MED		
והיה	5	ˈihi	rule	MED		
והיית	5	vəhujˈisu	rule	LOW		
והיתה	5	vəhˈujəsu	rule	LOW		
וואגן	5	vuɡn	lexicon	MED		
ווארימקייט	5	vˈarimkaːt	rule	LOW		
ווארעם	5	vˈarəm	rule	LOW		
וויזשניץ	5	vˈiʒniʦ	rule	MED		
וויען	5	vˈiən	rule	MED		
וחס	5	vxus	rule	LOW		
וישמע	5	ˈoʊʃmə	rule	MED		
ורבנים	5	ˈirbnim	rule	MED		
ושמעת	5	ˈiʃməs	fallback	LOW		
ותרנגולתא	5	ˈisrnɡilsa	fallback	LOW		
זוכט	5	zixt	lexicon	HIGH		
זועם	5	zˈiəm	rule	MED		
זמנים	5	zmnim	rule	MED		
זעכציג	5	zˈɛxʦiɡ	rule	MED		
זעצט	5	zɛʦt	rule	MED		
זרועם	5	zrˈiəm	rule	MED		
חובות	5	xˈɔjvɔjs	rule	LOW		
חוזק	5	xˈɔjzək	printed-index	MED	xˈɔjzək	כויזעק
חזון	5	xˈazɔjn	rule	LOW		
חי	5	xuj	rule	LOW		
חיזבאלא	5	xˈizbala	fallback	LOW		
חיזוק	5	xˈizək	printed-index	MED	xˈizək	כיזעק
חיפוש	5	xˈifiʃ	fallback	LOW		
חלקים	5	xalˈukim	rule	LOW		
חתונות	5	xasˈinɔjs	rule	LOW		
טאטנ'ס	5	tatns	rule	LOW		
טאטע'ס	5	tˈatəs	rule	LOW		
טויט	5	tɔjt	lexicon	HIGH		
טענות	5	taˈanɔjs	rule	LOW		
טעסלא	5	tˈɛsla	rule	LOW		
טראמפ'ס	5	tramfs	rule	LOW		
טשעקן	5	ʧɛkn	rule	MED		
"י""ח"	5	jid xɛs	rule	LOW		
יבוא	5	ˈibia	rule	LOW		
יבחר	5	jˈivxar	rule	LOW		
יהא	5	ˈiha	rule	LOW		
יהיו	5	ˈihji	rule	MED		
יו	5	ji	rule	MED		
יותר	5	jˈɔjsajr	rule	LOW		
ייטב	5	jitb	rule	MED		
ים	5	jam	lexicon	HIGH		
יעריגע	5	jˈɛriɡə	rule	MED		
יקר	5	ikr	rule	MED		
ירושלמי	5	jəriʃˈalmi	printed-index	MED	ˈiriʃlmi	יערושאַלמי
ישמח	5	jsmax	rule	LOW		
ישראל'ס	5	ˈiʃrals	rule	LOW		
"כ""ק"	5	xuf kif	rule	LOW		
כֻּלְּכֶם	5	kˈilxəm	rule	LOW		
כלים	5	kˈajlim	printed-index	MED	xlim	קיילים
כלכם	5	xlxm	fallback	LOW		
כללית	5	xllis	fallback	LOW		
כשר	5	kˈuʃər	lexicon	HIGH	kˈuʃər	קאָשער
לאנדא	5	lˈanda	rule	LOW		
לאקאלע	5	lˈakalə	rule	LOW		
לבקרים	5	lbkrim	rule	MED		
לגבי	5	ləɡabˈaj	lexicon	HIGH		
לומר	5	limr	rule	MED		
לופטפעלד	5	lˈiftfəld	rule	LOW		
לזה	5	lˈuzə	rule	LOW		
לחבירו	5	laxavˈajrɔj	rule	LOW		
לטובה	5	lətˈɔjvə	printed-index	MED	ltˈibə	לעטויווע
ליידיג	5	lˈajdiɡ	rule	MED		
ליין	5	lajn	rule	MED		
ליינט	5	lajnt	rule	MED		
ליכטיגקייט	5	lˈixtiɡkaːt	rule	MED		
ליסקער	5	lˈiskər	rule	MED		
ליצלן	5	liʦln	rule	MED		
לכל	5	lˈɛkul	lexicon	HIGH		
למביאיהן	5	lmbˈiaːn	rule	LOW		
למטה	5	lmˈatə	rule	LOW		
למיתה	5	ləmˈisə	rule	LOW		
למלך	5	ləmˈɛlɛx	rule	LOW		
לעגאל	5	lˈɛɡal	rule	LOW		
לעכטיג	5	lˈɛxtiɡ	rule	MED		
לעקעך	5	lˈɛkəx	rule	MED		
לעשות	5	laˈasɔjs	rule	LOW		
לשם	5	lˈɛʃəm	printed-index	MED	lˈɛʃəm	לעשעם
מ'וויינט	5	mvajnt	rule	MED		
מ'זוכט	5	mzixt	rule	MED		
מ'לערנט	5	mlirnt	rule	MED		
מ'נוצט	5	mniʦt	rule	MED		
מ'קוקט	5	mkikt	rule	MED		
מֶלֶךְ	5	mˈɛləx	lexicon	HIGH		
מאי	5	maː	rule	LOW		
מאנטאג	5	mˈɔntik	lexicon	HIGH		
מאריך	5	mˈaːrəx	printed-index	MED	mˈarix	מײַרעך
מגלה	5	mɡˈalə	rule	LOW		
מדרגה	5	madrˈajɡə	printed-index	MED	madrˈajɡə	מאַדרייגע
מודיע	5	mˈidiə	rule	MED		
מחכה	5	mxˈakə	rule	LOW		
מחנה	5	maxanˈajə	rule	LOW		
מחר	5	mˈuxur	rule	LOW		
מידות	5	mˈidɔjs	rule	LOW		
מיטגעקומען	5	mˈitɡəkimən	rule	MED		
מיטל	5	mitl	rule	MED		
מיינונג	5	mˈajninɡ	rule	MED		
מילגרוים	5	mˈilɡrɔjm	rule	MED		
מינוטן	5	mˈinitn	rule	MED		
מינעס	5	mˈinəs	rule	MED		
מכוון	5	məxˈavvajn	rule	LOW		
מלוכה	5	məlˈixə	printed-index	MED	mlˈixə	מעלוכע
מליץ	5	mˈajləʦ	printed-index	MED	mliʦ	מיילעץ
מליצה	5	məlˈiʦə	printed-index	MED	mlˈiʦə	מעליצע
מלכי	5	mlxi	rule	MED		
ממורי'ס	5	mmˈiris	rule	MED		
מעגליך	5	mˈejɡləx	lexicon	HIGH		
מעין	5	majn	rule	MED		
מענדל	5	mɛndl	rule	MED		
מעשיות	5	mˈaːsəs	lexicon	HIGH		
מפרש	5	mfˈɔjruʃ	rule	LOW		
מציאה	5	məʦˈiə	printed-index	MED	mʦˈia	מעצי*ע
מקובל	5	mˈɛkibl	printed-index	MED	mkibl	מעקובל
מקום	5	mˈukəm	printed-index	MED	mkim	מאָקעם
מקטרגים	5	mkˈatrɡim	rule	LOW		
מקריב	5	mkrib	rule	MED		
מרגלים	5	mrɡlim	rule	MED		
מרומז	5	mrimz	rule	MED		
ניאמצער	5	nˈiamʦər	rule	LOW		
נסיון	5	nˈisɔjən	printed-index	MED	nsjin	ניסויען
נסים	5	nsim	rule	MED		
נענועים	5	ninˈijim	printed-index	MED	nˈɛniajm	נינוי*ם
נפתלי	5	naftˈuli	rule	LOW		
נשאר	5	nʃar	rule	LOW		
נתניהו	5	nsnˈihi	fallback	LOW		
נתפעל	5	nispˈuəl	printed-index	MED	nispˈuəl	ניספּאָעל
ס'הייבט	5	shajbt	rule	MED		
ס'מאכט	5	smaxt	rule	MED		
סולו	5	sˈili	rule	MED		
סך	5	sax	lexicon	HIGH	sax	סאַך
סמוך	5	smix	rule	MED		
סעקונדע	5	sˈɛkində	rule	MED		
"עד""ש"	5	ˈajən dˈuləd ʃin	rule	LOW		
עיר	5	ajr	rule	MED		
עליה	5	ˈɛli	rule	MED		
עליון	5	ˈɛliən	printed-index	MED	ˈɛljin	עליען
עלמא	5	ˈɛlma	rule	LOW		
עמי	5	ˈɛmi	rule	MED		
עמך	5	ˈamxu	printed-index	MED	ɛmx	אַמכאָ
עצל	5	ɛʦl	rule	MED		
עקאנאמיע	5	ˈɛkanamiə	rule	LOW		
עקסטערע	5	ˈɛkstərə	rule	MED		
ערגער	5	ˈɛrɡər	rule	MED		
ערליכע	5	ˈɛrləxə	rule	MED		
ערליכער	5	ˈɛrləxər	rule	MED		
עת	5	ajs	rule	LOW		
עתירתם	5	ˈɛsirsm	fallback	LOW		
פאבליק	5	fˈublik	lexicon	MED		
פאטש	5	paʧ	lexicon	MED		
פאני	5	fˈani	rule	LOW		
פאסט	5	pɔst	lexicon	HIGH		
פארבינדן	5	farbˈindn	rule	LOW		
פארברעכנס	5	farbrˈɛxns	rule	LOW		
פארברענגט	5	farbrˈɛnɡt	rule	MED		
פארגעלערנט	5	farɡəlˈirnt	rule	MED		
פארווארפן	5	farvˈarfn	rule	LOW		
פארטיי	5	pˈartaj	lexicon	HIGH		
פארלערנען	5	farlˈirnən	rule	MED		
פאררעכטן	5	farrˈɛxtn	rule	LOW		
פארשטייסט	5	farʃtˈajst	rule	LOW		
פארשעמען	5	farʃˈɛmən	rule	LOW		
פדיון	5	pˈidiən	printed-index	MED	fdjin	פּידיען
פויגל	5	fɔjɡl	rule	LOW		
פוש	5	fiʃ	rule	LOW		
פיינע	5	fˈajnə	rule	LOW		
פירות	5	pˈajrɔjs	rule	LOW		
פלאנט	5	flant	rule	LOW		
פליען	5	flˈiən	rule	LOW		
פני	5	pni	lexicon	MED		
פסק'ענען	5	pˈaskənən	rule	LOW		
פעלד	5	fɛld	rule	LOW		
פעקל	5	pɛkl	lexicon	MED		
פראנקרייך	5	frˈankrajx	rule	LOW		
פרה	5	pˈurə	rule	LOW		
פרטית	5	prˈutis	rule	LOW		
פרידמאן	5	frˈidman	rule	LOW		
פרץ	5	pˈɛrəʦ	printed-index	MED	pˈɛrəʦ	פּערעץ
פשרה	5	pʃˈurə	printed-index	MED	pəʃˈuru	פּשאָרע
צאנזער	5	ʦˈanzər	rule	LOW		
צוברעכן	5	ʦˈibrəxn	rule	MED		
צוזאמנעמען	5	ʦˈizamnəmən	rule	LOW		
צומאל	5	ʦˈimul	rule	MED		
צוריקקומען	5	ʦirˈikimən	rule	MED		
ציגל	5	ʦiɡl	rule	MED		
צילן	5	ʦiln	rule	MED		
צימערן	5	ʦˈimərn	rule	MED		
צמח	5	ʦˈɛmax	rule	LOW		
קאווע	5	kˈavə	rule	LOW		
קאונטער	5	kˈintər	rule	LOW		
קאלטע	5	kˈaltə	rule	LOW		
קאמפליצירטע	5	kˈamfliʦirtə	rule	LOW		
קבל	5	kˈabajl	rule	LOW		
קונה	5	kˈɔjnə	printed-index	MED	kˈinə	קוינע
קידושין	5	kidˈiʃin	printed-index	MED	kˈidiʃin	קידוש(י)ן
קיצור	5	kˈiʦər	printed-index	MED	kiʦˈir	קיצער
קלאפ	5	klaf	rule	LOW		
קלויזענבורגער	5	klˈɔjzənbirɡər	rule	MED		
קליידער	5	klˈajdər	rule	MED		
קלייניגקייטן	5	klˈajniɡkaːtn	rule	MED		
קללה	5	klˈulə	rule	LOW		
קנאה	5	kna	rule	LOW		
קענסלען	5	kˈɛnslən	rule	MED		
קערעסטירער	5	kərəstˈirər	rule	MED		
קריטיק	5	krˈitik	rule	MED		
קרים	5	krim	rule	MED		
רבנן	5	rabˈunun	rule	LOW		
רוחניות	5	ruxənˈijus	rule	LOW		
רויט	5	rɔjt	rule	MED		
רויטע	5	rˈɔjtə	rule	MED		
רחמנא	5	raxamˈunu	rule	LOW		
רייע	5	rˈajə	rule	MED		
ריכטונג	5	rˈixtinɡ	rule	MED		
רעדסט	5	rɛdst	rule	MED		
רעכט	5	rɛxt	rule	MED		
ש	5	ʃ	fallback	LOW		
שובו	5	ʃˈibi	rule	MED		
שוויצן	5	ʃviʦn	rule	MED		
שוועריגקייטן	5	ʃvˈɛriɡkaːtn	rule	MED		
שווערסטע	5	ʃvˈɛrstə	rule	MED		
שוחטים	5	ʃɔjxˈatim	rule	LOW		
שופטים	5	ʃˈuftim	printed-index	MED	ʃˈiftim	שאָפֿטים
שטייענדיג	5	ʃtˈajəndiɡ	rule	MED		
שיבא	5	ʃˈiba	rule	LOW		
שיבוא	5	ʃˈibia	rule	LOW		
שינוי	5	ʃˈinə	printed-index	MED	ʃˈinɔj	שינע
שמונה	5	ʃmˈɔjnə	printed-index	MED	ʃmˈinə	שמוינע
שמש	5	ʃˈamuʃ	rule	LOW		
שנייד	5	ʃnajd	rule	MED		
שנעלער	5	ʃnˈɛlər	rule	MED		
שפתי	5	sfˈusaj	rule	LOW		
שרייבסט	5	ʃrajbst	rule	MED		
שרעקליכע	5	ʃrˈɛkləxə	rule	MED		
תהא	5	təhˈaj	rule	LOW		
תפילת	5	tfˈilas	rule	LOW		
תרנגול	5	tˈarnəɡl	printed-index	MED	tˈarnəɡl	טאַרנעגל
תשמעו	5	tiʃmˈɛi	rule	LOW		
אֵין	4	in	lexicon	HIGH		
אַתֶּם	4	ˈatəm	rule	LOW		
אַתָּה	4	ˈatə	rule	LOW		
אָוֶן	4	in	lexicon	HIGH		
אבה	4	ˈabə	rule	LOW		
אברים	4	ˈabrim	rule	LOW		
אגב	4	ˈaɡav	lexicon	HIGH		
אדומה	4	ˈadimə	rule	LOW		
אוועקגעזעצט	4	avˈɛkɡəzəʦt	rule	LOW		
אוועקגענומען	4	avˈɛkɡənimən	rule	MED		
אוועקזעצן	4	avˈɛkzəʦn	rule	LOW		
אויבערשטער	4	ˈɔjbərʃtər	rule	LOW		
אויטאריטעטן	4	ˈɔjtaritətn	rule	LOW		
אויסהאלטן	4	ˈoʊshaltn	rule	MED		
אויסהערן	4	ˈoʊshirn	rule	MED		
אויסווארטן	4	ˈoʊsvartn	rule	LOW		
אויפגעגעבן	4	ˈoʊfɡəɡejbn	rule	MED		
אויפגעהערט	4	ˈoʊfɡəhirt	rule	MED		
אויפגעלייגט	4	ˈoʊfɡəlajɡt	rule	MED		
אויפהייבן	4	ˈɔjfhajbn	rule	LOW		
אויפצושטיין	4	ˈɔjfʦiʃtajn	rule	LOW		
אויקשאן	4	ˈɔjkʃan	rule	LOW		
אוסטראווצער	4	ˈistravʦər	rule	LOW		
אורך	4	irx	rule	LOW		
אחדות	4	ˈaxdis	rule	LOW		
אחכה	4	axˈakə	rule	LOW		
אחרי	4	axˈaraj	rule	LOW		
אחת	4	ˈaxas	rule	LOW		
אי	4	i	rule	LOW		
איבערגענומען	4	ˈibərɡənimən	rule	MED		
איבערקומען	4	ˈibərkimən	rule	MED		
איברים	4	ˈibrim	rule	LOW		
אייבו	4	ˈajbi	rule	LOW		
אינזין	4	ˈinzin	rule	LOW		
אינטערוויוט	4	ˈintərvjit	rule	LOW		
אינטערעסן	4	ˈintərəsn	rule	LOW		
אינסטרומענט	4	instrimˈɛnt	rule	LOW		
איסור	4	ˈisər	printed-index	MED	isˈir	איסער
אלוקינו	4	ˈalikini	rule	LOW		
אלי	4	ˈali	rule	LOW		
אליעזר'ל	4	ˈaliəzrl	rule	LOW		
אלכסנדר	4	alˈɛksandər	printed-index	MED	alˈɛksandər	אַלעקסאַנדער
אמאליגע	4	ˈamuliɡə	lexicon	MED		
אמצעים	4	ˈamʦajm	rule	LOW		
אנגעוואונטשן	4	ˈanɡəvinʧn	rule	LOW		
אנגעטון	4	ˈunɡətin	rule	MED		
אנגעטראגן	4	ˈanɡətruɡn	lexicon	MED		
אנגעטרונקען	4	ˈanɡətrinkən	rule	LOW		
אנגעלעגנהייטן	4	ˈanɡələɡnhaːtn	rule	LOW		
אנגענומען	4	ˈunɡənimən	rule	MED		
אנגעצויגן	4	ˈanɡəʦɔjɡn	rule	LOW		
אנגעקוקט	4	ˈunɡəkikt	rule	MED		
אנדערן	4	ˈandərn	rule	LOW		
אנהייב	4	ˈanhajb	rule	LOW		
אנחנו	4	anˈaxni	rule	LOW		
אנטלויפן	4	ˈantlɔjfn	rule	LOW		
אנטקעגן	4	ˈantkəɡn	rule	LOW		
אנפאנגען	4	ˈanfanɡən	rule	LOW		
אסאד	4	ˈasad	rule	LOW		
אפגעמאכט	4	ˈupɡəmaxt	rule	MED		
אפהיטן	4	ˈafhitn	rule	LOW		
אפריקע	4	ˈafrikə	rule	LOW		
אפשטופן	4	ˈafʃtifn	rule	LOW		
אראבער	4	ˈarabər	rule	LOW		
אראפגעלייגט	4	arˈupɡəlajɡt	rule	MED		
אראפגעפאלן	4	arˈupɡəfaln	rule	LOW		
ארומגענומען	4	arˈimɡənimən	rule	LOW		
ארחתיך	4	ˈarxsix	fallback	LOW		
אריבערגעקומען	4	arˈibərɡəkimən	rule	MED		
אריינגעשיקט	4	arˈaːnɡəʃikt	rule	LOW		
אריינגעשניטן	4	arˈaːnɡəʃnitn	rule	LOW		
אריינרופן	4	arˈaːnrifn	rule	LOW		
ארעסטן	4	ˈarəstn	rule	LOW		
אתא	4	ˈasa	fallback	LOW		
אתכם	4	ˈɛsxəm	rule	LOW		
בְּיִשְׂרָאֵל	4	bˈisrajl	rule	MED		
בְּיַעֲקֹב	4	baˈakɔjv	rule	MED		
בְּשִׁגָּעוֹן	4	bʃˈiɡuɔjn	rule	MED		
בא'עוול'ט	4	baˈɛvlt	rule	LOW		
באגלייט	4	baɡlˈajt	rule	LOW		
באוויזן	4	bavˈizn	rule	LOW		
באט	4	bat	rule	LOW		
באנד	4	band	rule	LOW		
באפרייט	4	bafrˈajt	rule	LOW		
באצאלט	4	baʦˈalt	rule	LOW		
באקאנטן	4	bakˈantn	rule	LOW		
באקוועם	4	bakvˈɛm	rule	LOW		
באקומסט	4	bakˈimst	rule	LOW		
באר	4	bar	rule	LOW		
בארואיגט	4	barˈuaːɡt	lexicon	MED		
באשטימט	4	baʃtˈimt	rule	LOW		
באשטעלט	4	baʃtˈɛlt	rule	LOW		
באשלאסן	4	baʃlˈasn	rule	LOW		
בגיא	4	bɡˈia	rule	LOW		
בגין	4	bɡin	rule	MED		
בויעט	4	bˈɔjət	rule	MED		
בועז	4	bˈɔjəz	printed-index	MED	bˈiəz	בויעז
בושת	4	bˈɔjʃəs	rule	LOW		
בחור'ל	4	bˈuxirl	rule	LOW		
בחינת	4	bxˈinas	rule	LOW		
בידוע	4	bˈidiə	rule	MED		
ביזנעסער	4	bˈiznəsər	rule	MED		
ביכורים	4	bikˈirim	printed-index	MED	bˈixirim	ביקורים
ביעקב	4	bˈiəkb	rule	MED		
בישראל	4	bˈiʃral	rule	LOW		
בראנפן	4	branfn	rule	LOW		
בריך	4	brix	rule	MED		
בשדה	4	bsˈudə	rule	LOW		
בתוכנו	4	bsɔjxˈajni	rule	LOW		
גאולתו	4	ɡˈilsi	fallback	LOW		
גאט	4	ɡɔt	lexicon	HIGH		
גאלאן	4	ɡˈalan	rule	LOW		
גאסן	4	ɡasn	rule	LOW		
גביר	4	ɡbir	rule	MED		
גיסט	4	ɡist	rule	MED		
גליון	4	ɡljin	rule	MED		
גלייב	4	ɡlajb	rule	MED		
גן	4	ɡan	rule	LOW		
גנב'ענען	4	ɡnbˈɛnən	rule	MED		
געבאקן	4	ɡəbˈakn	rule	LOW		
געדרש'נט	4	ɡɛdrʃnt	fallback	LOW		
געהויבענער	4	ɡəhˈɔjbənər	rule	MED		
געוואלד	4	ɡəvˈald	rule	LOW		
געוואלדיג	4	ɡəvˈaldiɡ	rule	LOW		
געווארפן	4	ɡəvˈarfn	rule	LOW		
געזונטערהייט	4	ɡəzˈintərhaːt	rule	MED		
געזעצן	4	ɡəzˈɛʦn	rule	MED		
געט	4	ɡɛt	rule	MED		
געטייטשט	4	ɡətˈajʧt	rule	MED		
געטיילט	4	ɡətˈajlt	rule	MED		
געסטראשעט	4	ɡəstrˈaʃət	rule	LOW		
געריכטן	4	ɡərˈixtn	rule	MED		
געשטארבן	4	ɡəʃtˈarbn	rule	LOW		
געשיינט	4	ɡəʃˈajnt	rule	MED		
געשלאגן	4	ɡəʃlˈuɡn	lexicon	MED		
געשריגן	4	ɡəʃrˈiɡn	rule	MED		
גראד	4	ɡrad	rule	LOW		
גרויסן	4	ɡrɔjsn	rule	MED		
גרינג	4	ɡrinɡ	rule	MED		
גרעניץ	4	ɡrˈɛniʦ	rule	MED		
גשמיות	4	ɡaʃmˈijus	rule	LOW		
דאווענט	4	davˈɛnt	rule	LOW		
דאורייתא	4	dəɔjrˈaːsə	printed-index	MED	dəɔjrˈaːsə	דעוירײַסע
דאלארן	4	dˈalarn	rule	LOW		
דאן	4	dan	lexicon	HIGH		
דאנקען	4	dˈankən	rule	LOW		
דאקומענטן	4	dˈakiməntn	rule	LOW		
דבוק	4	dbik	rule	MED		
דוחה	4	dˈɔjxə	rule	LOW		
דומה	4	dˈimə	rule	MED		
דורכצופירן	4	dˈirxʦifirn	rule	LOW		
דייקא	4	dˈajka	rule	LOW		
דינא	4	dˈina	rule	LOW		
דינט	4	dint	rule	MED		
דכתיב	4	dˈixsiv	rule	LOW		
דמאיר	4	dmaːr	rule	LOW		
דנחמתא	4	dnəxəmˈusu	rule	LOW		
דעביט	4	dˈɛbit	rule	MED		
דעקל	4	dɛkl	rule	MED		
דערביי	4	dərbˈaː	rule	MED		
דערגרייכט	4	dərɡrˈajxt	rule	MED		
דערויף	4	dˈɛroʊf	lexicon	HIGH		
דעריבער	4	dˈɛribər	rule	MED		
דערין	4	dərˈin	rule	MED		
דעת	4	dˈaas	printed-index	MED	dˈaas	דאַאַס
"דצ""ך"	4	dˈuləd ʦˈadik xuf	rule	LOW		
דרבנן	4	drabˈunun	rule	LOW		
דרום	4	dˈurəm	printed-index	MED	drim	דאָרעם
דרעזנער	4	drˈɛznər	rule	MED		
הִבִּיט	4	hˈibit	rule	MED		
הָרְאֵתָ	4	hurˈajsu	rule	LOW		
האדם	4	hadm	rule	LOW		
האום	4	him	rule	LOW		
האוקול	4	hˈikil	rule	LOW		
האנדל	4	handl	rule	LOW		
האנדלען	4	hˈandlən	rule	LOW		
הבא	4	hba	rule	LOW		
הבאים	4	hbaːm	rule	LOW		
הבטחה	4	haftˈuxə	printed-index	MED	haftˈuxə	האַפֿטאָכע
הבירה	4	hbˈirə	rule	MED		
הגדול	4	hɡdil	rule	MED		
הגם	4	hˈaɡam	rule	LOW		
הדין	4	hdin	rule	MED		
הוה	4	hi	rule	MED		
הויפן	4	hoʊfn	lexicon	HIGH		
הזמנים	4	hzmnim	rule	MED		
החלטה	4	hˈixltə	rule	LOW		
החרדית	4	haxarˈajdis	rule	LOW		
הייבן	4	hajbn	rule	MED		
היים	4	hajm	rule	MED		
היימיש	4	hˈajmiʃ	rule	MED		
היימישן	4	hˈajmiʃn	rule	MED		
הייס	4	hajs	rule	MED		
היכל	4	hajxl	printed-index	MED	hixl	הייכל
הכבוד	4	hxbid	rule	MED		
הכנות	4	hakˈanɔjs	rule	LOW		
הכשרות	4	hakʃˈajrɔjs	rule	LOW		
הכתוב	4	hakˈusiv	rule	LOW		
המדבר	4	hamˈidbur	rule	LOW		
העכער	4	hˈɛxər	rule	MED		
העלא	4	hˈɛla	rule	LOW		
הענגען	4	hˈɛnɡən	rule	MED		
העניך	4	hˈɛnix	rule	MED		
הערשל	4	hɛrʃl	rule	MED		
הקהל	4	hakˈuhul	rule	LOW		
הקן	4	hˈakajn	rule	LOW		
הרי	4	hri	rule	MED		
השני	4	hʃni	rule	MED		
התעוררות	4	hisəˈɔjrris	rule	LOW		
וְהָיִיתָ	4	vəhujˈisu	rule	LOW		
וּמְשׂוֹשׂ	4	ˈimsɔjs	rule	MED		
ואחד	4	vˈɛxud	rule	LOW		
ואני	4	ˈiani	rule	LOW		
ואת	4	vɛs	rule	LOW		
ואתם	4	vˈatəm	rule	LOW		
ובר	4	ibr	rule	MED		
וואויל	4	vɔjl	rule	LOW		
וואונטשן	4	vinʧn	rule	LOW		
וואנט	4	vant	rule	LOW		
וואקס	4	vaks	rule	LOW		
ווארפט	4	varft	rule	LOW		
וואשן	4	vaʃn	rule	LOW		
וויזשניצער	4	vˈiʒniʦər	rule	MED		
וויי	4	vaj	rule	MED		
וויירוס	4	vˈajris	rule	MED		
ווילט	4	vilt	rule	MED		
ווינטער	4	vˈintər	rule	MED		
וועלטן	4	vɛltn	rule	MED		
ויאמר	4	ˈɔjamr	rule	LOW		
ויודוך	4	ˈɔjidix	rule	MED		
ויכל	4	ɔjxl	rule	MED		
וכדומה	4	ˈixdimə	rule	MED		
ולמד	4	ilmd	rule	MED		
ולעבדו	4	ˈiləbdi	rule	MED		
ומשם	4	imʃm	rule	MED		
ונצליח	4	vnaʦlˈixa	rule	LOW		
ועוג	4	ˈiəiɡ	rule	MED		
וקדוש	4	ˈikdiʃ	rule	MED		
ושבת	4	ˈiʃabəs	rule	LOW		
ושמחת	4	vəsumˈaxtu	rule	LOW		
זאגנדיג	4	zˈaɡndiɡ	rule	LOW		
זיסן	4	zisn	rule	MED		
זכותים	4	zxˈisim	rule	LOW		
זלמן	4	zˈalmən	printed-index	MED	zˈalmən	זאַלמען
זמרו	4	zmri	rule	MED		
זנב	4	zˈunəv	printed-index	MED	zˈunəv	זאָנעוו
זעלבער	4	zˈɛlbər	rule	MED		
זערא	4	zˈɛra	rule	LOW		
חָתָן	4	xusn	lexicon	HIGH	xusn	כאָסן
חבירו	4	xavˈajrɔj	rule	LOW		
חברה	4	xˈɛvrə	lexicon	HIGH		
חברינו	4	xavajrˈajnu	rule	LOW		
חוב	4	xɔjv	rule	LOW		
חומש	4	xˈiməʃ	printed-index	MED	xˈiməʃ	כומעש
חומת	4	xˈɔjmas	rule	LOW		
חוק	4	xuk	printed-index	MED	xuk	כאָק
חזק	4	xˈazak	printed-index	MED	xˈazak	כאַזאַק
חטאנו	4	xutˈuni	rule	LOW		
חיי	4	xˈajaj	rule	LOW		
חן	4	xajn	lexicon	HIGH	xajn	כיין
חסדו	4	xˈasdɔj	rule	LOW		
חסידות	4	xˈusidis	rule	LOW		
חרדישן	4	xrdiʃn	fallback	LOW		
טאנא	4	tˈana	rule	LOW		
טאנטע	4	tˈantə	rule	LOW		
טאנקער	4	tˈankər	rule	LOW		
טויטע	4	tˈɔjtə	rule	MED		
טויש	4	tɔjʃ	rule	MED		
טומאן	4	tˈiman	rule	LOW		
טור	4	tir	rule	MED		
טיגער	4	tˈiɡər	rule	MED		
טייער	4	tˈajər	rule	MED		
טיפער	4	tˈifər	rule	LOW		
טעיל	4	tajl	rule	MED		
טענדלער	4	tˈɛndlər	rule	MED		
טענה	4	tˈaːnə	printed-index	MED	tˈɛnə	טײַנע
טעריטאריע	4	tˈɛritariə	rule	LOW		
טרעילער	4	trˈajlər	rule	MED		
טשערנאבלער	4	ʧˈɛrnablər	rule	LOW		
"י""ב"	4	jid bajs	rule	LOW		
"י""ז"	4	jid zˈajən	rule	LOW		
יִשְׂרָאֵל	4	jisrˈuəl	lexicon	HIGH		
יַכְּכָה	4	jakˈɛku	printed-index	MED	jˈakxə	יאַקעקאָ
יאנקעלע	4	jˈankələ	rule	LOW		
יאסל	4	jasl	rule	LOW		
יארקער	4	jˈarkər	rule	LOW		
ידועים	4	ˈidiajm	rule	MED		
ידח	4	jˈidax	rule	LOW		
ידידי	4	jədˈidi	printed-index	MED	ˈididi	יעדידי
יואלי	4	jˈiali	rule	LOW		
יודע	4	jədˈajə	printed-index	MED	jˈidə	יעדייע
יונג	4	jinɡ	rule	MED		
יונגער	4	jˈinɡər	rule	MED		
יוצא	4	jˈɔjʦə	printed-index	MED	jˈiʦa	יויצע
יחיד	4	jˈuxid	rule	LOW		
ימיו	4	ˈimji	rule	MED		
ימלא	4	ˈimla	rule	LOW		
יקח	4	jˈikax	rule	LOW		
יראה	4	ˈira	rule	LOW		
ירדן	4	jardn	printed-index	MED	irdn	יאַרדן
ירושה	4	jərˈiʃə	printed-index	MED	ˈiriʃə	יערושע
ישיב	4	ˈiʃib	rule	MED		
יתברך	4	jisbˈurax	rule	LOW		
כ	4	kɔj	rule	LOW		
כָּל	4	kɔl	lexicon	HIGH		
כַּלָּה	4	kˈalə	lexicon	HIGH	kˈalə	קאַלע
כבודו	4	xbˈidi	rule	MED		
כלם	4	xlm	fallback	LOW		
כמו	4	kmɔj	printed-index	MED	xmi	קמוי
כסדר	4	kasˈajdɛr	rule	LOW		
כשם	4	kʃajm	rule	LOW		
"ל""ע"	4	lˈaməd ˈajən	rule	LOW		
לְבַבְכֶם	4	lvˈavxəm	rule	LOW		
לְבָבְךָ	4	lvˈuvxu	rule	LOW		
לִי	4	li	rule	MED		
לאטעס	4	lˈatəs	rule	LOW		
לאלוקים	4	lˈalikim	rule	LOW		
לבן	4	lˈuvun	rule	LOW		
לחי	4	lxi	rule	LOW		
ליגן	4	liɡn	rule	MED		
לידי	4	lˈidi	rule	MED		
ליסקא	4	lˈiska	rule	LOW		
לכה	4	lxə	rule	LOW		
לעבעדיגע	4	lˈɛbədiɡə	rule	MED		
לעגא	4	lˈɛɡa	rule	LOW		
לעצטיגע	4	lˈɛʦtiɡə	rule	MED		
לפי	4	lˈɛfi	printed-index	MED	lfi	לעפֿי
לרוכב	4	lrixb	rule	MED		
לשונו	4	lʃˈini	rule	MED		
לשונות	4	lʃˈɔjnɔjs	rule	LOW		
לשמע	4	lʃmə	rule	MED		
מ'בויעט	4	mbˈɔjət	rule	MED		
מ'געדענקט	4	mɡədˈɛnkt	rule	MED		
מ'דאוונט	4	mdavnt	rule	LOW		
מ'זינגט	4	mzinɡt	rule	MED		
מ'טרעפט	4	mtrɛft	rule	LOW		
מ'ליינט	4	mlajnt	rule	MED		
מ'פארציילט	4	mfarʦˈajlt	rule	LOW		
מְשֻׁגָּע	4	mʃˈiɡu	rule	MED		
מֹשֶׁה	4	mˈɔjʃə	lexicon	HIGH		
מאנטריאל	4	mˈantrial	rule	LOW		
מארקעט	4	mˈarkət	rule	LOW		
מאשין	4	mˈaʃin	rule	LOW		
מבין	4	majvn	printed-index	MED	mbin	מייוון
מגילת	4	mɡˈilas	rule	LOW		
מדבר	4	mədˈabajr	rule	LOW		
"מהרש""א"	4	mahˈarʃə	lexicon	LOW		
מוסדות	4	mˈɔjzdəs	lexicon	HIGH		
מושג	4	miʒɡ	rule	MED		
מחוטב	4	mxitb	fallback	LOW		
מחזורים	4	maxazˈɔjrim	rule	LOW		
מחיצה	4	məxˈiʦə	printed-index	MED	məxˈiʦə	מעכיצע
מחשבות	4	mˈaxʃəvɔjs	rule	LOW		
מיטגעמאכט	4	mˈitɡəmaxt	rule	MED		
מיינסט	4	majnst	rule	MED		
מימיך	4	mˈimix	rule	MED		
מיסיל	4	mˈisil	rule	MED		
מירון	4	mˈirin	rule	MED		
מלכות	4	mˈalxis	rule	LOW		
ממעטין	4	mmˈɛtin	rule	MED		
מנוחה	4	mnˈixə	rule	LOW		
מנחת	4	mˈinxas	rule	LOW		
מנשה	4	mnˈaʃə	rule	LOW		
מסיים	4	msajm	rule	MED		
מסכים	4	mˈaskəm	printed-index	MED	msxim	מאַסקעם
מעגליכקייט	4	mˈɛɡlixkaːt	rule	MED		
מעורר	4	mˈɛirr	rule	MED		
מעלת	4	maˈalas	rule	LOW		
מענדעלע	4	mˈɛndələ	rule	MED		
מצדיק	4	mʦdik	rule	MED		
מצפה	4	miʦˈapə	rule	LOW		
מקרה	4	mˈikrə	rule	LOW		
מרבין	4	mrbin	rule	MED		
מרגיש	4	mrɡiʃ	rule	MED		
משגיח	4	maʃɡˈixa	rule	LOW		
משוגענער	4	məʃˈiɡənər	printed-index	MED	mʃˈiɡənər	מעשוגענער
משולח	4	mʃˈilux	rule	LOW		
משלים	4	mʃlim	rule	MED		
משפחת	4	miʃpˈaxas	rule	LOW		
מתים	4	mˈajsim	rule	LOW		
נ	4	nin	rule	LOW	nin	נון
נִצָּבִים	4	niʦˈuvim	printed-index	MED	nˈiʦuvim	ניצאָווים
נא	4	na	rule	LOW		
נאו	4	ni	rule	LOW		
"נאט""א"	4	nin ˈaləf tɛs ˈaləf	rule	LOW		
נאצי	4	nˈaʦi	rule	LOW		
נאציאנאלע	4	nˈaʦianalə	rule	LOW		
נארמאל	4	nˈarmal	rule	LOW		
נגאלים	4	nɡˈalim	rule	LOW		
נדח	4	ndx	fallback	LOW		
נדרי	4	ndri	rule	MED		
נוסח	4	nˈisax	rule	LOW		
נורא	4	nˈira	rule	LOW		
נושאים	4	nˈɔjsim	printed-index	MED	nˈiʃaːm	נויסים
נותן	4	nˈɔjsajn	rule	LOW		
נטויה	4	ntˈɔjə	rule	MED		
ניינציג	4	nˈajnʦiɡ	rule	MED		
ניצוצות	4	niʦˈɔjʦɔjs	rule	LOW		
נמי	4	nmi	rule	MED		
נפשך	4	nˈafʃəxu	rule	LOW		
נפתלי'טשע	4	nfslˈiʧə	fallback	LOW		
ס'כאפט	4	sxɔft	rule	MED		
ס'קאסט	4	skɔst	rule	MED		
סאלאנטער	4	salˈantər	rule	LOW		
סווימינג	4	svˈiminɡ	rule	MED		
סורדזשערי	4	sˈirʤəri	rule	MED		
סטאק	4	stak	rule	LOW		
סטארי	4	stˈari	rule	LOW		
סטראטעגישע	4	strˈatəɡiʃə	rule	LOW		
סידי	4	sˈidi	rule	MED		
סיחון	4	sˈixɔjn	rule	LOW		
סייבער	4	sˈajbər	rule	MED		
סיעתא	4	sijˈatu	rule	LOW		
סיפור	4	sˈipər	printed-index	MED	sifˈir	סיפּער
סכך	4	sxax	printed-index	MED	sxax	סכאַך
סענאטאר	4	sˈɛnatar	rule	LOW		
סעקיוריטי	4	sˈɛkjiriti	rule	MED		
ספרי	4	sfri	rule	LOW		
עָמָל	4	ˈumul	rule	MED		
עָרְלַת	4	ˈurlas	rule	LOW		
עגונה	4	aɡˈinə	printed-index	MED	ˈɛɡinə	אַגונע
עגמת	4	ˈuɡmas	rule	LOW		
עוֹד	4	ɔjd	rule	MED		
עולמים	4	ˈilmim	rule	MED		
עכבו	4	ˈɛxbi	rule	MED		
עלי	4	ˈɛli	rule	MED		
עליהם	4	ˈɛlim	rule	MED		
עליונים	4	ˈɛljinim	rule	MED		
עלף	4	ɛlf	rule	LOW		
עמדי	4	ˈɛmdi	rule	MED		
ענני	4	ˈɛnni	rule	MED		
עספער	4	ˈɛsfər	rule	LOW		
עצים	4	ˈɛʦim	rule	MED		
עקל	4	ɛkl	rule	MED		
ערלויבן	4	ˈɛrlɔjbn	rule	MED		
ערער	4	ˈɛrər	rule	MED		
עשרת	4	asˈɛrɛs	rule	LOW		
פאלט	4	falt	rule	LOW		
פאסירן	4	fˈasirn	rule	LOW		
פאקט	4	pakt	lexicon	MED		
פאראויס	4	farˈoʊs	rule	MED		
פארבינדונג	4	farbˈindinɡ	rule	LOW		
פארגעשריטענע	4	farɡəʃrˈitənə	rule	LOW		
פארזוך	4	farzˈix	rule	LOW		
פארטרעט	4	fartrˈɛt	rule	LOW		
פארלאזן	4	farlˈuzn	rule	MED		
פארלאנגט	4	farlˈanɡt	rule	LOW		
פארלירן	4	farlˈirn	rule	LOW		
פארמאגט	4	farmˈaɡt	rule	LOW		
פארמישט	4	farmˈiʃt	rule	LOW		
פארצייל	4	farʦˈajl	rule	LOW		
פארקומען	4	farkˈimən	rule	MED		
פארשטייסטו	4	farʃtˈajsti	rule	LOW		
פארשלאפן	4	farʃlˈufn	rule	MED		
פה	4	pˈɔjə	rule	LOW		
פטירה	4	ptˈirə	lexicon	MED		
פיטש	4	fiʧ	rule	LOW		
פילט	4	filt	rule	LOW		
פירער	4	fˈirər	rule	LOW		
פליגערס	4	flˈiɡərs	rule	LOW		
פליט	4	pˈulət	printed-index	MED	flit	פּאָלעט
פלענער	4	plˈɛnər	lexicon	MED		
פעזעשקיאן	4	fˈɛzəʃkian	rule	LOW		
פעסט	4	fɛst	rule	LOW		
פערדעלע	4	fˈɛrdələ	rule	LOW		
פערטע	4	fˈɛrtə	rule	LOW		
פראיעקט	4	frˈaːəkt	rule	LOW		
פראפערטי	4	frˈafərti	rule	LOW		
פרומער	4	frˈimər	rule	LOW		
פריוואט	4	frˈivat	rule	LOW		
פרייליכע	4	frˈajləxə	rule	LOW		
פריינד	4	fraːnd	lexicon	HIGH		
פרעזענט	4	frəzˈɛnt	rule	LOW		
צ	4	ʦˈadək	rule	LOW	ʦˈadək	צאַדעק
צדק	4	ʦˈɛdək	rule	LOW		
צוגעוואוינט	4	ʦˈiɡəvɔjnt	rule	LOW		
צודרייטער	4	ʦˈidrajtər	rule	MED		
צוהאקן	4	ʦˈihakn	rule	LOW		
צוואה	4	ʦavˈuə	printed-index	MED	ʦva	צאַוואָע
צוזאמגענומען	4	ʦˈizamɡənimən	rule	LOW		
צונג	4	ʦinɡ	rule	MED		
צורה	4	ʦˈirə	lexicon	HIGH	ʦˈirə	צורע
צוריקציען	4	ʦirˈikʦiən	rule	MED		
ציגן	4	ʦiɡn	rule	MED		
ציווילע	4	ʦˈivilə	rule	MED		
ציל	4	ʦil	rule	MED		
צלמות	4	ʦlmis	fallback	LOW		
צפת	4	ʦfas	rule	LOW		
צרה	4	ʦˈurə	rule	LOW		
צריכים	4	ʦrˈixim	rule	MED		
צרכים	4	ʦrxim	rule	MED		
קאאפערירן	4	kˈaafərirn	rule	LOW		
קאזין	4	kˈazin	rule	LOW		
קאלט	4	kalt	rule	LOW		
קאנסטראקשן	4	kˈanstrakʃn	rule	LOW		
קאנפידענץ	4	kanfidˈɛnʦ	rule	LOW		
קאנפליקט	4	kˈanflikt	rule	LOW		
קודשא	4	kˈidʃa	rule	LOW		
קוואליטעט	4	kvˈalitət	rule	LOW		
קווייט	4	kvajt	rule	MED		
קוים	4	kɔjm	rule	MED		
קומסט	4	kimst	rule	MED		
קינה	4	kˈinə	printed-index	MED	kˈinə	קינע
קינות	4	kˈinɔjs	rule	LOW		
קן	4	kɛn	rule	LOW		
קערט	4	kɛrt	rule	MED		
קערל	4	kɛrl	rule	MED		
קרבן	4	kurbn	printed-index	MED	kurbn	קאָרבן
רָאָה	4	rˈɛaj	printed-index	MED	rˈuə	רעיי
ראגאטשאווער	4	rˈaɡaʧavər	rule	LOW		
ראשיכם	4	rˈaʃixm	rule	LOW		
רום	4	rim	rule	MED		
רונדע	4	rˈində	rule	MED		
רוק	4	rik	rule	MED		
ריכטיגער	4	rˈixtiɡər	rule	MED		
"רמב""ן"	4	rˈamban	lexicon	LOW		
רעאגירן	4	rˈɛaɡirn	rule	LOW		
רעאקציע	4	rˈɛakʦiə	rule	LOW		
רשעות	4	rʃˈɛis	rule	LOW		
שאינו	4	ʃˈaːni	rule	LOW		
שאנו	4	ʃˈani	rule	LOW		
שארית	4	ʃˈajris	rule	LOW		
שארף	4	ʃarf	rule	LOW		
שבטיכם	4	ʒbtixm	rule	MED		
שדכנים	4	ʒdxnim	rule	MED		
שואב	4	ʃˈiab	rule	LOW		
שוואגער	4	ʃvˈaɡər	rule	LOW		
שווארצע	4	ʃvˈarʦə	rule	LOW		
שוויגער	4	ʃvˈiɡər	rule	MED		
שונא	4	sˈɔjnə	printed-index	MED	ʃˈina	סוינע
שופט	4	ʃˈɔjfət	printed-index	MED	ʃift	שויפֿעט
שחיטה	4	ʃxˈitə	rule	LOW		
שטורעם	4	ʃtˈirəm	rule	MED		
שטייף	4	ʃtajf	rule	LOW		
שטימט	4	ʃtimt	rule	MED		
שטיקלעך	4	ʃtˈikləx	rule	MED		
שטעטל	4	ʃtɛtl	rule	MED		
שטעקן	4	ʃtɛkn	rule	MED		
שיהיה	4	ʃˈihi	rule	MED		
שילוח	4	ʃilˈixa	rule	LOW		
שכל	4	sajxl	lexicon	HIGH	sajxl	סייכל
שכן	4	ʃuxn	printed-index	MED	ʃˈuxajn	שאָכן
שלוחים	4	ʃlˈixim	rule	LOW		
שלעכטע	4	ʃlˈɛxtə	rule	MED		
שלעסקי	4	ʃlˈɛski	rule	MED		
שלעפט	4	ʃlɛpt	lexicon	MED		
שמך	4	ʃˈimxu	rule	LOW		
שניידט	4	ʃnajdt	rule	MED		
שנת	4	ʃnas	rule	LOW		
שעמען	4	ʃˈɛmən	rule	MED		
שפיאנאזש	4	ʃpˈianaʒ	rule	LOW		
שפיל	4	ʃpil	rule	LOW		
שפילן	4	ʃpiln	rule	LOW		
שקא	4	ʃka	rule	LOW		
ת	4	tuf	rule	LOW	tuf	טאָף
תחנון	4	tˈaxnən	printed-index	MED	tˈaxnən	טאַכנען
תמוז	4	tˈamiz	rule	LOW		
תן	4	tɛn	rule	LOW		
תנא	4	tˈunu	rule	LOW		
תצליח	4	sʦlix	fallback	LOW		
תקוה	4	tˈikvə	rule	LOW		
תקנה	4	tˈiknə	rule	LOW		
תשכיל	4	sʃxil	fallback	LOW		
אֱלֹהָיִךְ	3	ˈɛlɔjhix	rule	MED		
אִישׁ	3	iʃ	printed-index	MED	iʃ	איש
אִם	3	im	printed-index	MED	im	אים
אֶל	3	ɛl	rule	MED		
אגענטן	3	ˈaɡəntn	rule	LOW		
אגרא	3	ˈaɡra	rule	LOW		
אדורכגעגאנגען	3	adˈirxɡəɡanɡən	rule	LOW		
אהבת	3	ˈahavas	lexicon	HIGH		
אהערגעשטעלט	3	ahˈɛrɡəʃtəlt	rule	LOW		
אוֹ	3	ɔj	rule	LOW		
אוועקגעגאנגען	3	avˈɛkɡəɡanɡən	rule	MED		
אוועקשטעלן	3	avˈɛkʃtəln	rule	LOW		
אויגוסט	3	ˈɔjɡist	rule	LOW		
אויטא	3	ˈɔjta	rule	LOW		
אויטאמאטיש	3	ˈɔjtamatiʃ	rule	LOW		
אויסגיסן	3	ˈoʊzɡisn	rule	LOW		
אויסגעלייזט	3	ˈoʊzɡəlajzt	rule	LOW		
אויסגעשטרעקט	3	ˈoʊzɡəʃtrəkt	rule	LOW		
אויסלייזן	3	ˈoʊslajzn	rule	LOW		
אויסשמועסן	3	ˈoʊsʃmiəsn	rule	LOW		
אויפגעברענגט	3	ˈoʊfɡəbrənɡt	rule	MED		
אויפגעוואקסן	3	ˈɔjfɡəvaksn	rule	LOW		
אויפגעטון	3	ˈoʊfɡətin	rule	MED		
אויפוועקן	3	ˈɔjfvəkn	rule	LOW		
אויפמאכן	3	ˈoʊfmaxn	rule	MED		
אויפנעמען	3	ˈoʊfnəmən	rule	MED		
אויפרייס	3	ˈɔjfrajs	rule	LOW		
אויש	3	oʊʃ	rule	LOW		
אוכל	3	ixl	rule	LOW		
אולי	3	ˈili	rule	LOW		
אומצוברענגען	3	ˈimʦibrənɡən	rule	LOW		
אונטער'ן	3	ˈintərn	rule	LOW		
אוצר	3	ˈɔjʦər	printed-index	MED	iʦr	אויצער
אחוה	3	ˈaxi	fallback	LOW		
אטאקירט	3	ˈatakirt	rule	LOW		
אטעמען	3	ˈatəmən	rule	LOW		
איבערגעגעבן	3	ˈibərɡəɡejbn	rule	MED		
איבערהויפט	3	ˈibərhɔjft	rule	LOW		
איבריגע	3	ˈibriɡə	rule	LOW		
אידעלעך	3	ˈidələx	rule	LOW		
אייבערשטער'ס	3	ˈajbərʃtərs	rule	LOW		
איילבירטן	3	ˈajlbirtn	rule	LOW		
איינקויפן	3	ˈaːnkɔjfn	rule	MED		
אייס	3	ajs	rule	LOW		
אייסיס	3	ˈajsis	rule	LOW		
אייערע	3	ˈajərə	rule	LOW		
אייראפעאישע	3	ˈajrafəaːʃə	rule	LOW		
איכה	3	ˈixu	lexicon	MED		
אימיגראנטן	3	ˈimiɡrantn	rule	LOW		
אימעיל	3	imˈejl	lexicon	HIGH		
אינו	3	ˈini	rule	LOW		
אינטערוויוס	3	ˈintərvjis	rule	LOW		
אינערהאלב	3	ˈinərhalb	rule	LOW		
אינפראסטרוקטור	3	infrastriktˈir	rule	LOW		
אירא	3	ˈira	rule	LOW		
אכצן	3	axʦn	rule	LOW		
"אל""ף"	3	ˈaləf	rule	LOW		
אלחנן	3	əlxˈunun	rule	LOW		
אלך	3	alx	rule	LOW		
אלקה	3	ˈalkə	rule	LOW		
אמאן	3	ˈaman	rule	LOW		
אמבולאנס	3	ˈambilans	rule	LOW		
אמת'דיג	3	ˈɛməzdiɡ	rule	LOW		
אנגעגאנגען	3	ˈunɡəɡanɡən	rule	MED		
אנדזשעלעס	3	ˈanʤələs	rule	LOW		
אנהאלטן	3	ˈunhaltn	rule	MED		
אנזאגן	3	ˈunzuɡn	lexicon	HIGH		
אנטי	3	ˈanti	rule	LOW		
אנפילן	3	ˈanfiln	rule	LOW		
אנצינדן	3	ˈanʦindn	rule	LOW		
אנקוקן	3	ˈankikn	rule	LOW		
אסיפה	3	asˈifə	printed-index	MED	ˈasifə	אַסיפֿע
אפגערעדט	3	ˈupɡərədt	rule	MED		
אפגעשטופט	3	ˈɔpɡəʃtift	rule	LOW		
אפגעשיקט	3	ˈɔpɡəʃikt	rule	LOW		
אפטיילן	3	ˈaftajln	rule	LOW		
אפלאכן	3	ˈaflaxn	rule	LOW		
אפרים	3	əfrˈujim	printed-index	MED	ˈafrim	עפֿראָי*ם
אראפגעקומען	3	arˈupɡəkimən	rule	MED		
אראפגעשריבן	3	arˈupɡəʃribn	rule	MED		
אראפלייגן	3	arˈuplajɡn	rule	MED		
ארבעטערס	3	ˈarbətərs	rule	LOW		
ארויסגעבן	3	arˈoʊzɡəbən	rule	MED		
ארויסגעדרייט	3	arˈoʊzɡədrajt	rule	LOW		
ארויסצוגיין	3	arˈoʊsʦiɡajn	rule	LOW		
ארויסשטעלן	3	arˈoʊsʃtəln	rule	LOW		
ארויפגעקומען	3	arˈoʊfɡəkimən	rule	MED		
ארוך	3	ˈarix	rule	LOW		
ארטיגע	3	ˈartiɡə	rule	LOW		
ארטיקל	3	ˈartikl	rule	LOW		
ארטסקראל	3	ˈarʦkral	rule	LOW		
אריה	3	arˈiə	printed-index	MED	ˈari	אַריע
אריינגעפאלן	3	arˈaːnɡəfaln	rule	LOW		
אריינגערופן	3	arˈaːnɡərifn	rule	MED		
אריינגעשטעלט	3	arˈaːnɡəʃtəlt	rule	LOW		
אריינצולייגן	3	arˈaːnʦilajɡn	rule	LOW		
אריינקוקן	3	arˈaːnkikn	rule	LOW		
אריינרוקן	3	arˈaːnrikn	rule	LOW		
אריכות	3	arˈixis	rule	LOW		
אשא	3	ˈaʃa	rule	LOW		
אשת	3	ˈajʃəs	rule	LOW		
אתן	3	asn	fallback	LOW		
בָּכֶם	3	bˈuxəm	rule	LOW		
בּוֹ	3	bɔj	rule	MED		
באבוב'ער	3	babˈibər	rule	LOW		
באגעגנט	3	baɡˈɛɡnt	rule	LOW		
באדאנקען	3	badˈankən	rule	LOW		
באדייט	3	badˈajt	rule	LOW		
באדן	3	badn	rule	LOW		
באהאלטסטו	3	bahˈalʦti	rule	LOW		
באוואוסט	3	bavˈist	rule	LOW		
באווארפן	3	bavˈarfn	rule	LOW		
באווייזן	3	bavˈajzn	rule	LOW		
באור	3	bir	rule	LOW		
באזארגט	3	bazˈarɡt	rule	LOW		
באזונדערע	3	bazˈindərə	rule	LOW		
באזעס	3	bazˈɛs	rule	LOW		
"באח""ב"	3	bajs ˈaləf xɛs bajs	rule	LOW		
באטלן	3	batln	rule	LOW		
באניע	3	banˈiə	rule	LOW		
באנק	3	bank	rule	LOW		
באנקעס	3	bankˈɛs	rule	LOW		
באקוועמע	3	bakvˈɛmə	rule	LOW		
באקומסטו	3	bakˈimsti	rule	LOW		
באשולדיגונג	3	baʃˈildiɡinɡ	rule	LOW		
באשטיין	3	baʃtˈajn	rule	MED		
באשטעטיגן	3	baʃtˈɛtiɡn	rule	LOW		
באשטעלן	3	baʃtˈɛln	rule	LOW		
בבוקר	3	bikr	rule	MED		
בביתו	3	bˈisi	fallback	LOW		
בגופו	3	bɡˈifi	rule	LOW		
בגלות	3	bəɡˈuləs	rule	LOW		
בדבר	3	bˈidvur	rule	LOW		
בדרכיו	3	bdrxji	fallback	LOW		
בהיתר	3	bˈɛhətər	printed-index	MED	bˈɛhətər	בעהעטער
בודק	3	bidk	rule	MED		
בויט	3	boʊt	lexicon	HIGH		
בוק	3	bik	rule	MED		
בורא	3	bˈɔjrə	printed-index	MED	bˈira	בוירע
בזה	3	bˈuzə	rule	LOW		
בזמן	3	bˈizman	rule	LOW		
בחינם	3	bəxˈinəm	printed-index	MED	bəxˈinəm	בעכינעם
בטעות	3	btˈuis	rule	LOW		
בי	3	bi	rule	MED		
ביאת	3	bˈias	rule	LOW		
ביד	3	bəˈiad	printed-index	MED	bid	בעיאַד
ביז'ן	3	bizn	rule	MED		
ביימער	3	bˈajmər	rule	MED		
ביליגע	3	bˈiliɡə	rule	MED		
בינאקולאר	3	bˈinakilar	rule	LOW		
בירגערשאפט	3	bˈirɡərʃaft	rule	LOW		
בכבוד	3	bəkˈuvəd	printed-index	MED	bxbid	בעקאָוועד
בכיה	3	bxi	rule	MED		
בלאזט	3	bluzt	lexicon	MED		
בלבו	3	blbi	rule	MED		
בלעקמאן	3	blˈɛkman	rule	LOW		
במנין	3	bmnin	rule	MED		
בניו	3	bnji	rule	MED		
בעיקר	3	bˈɛjikər	printed-index	MED	bajkr	בעי*קער
בעניי	3	bənˈaː	rule	MED		
בענק	3	bɛnk	rule	MED		
בענקל	3	bɛnkl	rule	MED		
בעסערע	3	bˈɛsərə	rule	MED		
בעק	3	bɛk	rule	MED		
בעת	3	bajs	printed-index	MED	bajs	בייס
בעתה	3	bˈituh	rule	LOW		
בפי	3	bfi	rule	LOW		
בקצה	3	bkʦə	fallback	LOW		
בקשה	3	bakˈuʃə	printed-index	MED	bakˈuʃu	באַקאָשע
בקשות	3	bakˈuʃɔjs	rule	LOW		
ברוין	3	brɔjn	rule	MED		
ברוכים	3	brˈixim	rule	MED		
ברחמים	3	braxˈamim	rule	LOW		
בריטישע	3	brˈitiʃə	rule	MED		
ברייט	3	brajt	rule	MED		
ברייטע	3	brˈajtə	rule	MED		
ברק	3	bˈuruk	rule	LOW		
בשבעים	3	bʒbajm	rule	MED		
בשלום	3	bəʃˈuləm	printed-index	MED	bʃlim	בעשאָלעם
גאלדלאנג	3	ɡˈaldlanɡ	rule	LOW		
גאפל	3	ɡafl	rule	LOW		
גארד	3	ɡard	rule	LOW		
גג	3	ɡaɡ	rule	LOW		
גוטסקייט	3	ɡˈiʦkaːt	rule	MED		
גט	3	ɡajt	rule	LOW		
גלייבט	3	ɡlaːbt	lexicon	HIGH		
גליקליך	3	ɡlˈikləx	rule	MED		
גניבה	3	ɡnˈibə	rule	MED		
גע'מל'עט	3	ɡəmlˈɛt	rule	MED		
געגנטער	3	ɡəɡntˈɛr	rule	MED		
געהאלט	3	ɡəhˈalt	rule	MED		
געהאפט	3	ɡəhˈaft	rule	LOW		
געהיימע	3	ɡəhˈajmə	rule	MED		
געוואונדערט	3	ɡəvˈindərt	rule	LOW		
געוואונטשן	3	ɡəvˈinʧn	rule	LOW		
געווין	3	ɡəvˈin	rule	MED		
געזוכט	3	ɡəzˈixt	rule	MED		
געזונטהייט	3	ɡəzˈinthaːt	rule	MED		
געטשעקט	3	ɡəʧˈɛkt	rule	MED		
געלאדנט	3	ɡəlˈadnt	rule	LOW		
געלאכט	3	ɡəlˈaxt	rule	LOW		
געמוזט	3	ɡəmˈizt	rule	MED		
געמוטשעט	3	ɡəmˈiʧət	rule	MED		
גענוי	3	ɡənˈɔj	rule	MED		
גענעראל	3	ɡənˈɛral	rule	LOW		
געענדיגן	3	ɡəˈɛndiɡn	rule	MED		
געפאר	3	ɡəfˈar	rule	LOW		
געפלאנט	3	ɡəflˈant	rule	LOW		
געפראוועט	3	ɡəprˈavət	lexicon	MED		
געצויגן	3	ɡəʦˈɔjɡn	rule	MED		
געקאכט	3	ɡəkˈɔxt	lexicon	HIGH		
געקראכט	3	ɡəkrˈaxt	rule	LOW		
געראנגל	3	ɡərˈanɡl	rule	LOW		
געשאסן	3	ɡəʃˈasn	rule	LOW		
געשמייכלט	3	ɡəʃmˈajxlt	rule	MED		
געשניטן	3	ɡəʃnˈitn	rule	MED		
גרויסקייט	3	ɡrˈɔjskaːt	rule	MED		
גרופן	3	ɡrifn	rule	LOW		
גרין	3	ɡrin	rule	MED		
גרעיט	3	ɡrajt	rule	MED		
גרעסער	3	ɡrˈɛsər	rule	MED		
דאווען	3	dˈavən	rule	LOW		
דוגמא	3	dˈiɡmə	printed-index	MED	dˈiɡma	דוגמע
דוד'ל	3	didl	rule	MED		
דופק	3	dˈɔjfək	printed-index	MED	difk	דויפֿעק
דורכפירן	3	dˈirxfirn	rule	LOW		
דורש	3	dirʃ	rule	MED		
דזשאדזשן	3	ʤaʤn	rule	LOW		
דזשאני	3	ʤˈani	rule	LOW		
דזשאסטיס	3	ʤˈastis	rule	LOW		
דזשענעראל	3	ʤˈɛnəral	rule	LOW		
דזשערסי	3	ʤˈɛrsi	rule	MED		
דייטש	3	dajʧ	rule	MED		
דינטשיגע	3	dˈinʧiɡə	rule	MED		
דינער	3	dˈinər	rule	MED		
דיפלאמאטישע	3	dˈiflamatiʃə	rule	LOW		
דירות	3	dirˈuɔjs	rule	LOW		
דירעקט	3	dˈirəkt	rule	MED		
דכלה	3	dxˈalə	rule	LOW		
דמיון	3	dˈimiən	printed-index	MED	dmjin	דימיען
דמלכא	3	dmlxa	rule	LOW		
דעה	3	dˈajə	printed-index	MED	dɛ	דייע
דערהויבענע	3	dˈɛrhɔjbənə	rule	MED		
דערפאר	3	dərfˈar	rule	MED		
דערקעגן	3	dərkˈejɡn	rule	MED		
דעתי	3	dˈati	rule	LOW		
דרישה	3	drˈiʃə	rule	MED		
דרשה	3	drˈuʃə	rule	LOW		
דרשות	3	drˈuʃɔjs	rule	LOW		
הַזֹּאת	3	hˈazɔjs	rule	LOW		
הָעָם	3	hum	rule	MED		
הא	3	haj	printed-index	MED	ha	היי
האי	3	haː	rule	LOW		
האס	3	has	rule	LOW		
האפט	3	haft	rule	LOW		
הארבער	3	hˈarbər	rule	LOW		
הבו	3	hbi	rule	MED		
הביט	3	hbit	rule	MED		
הגאולה	3	hɡˈilə	rule	LOW		
הגאונים	3	hɡˈinim	rule	LOW		
הדא	3	hda	rule	LOW		
הדורות	3	hadˈɔjrɔjs	rule	LOW		
ההרים	3	hhrim	rule	MED		
הודו	3	hˈidi	rule	MED		
הוט	3	hit	rule	MED		
הוכיחן	3	hˈixixajn	rule	LOW		
הומה	3	hˈimə	rule	MED		
הוראה	3	hɔjrˈuə	printed-index	MED	hˈira	הויראָע
היט	3	hit	rule	MED		
היטן	3	hitn	rule	MED		
הייזער	3	hˈaːzər	lexicon	HIGH		
הלוואי	3	hlvaː	rule	LOW		
המזון	3	hmzin	rule	MED		
המלכות	3	hamˈalxis	rule	LOW		
הן	3	hajn	rule	LOW		
הנהגה	3	hanhˈuɡə	printed-index	MED	hanhˈuɡə	האַנהאָגע
הנני	3	hnni	rule	MED		
הנער	3	hnɛr	rule	MED		
הסדר	3	hasˈajdɛr	rule	LOW		
העמד	3	hɛmd	rule	MED		
הערליך	3	hˈɛrləx	lexicon	HIGH		
הערער	3	hˈɛrər	rule	MED		
העתידה	3	huasˈidu	rule	LOW		
הפלא	3	hfla	rule	LOW		
הפליטה	3	hflˈitə	rule	LOW		
הפרק	3	hfrk	fallback	LOW		
"הקב""ה"	3	haj kif bajs haj	rule	LOW		
הראשון	3	hˈuriʃn	printed-index	MED	hrˈaʃin	האָרישן
הרבי	3	hrbi	rule	MED		
"הרה""ק"	3	haj rajʃ haj kif	rule	LOW		
הרחבת	3	harxˈuvas	rule	LOW		
השמח	3	hasumˈajxa	rule	LOW		
התועים	3	hsˈiajm	fallback	LOW		
וְאֵת	3	vajs	rule	LOW		
וַיֵּלֶךְ	3	vaˈajiləx	printed-index	MED	vˈaajləx	וואַייילעך
וּמַלְתֶּם	3	imˈaltəm	rule	LOW		
וּמָל	3	ˈimul	rule	MED		
וּמוֹאָבִי	3	ˈimɔjubi	rule	MED		
ואבותינו	3	vaavɔjsˈajni	rule	LOW		
ואל	3	ˈial	rule	LOW		
ואמן	3	ˈiamn	rule	LOW		
ובא	3	ˈiba	rule	LOW		
ודעת	3	vədˈaas	rule	LOW		
וה	3	i	rule	MED		
והבדילנו	3	ˈibdilni	rule	MED		
והודיע	3	ˈihidiə	rule	MED		
והושיענו	3	ˈihiʃiəni	rule	MED		
והחמה	3	ˈixmə	fallback	LOW		
והקדוש	3	ˈikdiʃ	rule	MED		
וואויסמעיל	3	vˈɔjsmajl	rule	LOW		
וואלסטו	3	vˈalsti	rule	LOW		
וואספארא	3	vˈasfara	rule	LOW		
וואפן	3	vafn	rule	LOW		
וואקאציע	3	vˈakaʦiə	rule	LOW		
ווארטזאגער	3	vˈartzaɡər	rule	LOW		
ווארטסט	3	varʦt	rule	LOW		
וויטאקער	3	vˈitakər	rule	LOW		
ווייטע	3	vˈaːtə	lexicon	HIGH		
ווייטערדיגע	3	vˈajtərdiɡə	rule	MED		
ווייניג	3	vˈajniɡ	rule	MED		
ווינטערדיגע	3	vˈintərdiɡə	rule	MED		
ווינער	3	vˈinər	rule	MED		
ווינקל	3	vinkl	rule	MED		
ווינקלער	3	vˈinklər	rule	MED		
וועכנטליכע	3	vˈɛxntləxə	rule	MED		
ווערטלעך	3	vˈɛrtləx	rule	MED		
וחוזר	3	vxˈɔjzajr	rule	LOW		
ויהי	3	vˈaːhi	printed-index	MED	ˈɔjhi	ווײַהי
ויפק	3	ɔjfk	rule	LOW		
וירא	3	vaajˈirə	printed-index	MED	ˈɔjra	וואַייירע
וכך	3	ix	rule	MED		
ולמה	3	ˈilmə	rule	MED		
ומה	3	ˈimə	rule	MED		
ומוכיחו	3	ˈimixixi	fallback	LOW		
ומצאוך	3	ˈimʦix	rule	LOW		
ונראה	3	ˈinra	rule	LOW		
ונתנך	3	insnx	fallback	LOW		
ורבי	3	ˈirbi	rule	MED		
ושבית	3	vʃuvˈisu	rule	LOW		
ושנות	3	ˈiʃnɔjs	rule	LOW		
ז	3	zˈaːən	rule	LOW	zˈaːən	זײַען
זאט	3	zat	rule	LOW		
זאק	3	zak	rule	LOW		
זוועהילער	3	zvˈɛhilər	rule	MED		
זומערדיגע	3	zˈimərdiɡə	rule	MED		
זיבעצן	3	zˈibəʦn	rule	MED		
זילבער	3	zˈilbər	rule	MED		
זילבערשטיין	3	zˈilbərʃtajn	rule	MED		
זינד	3	zind	rule	MED		
זינדיגן	3	zˈindiɡn	rule	MED		
זיסער	3	zˈisər	rule	MED		
זיסקייט	3	zˈiskaːt	rule	MED		
זמירות	3	zmˈirɔjs	rule	LOW		
זעמעלעך	3	zˈɛmələx	rule	MED		
זרה	3	zˈurə	rule	LOW		
זשאנדאר	3	ʒˈandar	rule	LOW		
חַיִּים	3	xˈajim	lexicon	HIGH		
חבורה	3	xavˈirə	printed-index	MED	xabˈuru	כאַוווּרע
חבלה	3	xˈiblə	rule	LOW		
חברים	3	xˈavajrim	lexicon	HIGH		
חגיגה	3	xaɡˈiɡə	rule	LOW		
חדרים	3	xadˈurim	rule	LOW		
חומות	3	xˈɔjmɔjs	rule	LOW		
חזי	3	xˈazi	rule	LOW		
חזקי	3	xˈizki	rule	LOW		
חיות	3	xˈajɔjs	rule	LOW		
חילול	3	xˈiləl	printed-index	MED	xˈiləl	כילעל
חינוך	3	xˈinəx	printed-index	MED	xˈinəx	כינעך
חכמים	3	xˈaxumim	lexicon	HIGH		
חמה	3	xˈamu	rule	LOW		
חמשה	3	xamˈiʃə	rule	LOW		
חנוכה	3	xˈanikə	lexicon	HIGH		
חנניא	3	xanˈanju	rule	LOW		
חסיד'ישע	3	xˈusidiʃə	rule	LOW		
חסידישע	3	xˈusidiʃə	rule	LOW		
חסרונם	3	xəsrˈɔjnum	rule	LOW		
חצות	3	xˈaʦɔjs	rule	LOW		
חרדי'שן	3	xrdiʃn	fallback	LOW		
חשבונות	3	xɛʃbˈɔjnɔjs	rule	LOW		
חתימה	3	xsˈimə	printed-index	MED	xsˈimə	כסימע
טארן	3	tarn	rule	LOW		
טהורים	3	thˈirim	rule	MED		
טוב'דיגע	3	tˈibdiɡə	rule	MED		
טויג	3	tɔjɡ	rule	MED		
טוסט	3	tist	rule	MED		
טוסטו	3	tˈisti	rule	MED		
טועם	3	tˈiəm	rule	MED		
טורמע	3	tˈirmə	rule	MED		
טייטשן	3	tajʧn	rule	MED		
טייכן	3	tajxn	rule	MED		
טייערער	3	tˈajərər	rule	MED		
טיף	3	tif	rule	LOW		
טיפע	3	tˈifə	rule	LOW		
טישן	3	tiʃn	rule	MED		
טעגליך	3	tˈɛɡləx	rule	MED		
טעהראן	3	tˈɛran	rule	LOW		
טעיפ	3	tajf	rule	LOW		
טעכטער	3	tˈɛxtər	rule	MED		
טעריפס	3	tˈɛrifs	rule	LOW		
טף	3	tf	fallback	LOW		
טפח	3	tˈɛfax	rule	LOW		
טראג	3	truɡ	lexicon	MED		
טראגן	3	truɡn	lexicon	MED		
טראכסט	3	traxst	rule	LOW		
טרופן	3	trifn	rule	LOW		
טרי	3	tri	rule	MED		
טרעפיק	3	trˈɛfik	rule	LOW		
טרעפסט	3	trɛfst	rule	LOW		
טשיינע	3	ʧˈajnə	rule	MED		
"י""ג"	3	jid ɡiml	rule	LOW		
יֵשׁ	3	jajʃ	rule	MED		
יָבֹא	3	jˈubɔj	rule	LOW		
יָשִׂישׂ	3	jˈuʃəʃ	printed-index	MED	jˈusis	יאָשעש
יאגן	3	jaɡn	rule	LOW		
יאות	3	jis	fallback	LOW		
יאסעלע	3	jˈasələ	rule	LOW		
יארטאג	3	jˈartaɡ	rule	LOW		
יארצייטן	3	jˈurʦajtn	lexicon	MED		
יגאלנו	3	ˈiɡalni	rule	LOW		
יגרתי	3	ˈiɡrsi	fallback	LOW		
ידי	3	ˈidi	rule	MED		
ידיעות	3	jdiˈɛɔjs	rule	LOW		
יהדות	3	jahˈadis	rule	LOW		
יונגלעך	3	jˈinɡləx	rule	MED		
יונגעלייט	3	jˈinɡəlajt	rule	MED		
יוניאן	3	jˈinian	rule	LOW		
יושרה	3	jˈiʃrə	rule	MED		
יחכם	3	ixm	fallback	LOW		
יין	3	jˈajin	printed-index	MED	jin	יאַי*ן
ימח	3	jˈimax	rule	LOW		
ינחם	3	jnˈaxajm	rule	LOW		
יסלקון	3	ˈislkin	rule	MED		
יעדעם	3	jˈɛdəm	rule	MED		
יעריגער	3	jˈɛriɡər	rule	MED		
יפול	3	ˈifil	rule	LOW		
יציאת	3	jʦˈias	rule	LOW		
יצליח	3	jaʦlˈixa	rule	LOW		
יקבצך	3	ikbʦx	rule	MED		
יקחך	3	ikx	fallback	LOW		
יראו	3	ˈiri	rule	LOW		
ישיבות	3	jʃˈivɔjs	rule	LOW		
ישיבת	3	jʃˈivas	rule	LOW		
ישמעאל	3	ˈiʃməul	lexicon	MED		
ישנתי	3	ˈiʃnsi	fallback	LOW		
ישעי	3	ˈiʃaj	rule	MED		
ישראל'דיגע	3	ˈiʃraldiɡə	rule	LOW		
ישרים	3	ˈiʃrim	rule	MED		
"כ""ה"	3	xuf haj	rule	LOW		
כִּי	3	ki	lexicon	HIGH		
כאן	3	xun	rule	MED		
כאפסט	3	xafst	rule	LOW		
כאשר	3	xaʃr	rule	LOW		
כבני	3	xbni	rule	MED		
כבר	3	kvur	rule	LOW		
כדאיתא	3	xdˈaːsa	fallback	LOW		
כדקא	3	xdka	rule	LOW		
כהנים	3	xhnim	rule	MED		
כיבוד	3	xˈibid	rule	MED		
כינעזער	3	xˈinəzər	rule	MED		
כמה	3	kˈamə	printed-index	MED	kˈamu	קאַמע
כנגדו	3	xnɡdi	rule	MED		
כנהוג	3	xnhiɡ	rule	MED		
"ל""א"	3	lˈaməd ˈaləf	rule	LOW		
לְכָל	3	lˈɛkul	lexicon	HIGH		
לָדַעַת	3	lˈudas	rule	LOW		
לאטע	3	lˈatə	rule	LOW		
לאס	3	las	rule	LOW		
לאקאל	3	lˈakal	rule	LOW		
לאקשן	3	lakʃn	rule	LOW		
לבוקר	3	lbikr	rule	MED		
לביאתו	3	lbˈiasi	fallback	LOW		
לבלתי	3	lvˈilti	rule	LOW		
לבנה	3	lˈɛvɔnə	lexicon	HIGH	ləvˈunə	לעוואָנע
לדוד	3	ldid	rule	MED		
להקל	3	lhkl	fallback	LOW		
להקרא	3	lhkra	rule	LOW		
לוויים	3	lvajm	rule	MED		
לוים	3	lɔjm	rule	MED		
לולב	3	lˈiləv	printed-index	MED	lilb	לולעוו
לולי	3	lˈili	rule	MED		
לונגען	3	lˈinɡən	rule	MED		
לונה	3	lˈinə	rule	MED		
לזנב	3	lzˈunuv	rule	LOW		
לחלוק	3	laxˈalɔjk	rule	LOW		
ליידן	3	lajdn	rule	MED		
לייוו	3	lajv	rule	MED		
ליכטל	3	lixtl	rule	MED		
ליפן	3	lipn	lexicon	MED		
ליצנות	3	lajʦˈunis	rule	LOW		
ללא	3	lla	rule	LOW		
למלחמה	3	lamilxˈumə	rule	LOW		
למלכים	3	lmlxim	rule	MED		
למענך	3	lmɛnx	rule	MED		
למקום	3	lmkim	rule	MED		
לעבודה	3	lˈɛbidə	rule	MED		
לעגאלע	3	lˈɛɡalə	rule	LOW		
לעיקס	3	lajks	rule	MED		
לעצמו	3	lˈɛʦmi	rule	MED		
לקראתי	3	likrˈusi	rule	LOW		
לראש	3	lraʃ	rule	LOW		
לשמוע	3	lʃmˈiə	rule	MED		
מ'ארבעט	3	mˈarbət	rule	MED		
מ'ברענגט	3	mbrɛnɡt	rule	MED		
מ'דאווענט	3	mdavˈɛnt	rule	LOW		
מ'האפט	3	mhaft	rule	LOW		
מ'וואלט	3	mvɔlt	rule	MED		
מ'ווארט	3	mvɔrt	rule	MED		
מ'זינדיגט	3	mzˈindiɡt	rule	MED		
מ'זעצט	3	mzɛʦt	rule	MED		
מ'טוישט	3	mtɔjʃt	rule	MED		
מ'פאקט	3	mpakt	rule	MED		
מ'פארט	3	mfɔrt	rule	MED		
מ'פירט	3	mfirt	rule	MED		
מ'פליט	3	mflit	rule	LOW		
מ'פלעגט	3	mflɛɡt	rule	LOW		
מ'שמייסט	3	mʃmajst	rule	MED		
מִלְבַדּוֹ	3	mˈilvadɔj	rule	MED		
מאוד	3	mid	rule	LOW		
מאור	3	mˈuər	printed-index	MED	mir	מאָער
מאטריאל	3	mˈatrial	rule	LOW		
מאכל	3	maːxl	printed-index	MED	maxl	מײַכל
מאכסטו	3	mˈaxsti	rule	LOW		
מאמין	3	mˈaːmən	printed-index	MED	mˈamin	מײַמען
מאמענט	3	mamˈɛnt	rule	LOW		
מאמענטאל	3	mˈaməntal	rule	LOW		
מאמר	3	mˈaːmər	printed-index	MED	mamr	מײַמער
מאנהעטן	3	mˈanhətn	rule	LOW		
מאניטארט	3	mˈanitart	rule	LOW		
מאנרא	3	mˈanra	rule	LOW		
מאסקווע	3	mˈaskvə	rule	LOW		
מברכים	3	mbrxim	rule	MED		
מדברי	3	mdbri	rule	MED		
מדה	3	mˈidə	rule	LOW		
מדרשים	3	mdrʃim	rule	MED		
מדת	3	mˈidas	rule	LOW		
מוהלים	3	mˈilim	rule	MED		
מוחטין	3	mˈixtin	fallback	LOW		
מויל	3	moʊl	lexicon	HIGH		
מוכיחו	3	mˈixixi	fallback	LOW		
מוסף	3	mˈisəf	printed-index	MED	misf	מוסעף
מושלים	3	mˈiʃlim	rule	MED		
מזבח	3	mizbˈajxa	rule	LOW		
מזונות	3	mzˈɔjnɔjs	rule	LOW		
מחבר	3	mxˈibur	rule	LOW		
מחדש	3	mxˈadajʃ	rule	LOW		
מחיית	3	məxajˈajjas	rule	LOW		
מחיצות	3	mxˈiʦis	fallback	LOW		
מחלה	3	mˈaxlə	printed-index	MED	mˈaxlu	מאַכלע
מחשיב	3	maxˈaʃiv	rule	LOW		
מטבע	3	matbˈajə	printed-index	MED	mtbə	מאַטבייע
מטה	3	matˈajə	rule	LOW		
מטרה	3	mtrə	fallback	LOW		
מיאמי	3	mˈiami	rule	LOW		
מידיא	3	mˈidia	rule	LOW		
מידם	3	midm	rule	MED		
מיזלס	3	mizls	rule	MED		
מיטגעגאנגען	3	mˈitɡəɡanɡən	rule	MED		
מיינסטו	3	mˈajnsti	rule	MED		
מילתא	3	mˈilsu	rule	LOW		
מים	3	mˈajim	printed-index	MED	mim	מאַי*ם
מיסילס	3	mˈisils	rule	MED		
מכאן	3	mxan	rule	LOW		
מלא	3	mˈulə	printed-index	MED	mla	מאָלע
מלאכי	3	malˈuxi	printed-index	MED	mlˈaxi	מאַלאָכי
מלחמות	3	milxˈumɔjs	rule	LOW		
מלילה	3	mlˈilə	rule	MED		
מלכותא	3	malxˈisu	rule	LOW		
מלכים	3	mlˈuxim	printed-index	MED	mlxim	מלאָכים
מלקות	3	mˈalkis	rule	LOW		
ממורי	3	mmˈiri	rule	MED		
ממלא	3	mmla	rule	LOW		
ממתיק	3	mˈamtik	rule	LOW		
מנדב	3	mənˈadəv	printed-index	MED	mənˈadəv	מענאַדעוו
מנחות	3	mənˈuxɔjs	rule	LOW		
מנת	3	mənˈus	rule	LOW		
מסילת	3	msˈilas	rule	LOW		
מסכתא	3	məsˈɛxtə	printed-index	MED	məsˈɛxtə	מעסעכטע
מעגליכע	3	mˈɛɡləxə	rule	MED		
מעגסטו	3	mˈɛɡsti	rule	MED		
מעט	3	mɛt	rule	MED		
מעטשן	3	mɛʧn	rule	MED		
מעיד	3	majd	rule	MED		
מעיל	3	majl	rule	MED		
מעלדונג	3	mˈɛldinɡ	rule	MED		
מעסער	3	mˈɛsər	rule	MED		
מעקסיקא	3	mˈɛksika	rule	LOW		
מערהייט	3	mˈɛrhaːt	rule	MED		
מערערע	3	mˈɛrərə	rule	MED		
מעשים	3	mˈaːsim	printed-index	MED	mˈɛʃim	מײַסים
מפואר	3	mfˈiar	rule	LOW		
מצאנז	3	mʦanz	rule	LOW		
מצילנו	3	mʦˈilni	rule	MED		
מקדים	3	mkdim	rule	MED		
מקדש	3	məkˈadajʃ	rule	LOW		
מקיל	3	majkl	printed-index	MED	mkil	מייקל
מרון	3	mrin	rule	MED		
מריבה	3	mrˈibə	rule	MED		
משוח	3	muʃˈɔjxa	rule	LOW		
משולחים	3	mʃilˈuxim	rule	LOW		
משכן	3	mˈiʃkun	rule	LOW		
משל	3	mɔʃl	lexicon	HIGH	muʃl	מאָשל
משמע	3	mˈaʃmə	printed-index	MED	mʃmə	מאַשמע
משריש	3	mʃriʃ	rule	MED		
מתאבל	3	misˈabajl	rule	LOW		
מתוך	3	mˈitɔjx	rule	LOW		
מתי	3	mˈati	rule	LOW		
מתייחס	3	msajxs	fallback	LOW		
מתיר	3	mˈatir	rule	LOW		
מתעורר	3	msˈɛirr	fallback	LOW		
"נ""א"	3	nin ˈaləf	rule	LOW		
נִבְלָתְךָ	3	nivlˈusxu	rule	LOW		
נִמְצָא	3	nˈimʦu	rule	LOW		
נאז	3	nɔz	lexicon	HIGH		
נאכגעגאנגען	3	nˈaxɡəɡanɡən	rule	LOW		
נאכזאגן	3	nˈaxzaɡn	rule	LOW		
נאכלויפן	3	nˈaxlɔjfn	rule	LOW		
נאמבערס	3	nˈambərs	rule	LOW		
נאנטע	3	nˈantə	rule	LOW		
נאסע	3	nˈasə	rule	LOW		
נארט	3	nart	rule	LOW		
נאריש	3	nˈariʃ	rule	LOW		
נארישע	3	nˈariʃə	rule	LOW		
נארישקייטן	3	nˈariʃkaːtn	rule	LOW		
נארמאלע	3	nˈarmalə	rule	LOW		
נדר	3	nˈajdər	printed-index	MED	nˈɛdɛr	ניידער
נוראים	3	nˈiraːm	rule	LOW		
נחמו	3	naxˈami	rule	LOW		
נחמן	3	nˈaxmən	printed-index	MED	nˈaxmən	נאַכמען
נידריג	3	nˈidriɡ	rule	MED		
ניי	3	naː	lexicon	HIGH		
נייער	3	nˈajər	rule	MED		
ניצוץ	3	nˈiʦiʦ	rule	MED		
נכר	3	nxr	fallback	LOW		
נמצא	3	nmʦa	rule	LOW		
נס	3	nɛs	printed-index	MED	nɛs	נעס
נעפאל	3	nˈɛfal	rule	LOW		
נעקסטן	3	nɛkstn	rule	MED		
נערוון	3	nɛrvn	rule	MED		
נפלאים	3	nflaːm	rule	LOW		
נפשנו	3	nfʃni	rule	LOW		
נר	3	najr	rule	LOW		
נראה	3	nra	rule	LOW		
נתרגש	3	nisrˈaɡajʃ	rule	LOW		
ס'בלייבט	3	sblaːbt	rule	MED		
ס'ליגט	3	sliɡt	rule	MED		
ס'נעמט	3	snɛmt	rule	MED		
סאודי	3	sˈidi	rule	LOW		
סאלדאט	3	sˈaldat	rule	LOW		
סארטן	3	sartn	rule	LOW		
סולימאן	3	sˈiliman	rule	LOW		
סוסים	3	sˈisim	rule	MED		
סורפרייזד	3	sˈirfrajzd	rule	LOW		
סטאטוס	3	stˈatis	rule	LOW		
סטעיטמענט	3	stajtmˈɛnt	rule	MED		
סטעיטס	3	stajʦ	rule	MED		
סיבות	3	sˈibɔjs	rule	LOW		
סילוואנאוו	3	sˈilvanav	rule	LOW		
סיסטעמס	3	sˈistəms	rule	MED		
סיריע	3	sˈiriə	rule	MED		
סכומים	3	sxˈimim	rule	MED		
סכסוך	3	sxsix	rule	MED		
סלאנימער	3	slˈanimər	rule	LOW		
סעט	3	sɛt	rule	MED		
סענדוויטשעס	3	sˈɛndviʧəs	rule	MED		
סצענע	3	sʦˈɛnə	rule	MED		
עַמּוֹנִי	3	ˈamɔjni	rule	MED		
עָלַיִךְ	3	ˈulix	rule	MED		
עבד	3	ˈɛvəd	printed-index	MED	ɛbd	עוועד
עבדת	3	avˈɔjdas	rule	LOW		
עדן	3	ɛdn	rule	MED		
עובדי	3	ˈibdi	rule	MED		
עובר	3	ibr	rule	MED		
עומדים	3	ˈimdim	rule	MED		
עונש	3	ˈɔjnəʃ	printed-index	MED	inʃ	אוינעש
עז	3	ɛz	rule	MED		
עיני	3	ˈajni	rule	MED		
עיניך	3	ˈajnix	rule	MED		
עינים	3	ajnˈajim	printed-index	MED	ˈajnim	איינאַי*ם
עירליין	3	ˈajrlajn	rule	MED		
עירפארט	3	ˈajrfart	rule	LOW		
עלטער	3	ˈɛltər	rule	MED		
עלטערע	3	ˈɛltərə	lexicon	HIGH		
עליו	3	ˈɛlji	rule	MED		
עמים	3	ˈɛmim	rule	MED		
עניני	3	ˈɛnini	rule	MED		
ענליך	3	ˈɛnləx	rule	MED		
ענליכע	3	ˈɛnləxə	rule	MED		
ענקערע	3	ˈɛnkərə	rule	MED		
עף	3	ɛf	rule	LOW		
עפר	3	ɛfr	rule	LOW		
עציך	3	ˈɛʦix	rule	MED		
עקב	3	ˈajkəv	printed-index	MED	ɛkb	אייקעוו
עקידת	3	akˈajdas	rule	LOW		
עקסידענט	3	əksidˈɛnt	rule	MED		
ערווארטעט	3	ˈɛrvartət	rule	LOW		
ערליך	3	ˈɛrləx	rule	MED		
ערשט	3	ɛrʃt	rule	MED		
ערשטן	3	ɛrʃtn	rule	MED		
פֶּן	3	pɛn	rule	LOW		
פאטער	3	fˈatər	rule	LOW		
פאליטישע	3	pɔlˈitiʃə	lexicon	HIGH		
פאליסי	3	fˈalisi	rule	LOW		
פאסירט	3	fˈasirt	rule	LOW		
פארארדענונג	3	farˈardəninɡ	rule	LOW		
פארברעכער	3	farbrˈɛxər	rule	LOW		
פארגאנגענע	3	farɡˈanɡənə	rule	LOW		
פארגינען	3	farɡˈinən	rule	LOW		
פארהאנדלונגען	3	farhˈandlinɡən	rule	LOW		
פארוואונדעט	3	farvˈindət	rule	LOW		
פארזינדיגט	3	farzˈindiɡt	rule	LOW		
פארטיפן	3	fartˈifn	rule	LOW		
פארלאנגען	3	farlˈanɡən	rule	LOW		
פארלענדן	3	farlˈɛndn	rule	LOW		
פארמיידן	3	farmˈajdn	rule	LOW		
פארנעם	3	farnˈɛm	rule	LOW		
פארקערטע	3	farkˈɛrtə	rule	LOW		
פארשטייען	3	farʃtˈajən	rule	LOW		
פארשיקן	3	farʃˈikn	rule	MED		
פארשלאסן	3	farʃlˈasn	rule	LOW		
פארשפרייטן	3	farʃprˈajtn	rule	LOW		
פדות	3	pdis	rule	LOW		
פוגע	3	fˈiɡə	rule	LOW		
פוחסין	3	fˈixsin	fallback	LOW		
פוטין	3	fˈitin	rule	LOW		
פוילקייט	3	fˈɔjlkaːt	rule	LOW		
פוינט	3	fɔjnt	rule	LOW		
פולע	3	fˈilə	rule	LOW		
פונקטליכע	3	fˈinktləxə	rule	LOW		
פייוו	3	fajv	rule	LOW		
פייערן	3	fˈajərn	rule	LOW		
פילע	3	fˈilə	rule	LOW		
פיס	3	fis	rule	LOW		
פירוד	3	fˈirid	rule	LOW		
פלאסטער	3	flˈastər	rule	LOW		
פלי	3	fli	rule	LOW		
פניו	3	fnji	rule	LOW		
פסיעות	3	fsˈiəis	fallback	LOW		
פסק'נט	3	pasknt	rule	LOW		
פעט	3	fɛt	rule	LOW		
פעלן	3	fɛln	rule	LOW		
פערזאנען	3	fˈɛrzanən	rule	LOW		
פראווען	3	prˈavən	lexicon	MED		
פראטעסטירן	3	frˈatəstirn	rule	LOW		
פראצעדורן	3	frˈaʦədirn	rule	LOW		
פרידתכם	3	fridsxm	fallback	LOW		
פרייליכן	3	frˈajləxn	rule	LOW		
פרייען	3	frˈajən	rule	LOW		
פריץ	3	priʦ	lexicon	MED		
פרענדלי	3	frˈɛndli	rule	LOW		
פשוט'ער	3	fʃˈitər	rule	LOW		
צאלסט	3	ʦalst	rule	LOW		
צדקינו	3	ʦdkˈini	rule	MED		
צואה	3	ʦˈia	rule	LOW		
צוגעגרייט	3	ʦˈiɡəɡrajt	rule	MED		
צוגעקומען	3	ʦˈiɡəkimən	rule	MED		
צוגעקומענע	3	ʦˈiɡəkimənə	rule	MED		
צוגעשטעלט	3	ʦˈiɡəʃtəlt	rule	MED		
צוהערן	3	ʦˈihirn	rule	MED		
צוהערער	3	ʦˈihərər	rule	MED		
צוויבל	3	ʦvibl	rule	MED		
צווינגסט	3	ʦvinɡst	rule	MED		
צוטון	3	ʦˈitin	rule	MED		
צוטיילט	3	ʦˈitajlt	rule	MED		
צונעמען	3	ʦˈinəmən	rule	MED		
צוריקגעגאנגען	3	ʦirˈikɡəɡanɡən	rule	MED		
צושטערן	3	ʦˈiʃtərn	rule	MED		
צחות	3	ʦˈuxɔjs	rule	LOW		
ציטערן	3	ʦˈitərn	rule	MED		
צייגט	3	ʦajɡt	rule	MED		
צער	3	ʦar	printed-index	MED	ʦɛr	צאַר
צפון	3	ʦufn	printed-index	MED	ʦfin	צאָפֿן
קאטלער	3	kˈatlər	rule	LOW		
קאלס	3	kals	rule	LOW		
קאמאנד	3	kˈamand	rule	LOW		
קאנאדישע	3	kˈanadiʃə	rule	LOW		
קאפיטלעך	3	kˈafitləx	rule	LOW		
קאראליינע	3	kˈaralajnə	rule	LOW		
קארט	3	kart	rule	LOW		
קארטל	3	kartl	rule	LOW		
קאריצער	3	kˈariʦər	rule	LOW		
קארני	3	kˈarni	rule	LOW		
קבלת	3	kabˈulas	rule	LOW		
קדושה	3	kdˈiʃə	printed-index	MED	kdˈiʃə	קדושע
קובע	3	kˈibə	rule	MED		
קוגלעך	3	kˈiɡləx	rule	MED		
קוויטלעך	3	kvˈitləx	rule	MED		
קויל	3	kɔjl	rule	MED		
קוינו	3	kˈɔjni	rule	MED		
קורא	3	kˈira	rule	LOW		
קורצן	3	kirʦn	rule	MED		
קטנה	3	ktˈanə	rule	LOW		
קלאגט	3	klaɡt	rule	LOW		
קלארגעשטעלט	3	klˈarɡəʃtəlt	rule	LOW		
קלויזנבורג	3	klˈɔjznbirɡ	rule	MED		
קליינער	3	klˈajnər	rule	MED		
קליפה	3	klˈipə	lexicon	MED		
קמא	3	kma	rule	LOW		
קעידזש	3	kajʤ	rule	MED		
קעיסעס	3	kˈajsəs	rule	MED		
קעמערעס	3	kˈɛmərəs	rule	MED		
קעמפער	3	kˈɛmfər	rule	LOW		
קער	3	kɛr	rule	MED		
קעש	3	kɛʃ	rule	MED		
קץ	3	kajʦ	rule	LOW		
קראך	3	krax	rule	LOW		
קריגן	3	kriɡn	rule	MED		
קריטישע	3	krˈitiʃə	rule	MED		
קשבת	3	kʃˈabəs	rule	LOW		
"ר""ע"	3	rajʃ ˈajən	rule	LOW		
רא	3	ra	rule	LOW		
ראדזינער	3	rˈadzinər	rule	LOW		
ראוי	3	rˈuə	printed-index	MED	rɔj	ראָע
ראחמיסטריווקא	3	rxmistərˈivvku	rule	LOW		
ראחמיסטריווקער	3	rˈaxmistrivkər	fallback	LOW		
ראטעוועט	3	rˈatəvət	rule	LOW		
ראטעס	3	rˈatəs	rule	LOW		
רב'ס	3	ravs	rule	LOW		
רבא	3	rba	rule	LOW		
רבות	3	rˈabɔjs	rule	LOW		
רבי'נס	3	rbins	rule	MED		
רבים	3	rˈabim	printed-index	MED	rbim	ראַבים
רואה	3	rˈia	rule	LOW		
רואיג	3	rˈuaːɡ	lexicon	MED		
רואיגקייט	3	rˈuaːɡkaːt	lexicon	MED		
רויטער	3	rˈɔjtər	rule	MED		
רוקן	3	rikn	rule	MED		
רות	3	ris	rule	LOW		
ריזן	3	rizn	rule	MED		
רייזעלע	3	rˈajzələ	rule	MED		
רייניגן	3	rˈajniɡn	rule	MED		
רכילות	3	rxˈilis	rule	LOW		
רעגן	3	rɛɡn	rule	MED		
רעספירעיטאר	3	rˈɛsfirajtar	rule	LOW		
רצונו	3	rʦˈini	rule	MED		
"רש""י'ס"	3	rajʃ ʃin jid sˈaməx	rule	LOW		
רשאין	3	rʃaːn	rule	LOW		
רשעים	3	rʃajm	rule	MED		
שאלעכץ	3	ʃˈaləxʦ	rule	LOW		
שאני	3	ʃˈani	rule	LOW		
שאפן	3	ʃafn	rule	LOW		
שאצונג	3	ʃˈaʦinɡ	rule	LOW		
שאר	3	ʃar	rule	LOW		
"שב""כ"	3	ʃin bajs xuf	rule	LOW		
שבויים	3	ʒbˈɔjim	rule	MED		
שבכל	3	ʃˈɛbxul	rule	LOW		
שבראנו	3	ʒbrˈani	rule	LOW		
שבשמים	3	ʒbʃmim	rule	MED		
שבתות	3	ʃˈabəsis	rule	LOW		
שהם	3	ʃˈɛhajm	rule	LOW		
שובבים	3	ʃˈibim	rule	MED		
שובע	3	ʃˈibə	rule	MED		
שוגה	3	ʃˈiɡə	rule	MED		
שוואך	3	ʃvax	rule	LOW		
שווייגן	3	ʃvajɡn	rule	MED		
שולחן	3	ʃilxn	printed-index	MED	ʃˈilxajn	שולכן
שורש	3	ʃˈɔjrəʃ	printed-index	MED	ʃirʃ	שוירעש
שחוק	3	sxɔjk	rule	LOW		
שטארקייט	3	ʃtˈarkaːt	rule	LOW		
שטארקן	3	ʃtarkn	rule	LOW		
שטח	3	ʃˈɛtəx	lexicon	HIGH		
שטייגער	3	ʃtˈajɡər	rule	MED		
שטייסט	3	ʃtajst	rule	MED		
שטיצן	3	ʃtiʦn	rule	MED		
שטרוי	3	ʃtrɔj	rule	MED		
שטריימלעך	3	ʃtrˈajmləx	rule	MED		
שיינעם	3	ʃˈajnəm	rule	MED		
שיכול	3	ʃˈixil	rule	MED		
שיעורים	3	ʃˈiəirim	rule	MED		
שיפט	3	ʃift	rule	LOW		
שיפינג	3	ʃˈifinɡ	rule	LOW		
שיק	3	ʃik	rule	MED		
שלחן	3	ʃlxajn	rule	LOW		
שליחא	3	ʃlˈixu	rule	LOW		
שליחים	3	ʃlˈixim	rule	LOW		
שלימות	3	ʃlˈimis	rule	LOW		
שלמה'ניו	3	ʃlmhnji	fallback	LOW		
שלעכט	3	ʃlɛxt	rule	MED		
שלעפ	3	ʃlɛf	rule	LOW		
שמירת	3	ʃmˈiras	rule	LOW		
שמרו	3	ʃmri	rule	MED		
שמשון	3	ʃimʃn	printed-index	MED	ʃmʃin	שימשן
שנאמר	3	ʃnamr	rule	LOW		
שנאת	3	sˈinas	rule	LOW		
שניידער	3	ʃnˈajdər	rule	MED		
שעכט	3	ʃɛxt	rule	MED		
שעשה	3	ʃˈɛʃə	rule	MED		
שפטרני	3	ʃpˈatərni	rule	LOW		
שפראכן	3	ʃpraxn	rule	LOW		
שריפה	3	ʃrˈifə	rule	LOW		
שש	3	ʃajʃ	rule	LOW		
ששש	3	ʃˈɔjʃɔjʃ	rule	LOW		
תדרשנו	3	tidrəʃˈɛnu	rule	LOW		
תוך	3	tɔx	lexicon	HIGH	tux	טאָך
תוקע	3	tɔjkˈaja	rule	LOW		
תורות	3	tˈɔjrɔjs	rule	LOW		
תחום	3	txim	rule	LOW		
תכון	3	tˈikiən	rule	LOW		
תנאי	3	tənˈaj	rule	LOW		
תענית	3	tˈunəs	lexicon	HIGH	tˈunəs	טאָנעס
תפלות	3	tfˈilɔjs	rule	LOW		
תפרח	3	sfrx	fallback	LOW		
"תרע""ב"	3	tuf rajʃ ˈajən bajs	rule	LOW		
תשועה	3	ʧˈiə	rule	LOW		
תשמע	3	tˈiʃma	rule	LOW		
אֱלֹהֵיכֶם	2	ˈɛlɔjhajxəm	rule	MED		
אֲהֵבְךָ	2	ˈahajvxu	rule	MED		
אבד	2	abd	rule	LOW		
אבדתי	2	avˈadti	rule	LOW		
אבות	2	ˈuvɔjs	rule	LOW		
אבותי	2	avˈɔjsaj	rule	LOW		
אבידה	2	ˈabidə	rule	LOW		
אביו	2	ˈabji	rule	LOW		
אביסעלע	2	ˈabisələ	rule	LOW		
אבלי	2	ˈabli	rule	LOW		
אבלים	2	ˈablim	rule	LOW		
אגלאדאדאפידא	2	ˈaɡladadafida	rule	LOW		
אגענטורן	2	ˈaɡəntirn	rule	LOW		
אדוואקאטן	2	ˈadvakatn	rule	LOW		
אדונינו	2	ˈadinini	rule	LOW		
אהבתו	2	ˈabsi	fallback	LOW		
אהה	2	a	rule	LOW		
אהיימגעגאנגען	2	ahˈajmɡəɡanɡən	rule	LOW		
אהינגעגאנגען	2	ahˈinɡəɡanɡən	rule	LOW		
אוועילעבל	2	ˈavajləbl	rule	LOW		
אוועקגעטראגן	2	avˈɛkɡətraɡn	rule	LOW		
אוועקגעמאכט	2	avˈɛkɡəmaxt	rule	MED		
אוועקגעפאלן	2	avˈɛkɡəfaln	rule	LOW		
אוועקלויפן	2	avˈɛklɔjfn	rule	MED		
אוועקנעמען	2	avˈɛknəmən	rule	MED		
אוזן	2	izn	rule	LOW		
אויסברייטערן	2	ˈoʊzbrajtərn	rule	LOW		
אויסגאבע	2	ˈoʊzɡabə	rule	LOW		
אויסגעבראכן	2	ˈoʊzɡəbraxn	rule	LOW		
אויסגעברייטערט	2	ˈoʊzɡəbrajtərt	rule	LOW		
אויסגעגאסן	2	ˈoʊzɡəɡasn	rule	LOW		
אויסגעדריקט	2	ˈoʊzɡədrikt	rule	LOW		
אויסגעהערט	2	ˈoʊzɡəhirt	rule	MED		
אויסגעוואשן	2	ˈoʊzɡəvaʃn	rule	LOW		
אויסגעזאגט	2	ˈoʊzɡəzuɡt	rule	MED		
אויסגעטרעטן	2	ˈoʊzɡətrətn	rule	LOW		
אויסגעפינען	2	ˈoʊzɡəfinən	rule	LOW		
אויסגעפרעגט	2	ˈoʊzɡəfrəɡt	rule	LOW		
אויסגעפרעגטע	2	ˈoʊzɡəfrəɡtə	rule	LOW		
אויסגעקוקט	2	ˈoʊzɡəkikt	rule	MED		
אויסגערעכנט	2	ˈoʊzɡərəxnt	rule	LOW		
אויסגעשמועסט	2	ˈoʊzɡəʃmiəst	rule	LOW		
אויסדרוק	2	ˈoʊzdrik	rule	LOW		
אויסוואשן	2	ˈoʊsvaʃn	rule	LOW		
אויסלאנד	2	ˈoʊsland	rule	LOW		
אויסלערנען	2	ˈoʊslirnən	rule	MED		
אויסמעקן	2	ˈoʊsməkn	rule	LOW		
אויסנעמען	2	ˈoʊsnəmən	rule	MED		
אויסער	2	ˈoʊsər	rule	LOW		
אויסערן	2	ˈoʊsərn	rule	LOW		
אויספארשונג	2	ˈoʊsfarʃinɡ	rule	LOW		
אויספרובירט	2	ˈoʊspribirt	rule	MED		
אויסצושטרעקן	2	ˈoʊsʦiʃtrəkn	rule	LOW		
אויסשטעלן	2	ˈoʊsʃtəln	rule	LOW		
אויערבאך	2	ˈɔjərbax	rule	LOW		
אויפבויען	2	ˈoʊfboʊən	rule	MED		
אויפברענגען	2	ˈoʊfbrejnɡən	rule	MED		
אויפגעגעסן	2	ˈɔjfɡəɡəsn	rule	LOW		
אויפגעדעקט	2	ˈɔjfɡədəkt	rule	LOW		
אויפגעטרעטן	2	ˈɔjfɡətrətn	rule	LOW		
אויפגעפיקט	2	ˈɔjfɡəfikt	rule	LOW		
אויפגעשטעלט	2	ˈɔjfɡəʃtəlt	rule	LOW		
אויפדעקונג	2	ˈɔjfdəkinɡ	rule	LOW		
אויפהערן	2	ˈoʊfhirn	rule	MED		
אויפמערקזאמקייט	2	ˈɔjfmərkzamkaːt	rule	LOW		
אויפפלאקערן	2	ˈɔjflakərn	rule	LOW		
אויפשטייג	2	ˈɔjfʃtajɡ	rule	LOW		
אומאן	2	ˈiman	rule	LOW		
אומלעגאלע	2	ˈimləɡalə	rule	LOW		
אומרו	2	ˈimri	rule	LOW		
אונגארן	2	ˈinɡarn	rule	LOW		
אונטערנעמען	2	ˈintərnəmən	rule	MED		
אונטערצונעמען	2	ˈintərʦinəmən	rule	LOW		
אונטערקויפן	2	ˈintərkɔjfn	rule	MED		
אונטערשריפט	2	ˈintərʃrift	rule	LOW		
אונסדארף	2	ˈinzdarf	rule	LOW		
אוסטראפולער	2	ˈistrafilər	rule	LOW		
אוקראינישע	2	ˈikraːniʃə	rule	LOW		
אורחוי	2	ˈirxɔj	fallback	LOW		
אורייתא	2	urˈajjsu	rule	LOW		
אותה	2	ˈɔjsu	rule	LOW		
אותנו	2	ɔjsˈunu	rule	LOW		
אזאנס	2	ˈazans	rule	LOW		
אחז	2	ˈuxaz	rule	LOW		
אחינו	2	uxˈajni	rule	LOW		
אחישנה	2	axiʃˈɛnə	rule	LOW		
אטענטאט	2	ˈatəntat	rule	LOW		
איבערגיין	2	ˈibərɡajn	rule	MED		
איבערגעלעבט	2	ˈibərɡəlejbt	rule	MED		
איבערלאזן	2	ˈibərluzn	rule	MED		
איבערמארגן	2	ˈibərmɔrɡn	rule	MED		
איבערצוגיין	2	ˈibərʦiɡajn	rule	LOW		
איבערשניידן	2	ˈibərʃnajdn	rule	LOW		
אידי	2	ˈidi	rule	LOW		
אידישקייט	2	jˈidiʃkaːt	lexicon	HIGH		
אידענטיטעט	2	ˈidəntitət	rule	LOW		
אידענע	2	ˈidənə	rule	LOW		
איטיב	2	ˈitib	rule	LOW		
אייבערשטנ'ס	2	ˈajbɛrʃətns	rule	LOW		
אייגנטימער	2	ˈajɡntimər	rule	LOW		
אייגער	2	ˈajɡər	rule	LOW		
איידיע	2	ˈajdiə	rule	LOW		
איידלקייט	2	ˈajdlkaːt	rule	LOW		
אייזיק	2	ˈajzik	rule	LOW		
אייזנבאך	2	ˈajznbax	rule	LOW		
איינגעוואוינט	2	ˈajnɡəvɔjnt	rule	LOW		
איינגעזעצט	2	ˈajnɡəzəʦt	rule	LOW		
איינגעפירט	2	ˈaːnɡəfirt	rule	MED		
איינגעשטאנען	2	ˈajnɡəʃtanən	rule	LOW		
איינוואוינער	2	ˈajnvɔjnər	rule	LOW		
איינטונקען	2	ˈajntinkən	rule	LOW		
איינעמ'ס	2	ˈajnəmə s	fallback	LOW		
איינפלוסרייכע	2	ˈajnflisrajxə	rule	LOW		
איינציג	2	ˈajnʦiɡ	rule	LOW		
איינציגסטער	2	ˈajnʦiɡstər	rule	LOW		
איינשטיין	2	ˈaːnʃtajn	rule	MED		
איינשפארן	2	ˈajnʃparn	rule	LOW		
אייר	2	ˈiər	printed-index	MED	ajr	אי*ער
אימער	2	ˈimər	rule	LOW		
אינטערנאציאנאל	2	ˈintərnaʦianal	rule	LOW		
אינטערנעט	2	ˈintərnət	rule	LOW		
אינטערעסע	2	ˈintərəsə	rule	LOW		
איניש	2	ˈiniʃ	rule	LOW		
אינם	2	inm	rule	LOW		
אינסטאלד	2	ˈinstald	rule	LOW		
אינצידענטן	2	ˈinʦidəntn	rule	LOW		
איעצך	2	jɛʦx	rule	LOW		
איצטער	2	ˈiʦtər	rule	LOW		
איצי'ס	2	ˈiʦis	rule	LOW		
איציקל	2	ˈiʦikl	rule	LOW		
איראק	2	ˈirak	rule	LOW		
אית	2	is	fallback	LOW		
אכילה	2	axˈilə	printed-index	MED	ˈaxilə	אַכילע
אלה	2	ˈalə	rule	LOW		
אלהי	2	ˈalhi	rule	LOW		
אלהיך	2	ˈalhix	rule	LOW		
אלהים	2	ˈalhim	rule	LOW		
אלוקים	2	ˈalikim	rule	LOW		
אליכם	2	ˈalixm	rule	LOW		
אלילים	2	ˈalilim	rule	LOW		
אלינו	2	ˈalini	rule	LOW		
אלמלא	2	ˈalmla	rule	LOW		
אלעמען	2	ˈaləmən	rule	LOW		
אמאל'יגע	2	ˈamaliɡə	rule	LOW		
אמאנער	2	amˈanər	rule	LOW		
אמה	2	ˈamə	rule	LOW		
אמרת	2	umˈartu	rule	LOW		
אמת'ן	2	ˈɛməsn	rule	LOW		
אמת'ער	2	ˈɛməsər	rule	LOW		
אנא	2	ˈana	rule	LOW		
אנגייענדע	2	ˈanɡajəndə	rule	LOW		
אנגעגעבן	2	ˈunɡəɡejbn	rule	MED		
אנגעזאגט	2	ˈunɡəzuɡt	rule	MED		
אנגעפאקט	2	ˈanɡəfakt	rule	LOW		
אנגעפילטע	2	ˈanɡəfiltə	rule	LOW		
אנגעצויגענע	2	ˈanɡəʦɔjɡənə	rule	LOW		
אנגעצונדן	2	ˈanɡəʦindn	rule	LOW		
אנגעקלאגט	2	ˈanɡəklaɡt	rule	LOW		
אנגערייצט	2	ˈanɡərajʦt	rule	LOW		
אנגרייטן	2	ˈanɡrajtn	rule	LOW		
אנו	2	ˈani	rule	LOW		
אנוואונטשן	2	ˈanvinʧn	rule	LOW		
אנוועזנד	2	ˈanvəznd	rule	LOW		
אנזען	2	ˈunzejn	rule	MED		
אנטוויקלען	2	ˈantviklən	rule	LOW		
אנטיסעמיטישע	2	ˈantisəmitiʃə	rule	LOW		
אנטשולדיגט	2	ˈanʧildiɡt	rule	LOW		
אנטשעמען	2	ˈanʧəmən	rule	LOW		
אנכאפן	2	ˈanxafn	rule	LOW		
אנסארי	2	ˈansari	rule	LOW		
אנרירן	2	ˈanrirn	rule	LOW		
אנשטעלן	2	ˈanʃtəln	rule	LOW		
אנשי	2	ˈanʃə	printed-index	MED	ˈanʃi	אַנשע
אנשיל	2	ˈanʃil	rule	LOW		
אנשים	2	ˈanʃim	rule	LOW		
אפארטמענט	2	afartmˈɛnt	rule	LOW		
אפגעבן	2	ˈupɡəbən	rule	MED		
אפגעגעבן	2	ˈupɡəɡejbn	rule	MED		
אפגעהאקט	2	ˈɔpɡəhakt	rule	LOW		
אפגעווארט	2	ˈupɡəvɔrt	rule	MED		
אפגעכאפט	2	ˈupɡəxapt	rule	MED		
אפגעשפילט	2	ˈɔpɡəʃpilt	rule	LOW		
אפגעשריבן	2	ˈupɡəʃribn	rule	MED		
אפוינטמענט	2	apɔjntmˈɛnt	lexicon	MED		
אפי	2	ˈafi	rule	LOW		
אפיניען	2	ˈafiniən	rule	LOW		
אפיציעלע	2	ˈafiʦiələ	rule	LOW		
אפיציר	2	afiʦˈir	rule	LOW		
אפן	2	afn	rule	LOW		
אפס	2	afs	rule	LOW		
אפעלירט	2	ˈafəlirt	rule	LOW		
אפענסיווע	2	ˈafənsivə	rule	LOW		
אפעקטירן	2	ˈafəktirn	rule	LOW		
אפערעישאן	2	ˈafərajʃan	rule	LOW		
אפרעדן	2	ˈuprədn	rule	MED		
אפשטעלן	2	ˈafʃtəln	rule	LOW		
אפשפעטן	2	ˈafʃpətn	rule	LOW		
אפשרייבן	2	ˈupʃraːbn	rule	MED		
אקערמאן	2	ˈakərman	rule	LOW		
אראביע	2	ˈarabiə	rule	LOW		
אראפגעזונגען	2	arˈupɡəzinɡən	rule	LOW		
אראפגענומען	2	arˈupɡənimən	rule	MED		
אראפגעקלאפט	2	arˈupɡəklaft	rule	LOW		
אראפפארן	2	arˈupfarn	rule	LOW		
ארבעה	2	ˈarbə	rule	LOW		
ארגאניזאציע	2	ˈarɡanizaʦiə	rule	LOW		
ארו	2	ˈari	rule	LOW		
ארויסגעווארפן	2	arˈoʊzɡəvarfn	rule	LOW		
ארויסגעזען	2	arˈoʊzɡəzejn	rule	MED		
ארויסגעלאזט	2	arˈoʊzɡəlɔzt	rule	MED		
ארויסגעלאפן	2	arˈoʊzɡəlafn	rule	LOW		
ארויסהעלפן	2	arˈoʊshəlfn	rule	MED		
ארויסלאזן	2	arˈoʊsluzn	rule	MED		
ארויספארן	2	arˈoʊsfarn	rule	LOW		
ארויסצוגעבן	2	arˈoʊsʦiɡəbn	rule	LOW		
ארויסצופליען	2	arˈoʊsʦifliən	rule	LOW		
ארויסקוקן	2	arˈoʊskikn	rule	LOW		
ארוכים	2	ˈarixim	rule	LOW		
ארומגעלייגט	2	arˈimɡəlajɡt	rule	LOW		
ארומגערעדט	2	arˈimɡərədt	rule	LOW		
ארומדריען	2	arˈimdriən	rule	LOW		
ארומהאלזן	2	arˈimhalzn	rule	LOW		
ארי	2	ˈari	rule	LOW		
אריינגעברענגט	2	arˈaːnɡəbrənɡt	rule	MED		
אריינגעגעבן	2	arˈaːnɡəɡejbn	rule	MED		
אריינגעזעצט	2	arˈaːnɡəzəʦt	rule	LOW		
אריינגעטון	2	arˈaːnɡətin	rule	MED		
אריינגעטראכט	2	arˈaːnɡətraxt	rule	LOW		
אריינגעכאפט	2	arˈaːnɡəxaft	rule	LOW		
אריינגעלאזט	2	arˈaːnɡəlɔzt	rule	MED		
אריינגערוקט	2	arˈaːnɡərikt	rule	LOW		
אריינגעשטופט	2	arˈaːnɡəʃtift	rule	LOW		
אריינווארפן	2	arˈaːnvarfn	rule	LOW		
אריינזינגען	2	arˈaːnzinɡən	rule	LOW		
אריינטון	2	arˈaːntin	rule	LOW		
אריינלאזן	2	arˈaːnlazn	rule	LOW		
אריינפאלן	2	arˈaːnfaln	rule	LOW		
אריינפאקן	2	arˈaːnfakn	rule	LOW		
אריינצוגיין	2	arˈaːnʦiɡajn	rule	LOW		
אריינקאלן	2	arˈaːnkaln	rule	LOW		
ארעסטירטע	2	ˈarəstirtə	rule	LOW		
ארצות	2	ˈarʦis	fallback	LOW		
ארצם	2	arʦm	rule	LOW		
אשיש	2	ˈaʃiʃ	rule	LOW		
אשריך	2	ˈaʃrix	rule	LOW		
אתי	2	ˈasi	fallback	LOW		
בְּכָל	2	bxul	rule	LOW		
בִּלְעָם	2	bˈiləm	printed-index	MED	bˈilum	בילעם
בִּקְהַל	2	bˈikhal	rule	LOW		
בֵּאֵר	2	bajr	rule	MED		
בֹּאוּ	2	bˈɔji	rule	LOW		
באבובער	2	babˈibər	rule	LOW		
באגלייטונג	2	baɡlˈajtinɡ	rule	LOW		
באגלייטן	2	baɡlˈajtn	rule	LOW		
באגעגעניש	2	baɡəɡənˈiʃ	rule	LOW		
באדינט	2	badˈint	rule	LOW		
באהאלטן	2	bahˈaltn	rule	MED		
באהבה	2	bəahˈavə	printed-index	MED	babˈə	בעאַהאַווע
באומרו	2	bˈimri	rule	LOW		
באזונדער	2	bazˈindər	rule	LOW		
באזירט	2	bazˈirt	rule	LOW		
באזע	2	bazˈə	rule	LOW		
באחד	2	bˈɛxud	rule	LOW		
באטל	2	batl	rule	LOW		
באלייכט	2	balˈajxt	rule	LOW		
באלקי	2	balkˈi	rule	LOW		
באמבארדיר	2	bambardˈir	rule	LOW		
באמונה	2	bəəmˈinə	printed-index	MED	bamˈinə	בעעמונע
באנוצער	2	banˈiʦər	rule	LOW		
באנייט	2	banˈajt	rule	LOW		
באנייטע	2	banˈajtə	rule	LOW		
באנייעט	2	banˈajət	rule	LOW		
באניער	2	banˈiər	rule	LOW		
באנקראט	2	bankrˈat	rule	LOW		
באפארברייטונג	2	bafarbrˈajtinɡ	rule	LOW		
באפרייען	2	bafrˈajən	rule	LOW		
באקום	2	bakˈim	rule	LOW		
באקסעדיגע	2	baksˈɛdiɡə	rule	LOW		
באקענען	2	bakˈɛnən	rule	MED		
בארגן	2	barɡn	rule	LOW		
בארימטער	2	barˈimtər	rule	LOW		
באשולדיגן	2	baʃˈildiɡn	rule	LOW		
באשלוס	2	baʃlˈis	rule	LOW		
באשפתיך	2	baʃpsˈix	fallback	LOW		
בבא	2	ba	rule	LOW		
בבל	2	bˈuvəl	rule	LOW		
בגדר	2	bɡˈudajr	rule	LOW		
בדחן	2	bdxajn	rule	LOW		
בדחנות	2	badxˈunɔjs	rule	LOW		
בהדי	2	bhdi	rule	MED		
בההוא	2	bhhˈia	rule	LOW		
בהירות	2	bhˈiris	fallback	LOW		
בהר	2	bˈɛhar	printed-index	MED	bəhˈar	בעהאַר
בהתהלכך	2	bhshlx	fallback	LOW		
בוכה	2	bˈixə	rule	MED		
בונד	2	bind	rule	MED		
בונם	2	binm	rule	MED		
בוקן	2	bikn	rule	MED		
בורגום	2	bˈirɡim	rule	MED		
בזיונות	2	bizjˈɔjnɔjs	rule	LOW		
בחור'ישע	2	baxˈurəjʃɛ	rule	LOW		
בחיבה	2	bxˈibə	fallback	LOW		
בחשבון	2	bəxˈɛʒbɔjn	rule	LOW		
בטל	2	butl	printed-index	MED	butl	באָטל
ביותר	2	bjˈɔjsajr	rule	LOW		
ביטער	2	bˈitər	rule	MED		
בייהילפיג	2	bˈajhilfiɡ	rule	LOW		
בייטאג	2	bˈajtaɡ	rule	LOW		
ביילי	2	bˈajli	rule	MED		
ביכל	2	bixl	rule	MED		
ביכער	2	bˈixər	rule	MED		
בילבארדס	2	bˈilbards	rule	LOW		
ביליאנען	2	bˈilianən	rule	LOW		
ביליגער	2	bˈiliɡər	rule	MED		
בימות	2	bˈimis	fallback	LOW		
בימיו	2	bˈimji	rule	MED		
בימים	2	bˈimim	rule	MED		
בינדט	2	bindt	rule	MED		
בינוני	2	bˈinini	rule	MED		
ביסל	2	bisl	rule	MED		
בכאן	2	bˈɛkan	printed-index	MED	bxan	בעקאַן
בלאזן	2	bluzn	lexicon	MED		
בלבב	2	blˈajvuv	rule	LOW		
בלבנו	2	blbni	rule	MED		
בלוט	2	blit	rule	MED		
בלויע	2	blˈɔjə	rule	MED		
בלומענטאל	2	blˈiməntal	rule	LOW		
בליק	2	blik	rule	MED		
בלעטל	2	blɛtl	rule	MED		
בלעטער	2	blˈɛtər	rule	MED		
בלק	2	bˈuluk	rule	LOW		
בלשון	2	blʃin	rule	MED		
במילוי	2	bmˈilɔj	rule	MED		
במלחמת	2	bmlxms	fallback	LOW		
במצאו	2	bmʦi	rule	LOW		
במציאות	2	bimʦˈiɔjs	rule	LOW		
במקדשו	2	bmkdʃi	fallback	LOW		
במקום	2	bmkim	rule	MED		
בנות	2	bnɔjs	rule	LOW		
בניך	2	bnix	rule	MED		
בנימין	2	bənˈiumən	printed-index	MED	bnˈimin	בעניאָמען
בנפשו	2	bnfʃi	rule	LOW		
בסדר	2	bsˈajdər	rule	LOW		
בספרי	2	bsfri	rule	LOW		
בעגל	2	bɛɡl	rule	MED		
בעגס	2	bɛɡs	rule	MED		
בעדפארד	2	bˈɛdfard	rule	LOW		
בעוונותינו	2	baavɔjnɔjsˈajnu	rule	LOW		
בעילום	2	bˈajlim	rule	MED		
בעיני	2	bˈajni	rule	MED		
בעמלק	2	bɛmlk	rule	MED		
בענדער	2	bˈɛndər	rule	MED		
בענטשט	2	bɛnʧt	rule	MED		
בענסאן	2	bənsˈan	rule	LOW		
בענקשאפט	2	bənkʃˈaft	rule	LOW		
בעסערער	2	bˈɛsərər	rule	MED		
בעקבו	2	bˈɛkbi	rule	MED		
בפירוש	2	bəfˈajrəʃ	printed-index	MED	bfˈiriʃ	בעפֿיירעש
בפניו	2	bfnji	rule	LOW		
בפתילה	2	bfsˈilə	fallback	LOW		
בציבור	2	bˈɛʦibər	printed-index	MED	bʦibˈir	בעציבער
בקודש	2	bkidʃ	rule	MED		
בקולי	2	bkˈili	rule	MED		
בקל	2	bkl	fallback	LOW		
בקרב	2	bkˈɛrəv	rule	LOW		
בקרים	2	bkrim	rule	MED		
בקש	2	bkʃ	fallback	LOW		
ברבים	2	bərˈabim	printed-index	MED	brbim	בעראַבים
ברוב	2	brib	rule	MED		
ברוך'ל	2	brixl	rule	MED		
ברוקלין	2	brˈiklin	rule	MED		
ברידערס	2	brˈidərs	rule	MED		
ברייטן	2	brajtn	rule	MED		
ברך	2	bˈɛrɛx	rule	LOW		
ברכו	2	bˈurxi	printed-index	MED	brxi	באָרכו
ברעגעס	2	brˈɛɡəs	rule	MED		
ברענגטס	2	brɛnɡʦ	rule	MED		
ברענגסט	2	brɛnɡst	rule	MED		
ברענט	2	brɛnt	rule	MED		
ברציפות	2	birʦˈifis	rule	LOW		
בשביל	2	bʒbil	rule	MED		
בשוגג	2	bəʃˈɔjɡəɡ	printed-index	MED	bʃiɡ	בעשויגעג
בשלימות	2	biʃlˈimis	rule	LOW		
בשמחינו	2	bʃmxˈini	fallback	LOW		
בשמן	2	baʃˈɛmɛn	rule	LOW		
בשעה	2	bʃə	rule	MED		
בשרו	2	bʃri	rule	MED		
בתוכם	2	bsˈɔjxum	rule	LOW		
בתורה	2	batˈɔjrə	rule	LOW		
בתורתו	2	bsˈirsi	fallback	LOW		
בתעניתו	2	bsˈɛnisi	fallback	LOW		
בתפילה	2	batfˈilə	rule	LOW		
בתשובה	2	bisʃˈivə	rule	LOW		
גאולתנו	2	ɡəvlsnˈu	rule	LOW		
גאזאלין	2	ɡˈazalin	rule	LOW		
גאטונג	2	ɡˈatinɡ	rule	LOW		
גאלדמאן	2	ɡˈaldman	rule	LOW		
גארבעדזש	2	ɡˈarbəʤ	rule	LOW		
גבאים	2	ɡbaːm	rule	LOW		
גבריאל	2	ɡavrˈiəl	printed-index	MED	ɡbrˈial	גאַוורי*על
גדלות	2	ɡdˈɔjlɔjs	rule	LOW		
גוג	2	ɡiɡ	rule	MED		
גוזר	2	ɡizr	rule	MED		
גוטנס	2	ɡitns	rule	MED		
גוי'טע	2	ɡˈɔjtə	rule	MED		
גופים	2	ɡˈifim	rule	LOW		
גור	2	ɡir	rule	MED		
גורלות	2	ɡɔjrˈulɔjs	rule	LOW		
גזירות	2	ɡzˈajrɔjs	rule	LOW		
גזירת	2	ɡzˈajras	rule	LOW		
גזע	2	ɡˈɛzə	printed-index	MED	ɡzə	געזע
גידים	2	ɡˈidim	rule	MED		
גיטין	2	ɡˈitin	rule	MED		
גייטס	2	ɡajʦ	rule	MED		
גייענדיג	2	ɡˈajəndiɡ	rule	MED		
גימטריא	2	ɡimatrˈiə	printed-index	MED	ɡˈimtria	גימאַטריע
גימטריאות	2	ɡimatrˈiɔjs	rule	LOW		
גלגל	2	ɡalɡl	printed-index	MED	ɡalɡl	גאַלגל
גלייכצייטיג	2	ɡlˈajxʦajtiɡ	rule	MED		
גליק	2	ɡlik	rule	MED		
גלעזער	2	ɡlˈɛzər	rule	MED		
גמור	2	ɡˈumər	printed-index	MED	ɡmir	גאָמער
גע'פסק'נט	2	ɡəpˈasknt	rule	LOW		
געארבעט	2	ɡəˈarbət	rule	MED		
געבידט	2	ɡəbˈidt	rule	MED		
געביידעס	2	ɡəbˈajdəs	rule	MED		
געבייזערט	2	ɡəbˈajzərt	rule	MED		
געבענטשטע	2	ɡəbˈɛnʧtə	rule	MED		
געבער	2	ɡəbˈɛr	rule	MED		
געגלייבט	2	ɡəɡlˈaːbt	lexicon	HIGH		
געגראמט	2	ɡəɡrˈamt	rule	LOW		
געגרייט	2	ɡəɡrˈajt	rule	MED		
געדאווענט	2	ɡədavˈɛnt	rule	LOW		
געדינגען	2	ɡədˈinɡən	rule	MED		
געדענקסטו	2	ɡədˈɛnksti	rule	MED		
געדרוקט	2	ɡədrˈikt	rule	MED		
געדרייווט	2	ɡədrˈajvt	rule	MED		
געדרענג	2	ɡədrˈɛnɡ	rule	MED		
געהאנדלט	2	ɡəhˈandlt	rule	LOW		
געהיים	2	ɡəhˈajm	rule	MED		
געהילפן	2	ɡəhˈilfn	rule	LOW		
געוואונען	2	ɡəvˈinən	rule	LOW		
געוואטשט	2	ɡəvˈaʧt	rule	LOW		
געוואלדיגער	2	ɡəvˈaldiɡər	rule	LOW		
געוואקן	2	ɡəvˈakn	rule	LOW		
געוואקסן	2	ɡəvˈaksn	rule	LOW		
געווינען	2	ɡəvˈinən	rule	MED		
געוועזענע	2	ɡəvˈɛzənə	rule	MED		
געזינגעכץ	2	ɡəzˈinɡəxʦ	rule	MED		
געזעגנט	2	ɡəzˈɛɡnt	rule	MED		
געזעגענען	2	ɡəzˈɛɡənən	rule	MED		
געזעץ	2	ɡəzˈɛʦ	rule	MED		
געחתונה'ט	2	ɡəxsˈinht	fallback	LOW		
געטראגן	2	ɡətrˈuɡn	lexicon	MED		
געטרויעט	2	ɡətrˈɔjət	rule	MED		
געטריבענע	2	ɡətrˈibənə	rule	MED		
געטריי	2	ɡətrˈaj	rule	MED		
געטרייסט	2	ɡətrˈajst	rule	MED		
געיאגט	2	ɡˈajaɡt	rule	LOW		
געיט	2	ɡajt	rule	MED		
געיעג	2	ɡˈajəɡ	rule	MED		
געלאנדעט	2	ɡəlˈandət	rule	LOW		
געלע	2	ɡəlˈə	rule	MED		
געמאסטן	2	ɡəmˈastn	rule	LOW		
געמיינדע	2	ɡəmˈajndə	rule	MED		
געמיינזאמע	2	ɡəmˈajnzamə	rule	LOW		
געספאנסערט	2	ɡəsfˈansərt	rule	LOW		
געפאדערט	2	ɡəfˈadərt	rule	LOW		
געפאלגט	2	ɡəfˈalɡt	rule	LOW		
געפלאצט	2	ɡəflˈaʦt	rule	LOW		
געפלויגן	2	ɡəflˈɔjɡn	rule	LOW		
געצוואונגען	2	ɡəʦvˈinɡən	rule	LOW		
געציטערט	2	ɡəʦˈitərt	rule	MED		
געצינדן	2	ɡəʦˈindn	rule	MED		
געצן	2	ɡɛʦn	rule	MED		
געקאלט	2	ɡəkˈalt	rule	LOW		
געקרוינט	2	ɡəkrˈɔjnt	rule	MED		
גערטענער	2	ɡərtˈɛnər	rule	MED		
גערל	2	ɡɛrl	rule	MED		
גערן	2	ɡɛrn	rule	MED		
גערער	2	ɡərˈɛr	rule	MED		
געשאכטן	2	ɡəʃˈaxtn	rule	LOW		
געשאפט	2	ɡəʃˈaft	rule	LOW		
געשאקלט	2	ɡəʃˈaklt	rule	LOW		
געשוירן	2	ɡəʃˈɔjrn	rule	MED		
געשטופט	2	ɡəʃtˈift	rule	LOW		
געשלאסן	2	ɡəʃlˈasn	rule	LOW		
געשפירט	2	ɡəʃpˈirt	rule	LOW		
גראבע	2	ɡrˈabə	rule	LOW		
גראס	2	ɡras	rule	LOW		
גרוע	2	ɡrˈiə	rule	MED		
גרינגע	2	ɡrˈinɡə	rule	MED		
גרינגער	2	ɡrˈinɡər	rule	MED		
גריער	2	ɡrˈiər	rule	MED		
גרשון	2	ɡɛrʃn	printed-index	MED	ɡrʃin	גערשן
דאוונסט	2	davnst	rule	LOW		
דאנאלד	2	dˈanald	rule	LOW		
דאני	2	dˈani	rule	LOW		
דאנק	2	dank	lexicon	HIGH		
דאקומענט	2	dakimˈɛnt	rule	LOW		
דאקומענטירט	2	dˈakiməntirt	rule	LOW		
דאקומענטס	2	dakimˈɛnʦ	rule	LOW		
דאקטוירים	2	dˈaktɔjrim	rule	LOW		
דאקטער	2	dˈaktər	rule	LOW		
דארפט	2	darft	rule	LOW		
דגוש	2	dˈuɡəʃ	printed-index	MED	dɡiʃ	דאָגעש
דהוא	2	dhˈia	rule	LOW		
דווקא	2	dˈavkə	lexicon	HIGH		
דורכ'ן	2	dˈurəxn	rule	LOW		
דורכברוך	2	dˈirxburəx	rule	MED		
דורכפארן	2	dˈirxfarn	rule	LOW		
דורכשניט	2	dˈirxʃnit	rule	MED		
דזשוי	2	ʤɔj	rule	MED		
דזשוליי	2	ʤˈilaj	rule	MED		
דזשיגאן	2	ʤˈiɡan	rule	LOW		
דזשעקסאן	2	ʤˈɛksan	rule	LOW		
דידע	2	dˈidə	rule	MED		
דיוויזיע	2	dˈiviziə	rule	MED		
דיומא	2	djˈima	rule	LOW		
דיזל	2	dizl	rule	MED		
דייה	2	dˈajə	rule	MED		
דיינים	2	dˈajnim	rule	MED		
דיינעטוועגן	2	dˈajnətvəɡn	rule	MED		
דייעגנאזט	2	dˈajəɡnazt	rule	LOW		
דינגען	2	dˈinɡən	rule	MED		
דינע	2	dˈinə	rule	MED		
דינערס	2	dˈinərs	rule	MED		
דירעקטע	2	dˈirəktə	rule	MED		
דמעות	2	dmˈuɔjs	rule	LOW		
דמקדשא	2	dmkdʃa	fallback	LOW		
דמשק	2	damˈɛsək	rule	LOW		
דעטרויטער	2	dˈɛtrɔjtər	rule	MED		
דעי	2	daj	rule	MED		
דעלי	2	dˈɛli	rule	MED		
דעליווערי	2	dˈɛlivəri	rule	MED		
דעלעגאציע	2	dˈɛləɡaʦiə	rule	LOW		
דעפיציט	2	dˈɛfiʦit	rule	LOW		
דעקן	2	dɛkn	rule	MED		
דערהערן	2	dərhˈirn	rule	MED		
דערלאנגט	2	dərlˈanɡt	rule	LOW		
דערמיט	2	dərmˈit	rule	MED		
דערקלערט	2	dərklˈɛrt	rule	MED		
דערקענט	2	dərkˈɛnt	rule	MED		
דערשטיקט	2	dərʃtˈikt	rule	MED		
דערשראקן	2	dərʃrˈakn	rule	LOW		
דרואין	2	drˈiaːn	rule	LOW		
דרויסן	2	droʊsn	lexicon	HIGH		
דרוקן	2	drikn	rule	MED		
דרייוון	2	drajvn	rule	MED		
דרקיע	2	drkˈiə	rule	MED		
דרש	2	dˈuraʃ	rule	LOW		
דרשו	2	drʃi	rule	MED		
הַגּוֹיִם	2	hˈaɡɔjim	rule	MED		
הַדְּבָרִים	2	hˈadvurim	rule	MED		
הַלַּיְלָה	2	hˈallə	rule	MED		
הַקְּלָלָה	2	haklˈulə	rule	LOW		
הַשָּׁמָיִם	2	hˈaʃumim	rule	MED		
הַתּוֹרָה	2	hatˈɔjrə	lexicon	HIGH		
הָאֱלֹקִים	2	hˈɛlɔjkim	rule	MED		
הָאֵלֶּה	2	hˈajlə	rule	MED		
הָאָרֶץ	2	harʦ	lexicon	HIGH		
האבנים	2	hˈabnim	rule	LOW		
האומות	2	huˈimɔjs	rule	LOW		
האור	2	hir	rule	LOW		
האלה	2	hˈalə	rule	LOW		
האלטס	2	halʦ	rule	LOW		
האלטסטו	2	hˈalʦti	rule	LOW		
האלידעי	2	hˈalidaj	rule	LOW		
האמת	2	hˈɛməs	rule	LOW		
האנדלט	2	handlt	rule	LOW		
האנטוך	2	hˈantix	rule	LOW		
האקן	2	hakn	rule	LOW		
האקעלע	2	hˈakələ	rule	LOW		
הארמי	2	hˈarmi	rule	LOW		
הבאה	2	hba	rule	LOW		
הבדלות	2	havdˈulɔjs	rule	LOW		
הבוקר	2	hbikr	rule	MED		
הבריות	2	habrˈijɔjs	rule	LOW		
הבשן	2	habˈuʃun	rule	LOW		
הגדה	2	hˈaɡudə	lexicon	HIGH	haɡˈudə	האַגאָדע
"הגה""צ"	2	haj ɡiml haj ʦˈadik	rule	LOW		
הגיוס	2	hɡjis	rule	MED		
הגמרא	2	hɡmra	rule	LOW		
הדבקים	2	hdbkim	rule	MED		
הדבר	2	hadˈuvur	rule	LOW		
הדיוטים	2	hdjˈitim	rule	MED		
הדם	2	hˈadum	rule	LOW		
ההם	2	hˈuhajm	rule	LOW		
הוֹאִיל	2	hˈɔjil	rule	MED		
הוּא	2	hˈia	rule	LOW		
הובקעה	2	hˈibkə	rule	MED		
הוד	2	hɔjd	printed-index	MED	hid	הויד
הויות	2	hˈɔjis	fallback	LOW		
הויף	2	hɔjf	rule	LOW		
הוכיח	2	hˈixix	fallback	LOW		
הונט	2	hint	rule	MED		
הושענות	2	hɔjʃˈanɔjs	rule	LOW		
הזולת	2	hzils	fallback	LOW		
החומה	2	haxˈɔjmu	rule	LOW		
החופה	2	haxˈɔjfə	rule	LOW		
החסד	2	haxˈɛsəd	rule	LOW		
החתונה	2	haxasˈinə	rule	LOW		
הטורים	2	htˈirim	rule	MED		
הידים	2	hˈidim	rule	MED		
היומי	2	hjˈimi	rule	MED		
היחוד	2	hˈixid	fallback	LOW		
היטב	2	hˈajtəv	printed-index	MED	hitb	הייטעוו
הייטס	2	hajʦ	rule	MED		
הייליגקייט	2	hˈajliɡkaːt	rule	MED		
הייליגקייטן	2	hˈajliɡkaːtn	rule	MED		
הייצן	2	hajʦn	rule	MED		
הייראט	2	hˈajrat	rule	LOW		
הייתם	2	hɛjˈisɛm	rule	LOW		
היסורים	2	hˈisirim	rule	MED		
היסטאריש	2	hˈistariʃ	rule	LOW		
היסטארישן	2	hˈistariʃn	rule	LOW		
היפש	2	hifʃ	rule	LOW		
היצר	2	hiʦr	rule	MED		
הישלער	2	hˈiʃlər	rule	MED		
היתה	2	hˈujəsu	rule	LOW		
הכותו	2	hxˈisi	fallback	LOW		
הכיפורים	2	hxˈifirim	rule	LOW		
הכלל	2	hˈaklul	rule	LOW		
הכנעה	2	haxnˈuə	printed-index	MED	hxnə	האַכנאָע
הלב	2	hˈalajv	rule	LOW		
הלבבות	2	halvˈuvɔjs	rule	LOW		
הלחם	2	halˈɛxəm	rule	LOW		
המאיר	2	hmaːr	rule	LOW		
המביא	2	hmbˈia	rule	LOW		
המה	2	hˈajmə	rule	LOW		
המועד	2	hmˈiəd	rule	MED		
המות	2	hamˈuvɛs	rule	LOW		
המלוכה	2	hmlˈixə	rule	MED		
המלכים	2	hmlxim	rule	MED		
המעור	2	hmˈɛir	rule	MED		
המערב	2	hmɛrb	rule	MED		
המעשים	2	hmˈɛʃim	rule	MED		
המצפה	2	hmʦfə	fallback	LOW		
המשולש	2	hmʃilʃ	rule	MED		
המשך	2	hˈɛmʃəx	printed-index	MED	hˈɛmʃəx	העמשעך
הנה	2	hinˈajə	rule	LOW		
הנורא	2	hnˈira	rule	LOW		
הנותן	2	hanˈɔjsajn	rule	LOW		
הנעלמים	2	hnˈɛlmim	rule	MED		
הסכימו	2	hsxˈimi	rule	MED		
הספר	2	hasˈajfɛr	rule	LOW		
העגונות	2	huaɡˈɔjnɔjs	rule	LOW		
העיר	2	hajr	rule	MED		
העם	2	hɛm	rule	MED		
העמדל	2	hɛmdl	rule	MED		
העפטיגע	2	hˈɛftiɡə	rule	LOW		
העצים	2	hˈɛʦim	rule	MED		
הערינג	2	hˈɛrinɡ	rule	MED		
העתידות	2	huasˈidɔjs	rule	LOW		
הפחות	2	hapˈaxɔjs	rule	LOW		
הפכים	2	hfxim	rule	LOW		
הפלא'דיגע	2	hflˈadiɡə	rule	LOW		
הפנימי	2	hfnˈimi	rule	LOW		
הפסד	2	hˈɛfsajd	rule	LOW		
הפקר	2	hˈɛfkajr	rule	LOW		
הפרשה	2	hapurˈuʃə	rule	LOW		
הפתילה	2	hfsˈilə	fallback	LOW		
הצופה	2	hʦˈifə	rule	LOW		
הצלה	2	haʦˈulə	rule	LOW		
הקדמה	2	haɡdˈumə	printed-index	MED	haɡdˈumə	האַגדאָמע
הקליר	2	hklir	rule	MED		
הרבים	2	hrbim	rule	MED		
הרבני	2	hrbni	rule	MED		
הרג	2	hˈɛrəɡ	printed-index	MED	harɡ	הערעג
הרגשה	2	hˈarɡʃə	rule	LOW		
השגות	2	hasˈuɡɔjs	rule	LOW		
השגחה	2	haʒɡˈuxə	rule	LOW		
השלום	2	hʃlim	rule	MED		
השמד	2	hˈaʃmajd	rule	LOW		
השנים	2	hʃnim	rule	MED		
השפעה	2	haʃpˈuə	printed-index	MED	hʃpə	האַשפּאָע
השתא	2	hˈaʃtu	rule	LOW		
השתלשלות	2	hiʃtˈalʃlis	rule	LOW		
השתפכות	2	hiʃtˈapxis	rule	LOW		
התבן	2	hatˈɛvən	rule	LOW		
התניא	2	hatˈanju	rule	LOW		
התרגשות	2	hisrˈaɡʃis	rule	LOW		
וְאֵרַשְׂתִּיךְ	2	vajrˈastix	rule	LOW		
וְאֶת	2	vɛs	rule	LOW		
וְאוּרֶיךָ	2	vˈirajxu	rule	LOW		
וְהָיְתָה	2	vəhˈujəsu	rule	LOW		
וְכָל	2	vxul	rule	MED		
וַיְדַבֵּר	2	vˈadabajr	rule	MED		
וַיַּהֲפֹךְ	2	vˈaahafɔjx	rule	LOW		
וּרְשׁוּ	2	ˈirʃi	rule	MED		
וּתְרוּעַת	2	isrˈias	rule	LOW		
"ואדמורי""ם"	2	vuv ˈaləf dˈuləd mɛm vuv rajʃ jid mɛm	rule	LOW		
ואולי	2	ˈiili	rule	LOW		
ואחר	2	vˈaxar	rule	LOW		
ואלו	2	ˈiali	rule	LOW		
ואמר	2	ˈiamr	rule	LOW		
ואנשי	2	ˈianʃi	rule	LOW		
ואף	2	ˈiaf	rule	LOW		
ואשובה	2	ˈiaʃibə	rule	LOW		
ואתחנן	2	vuəsxˈanan	rule	LOW		
וביום	2	ˈibjim	rule	MED		
ובניו	2	ˈibnji	rule	MED		
וברכותיה	2	uvirxɔjsˈɛjhu	rule	LOW		
והדר	2	idr	rule	MED		
והורישם	2	ˈihiriʃm	rule	MED		
והזמן	2	izmn	rule	MED		
והלכת	2	ilxs	fallback	LOW		
והנה	2	ˈinə	rule	MED		
וואויז	2	vɔjz	rule	LOW		
וואוילע	2	vˈɔjlə	rule	LOW		
וואוינסט	2	vɔjnst	rule	LOW		
וואונדן	2	vindn	rule	LOW		
וואונדער	2	vˈindər	rule	LOW		
וואונדערן	2	vˈindərn	rule	LOW		
וואונטש	2	vinʧ	rule	LOW		
וואונטשט	2	vinʧt	rule	LOW		
וואי	2	vaː	rule	LOW		
וואין	2	vaːn	rule	LOW		
וואכענדיגע	2	vˈaxəndiɡə	rule	LOW		
וואלד	2	vald	rule	LOW		
וואלסט	2	valst	rule	LOW		
וואקט	2	vakt	rule	LOW		
וואקן	2	vakn	rule	LOW		
וואקסט	2	vakst	rule	LOW		
וואקסן	2	vaksn	rule	LOW		
ווארעמען	2	vˈarəmən	rule	LOW		
ווארעמקייט	2	vˈarəmkaːt	rule	LOW		
ווארענען	2	vˈarənən	rule	LOW		
ווארפאקאוויטש	2	vˈarfakaviʧ	rule	LOW		
וואשט	2	vaʃt	rule	LOW		
וויז'ניץ	2	vˈizniʦ	rule	MED		
וויזיט	2	vˈizit	rule	MED		
וויטקאוו	2	vˈitkav	rule	LOW		
ווייבער	2	vˈaːbər	lexicon	HIGH		
ווייזנפעלד	2	vˈajznfəld	rule	LOW		
ווייטאג	2	vˈajtaɡ	rule	LOW		
ווייכע	2	vˈajxə	rule	MED		
וויינגארטן	2	vˈajnɡartn	rule	LOW		
ווייניגסטנס	2	vvˈajniɡsətnəs	rule	LOW		
וויינסטו	2	vˈajnsti	rule	MED		
ווילאנג	2	vˈilanɡ	rule	LOW		
ווילד	2	vild	rule	MED		
ווילטשעיר	2	vˈilʧajr	rule	MED		
וויליאמסבורגער	2	vˈiliamzbirɡər	rule	LOW		
ווינדאו	2	vˈindi	rule	LOW		
וויסנדיג	2	vˈisndiɡ	rule	MED		
וויענער	2	vˈiənər	rule	MED		
וועלוועל	2	vˈɛlvəl	rule	MED		
וועלפעיר	2	vˈɛlfajr	rule	LOW		
וועסטשעסטער	2	vˈɛsʧəstər	rule	MED		
וועק	2	vɛk	rule	MED		
וועראייזאן	2	vˈɛrajzan	rule	LOW		
וזה	2	ˈizə	rule	MED		
וזהב	2	izhb	rule	MED		
וזרקתי	2	vzurˈakti	rule	LOW		
וחוקה	2	ˈixikə	fallback	LOW		
וחכמים	2	ˈixmim	fallback	LOW		
וחסידות	2	ˈixusidis	rule	LOW		
וחשב	2	ixʒb	fallback	LOW		
ויברכם	2	ɔjbrxm	rule	MED		
וידעין	2	ˈɔjdajn	rule	MED		
ויסורים	2	ˈoʊsirim	rule	MED		
ויצא	2	vaajˈiʦə	printed-index	MED	ˈɔjʦa	וואַיייצע
ויקהל	2	vaiˈakhəl	printed-index	MED	ɔjkhl	וואַיאַקהעל
ויראתו	2	ˈɔjrasi	fallback	LOW		
וירושלים	2	ˈɔjriʃlim	rule	MED		
וישם	2	oʊʃm	rule	MED		
וישת	2	oʊʃs	fallback	LOW		
וכו	2	vəxˈilə	lexicon	HIGH		
וכמה	2	ˈixmə	rule	MED		
וכסף	2	ixsf	rule	LOW		
ולדרים	2	ˈildrim	rule	MED		
ולעשות	2	vəlaˈasɔjs	rule	LOW		
ומגוג	2	ˈimɡiɡ	rule	MED		
ומדליק	2	ˈimdlik	rule	MED		
ומהולל	2	ˈimhill	rule	MED		
ומוצלחת	2	imiʦlˈaxas	rule	LOW		
ומזוני	2	ˈimzini	rule	MED		
ומי	2	ˈimi	rule	MED		
ומלאכים	2	ˈimlaxim	rule	LOW		
ומפוזרים	2	ˈimfizrim	rule	LOW		
ומתבייש	2	ˈimzbajʃ	fallback	LOW		
ונצדיקך	2	ˈinʦdikx	rule	MED		
ונקלה	2	ˈinklə	rule	MED		
ונתן	2	vnˈusan	rule	LOW		
ועיקר	2	ˈiajkr	rule	MED		
וערבה	2	ˈiərbə	rule	MED		
ועת	2	ˈiəs	fallback	LOW		
ופלא	2	ˈifla	rule	LOW		
ופקדנו	2	ˈifkdni	rule	LOW		
וקודם	2	ˈikidm	rule	MED		
וקול	2	ˈikil	rule	MED		
וקם	2	ikm	rule	MED		
ורעות	2	vərˈajus	rule	LOW		
ושטרים	2	ˈiʃtrim	rule	MED		
ושיהא	2	ˈiʃiha	rule	LOW		
ושרים	2	ˈiʃrim	rule	MED		
ותאמר	2	vatˈɔjmɛr	rule	LOW		
ותירושך	2	ˈisiriʃx	fallback	LOW		
ותפארת	2	vsˈifərəs	rule	LOW		
ותשבחות	2	vəsiʃbˈuxɔjs	rule	LOW		
ותשובות	2	isʃˈivɔjs	rule	LOW		
זַרְעֶךָ	2	zˈarəxu	rule	MED		
זאמלט	2	zamlt	rule	LOW		
זארג	2	zarɡ	rule	LOW		
זוני	2	zˈini	rule	MED		
זוסיא	2	zˈisia	rule	LOW		
זופ	2	zif	rule	LOW		
זיידי	2	zˈajdi	rule	MED		
זייענדיג	2	zˈajəndiɡ	rule	MED		
זינגסט	2	zinɡst	rule	MED		
זיץ	2	ziʦ	rule	MED		
זיצונגען	2	zˈiʦinɡən	rule	MED		
זכאה	2	zxa	rule	LOW		
זכרנו	2	zxrni	rule	MED		
זעלטענע	2	zˈɛltənə	rule	MED		
זעלנער	2	zˈɛlnər	rule	MED		
זעם	2	zɛm	rule	MED		
זעסטו	2	zˈɛsti	rule	MED		
זעץ	2	zɛʦ	rule	MED		
זעצן	2	zɛʦn	rule	MED		
זעק	2	zɛk	rule	MED		
"זצ""ל"	2	zaʦˈal	lexicon	HIGH		
זקניכם	2	zknixm	rule	MED		
זרק	2	zrk	fallback	LOW		
זשורנאליסט	2	ʒirnalˈist	rule	LOW		
זשינפינג	2	ʒˈinfinɡ	rule	LOW		
חֲסִידֶךָ	2	xˈusidxu	rule	LOW		
חאלאט	2	xˈalat	fallback	LOW		
חבורות	2	xavˈirɔjs	rule	LOW		
חביב	2	xˈuviv	rule	LOW		
חד	2	xad	rule	LOW		
חוה	2	xˈavu	rule	LOW		
חול	2	xil	rule	LOW		
חותכין	2	xˈisxin	fallback	LOW		
חזנות	2	xazˈunis	rule	LOW		
חזרה	2	xˈuzrə	rule	LOW		
חטאתי	2	xutˈusi	printed-index	MED	xutˈusi	כאָטאָסי
חיובא	2	xjˈiba	fallback	LOW		
חייא	2	xajˈaju	rule	LOW		
חילו	2	xˈajlɔj	rule	LOW		
חינם	2	xˈinum	rule	LOW		
חיפה	2	xˈajfə	rule	LOW		
חכה	2	xə	fallback	LOW		
חלום	2	xˈuləm	lexicon	HIGH	xˈuləm	כאָלעם
חלומות	2	xlˈimis	rule	LOW		
חלות	2	xˈalɔjs	rule	LOW		
חנף	2	xˈunajf	rule	LOW		
חסדא	2	xˈisdu	rule	LOW		
חסרון	2	xˈɛsrɔjn	rule	LOW		
חשוב'ן	2	xˈaʃivn	rule	LOW		
חשך	2	xˈɔjʃəx	rule	LOW		
"ט""ו"	2	tɛs vuv	rule	LOW		
טאהש	2	taʃ	rule	LOW		
טאהשער	2	tˈaʃər	rule	LOW		
טאלס	2	tals	rule	LOW		
טאן	2	tan	rule	LOW		
טאנץ	2	tanʦ	rule	LOW		
טאנקערס	2	tˈankərs	rule	LOW		
טאפ	2	tap	lexicon	MED		
טבח	2	tˈɛvax	rule	LOW		
טבילה	2	tvˈilə	printed-index	MED	tbˈilə	טווילע
טבע	2	tˈɛvə	lexicon	HIGH	tˈɛvə	טעווע
טבריה	2	tvərˈiə	printed-index	MED	tbri	טוועריע
טוביה	2	tˈibi	rule	MED		
טוטפיק	2	tˈitfik	rule	LOW		
טויטליכע	2	tˈɔjtləxə	rule	MED		
טונעלן	2	tˈinəln	rule	MED		
טונעם	2	tˈinəm	rule	MED		
טונקל	2	tinkl	rule	MED		
טונקעלע	2	tˈinkələ	rule	MED		
טיי	2	taj	rule	MED		
טייטשל	2	tajʧl	rule	MED		
טיים	2	tajm	rule	MED		
טיליס	2	tˈilis	rule	MED		
טינעק	2	tˈinək	rule	MED		
טיקעט	2	tˈikət	rule	MED		
טל	2	tal	printed-index	MED	tal	טאַל
טעקסאס	2	tˈɛksas	rule	LOW		
טערמינאל	2	tˈɛrminal	rule	LOW		
טערמיניגע	2	tˈɛrminiɡə	rule	MED		
טפחות	2	tfxis	fallback	LOW		
טראגט	2	truɡt	lexicon	MED		
טרוים	2	trɔjm	rule	MED		
טרייבל	2	trajbl	rule	MED		
טרייען	2	trˈajən	rule	MED		
טרינק	2	trink	rule	MED		
טרעטן	2	trɛtn	rule	MED		
טרעיד	2	trajd	rule	MED		
טרענזעקשן	2	trˈɛnzəkʃn	rule	MED		
טרערן	2	trɛrn	rule	MED		
טשארדזשן	2	ʧarʤn	rule	LOW		
טשיינע'ס	2	ʧˈajnəs	rule	MED		
"י""ט"	2	jid tɛs	rule	LOW		
יִהְיֶה	2	jˈihə	rule	MED		
יאגט	2	jaɡt	rule	LOW		
יאמרו	2	jˈamri	rule	LOW		
יארימער	2	jˈarimər	rule	LOW		
יגיד	2	ˈiɡid	rule	MED		
ידע	2	ˈidə	rule	MED		
יוֹשֵׁב	2	jˈɔjʃəv	printed-index	MED	jˈɔjʃajv	יוישעוו
יובל	2	jɔjvl	printed-index	MED	jibl	יויוול
יודעי	2	jˈidaj	rule	MED		
יוחנן	2	jɔjxˈunun	rule	LOW		
יוכל	2	jixl	rule	MED		
יומו	2	jˈimi	rule	MED		
יונגע	2	jˈinɡə	rule	MED		
יוסיפו	2	jˈisifi	rule	LOW		
יחד	2	jˈaxad	rule	LOW		
יחוד	2	jˈixid	rule	LOW		
יחזקאל	2	jxˈɛzkajl	rule	LOW		
יחיאל	2	jxˈiajl	rule	LOW		
יחפזון	2	jajxufˈajzin	rule	LOW		
ייד	2	jid	rule	MED		
יכפוך	2	ˈixfix	rule	LOW		
ימין	2	jˈɛmajən	rule	LOW		
ינוח	2	junˈixa	rule	LOW		
ינוקא	2	jənˈikə	printed-index	MED	ˈinika	יענוקע
יסודות	2	jsˈɔjdɔjs	rule	LOW		
יענקל	2	jɛnkl	rule	MED		
יעצטיגן	2	jˈɛʦtiɡn	rule	MED		
יעריג	2	jˈɛriɡ	rule	MED		
יעשה	2	jˈɛʃə	rule	MED		
יפור	2	ifˈir	rule	LOW		
יפתח	2	jˈiftax	printed-index	MED	jˈiftax	יי*פֿטאַך
ירושלימ'ער	2	ˈiriʃlimə ɛr	rule	MED		
ירמי	2	ˈirmi	rule	MED		
ישב	2	iʒb	rule	MED		
ישועתו	2	jʃiˈusɔj	rule	LOW		
ישעי'לע'ס	2	ˈiʃajləs	rule	MED		
ישתו	2	ˈiʃsi	fallback	LOW		
יתנה	2	ˈisnə	fallback	LOW		
"כ""ב"	2	xuf bajs	rule	LOW		
"כ""ז"	2	xuf zˈajən	rule	LOW		
"כ""ח"	2	xuf xɛs	rule	LOW		
כָּל	2	kɔl	lexicon	HIGH		
כאאס	2	xˈaas	rule	LOW		
כאחיך	2	xˈaxix	fallback	LOW		
כד	2	kad	rule	LOW		
כה	2	kˈɔjə	rule	LOW		
כהנא	2	xhna	rule	LOW		
כולכם	2	xilxm	rule	MED		
כוס	2	kɔjs	lexicon	HIGH		
כופין	2	xˈifin	rule	LOW		
כורת	2	xirs	fallback	LOW		
כחודו	2	kəxˈɔjdɔj	rule	LOW		
כידוע	2	kəiədˈiə	printed-index	MED	xˈidiə	קעיעדוע
כיון	2	xjin	rule	MED		
כינוס	2	kˈinəs	lexicon	HIGH		
כיס	2	kis	printed-index	MED	xis	קיס
כלאים	2	xlaːm	rule	LOW		
כמי	2	xmi	rule	MED		
כסדרן	2	ksˈidrun	rule	LOW		
כסף	2	kˈɛsəf	printed-index	MED	kˈɛsɛf	קעסעף
כף	2	kuf	printed-index	MED	kaf	קאָף
כפי	2	kˈɛfi	printed-index	MED	xfi	קעפֿי
כרחם	2	xrxm	fallback	LOW		
כרימון	2	xrˈimin	rule	MED		
כשלונות	2	xʃlˈinis	fallback	LOW		
כשר'ע	2	xʃrə	rule	MED		
כשרות	2	kʃˈajrɔjs	rule	LOW		
כתאות	2	xsis	fallback	LOW		
כתב	2	ksav	rule	LOW		
"ל""ט"	2	lˈaməd tɛs	rule	LOW		
לְאִישׁ	2	liʃ	rule	MED		
לְבַב	2	lvav	rule	LOW		
לְךָ	2	lxu	rule	LOW		
לְמַאֲכָל	2	lmˈaxul	rule	MED		
לִבְרָכָה	2	livrˈuxə	lexicon	HIGH		
לֵאמֹר	2	lˈajmər	printed-index	MED	lˈajmɔjr	ליימער
לַאֲבֹתֵיכֶם	2	lavɔjsˈajxəm	rule	LOW		
לַמְנַצֵּחַ	2	lamnaʦˈajəx	rule	LOW		
לַמִּלְחָמָה	2	lamilxˈumə	rule	LOW		
לאדענען	2	lˈadənən	rule	LOW		
לאה	2	lˈajə	printed-index	MED	la	לייע
לאויביך	2	lˈɔjbix	rule	LOW		
לאונס	2	lins	rule	LOW		
לאטערי	2	lˈatəri	rule	LOW		
לאכול	2	lˈaxil	rule	LOW		
לאכט	2	laxt	rule	LOW		
לאלקה	2	lˈalkə	rule	LOW		
לאנדונג	2	lˈandinɡ	rule	LOW		
לבב	2	ləvˈav	rule	LOW		
לבבות	2	lvˈuvɔjs	rule	LOW		
לבו	2	lbi	rule	MED		
לבוש	2	lbiʃ	rule	MED		
לביאת	2	lvˈias	rule	LOW		
לבית	2	lvajs	rule	LOW		
לבנו	2	lbni	rule	MED		
לבתולה	2	ləbsˈilə	rule	LOW		
לדור	2	ldir	rule	MED		
להזיע	2	lhzˈiə	rule	MED		
להחיות	2	ləhaxˈajɔjs	rule	LOW		
להחמיר	2	lhxmir	fallback	LOW		
להלכה	2	lahalˈuxə	rule	LOW		
לוד	2	lid	rule	MED		
לוח	2	lˈixa	rule	LOW		
לויבן	2	lɔjbn	rule	MED		
לזימון	2	lzˈimin	rule	MED		
לחדא	2	lxda	fallback	LOW		
לחודש	2	lxˈɔjdəʃ	rule	LOW		
לחזור	2	lxzir	fallback	LOW		
לחזקיהו	2	ləxizkijˈuhu	rule	LOW		
לחלקו	2	lxˈɛlkɔj	rule	LOW		
ליגעדיגע	2	lˈiɡədiɡə	rule	MED		
ליום	2	ljim	rule	MED		
ליטווישע	2	lˈitviʃə	rule	MED		
לייגסט	2	lajɡst	rule	MED		
לייטס	2	lajʦ	rule	MED		
לייסטונגען	2	lˈajstinɡən	rule	MED		
לייסענס	2	lˈajsəns	rule	MED		
לינה	2	lˈinə	rule	MED		
לינקס	2	links	rule	MED		
ליעקב	2	lˈiəkb	rule	MED		
ליפא	2	lˈifa	rule	LOW		
לישועה	2	lˈiʃiə	rule	MED		
לכבודו	2	lxbˈidi	rule	MED		
לכלותינו	2	lxalɔjsˈajni	rule	LOW		
לכתחילה	2	ləxatxˈilə	printed-index	MED	ləxatxˈilə	לעכאַטכילע
לכתחלה	2	lxsxlə	fallback	LOW		
למביאין	2	lmbˈiaːn	rule	LOW		
למחר	2	lmˈuxur	rule	LOW		
למילף	2	lmilf	rule	LOW		
למעננו	2	lmˈɛnni	rule	MED		
לעבאנעזע	2	lˈɛbanəzə	rule	LOW		
לעבעדיג	2	lˈɛbədiɡ	rule	MED		
לעד	2	lɛd	rule	MED		
לעילוי	2	lˈajlɔj	rule	MED		
לעיניך	2	lˈajnix	rule	MED		
לעיקוואוד	2	lˈajkvid	rule	LOW		
לעלובער	2	lˈɛlibər	rule	MED		
לעמך	2	lɛmx	rule	MED		
לעמפל	2	lɛmfl	rule	LOW		
לענגאויס	2	lˈɛnɡɔjs	rule	LOW		
לענגער	2	lˈɛnɡər	rule	MED		
לענינינו	2	lˈɛninini	rule	MED		
לעפל	2	lɛfl	rule	LOW		
לעפקאוויטש	2	lˈɛfkaviʧ	rule	LOW		
לעצמי	2	lˈɛʦmi	rule	MED		
לעצמן	2	lɛʦmn	rule	MED		
לעקר	2	lɛkr	rule	MED		
לערן	2	lɛrn	rule	MED		
לפיכך	2	lfix	rule	LOW		
לפניהם	2	lfnim	rule	LOW		
לפרנסה	2	lfarnˈusə	rule	LOW		
לצלות	2	lʦlis	fallback	LOW		
לקמיה	2	lkmi	rule	MED		
לרחמים	2	lraxˈamim	rule	LOW		
לרפואה	2	lrfˈia	rule	LOW		
לרפואת	2	lrfˈias	fallback	LOW		
לשנים	2	lʃnim	rule	MED		
לתקן	2	lətˈikajn	rule	LOW		
"מ""ה"	2	mɛm haj	rule	LOW		
"מ""ו"	2	mɛm vuv	rule	LOW		
מ'באקומט	2	mbakˈimt	rule	MED		
מ'בלאזט	2	mbluzt	rule	MED		
מ'גיבט	2	mɡibt	rule	MED		
מ'גרייט	2	mɡrajt	rule	MED		
מ'היט	2	mhit	rule	MED		
מ'העלפט	2	mhɛlft	rule	LOW		
מ'ווערט	2	mvirt	rule	MED		
מ'טראגט	2	mtruɡt	rule	MED		
מ'טראכט	2	mtraxt	rule	LOW		
מ'מיינט	2	mmajnt	rule	MED		
מ'ענטפערט	2	mˈɛntfərt	rule	LOW		
מ'עסט	2	mɛst	rule	MED		
מ'פאנגט	2	mfanɡt	rule	LOW		
מ'פארגעסט	2	mfarɡˈɛst	rule	LOW		
מ'פארלירט	2	mfarlˈirt	rule	LOW		
מ'פרייט	2	mfrajt	rule	LOW		
מ'קויפט	2	mkɔjft	rule	LOW		
מ'שיקט	2	mʃikt	rule	MED		
מָה	2	mɛ	rule	LOW		
מאה	2	ma	rule	LOW		
מאטאר	2	mˈatar	rule	LOW		
מאטעלע	2	mˈatələ	rule	LOW		
מאמדאני	2	mˈamdani	rule	LOW		
מאמע'ס	2	mˈaməs	rule	LOW		
מאסיווע	2	mˈasivə	rule	LOW		
מאסקולין	2	mˈaskilin	rule	LOW		
מאראטאריום	2	mˈaratarjim	rule	LOW		
מאראקא	2	mˈaraka	rule	LOW		
מארק	2	mark	rule	LOW		
מאשינס	2	mˈaʃins	rule	LOW		
מבאר	2	mbar	rule	LOW		
מביא	2	mbˈia	rule	LOW		
מביאה	2	mbˈia	rule	LOW		
מבייש	2	mbajʃ	rule	MED		
מבלבל	2	mvˈalbəl	rule	LOW		
מבקעין	2	mbkajn	rule	MED		
מברר	2	mvˈurajr	rule	LOW		
מדויק	2	mdɔjk	rule	MED		
מדין	2	mˈudaːən	rule	LOW		
מדריגה	2	mdrˈiɡə	rule	MED		
מהלך	2	mˈahaləx	lexicon	HIGH	mˈɛhaləx	מעהאַלעך
מואב	2	mˈɔjəv	printed-index	MED	mˈiab	מויעוו
מוטשענען	2	mˈiʧənən	rule	MED		
מוכיח	2	mɔjxˈixa	rule	LOW		
מוכיחים	2	mɔjxˈixim	rule	LOW		
מולען	2	mˈilən	rule	MED		
מונקאטשער	2	mˈinkaʧər	rule	LOW		
מוסד	2	mizd	rule	MED		
מוקצה	2	mˈikʦə	printed-index	MED	mˈikʦə	מוקצע
מורה	2	mˈirə	rule	MED		
מורי	2	mˈiri	rule	MED		
מושל	2	mɔjʃl	printed-index	MED	miʃl	מוישל
מושלת	2	miʃls	fallback	LOW		
מזומנים	2	mzˈimnim	rule	MED		
מזמנין	2	mzmnin	rule	MED		
מזרעו	2	mzrˈɛi	rule	MED		
מחזור	2	mˈaxzər	printed-index	MED	mˈaxzər	מאַכזער
מחט	2	mˈaxat	rule	LOW		
מחלל	2	məxˈalajl	rule	LOW		
מחמת	2	majxˈamas	rule	LOW		
מטעמים	2	matˈamim	printed-index	MED	mtˈɛmim	מאַטאַמים
מטריח	2	matrˈixa	rule	LOW		
מיאוס'ע	2	mˈiiəs ɛ	rule	LOW		
מידטוירם	2	mˈidtɔjrm	rule	MED		
מידת	2	mˈidas	rule	LOW		
מיום	2	mjim	rule	MED		
מיטארבעטער	2	mˈitarbətər	rule	LOW		
מיטגלידער	2	mˈitɡlidər	rule	MED		
מיטגעהאלטן	2	mˈitɡəhaltn	rule	MED		
מיטינג	2	mˈitinɡ	rule	MED		
מיטצוארבעטן	2	mˈitʦiarbətn	rule	LOW		
מייחס	2	məjjˈaxus	rule	LOW		
מייק	2	majk	rule	MED		
מיישב	2	majʒb	rule	MED		
מילי	2	mˈili	rule	MED		
מיללער	2	mˈillər	rule	MED		
מיסד	2	məiˈasəd	printed-index	MED	mizd	מעיאַסעד
מיסטעיק	2	mˈistajk	rule	MED		
מיסיאנערישע	2	mˈisianəriʃə	rule	LOW		
מכון	2	mxin	rule	MED		
מכות	2	mˈakɔjs	rule	LOW		
מכל	2	mˈikul	rule	LOW		
מכלל	2	mˈiklul	rule	LOW		
מכשולות	2	mxʃˈilis	fallback	LOW		
מכשיל	2	mxʃil	rule	MED		
מל'ן	2	mln	fallback	LOW		
מלאים	2	mlaːm	rule	LOW		
מלכה	2	mˈalku	rule	LOW		
מלכותו	2	malxˈisɔj	rule	LOW		
מלכיאל	2	malkˈiəl	printed-index	MED	mlxˈial	מאַלקי*על
מלכנו	2	mlxni	rule	MED		
מלשון	2	mlʃin	rule	MED		
ממה	2	mˈimə	rule	LOW		
ממונו	2	mmˈini	rule	MED		
ממליך	2	mmlix	rule	MED		
ממני	2	mmni	rule	MED		
ממקום	2	mmkim	rule	MED		
מנא	2	mna	rule	LOW		
מנהגי	2	mnhɡi	rule	MED		
מנהיגים	2	mnhˈiɡim	rule	MED		
מנורת	2	mnˈɔjras	rule	LOW		
מנחמכם	2	mnaxˈɛmxəm	rule	LOW		
מסוגל	2	mˈɛsiɡl	printed-index	MED	msiɡl	מעסוגל
מסורה	2	məsˈɔjrə	printed-index	MED	msˈirə	מעסוירע
מסכתות	2	masˈɛxsɔjs	rule	LOW		
מעבירין	2	mˈɛbirin	rule	MED		
מעגליכקייטן	2	mˈɛɡlixkaːtn	rule	MED		
מעגן	2	mɛɡn	rule	MED		
מעגסט	2	mɛɡst	rule	MED		
מעדיקל	2	mˈɛdikl	rule	MED		
מעטס	2	mɛʦ	rule	MED		
מעטרא	2	mˈɛtra	rule	LOW		
מעטת	2	mɛʦ	fallback	LOW		
מעלה	2	mˈaːlə	printed-index	MED	mˈɛlə	מײַלע
מעלקן	2	mɛlkn	rule	MED		
מעניו	2	mˈɛnji	rule	MED		
מענער	2	mˈɛnər	rule	MED		
מעסט	2	mɛst	rule	MED		
מערכת	2	mɛrxs	fallback	LOW		
מפורש	2	mfirʃ	rule	LOW		
מפנה	2	mfnə	rule	LOW		
מפרשים	2	mfrʃim	rule	LOW		
מפתח	2	maftˈajxa	rule	LOW		
מצות	2	mˈaʦɔjs	rule	LOW		
מצטרפין	2	mʦtrfin	fallback	LOW		
מצנפת	2	mˈiʦnəfəs	printed-index	MED	mˈiʦnəfəs	מיצנעפֿעס
מצרנו	2	mʦrni	rule	MED		
מקובלים	2	mkˈiblim	rule	MED		
מקומות	2	mkˈɔjmɔjs	rule	LOW		
מקורבים	2	mkˈirbim	rule	MED		
מקושר	2	mkiʃr	rule	MED		
מקנא	2	mkna	rule	LOW		
מקפיד	2	mkpid	lexicon	MED		
מרביץ	2	mrbiʦ	rule	MED		
מרגליות	2	marɡulˈijɔjs	rule	LOW		
מרונא	2	mrˈina	rule	LOW		
מרכז	2	mrxz	fallback	LOW		
מרת	2	mˈurəs	printed-index	MED	mˈurəs	מאָרעס
משכונות	2	maʃkˈɔjnɔjs	rule	LOW		
משלי	2	mˈiʃlə	printed-index	MED	mʃli	מישלע
משלפניו	2	mʃlfnji	fallback	LOW		
משמים	2	mʃmim	rule	MED		
משמשים	2	mʃmʃim	rule	MED		
משניות	2	miʃnˈujɔjs	rule	LOW		
משפחות	2	miʃpˈuxɔjs	rule	LOW		
משפט	2	mˈiʃput	rule	LOW		
משתה	2	mˈiʃtɛ	rule	LOW		
משתמש	2	miʃtˈamajʃ	rule	LOW		
משתתף	2	miʃtˈatajf	rule	LOW		
מתחלחלין	2	msxlxlin	fallback	LOW		
מתייעץ	2	msˈajəʦ	fallback	LOW		
נאה	2	nˈuə	printed-index	MED	na	נאָע
נאוועמבער	2	nˈavəmbər	rule	LOW		
נאכגעלאפן	2	nˈaxɡəlafn	rule	LOW		
נאכגעקומען	2	nˈaxɡəkimən	rule	LOW		
נאכלאזן	2	nˈaxlazn	rule	LOW		
נאכפאלגנדיג	2	nˈaxfalɡndiɡ	rule	LOW		
נאמן	2	nˈɛmən	printed-index	MED	namn	נעמען
נאספים	2	nˈasfim	rule	LOW		
נבילה	2	nbˈilə	rule	MED		
נגידים	2	nɡˈidim	rule	MED		
נדחך	2	ndx	fallback	LOW		
נדירה	2	ndˈirə	rule	MED		
נדרים	2	nədˈurim	printed-index	MED	ndrim	נעדאָרים
נהג	2	nhɡ	fallback	LOW		
נהרות	2	nəhˈurɔjs	rule	LOW		
נוהג	2	nˈɔjəɡ	printed-index	MED	niɡ	נויעג
נוי	2	nɔj	rule	MED		
נולד	2	nˈɔjləd	printed-index	MED	nild	נוילעד
נוקלעאר	2	nˈikləar	rule	LOW		
נוראות	2	nɔjrˈuɔjs	rule	LOW		
נותנין	2	nˈɔjsənajən	rule	LOW		
נחל	2	nˈaxal	rule	LOW		
ניטאמאל	2	nˈitamal	rule	LOW		
נייט	2	najt	rule	MED		
נייעם	2	nˈajəm	rule	MED		
ניסן	2	nisn	rule	MED		
נמכר	2	nmxr	fallback	LOW		
נסתלק	2	nistˈalajk	rule	LOW		
נעמסטו	2	nˈɛmsti	rule	MED		
נעץ	2	nɛʦ	rule	MED		
נעקסטער	2	nˈɛkstər	rule	MED		
נערוועזקייט	2	nˈɛrvəzkaːt	rule	MED		
נפלא	2	nfla	rule	LOW		
נפלאותיו	2	nifləˈɔjsujv	rule	LOW		
נפשו	2	nfʃi	rule	LOW		
נפשות	2	nfˈuʃɔjs	rule	LOW		
נקבה	2	nəkˈajvə	printed-index	MED	nəkˈajvu	נעקייווע
נקודת	2	nkids	fallback	LOW		
נשבע	2	nʒbə	rule	MED		
נשמת	2	nˈiʃmas	rule	LOW		
נשר	2	nˈɛʃɛr	rule	LOW		
נשתנה	2	niʃtˈanə	rule	LOW		
נתברר	2	nisbˈurajr	rule	LOW		
נתפרסם	2	nispˈarsajm	rule	LOW		
נתקבל	2	niskˈabajl	rule	LOW		
נתקלקל	2	nsklkl	fallback	LOW		
נתרבה	2	nisrˈabə	rule	LOW		
נתת	2	nusˈatu	rule	LOW		
"ס""א"	2	sˈaməx ˈaləf	rule	LOW		
ס'באקומט	2	sbakˈimt	rule	MED		
ס'גייען	2	sɡˈajən	rule	MED		
ס'געשעט	2	sɡəʃˈɛt	rule	MED		
ס'הערט	2	shɛrt	rule	MED		
ס'וואקסט	2	svakst	rule	LOW		
ס'ווארט	2	svɔrt	rule	MED		
ס'ווייסט	2	svajst	rule	MED		
ס'זיצט	2	sziʦt	rule	MED		
ס'טוט	2	stit	rule	MED		
ס'טייטשט	2	stajʧt	rule	MED		
ס'לאזט	2	slɔzt	rule	MED		
ס'לוינט	2	slɔjnt	rule	MED		
ס'מוז	2	smiz	rule	MED		
ס'פארט	2	sfɔrt	rule	MED		
ס'רעדט	2	srɛdt	rule	MED		
סא	2	sa	rule	LOW		
סאדיגורער	2	sadiɡˈirər	rule	LOW		
סאושעל	2	sˈiʃəl	rule	LOW		
סאלאנטא	2	sˈalanta	rule	LOW		
סאנקציעס	2	sˈankʦiəs	rule	LOW		
סגולות	2	səɡˈulɔjs	rule	LOW		
סדרות	2	sədˈurɔjs	rule	LOW		
סוגיא	2	sˈuɡia	lexicon	MED		
סוט	2	sit	rule	MED		
סומער	2	sˈimər	rule	MED		
סוקסעס	2	sˈiksəs	rule	MED		
סור	2	sir	rule	MED		
סטאלינער	2	stˈalinər	rule	LOW		
סטארס	2	stars	rule	LOW		
סטודענטן	2	stˈidəntn	rule	MED		
סטעיט'ס	2	stajʦ	rule	MED		
סטעפ	2	stɛf	rule	LOW		
סטעפס	2	stɛfs	rule	LOW		
סטראטעגיע	2	strˈatəɡiə	rule	LOW		
סטראפקאווער	2	strˈafkavər	rule	LOW		
סטראשע	2	strˈaʃə	rule	LOW		
סיגנאלן	2	sˈiɡnaln	rule	LOW		
סיטואציע	2	sˈitiaʦiə	rule	LOW		
סיינען	2	sˈajnən	rule	MED		
סימנים	2	sˈimnim	rule	MED		
סיני	2	sˈinaː	printed-index	MED	sˈini	סינײַ
סיפורי	2	sˈifiri	rule	LOW		
סירישן	2	sˈiriʃn	rule	MED		
סעיוון	2	sajvn	rule	MED		
סעיף	2	sˈujif	printed-index	MED	sajf	סאָי*ף
סעלצער	2	sˈɛlʦər	rule	MED		
סענדערס	2	sˈɛndərs	rule	MED		
סענטער	2	sˈɛntər	rule	MED		
סענטראל	2	sˈɛntral	rule	LOW		
סערווירט	2	sˈɛrvirt	rule	MED		
סערענטש	2	sˈɛrənʧ	rule	MED		
ספיקות	2	sfˈikɔjs	rule	LOW		
ספעיס	2	sfajs	rule	LOW		
ספענסער	2	sfˈɛnsər	rule	LOW		
ספרד'ישער	2	sfrdˈiʃər	rule	LOW		
ספרו	2	sfri	rule	LOW		
סקווערן	2	skvɛrn	rule	MED		
סקול	2	skil	rule	MED		
סקעדזשועל	2	skˈɛʤiəl	rule	MED		
סקרו	2	skri	rule	MED		
"ע""א"	2	ˈajən ˈaləf	rule	LOW		
עַד	2	ad	rule	MED		
עבודות	2	avˈɔjdɔjs	rule	LOW		
עבר	2	ˈuvər	printed-index	MED	ɛbr	אָווער
עגיפטן	2	ˈɛɡiftn	rule	LOW		
עדה	2	ˈajdə	printed-index	MED	ˈɛdə	איידע
עדווערטייזמענט	2	ədvərtajzmˈɛnt	rule	MED		
עדיין	2	ˈɛdajn	rule	MED		
עוֹף	2	uf	printed-index	MED	ɔjf	אָף
עווענטועל	2	ˈɛvəntiəl	rule	MED		
עוועניו	2	ˈɛvənji	rule	MED		
עויתי	2	uvˈisi	rule	LOW		
עוללות	2	ˈɔjllɔjs	rule	LOW		
עולמו	2	ˈilmi	rule	MED		
עולמות	2	ɔjlˈumɔjs	rule	LOW		
עושה	2	ˈiʃə	rule	MED		
עושין	2	ˈiʃin	rule	MED		
עושר	2	ˈɔjʃər	printed-index	MED	iʃr	אוישער
עזריה	2	ˈɛzri	rule	MED		
עטץ	2	ɛtʦ	rule	MED		
עיקרים	2	ˈajkrim	rule	MED		
עירוב	2	ˈajrəv	printed-index	MED	ˈajrib	איירעוו
עירליינס	2	ˈajrlajns	rule	MED		
עלטסטע	2	ˈɛlʦtə	rule	MED		
עלטסטער	2	ˈɛlʦtər	rule	MED		
עלעוועיטאר	2	ˈɛləvajtar	rule	LOW		
עמדין	2	ˈɛmdin	rule	MED		
עמיראטן	2	ˈɛmiratn	rule	LOW		
עממיא	2	ˈɛmmia	rule	LOW		
ענגלאנד	2	ˈɛnɡland	lexicon	HIGH		
ענדליך	2	ˈɛndləx	rule	MED		
ענדערש	2	ˈɛndərʃ	rule	MED		
ענטפער	2	ˈɛntfər	rule	LOW		
עניוועי	2	ˈɛnivaj	rule	MED		
עניות	2	anˈijus	rule	LOW		
ענינסטע	2	ˈɛninstə	rule	MED		
ענערגיע	2	ˈɛnərɡiə	rule	MED		
ענקער	2	ˈɛnkər	rule	MED		
עסטעיט	2	ˈɛstajt	rule	MED		
עסנווארג	2	ˈɛsnvarɡ	rule	LOW		
עסקן	2	ˈajsəkn	rule	LOW		
עפל	2	ɛpl	lexicon	MED		
עפנט	2	ɛfnt	rule	LOW		
עפעקטן	2	ˈɛfəktn	rule	LOW		
עצבות	2	ˈaʦvis	rule	LOW		
עצם	2	ˈɛʦəm	printed-index	MED	ɛʦm	עצעם
עקזיסטירט	2	ˈɛkzistirt	rule	MED		
עקידה	2	ˈɛkidə	rule	MED		
עקסטער	2	ˈɛkstər	rule	MED		
עראפלאן	2	ˈɛraflan	rule	LOW		
ערבי	2	ˈɛrbi	rule	MED		
ערוועקן	2	ˈɛrvəkn	rule	MED		
ערליכקייט	2	ˈɛrlixkaːt	rule	MED		
ערלעדיגט	2	ˈɛrlədiɡt	rule	MED		
ערנסטער	2	ˈɛrnstər	rule	MED		
עשירים	2	ˈɛʃirim	rule	MED		
עשיתם	2	ˈɛʃism	fallback	LOW		
עתה	2	ˈatə	rule	LOW		
עתיד	2	ˈusid	rule	LOW		
פִּתְחִי	2	pˈisxi	rule	LOW		
פאדערונג	2	fˈadərinɡ	rule	LOW		
פאזיטיווע	2	fˈazitivə	rule	LOW		
פאזיציע	2	fˈaziʦiə	rule	LOW		
פאטעל	2	fˈatəl	rule	LOW		
פאלאץ	2	fˈalaʦ	rule	LOW		
פאלגן	2	falɡn	rule	LOW		
פאנדינג	2	fˈandinɡ	rule	LOW		
פאסיגע	2	fˈasiɡə	rule	LOW		
פאפ	2	faf	rule	LOW		
פאפא	2	fˈafa	rule	LOW		
פאפיר	2	papˈir	lexicon	HIGH		
פאק	2	pak	lexicon	MED		
פאקיסטאן	2	fˈakistan	rule	LOW		
פארבאטן	2	farbˈatn	rule	LOW		
פארברענגען	2	farbrˈejnɡən	rule	MED		
פארגלייך	2	farɡlˈaːx	rule	MED		
פארגעס	2	farɡˈɛs	rule	LOW		
פארגעסט	2	farɡˈɛst	rule	LOW		
פארהאלטן	2	farhˈaltn	rule	MED		
פארווארפענע	2	farvˈarfənə	rule	LOW		
פארזוכן	2	farzˈixn	rule	LOW		
פארזעצן	2	farzˈɛʦn	rule	LOW		
פארטיג	2	fartˈiɡ	rule	LOW		
פארכאפט	2	farxˈaft	rule	LOW		
פארלאפענעם	2	farlˈafənəm	rule	LOW		
פארמאכטע	2	farmˈaxtə	rule	LOW		
פארמעגנס	2	farmˈɛɡns	rule	LOW		
פארמעסטן	2	farmˈɛstn	rule	LOW		
פארמער	2	farmˈɛr	rule	MED		
פארנומענע	2	farnˈimənə	rule	LOW		
פארס	2	fars	rule	LOW		
פארעם	2	farˈɛm	rule	LOW		
פארענטפערט	2	farˈɛntfərt	rule	LOW		
פארפאטשקעס	2	farfˈaʧkəs	rule	LOW		
פארפאסט	2	farpˈɔst	rule	MED		
פארפאסן	2	farfˈasn	rule	LOW		
פארפינצטערטע	2	farfˈinʦtərtə	rule	LOW		
פארקערטער	2	farkˈɛrtər	rule	LOW		
פארשוואונדענע	2	farʃvˈindənə	rule	LOW		
פארשוין	2	farʃˈɔjn	rule	MED		
פארשפעטיגט	2	farʃpˈɛtiɡt	rule	LOW		
פארשפרייט	2	farʃprˈajt	rule	LOW		
פארשפרעכונג	2	farʃprˈɛxinɡ	rule	LOW		
פאשקאן	2	fˈaʃkan	rule	LOW		
פאשקאנער	2	faʃkˈanər	rule	LOW		
פגימתה	2	fɡˈimsə	fallback	LOW		
פגם	2	pɡum	rule	LOW		
פדה	2	pədˈaj	rule	LOW		
פובליק	2	fˈiblik	rule	LOW		
פוילישע	2	pˈɔjliʃə	lexicon	HIGH		
פוילע	2	fˈɔjlə	rule	LOW		
פולן	2	filn	rule	LOW		
פולער	2	fˈilər	rule	LOW		
פונה	2	fˈinə	rule	LOW		
פונקטן	2	finktn	rule	LOW		
פועל'ט	2	fˈiəlt	rule	LOW		
פורת	2	pˈɔjrus	rule	LOW		
פושן	2	fiʃn	rule	LOW		
פחד'יגע	2	fxdˈiɡə	fallback	LOW		
פחמין	2	fxmin	fallback	LOW		
פיבער	2	fˈibər	rule	LOW		
פידל	2	fidl	rule	LOW		
פיינט	2	fajnt	rule	LOW		
פייניגן	2	fˈajniɡn	rule	LOW		
פייערלעשער	2	fˈajərləʃər	rule	LOW		
פייף	2	fajf	rule	LOW		
פייפן	2	fajfn	rule	LOW		
פינאנץ	2	finˈanʦ	rule	LOW		
פינגער	2	fˈinɡər	rule	LOW		
פינטעלע	2	fˈintələ	rule	LOW		
פיקטשערס	2	fˈikʧərs	rule	LOW		
פיקן	2	fikn	rule	LOW		
פירנדיג	2	fˈirndiɡ	rule	LOW		
פלאר	2	flar	rule	LOW		
פלוימען	2	flˈɔjmən	rule	LOW		
פליגן	2	fliɡn	rule	LOW		
פלייצעס	2	flˈajʦəs	rule	LOW		
פלעג	2	flɛɡ	rule	LOW		
פלעין	2	flajn	rule	LOW		
פנה	2	pˈunə	rule	LOW		
פנחס'ל	2	pˈinxusəl	rule	LOW		
פסול	2	psil	lexicon	MED		
פעידזש	2	fajʤ	rule	LOW		
פעיפער	2	fˈajfər	rule	LOW		
פעלקער	2	fˈɛlkər	rule	LOW		
פענסילוועניע	2	fˈɛnsilvəniə	rule	LOW		
פענעל	2	fˈɛnəl	rule	LOW		
פענעלס	2	fˈɛnəls	rule	LOW		
פעסל	2	fɛsl	rule	LOW		
פעסער	2	fˈɛsər	rule	LOW		
פעק	2	pɛk	lexicon	MED		
פערטל	2	fɛrtl	rule	LOW		
פערפל	2	fɛrfl	rule	LOW		
פראטעקטן	2	frˈatəktn	rule	LOW		
פראסקעס	2	frˈaskəs	rule	LOW		
פראפעסארן	2	frˈafəsarn	rule	LOW		
פראקטישע	2	frˈaktiʃə	rule	LOW		
פרוכט	2	frixt	rule	LOW		
פרידן	2	fridn	rule	LOW		
פרייט	2	frajt	rule	LOW		
פרייליכער	2	frˈajləxər	rule	LOW		
פריינטשאפט	2	frˈajnʧaft	rule	LOW		
פרייער	2	frˈajər	rule	LOW		
פריעד	2	frˈiəd	rule	LOW		
פרישן	2	friʃn	rule	LOW		
פרישקייט	2	frˈiʃkaːt	rule	LOW		
פרעמדע	2	frˈɛmdə	rule	LOW		
פרעסע	2	prˈɛsə	lexicon	HIGH		
פרעשור	2	frəʃˈir	rule	LOW		
פרצה	2	frʦə	fallback	LOW		
פרשיות	2	puruʃˈijɔjs	rule	LOW		
פשטים	2	fʃtim	rule	LOW		
פשיטא	2	fʃˈita	rule	LOW		
פשיסחא	2	pʃˈisxu	rule	LOW		
פשעתי	2	puʃˈati	rule	LOW		
פת	2	pas	rule	LOW		
פתח	2	pˈɛsax	rule	LOW		
צִיּוֹן	2	ʦˈiɔjn	rule	MED		
צאנז	2	ʦanz	rule	LOW		
צדקות	2	ʦdˈukɔjs	rule	LOW		
צובראכנקייט	2	ʦˈibraxnkaːt	rule	LOW		
צוגאנג	2	ʦˈiɡanɡ	rule	LOW		
צוגעהערט	2	ʦˈiɡəhirt	rule	MED		
צוגעפירט	2	ʦˈiɡəfirt	rule	MED		
צוגעקוקט	2	ʦˈiɡəkikt	rule	MED		
צוגרייטן	2	ʦˈiɡrajtn	rule	MED		
צוואנציגסטע	2	ʦvˈanʦiɡstə	rule	LOW		
צווייטנס	2	ʦvajtns	rule	MED		
צווינגען	2	ʦvˈinɡən	rule	MED		
צוזאמגעפאלן	2	ʦˈizamɡəfaln	rule	LOW		
צוזאמגעקומען	2	ʦˈizamɡəkimən	rule	LOW		
צוזאמצוברענגען	2	ʦˈizamʦibrənɡən	rule	LOW		
צוזאמקלויבן	2	ʦˈizamklɔjbn	rule	LOW		
צוזאמרופן	2	ʦˈizamrifn	rule	LOW		
צוטיילן	2	ʦˈitajln	rule	MED		
צוטרעפן	2	ʦˈitrəfn	rule	MED		
צופאל	2	ʦˈifal	rule	LOW		
צופים	2	ʦˈifim	rule	LOW		
צופרידן	2	ʦˈifridn	rule	LOW		
צוצושטעלן	2	ʦˈiʦiʃtəln	rule	MED		
צוריקגיין	2	ʦirˈikɡajn	rule	MED		
צוריקגעשריבן	2	ʦirˈikɡəʃribn	rule	MED		
צוריקפארן	2	ʦirˈikfarn	rule	LOW		
צוריקשטעלן	2	ʦirˈikʃtəln	rule	MED		
צורירן	2	ʦˈirirn	rule	MED		
צורר	2	ʦˈɔjrər	printed-index	MED	ʦirr	צוירער
צושטעל	2	ʦˈiʃtəl	rule	MED		
צושניידן	2	ʦˈiʃnajdn	rule	MED		
צי	2	ʦi	lexicon	HIGH		
ציטער	2	ʦˈitər	rule	MED		
ציטערט	2	ʦˈitərt	rule	MED		
צייטונג	2	ʦˈajtinɡ	rule	MED		
ציען	2	ʦˈiən	rule	MED		
צענט	2	ʦɛnt	rule	MED		
צערודערט	2	ʦərˈidərt	rule	MED		
צערעמאניע	2	ʦərˈɛmaniə	rule	LOW		
צעשמייכלט	2	ʦəʃmˈajxlt	rule	MED		
צריך	2	ʦrix	rule	MED		
צרתם	2	ʦurˈusum	rule	LOW		
קאאפעראציע	2	kˈaafəraʦiə	rule	LOW		
קאונטי	2	kˈinti	rule	LOW		
קאורט	2	kirt	rule	LOW		
קאך	2	kax	rule	LOW		
קאכן	2	kaxn	rule	LOW		
קאלירן	2	kˈalirn	rule	LOW		
קאלירס	2	kalˈirs	rule	LOW		
קאלן	2	kaln	rule	LOW		
קאמאנדא	2	kˈamanda	rule	LOW		
קאמאנדיר	2	kamandˈir	rule	LOW		
קאמיוניקעיטן	2	kˈamjinikaːtn	rule	LOW		
קאמע	2	kˈamə	rule	LOW		
קאמערשל	2	kˈamərʃl	rule	LOW		
קאמפאניס	2	kˈamfanis	rule	LOW		
קאמפיוטער	2	kˈamfjitər	rule	LOW		
קאמפליקאציעס	2	kˈamflikaʦiəs	rule	LOW		
קאנאדע'ס	2	kˈanadəs	rule	LOW		
קאנגרעס	2	kɔnɡrˈɛs	lexicon	HIGH		
קאנטעקטן	2	kˈantəktn	rule	LOW		
קאנסידערט	2	kˈansidərt	rule	LOW		
קאנפערענץ	2	kanfərˈɛnʦ	rule	LOW		
קאנצערנטס	2	kˈanʦərnʦ	rule	LOW		
קאסטומער	2	kˈastimər	rule	LOW		
קאסע	2	kˈasə	rule	LOW		
קאפעליטש	2	kˈafəliʧ	rule	LOW		
קארופציע	2	kˈarifʦiə	rule	LOW		
קארלינער	2	kˈarlinər	rule	LOW		
קארס	2	kars	rule	LOW		
קבורה	2	kvˈirə	printed-index	MED	kbˈirə	קוווּרע
קדושות	2	kdˈɔjʃɔjs	rule	LOW		
קדירה	2	kdˈirə	rule	MED		
קדם	2	kˈɛdəm	rule	LOW		
קדשו	2	kdʃi	rule	MED		
קהילה	2	kəhˈilə	printed-index	MED	khˈilə	קעהילע
קהילות	2	kəhˈilɔjs	rule	LOW		
קהל	2	kˈuul	printed-index	MED	kəhˈal	קאָאָל
קהלות	2	kəhˈilɔjs	rule	LOW		
קוועטשן	2	kvɛʧn	rule	MED		
קוילן	2	kɔjln	rule	MED		
קויף	2	kɔjf	rule	LOW		
קוקסט	2	kikst	rule	MED		
קורטען	2	kˈirtən	rule	MED		
קורץ	2	kirʦ	rule	MED		
קטן	2	kˈutun	rule	LOW		
קיבוץ	2	kˈibiʦ	rule	MED		
קיום	2	kˈiəm	printed-index	MED	kjim	קי*עם
קירוב	2	kˈirib	rule	MED		
קלאגעס	2	klˈaɡəs	rule	LOW		
קלאוזן	2	klizn	rule	LOW		
קלאזן	2	klazn	rule	LOW		
קלויזענבורג	2	klˈɔjzənbirɡ	rule	MED		
קליינס	2	klajns	rule	MED		
קליינעם	2	klˈajnəm	rule	MED		
קלעבט	2	klɛbt	rule	MED		
קלענערע	2	klˈɛnərə	rule	MED		
קנאק	2	knak	rule	LOW		
קנויטן	2	knɔjtn	rule	MED		
קעיס	2	kajs	rule	MED		
קעמפס	2	kɛmfs	rule	LOW		
קערלעך	2	kˈɛrləx	rule	MED		
קפידא	2	kpˈajdə	printed-index	MED	kfˈida	קפּיידע
קראון	2	krin	rule	LOW		
קראסנא	2	krˈasna	rule	LOW		
קרב	2	krb	fallback	LOW		
קרבנו	2	krbni	rule	MED		
קרובים	2	krˈibim	rule	MED		
קרח	2	kˈɔjrax	rule	LOW		
קריך	2	krix	rule	MED		
קרן	2	kˈɛrɛn	rule	LOW		
קרענק	2	krɛnk	rule	MED		
קשיות	2	kˈaʃjɔjs	rule	LOW		
"ראב""ד"	2	rajʃ ˈaləf bajs dˈuləd	rule	LOW		
ראות	2	ris	fallback	LOW		
ראזאי	2	rˈazaː	rule	LOW		
ראזענבערג	2	rˈazənbərɡ	rule	LOW		
ראטגעבער	2	rˈatɡəbər	rule	LOW		
ראלער	2	rˈalər	rule	LOW		
ראקונס	2	rˈakins	rule	LOW		
ראשונה	2	rˈaʃinə	rule	LOW		
ראשונים	2	riʃˈɔjnim	printed-index	MED	rˈaʃinim	רישוינים
ראשית	2	rˈajʃis	rule	LOW		
ראתה	2	ruˈasu	rule	LOW		
רבן	2	rˈabun	rule	LOW		
רבקה	2	rˈivkə	rule	LOW		
רגש	2	rˈɛɡəʃ	rule	LOW		
רואין	2	rˈiaːn	rule	LOW		
רובינשטיין	2	rˈibinʃtajn	rule	MED		
רובל	2	ribl	rule	MED		
רוהט	2	rit	rule	MED		
רוזוועלט	2	rˈizvəlt	rule	MED		
רוזעוועלט	2	rˈizəvəlt	rule	MED		
רוחמיסטריווקא	2	rˈixmistrivka	fallback	LOW		
רוסישער	2	rˈisiʃər	rule	MED		
רחמסטריווקא	2	rxmstrˈivka	fallback	LOW		
רידזש	2	riʤ	rule	MED		
ריז	2	riz	rule	MED		
רייד	2	rajd	rule	MED		
רייזעס	2	rˈajzəs	rule	MED		
רייכע	2	rˈajxə	rule	MED		
ריקט	2	rikt	rule	MED		
ריר	2	rir	rule	MED		
"רמ""ח"	2	rajʃ mɛm xɛs	rule	LOW		
רעאגירט	2	rˈɛaɡirt	rule	LOW		
רעדוקציע	2	rˈɛdikʦiə	rule	MED		
רעדסטו	2	rˈɛdsti	rule	MED		
רעזשים	2	rˈɛʒim	rule	MED		
רעכטס	2	rɛxʦ	rule	MED		
רעכנט	2	rɛxnt	rule	MED		
רעכענען	2	rˈɛxənən	rule	MED		
רעסטאראנט	2	rəstarˈant	rule	LOW		
רעסטוראנט	2	rəstirˈant	rule	LOW		
רעקארד	2	rˈɛkard	rule	LOW		
רעקארדן	2	rˈɛkardn	rule	LOW		
רעקל	2	rɛkl	rule	MED		
רפואות	2	rfˈiɔjs	rule	LOW		
רצועות	2	rʦiˈɛɔjs	rule	LOW		
"ש""י"	2	ʃin jid	rule	LOW		
שאד	2	ʃad	rule	LOW		
שאדן	2	ʃadn	rule	LOW		
שאהבאני	2	ʃˈabani	rule	LOW		
שאו	2	ʃi	rule	LOW		
שאיפות	2	ʃˈaːfis	fallback	LOW		
שאפראנער	2	ʃafrˈanər	rule	LOW		
שאקלט	2	ʃaklt	rule	LOW		
שארבעלעך	2	ʃˈarbələx	rule	LOW		
שאריים	2	ʃˈarajm	rule	LOW		
שארפן	2	ʃarfn	rule	LOW		
שבאו	2	ʒbi	rule	LOW		
שבו	2	ʒbi	rule	MED		
שביו	2	ʒbji	rule	MED		
שברים	2	ʃvˈurim	printed-index	MED	ʒbrim	שוואָרים
שבתאי	2	ʃˈabəsaː	rule	LOW		
שדה	2	sˈudɛ	rule	LOW		
שהיה	2	ʃhi	rule	MED		
שהפיל	2	ʃhfil	rule	LOW		
שואה	2	ʃˈia	rule	LOW		
שוואכע	2	ʃvˈaxə	rule	LOW		
שווייג	2	ʃvajɡ	rule	MED		
שוויצנדע	2	ʃvˈiʦndə	rule	MED		
שוועריגקייט	2	ʃvˈɛriɡkaːt	rule	MED		
שולד	2	ʃild	rule	MED		
שולט	2	ʃilt	rule	MED		
שולן	2	ʃiln	rule	MED		
שורות	2	ʃˈirɔjs	rule	LOW		
שוש	2	ʃiʃ	rule	MED		
שחלקו	2	ʃəxˈɛlkɔj	rule	LOW		
שטאפל	2	ʃtafl	rule	LOW		
שטארקט	2	ʃtarkt	rule	LOW		
שטארקער	2	ʃtˈarkər	rule	LOW		
שטופט	2	ʃtift	rule	LOW		
שטיינער	2	ʃtˈajnər	rule	MED		
שטילערהייט	2	ʃtˈilərhaːt	rule	MED		
שטימע	2	ʃtˈimə	rule	MED		
שטיצע	2	ʃtˈiʦə	rule	MED		
שטיקט	2	ʃtikt	rule	MED		
שטעכעריי	2	ʃtˈɛxəraj	rule	MED		
שטענדיג	2	ʃtˈɛndiɡ	rule	MED		
שטענדער	2	ʃtˈɛndər	rule	MED		
שטערקסטע	2	ʃtˈɛrkstə	rule	MED		
שטרויכלונגען	2	ʃtrˈɔjxlinɡən	rule	MED		
שטרענג	2	ʃtrɛnɡ	rule	MED		
"שי""ן"	2	ʃin	rule	LOW		
שיאמר	2	ʃˈiamr	rule	LOW		
שיבנה	2	ʃˈibnə	rule	MED		
שיטה	2	ʃˈitə	printed-index	MED	ʃˈitə	שיטע
שיטות	2	ʃˈitɔjs	rule	LOW		
שיטת	2	ʃiʦ	fallback	LOW		
שיכור	2	ʃixˈir	rule	MED		
שיכרות	2	ʃɛjˈuxərus	rule	LOW		
שיצטרך	2	ʃiʦtrx	rule	MED		
שירות	2	ʃˈirɔjs	rule	LOW		
שכחנו	2	ʃxni	fallback	LOW		
שכנים	2	ʃxnim	rule	MED		
"של""ה"	2	ʃlu	lexicon	LOW		
שלומי	2	ʃlˈimi	rule	MED		
שליחות	2	ʃlˈixis	rule	LOW		
שליסן	2	ʃlisn	rule	MED		
שלמא	2	ʃlma	rule	LOW		
שלמה'קע	2	ʃlɔjmˈɔjhkə	rule	LOW		
שלעפער	2	ʃlˈɛfər	rule	LOW		
שלקה	2	ʃlkə	fallback	LOW		
שמואל'ע	2	ʃmˈialə	rule	LOW		
שמועסט	2	ʃmˈiəst	rule	MED		
שמחת	2	sˈimxas	rule	LOW		
שמם	2	ʃmum	rule	LOW		
שמעה	2	ʃmə	rule	MED		
שמעקט	2	ʃmɛkt	rule	MED		
שניו	2	ʃnji	rule	MED		
שנייבט	2	ʃnajbt	rule	MED		
שעמט	2	ʃɛmt	rule	MED		
שעפן	2	ʃɛfn	rule	LOW		
שעפעלע	2	ʃˈɛfələ	rule	LOW		
שער	2	ʃˈaar	printed-index	MED	ʃɛr	שאַאַר
שעשועי	2	ʃˈɛʃiaj	rule	MED		
שפאצירט	2	ʃpˈaʦirt	rule	LOW		
שפאצירן	2	ʃpˈaʦirn	rule	LOW		
שפטים	2	ʃptim	rule	LOW		
שפילט	2	ʃpilt	rule	LOW		
שפיר	2	ʃpir	rule	LOW		
שפרינג	2	ʃprinɡ	rule	LOW		
שריי	2	ʃraj	rule	MED		
שרעקליך	2	ʃrˈɛkləx	rule	MED		
שתדלנות	2	ʃˈasdlnus	rule	LOW		
שתדלנים	2	ʒzdlnim	fallback	LOW		
שתיה	2	ʃtˈiə	printed-index	MED	ʃtˈiə	שטי*ע
"ת""ה"	2	tuf haj	rule	LOW		
תֵצֵא	2	sˈajʦaj	rule	LOW		
תֻּמֶּיךָ	2	timˈajxu	rule	LOW		
תאכל	2	tˈɔjxajl	rule	LOW		
תבא	2	tˈuvɔj	rule	LOW		
תבל	2	tˈajvajl	rule	LOW		
תבנה	2	tˈivnə	rule	LOW		
תגל	2	zɡl	fallback	LOW		
תהיינה	2	tihjˈɛjnu	rule	LOW		
תודה	2	tˈɔjdə	rule	LOW		
תולדותם	2	sˈildism	fallback	LOW		
תולה	2	tˈɔjlə	rule	LOW		
תועלת	2	sˈiəls	fallback	LOW		
תופס	2	tˈɔjfajs	rule	LOW		
תוקעי	2	sˈikaj	fallback	LOW		
תורתך	2	tɔjrusˈɛxu	rule	LOW		
תושב	2	tˈiʃuv	rule	LOW		
תחמיצנה	2	taxamiʦˈajnə	rule	LOW		
תיבה	2	tˈajvə	rule	LOW		
תיכף	2	tˈajkəf	lexicon	HIGH	tˈajkəf	טייקעף
תימן	2	tˈajmun	rule	LOW		
תירושך	2	sˈiriʃx	fallback	LOW		
תכלת	2	txˈajləs	rule	LOW		
תכנית	2	tˈuxnis	rule	LOW		
תכתב	2	sxzb	fallback	LOW		
תלמיד'ש	2	slmidʃ	rule	LOW		
תלמידי	2	talmˈidaj	rule	LOW		
תנאים	2	tanˈuim	rule	LOW		
תנו	2	tni	rule	LOW		
תנועות	2	tniˈɛɔjs	rule	LOW		
תפלת	2	tfˈilas	rule	LOW		
תפלתם	2	sflsm	fallback	LOW		
תפן	2	tˈajfən	rule	LOW		
תפתח	2	tˈiftax	rule	LOW		
תקיעות	2	tkiˈɛɔjs	rule	LOW		
תרועה	2	trˈiə	rule	LOW		
תרח	2	tˈɛrax	rule	LOW		
תרמוז	2	srmiz	fallback	LOW		
תשא	2	tˈisu	rule	LOW		
תשובות	2	ʧˈivɔjs	rule	LOW		
תשובת	2	ʧˈivas	rule	LOW		
תשים	2	tˈusim	rule	LOW		
"תשכ""ו"	2	tuf ʃin xuf vuv	rule	LOW		
"תשנ""א"	2	tuf ʃin nin ˈaləf	rule	LOW		
"תשנ""ה"	2	tuf ʃin nin haj	rule	LOW		
"תשפ""ג"	2	tuf ʃin paj ɡiml	rule	LOW		
תשרי	2	tˈiʃraj	rule	LOW		
אֱלֹהֵי	1	ˈɛlɔjhaj	rule	MED		
אֱלֹהֵינוּ	1	ˈɛlɔjhajni	rule	MED		
אֱלֹקִים	1	ˈɛlɔjkim	rule	MED		
אֱלֹקָיו	1	ˈɛlɔjkuji	rule	MED		
אֲלֵכֶם	1	ˈalajxəm	rule	MED		
אִשָּׁה	1	ˈiʃə	rule	MED		
אֵלֵךְ	1	ˈajlajx	rule	MED		
אֶרְאֶנּוּ	1	ˈɛrəni	rule	MED		
אֶרֶץ	1	ˈɛrəʦ	lexicon	HIGH		
אֶתְכֶם	1	ˈɛsxəm	rule	LOW		
אַחֲרֵי	1	axˈaraj	rule	LOW		
אַחֲרֵיהֶם	1	axarˈajhəm	rule	LOW		
אַל	1	al	rule	MED		
אַשְׁרֵי	1	ˈaʃraj	printed-index	MED	ˈaʃraj	אַשריי
אַתֶּם	1	ˈatəm	rule	LOW		
אַתָּה	1	ˈatə	rule	LOW		
אָבָה	1	ˈuvə	rule	MED		
אָמַר	1	ˈumar	printed-index	MED	ˈumar	אָמאַר
אבאס	1	ˈabəs	rule	LOW		
אבדל	1	abdl	rule	LOW		
אבו	1	ˈabi	rule	LOW		
אבוא	1	ˈubia	lexicon	MED		
אבותיך	1	avɔjsˈajxu	rule	LOW		
אבותינו	1	avɔjsˈajni	rule	LOW		
אביב	1	ˈabib	rule	LOW		
אביך	1	ˈabix	rule	LOW		
אבלו	1	ˈabli	rule	LOW		
אבן	1	abn	rule	LOW		
אבנארמאל	1	ˈabnarmal	rule	LOW		
אבנה	1	ˈabnə	rule	LOW		
אבת	1	abs	fallback	LOW		
אגב'דיגע	1	ˈaɡbdiɡə	rule	LOW		
אגלא	1	ˈaɡla	rule	LOW		
אדווערטייזמענט	1	advərtajzmˈɛnt	rule	LOW		
אדומות	1	ˈadvmɔjs	rule	LOW		
אדורכגיין	1	adˈirxɡajn	rule	LOW		
אדורכלערנען	1	adˈirxlərnən	rule	LOW		
אדיר	1	ˈadir	printed-index	MED	adˈir	אַדיר
אדירים	1	ˈadirim	rule	LOW		
אדמה	1	adˈumə	printed-index	MED	ˈadmə	אַדאָמע
"אדמורי""ם"	1	ˈaləf dˈuləd mɛm vuv rajʃ jid mɛm	rule	LOW		
אדערווייל	1	ˈadərvajl	rule	LOW		
אדרבה	1	ˈadrbə	rule	LOW		
אדרי	1	ˈadri	rule	LOW		
אדרעס	1	ˈadrəs	rule	LOW		
אדרעסירן	1	ˈadrəsirn	rule	LOW		
אהא	1	ˈaha	rule	LOW		
אהבו	1	ˈabi	rule	LOW		
אהבך	1	abx	rule	LOW		
אהבתך	1	ahavˈusxu	rule	LOW		
אהיה	1	ˈahi	rule	LOW		
אהיימגעפארן	1	ahˈajmɡəfarn	rule	LOW		
אהיימגעשיקט	1	ahˈajmɡəʃikt	rule	LOW		
אהיימנעמען	1	ahˈajmnəmən	rule	LOW		
אהיימפארן	1	ahˈajmfarn	rule	LOW		
אהיימצוקומען	1	ahˈajmʦikimən	rule	LOW		
אהינגיין	1	ahˈinɡajn	rule	LOW		
אהינדריען	1	ahˈindriən	rule	LOW		
אהערגעשיקט	1	ahˈɛrɡəʃikt	rule	LOW		
אהערצושטעלן	1	ahˈɛrʦiʃtəln	rule	LOW		
אהערקומען	1	ahˈɛrkimən	rule	MED		
אהרן'ער	1	ˈarnər	rule	LOW		
אודאי	1	ˈidaː	rule	LOW		
אודבלי	1	ˈidbli	rule	LOW		
אודיענס	1	ˈidiəns	rule	LOW		
אוהל	1	il	rule	LOW		
אוועקגעגעבן	1	avˈɛkɡəɡejbn	rule	MED		
אוועקגעדרייט	1	avˈɛkɡədrajt	rule	LOW		
אוועקגעהייבן	1	avˈɛkɡəhajbn	rule	LOW		
אוועקגעווארפן	1	avˈɛkɡəvarfn	rule	LOW		
אוועקגעקערט	1	avˈɛkɡəkərt	rule	LOW		
אוועקגערוקט	1	avˈɛkɡərikt	rule	LOW		
אוועקווארפן	1	avˈɛkvarfn	rule	LOW		
אוועקלייגן	1	avˈɛklajɡn	rule	MED		
אוועקצושפאצירן	1	avˈɛkʦiʃpaʦirn	rule	LOW		
אוועקצושפעטן	1	avˈɛkʦiʃpətn	rule	LOW		
אוועקריקן	1	avˈɛkrikn	rule	LOW		
אוועקשטופן	1	avˈɛkʃtifn	rule	LOW		
אוועקשיקן	1	avˈɛkʃikn	rule	MED		
אוועקשפעטן	1	avˈɛkʃpətn	rule	LOW		
אווער	1	ˈavər	rule	LOW		
אוחז	1	ˈɔjxajz	rule	LOW		
אוט	1	it	rule	LOW		
אויביהון	1	ˈɔjbihin	rule	LOW		
אויביך	1	ˈɔjbix	rule	LOW		
אויבים	1	ˈɔjbim	rule	LOW		
אויבערהאר	1	ˈɔjbərhar	rule	LOW		
אויבערלאנד	1	ˈɔjbərland	rule	LOW		
אויבערשטן	1	ˈɔjbərʃtn	rule	LOW		
אויבערשטע	1	ˈɔjbərʃtə	rule	LOW		
אויוון	1	ɔjvn	rule	LOW		
אויטאריטעט	1	ˈɔjtaritət	rule	LOW		
אויטדאורס	1	ɔjtdˈirs	rule	LOW		
אויסארבעטן	1	ˈoʊsarbətn	rule	MED		
אויסבאהאלטן	1	ˈoʊzbahaltn	rule	LOW		
אויסבעטן	1	ˈoʊzbejtn	rule	MED		
אויסגאבן	1	ˈoʊzɡabn	rule	LOW		
אויסגאבעס	1	ˈoʊzɡabəs	rule	LOW		
אויסגיין	1	ˈoʊzɡajn	rule	MED		
אויסגע'טענה'ט	1	ˈoʊzɡətənht	rule	LOW		
אויסגעארבעט	1	ˈoʊzɡəarbət	rule	MED		
אויסגעהאלפן	1	ˈoʊzɡəhalfn	rule	LOW		
אויסגעהאמערט	1	ˈoʊzɡəhamərt	rule	LOW		
אויסגעטון	1	ˈoʊzɡətin	rule	MED		
אויסגעטענה'ט	1	ˈoʊzɡətənht	rule	LOW		
אויסגעלאזט	1	ˈoʊzɡəlɔzt	rule	MED		
אויסגעליידיגט	1	ˈoʊzɡəlajdiɡt	rule	LOW		
אויסגעמאכט	1	ˈoʊzɡəmaxt	rule	MED		
אויסגענוצט	1	ˈoʊzɡəniʦt	rule	LOW		
אויסגעפארשט	1	ˈoʊzɡəfarʃt	rule	LOW		
אויסגעפיילט	1	ˈoʊzɡəfajlt	rule	LOW		
אויסגעפלאצט	1	ˈoʊzɡəflaʦt	rule	LOW		
אויסגעקריסט	1	ˈoʊzɡəkrist	rule	LOW		
אויסגערוהט	1	ˈoʊzɡərit	rule	LOW		
אויסגערופן	1	ˈoʊzɡərifn	rule	MED		
אויסגערעדט	1	ˈoʊzɡərədt	rule	MED		
אויסגעשארפט	1	ˈoʊzɡəʃarft	rule	LOW		
אויסגעשטרעקטע	1	ˈoʊzɡəʃtrəktə	rule	LOW		
אויסגעשלאסן	1	ˈoʊzɡəʃlasn	rule	LOW		
אויסגעשפרייטערט	1	ˈoʊzɡəʃprajtərt	rule	LOW		
אויסדערוועלט	1	ˈoʊzdərvəlt	rule	LOW		
אויסהאמערן	1	ˈoʊshamərn	rule	LOW		
אויסוואלן	1	ˈoʊsvaln	rule	LOW		
אויסוויינען	1	ˈoʊsvajnən	rule	LOW		
אויסוועלן	1	ˈoʊsvəln	rule	MED		
אויסטויש	1	ˈoʊstɔjʃ	rule	LOW		
אויסטוישן	1	ˈoʊstoʊʃn	rule	MED		
אויסטון	1	ˈoʊstin	rule	MED		
אויסטיילן	1	ˈoʊstajln	rule	LOW		
אויסטערלישע	1	ˈoʊstərliʃə	rule	LOW		
אויסליידיגן	1	ˈoʊslajdiɡn	rule	LOW		
אויסלעכענען	1	ˈoʊsləxənən	rule	LOW		
אויסלענדישע	1	ˈoʊsləndiʃə	rule	LOW		
אויסלענען	1	ˈoʊslənən	rule	LOW		
אויסלעשן	1	ˈoʊsləʃn	rule	LOW		
אויסמענטשט	1	ˈoʊsmənʧt	rule	LOW		
אויסמשל'ן	1	oʊsmʃln	fallback	LOW		
אויסן	1	oʊsn	rule	LOW		
אויסנווייניג	1	ˈoʊsnvajniɡ	rule	LOW		
אויספארשער	1	ˈoʊsfarʃər	rule	LOW		
אויספירן	1	ˈoʊsfirn	rule	LOW		
אויספעלן	1	ˈoʊsfəln	rule	LOW		
אויסצוארבעטן	1	ˈoʊsʦiarbətn	rule	LOW		
אויסצומעקן	1	ˈoʊsʦiməkn	rule	LOW		
אויסצונוצן	1	ˈoʊsʦiniʦn	rule	LOW		
אויסצוקלארן	1	ˈoʊsʦiklarn	rule	LOW		
אויסצוקלויבן	1	ˈoʊsʦiklɔjbn	rule	LOW		
אויסצורעכענען	1	ˈoʊsʦirəxənən	rule	LOW		
אויסצושרייען	1	ˈoʊsʦiʃrajən	rule	LOW		
אויסקומען	1	ˈoʊskimən	rule	MED		
אויסרופן	1	ˈoʊsrifn	rule	MED		
אויסרייניגן	1	ˈoʊsrajniɡn	rule	LOW		
אויסרייסן	1	ˈoʊsrajsn	rule	LOW		
אויסרעדן	1	ˈoʊsrədn	rule	MED		
אויסשאלטערן	1	ˈoʊsʃaltərn	rule	LOW		
אויסשאקלען	1	ˈoʊsʃaklən	rule	LOW		
אויסשטעלונגען	1	ˈoʊsʃtəlinɡən	rule	LOW		
אויסשיידן	1	ˈoʊsʃajdn	rule	LOW		
אויסשען	1	ˈoʊsʃən	rule	LOW		
אויסשפיאנירן	1	ˈoʊsʃpianirn	rule	LOW		
אויף'ן	1	ɔjfn	rule	LOW		
אויפגעבראכן	1	ˈɔjfɡəbraxn	rule	LOW		
אויפגעגראבן	1	ˈɔjfɡəɡrabn	rule	LOW		
אויפגעצויגן	1	ˈɔjfɡəʦɔjɡn	rule	LOW		
אויפגעצויגענע	1	ˈɔjfɡəʦɔjɡənə	rule	LOW		
אויפגעראכטן	1	ˈɔjfɡəraxtn	rule	LOW		
אויפגעריסן	1	ˈɔjfɡərisn	rule	LOW		
אויפגערעגט	1	ˈɔjfɡərəɡt	rule	LOW		
אויפגעשניטן	1	ˈɔjfɡəʃnitn	rule	LOW		
אויפהענגען	1	ˈɔjfhənɡən	rule	LOW		
אויפהער	1	ˈɔjfhər	rule	LOW		
אויפזוכן	1	ˈɔjfzixn	rule	LOW		
אויפלעבן	1	ˈoʊflejbn	rule	MED		
אויפעסן	1	ˈoʊfəsn	rule	MED		
אויפפאדערן	1	ˈɔjfadərn	rule	LOW		
אויפפאלנד	1	ˈɔjfalnd	rule	LOW		
אויפפאסן	1	ˈɔjfasn	rule	LOW		
אויפפרישן	1	ˈɔjfriʃn	rule	LOW		
אויפצוטרייבן	1	ˈɔjfʦitrajbn	rule	LOW		
אויפצונעמען	1	ˈɔjfʦinəmən	rule	LOW		
אויפצורייסן	1	ˈɔjfʦirajsn	rule	LOW		
אויפרוף	1	ˈɔjfrif	rule	LOW		
אויפרייסן	1	ˈɔjfrajsn	rule	LOW		
אויפשאן	1	ˈɔjfʃan	rule	LOW		
אויפשטיין	1	ˈoʊfʃtajn	rule	MED		
אויפשטיל	1	ˈɔjfʃtil	rule	LOW		
אויפשטעלן	1	ˈɔjfʃtəln	rule	LOW		
אויפשניידן	1	ˈɔjfʃnajdn	rule	LOW		
אויק	1	ɔjk	rule	LOW		
אוישוויץ	1	ˈoʊʃviʦ	rule	LOW		
אוכלין	1	ˈixlin	rule	LOW		
אום	1	im	rule	LOW		
אומ	1	im	rule	LOW		
אומאנקלען	1	ˈimanklən	rule	LOW		
אומבאקוועמע	1	ˈimbakvəmə	rule	LOW		
אומברענגען	1	ˈimbrənɡən	rule	LOW		
אומגינסטיגע	1	ˈimɡinstiɡə	rule	LOW		
אומגעהויערע	1	ˈimɡəhɔjərə	rule	LOW		
אומגעוואשן	1	ˈimɡəvaʃn	rule	LOW		
אומגעווענליך	1	ˈimɡəvənləx	rule	LOW		
אומגעפער	1	ˈumɡəfər	lexicon	MED		
אומגעקומענע	1	ˈimɡəkimənə	rule	LOW		
אומגערופענער	1	ˈimɡərifənər	rule	LOW		
אומגעשטערט	1	ˈimɡəʃtərt	rule	LOW		
אומה	1	ˈimə	printed-index	MED	ˈimə	אומע
אומלעגאל	1	ˈimləɡal	rule	LOW		
אוממעגליך	1	ˈimməɡləx	rule	LOW		
אומפארגעסליכער	1	ˈimfarɡəsləxər	rule	LOW		
אומצופרידנהייט	1	ˈimʦifridnhaːt	rule	LOW		
אומקלארקייט	1	ˈimklarkaːt	rule	LOW		
אומקערן	1	ˈimkərn	rule	LOW		
אומשטענד	1	ˈimʃtənd	rule	LOW		
אונזערער	1	ˈinzərər	rule	LOW		
אונטערגעפירט	1	ˈintərɡəfirt	rule	MED		
אונטערגעשריבן	1	ˈintərɡəʃribn	rule	MED		
אונטערדריקונג	1	ˈintərdrikinɡ	rule	LOW		
אונטערהערן	1	ˈintərhirn	rule	MED		
אונטערווארפן	1	ˈintərvarfn	rule	LOW		
אונטערוועגנס	1	ˈintərvəɡns	rule	LOW		
אונטערלאגע	1	ˈintərlaɡə	rule	LOW		
אונטערלייגן	1	ˈintərlajɡn	rule	MED		
אונטערליינען	1	ˈintərlajnən	rule	MED		
אונטערצואווארפן	1	ˈintərʦiavarfn	rule	LOW		
אונטערצוהערן	1	ˈintərʦihərn	rule	LOW		
אונטערשבירן	1	ˈintərʒbirn	rule	LOW		
אונטערשטן	1	ˈintərʃtn	rule	LOW		
אונטערשטעלן	1	ˈintərʃtəln	rule	LOW		
אונס	1	ˈɔjnəs	printed-index	MED	ins	אוינעס
אוסטילא	1	ˈistila	rule	LOW		
אוציאך	1	ˈiʦiax	rule	LOW		
אוצרות	1	ˈɔjʦrɔjs	rule	LOW		
אוקראינע'ס	1	ˈikraːnəs	rule	LOW		
אורי	1	ˈiri	rule	LOW		
אורים	1	ˈirim	rule	LOW		
אושען	1	ˈiʃən	rule	LOW		
אותות	1	ˈisis	fallback	LOW		
אזיל	1	ˈazil	rule	LOW		
אזכירה	1	ˈazxirə	rule	LOW		
אזניך	1	ˈaznix	rule	LOW		
אזנך	1	aznx	rule	LOW		
אזעלכי	1	ˈazəlxi	rule	LOW		
אחי	1	ˈuxi	printed-index	MED	ˈuxi	אָכי
אחיה	1	axˈiju	rule	LOW		
אחים	1	ˈaxim	rule	LOW		
אחיעזר	1	axiˈɛzɛr	rule	LOW		
אחסד	1	axzd	fallback	LOW		
אחריו	1	axˈarujv	rule	LOW		
אחרים	1	axˈajrim	rule	LOW		
אטאפסי	1	ˈatafsi	rule	LOW		
אטאק	1	ˈatak	rule	LOW		
אטוירני	1	ˈatɔjrni	rule	LOW		
אטמאספערע	1	ˈatmasfərə	rule	LOW		
"אי""ה"	1	ˈaləf jid haj	rule	LOW		
איביך	1	ˈibix	rule	LOW		
איבעי'ס	1	ˈibajs	rule	LOW		
איבערגעבויט	1	ˈibərɡəboʊt	rule	MED		
איבערגעגאנגען	1	ˈibərɡəɡanɡən	rule	MED		
איבערגעגרייט	1	ˈibərɡəɡrajt	rule	MED		
איבערגעזינגען	1	ˈibərɡəzinɡən	rule	LOW		
איבערגעטייטשט	1	ˈibərɡətajʧt	rule	LOW		
איבערהערן	1	ˈibərhirn	rule	MED		
איבערוועגנדע	1	ˈibərvəɡndə	rule	LOW		
איבערטראכטן	1	ˈibərtraxtn	rule	LOW		
איבעריאר	1	ˈibərjur	rule	MED		
איבעריגע	1	ˈibəriɡə	rule	LOW		
איבערלאזט	1	ˈibərlɔzt	rule	MED		
איבערליינען	1	ˈibərlajnən	rule	MED		
איבערלעבער	1	ˈibərləbər	rule	LOW		
איבערמאכן	1	ˈibərmaxn	rule	MED		
איבערנעמען	1	ˈibərnəmən	rule	MED		
איבערפאקן	1	ˈibərfakn	rule	LOW		
איבערפארציילט	1	ˈibərfarʦajlt	rule	LOW		
איבערפארציילן	1	ˈibərfarʦajln	rule	LOW		
איבערצובעטן	1	ˈibərʦibətn	rule	LOW		
איבערצוגעבן	1	ˈibərʦiɡəbn	rule	LOW		
איבערצודרייען	1	ˈibərʦidrajən	rule	LOW		
איבערצוזאגן	1	ˈibərʦizaɡn	rule	LOW		
איבערצוטייטשן	1	ˈibərʦitajʧn	rule	LOW		
איבערצומאכן	1	ˈibərʦimaxn	rule	LOW		
איבערצונעמען	1	ˈibərʦinəmən	rule	LOW		
איבערקוקן	1	ˈibərkikn	rule	LOW		
איבערקליגן	1	ˈibərkliɡn	rule	LOW		
איבערקלערן	1	ˈibərklərn	rule	LOW		
איבערקערן	1	ˈibərkərn	rule	LOW		
איבערראשונג	1	ˈibərraʃinɡ	rule	LOW		
איבערשטייגנדיג	1	ˈibərʃtajɡndiɡ	rule	LOW		
איבערשלאפן	1	ˈibərʃlufn	rule	MED		
איבריג	1	ˈibriɡ	rule	LOW		
איגא	1	ˈiɡa	rule	LOW		
אידישן	1	jˈidiʃn	lexicon	HIGH		
אידישער	1	jˈidiʃər	lexicon	HIGH		
אידל	1	idl	rule	LOW		
אידעלע	1	ˈidələ	rule	LOW		
אידעלעך'ס	1	ˈidələxs	rule	LOW		
אידענטיפייען	1	ˈidəntifajən	rule	LOW		
איה	1	i	rule	LOW		
איוב	1	ˈiəv	printed-index	MED	jib	אי*עוו
איזהו	1	ˈizhi	rule	LOW		
איזיל	1	ˈizil	rule	LOW		
איחל	1	ixl	fallback	LOW		
איטאליע	1	ˈitaliə	rule	LOW		
אייגנטומער	1	ˈajɡntimər	rule	LOW		
אייגענעם	1	ˈajɡənəm	rule	LOW		
איידזש	1	ajʤ	rule	LOW		
איידעמער	1	ˈajdəmər	rule	LOW		
אייווי	1	ˈajvi	rule	LOW		
אייזבארג	1	ˈajzbarɡ	rule	LOW		
אייזער	1	ˈajzər	rule	LOW		
אייזערנעס	1	ˈajzərnəs	rule	LOW		
אייטעם	1	ˈajtəm	rule	LOW		
איילעניש	1	ˈajləniʃ	rule	LOW		
איינגיין	1	ˈaːnɡajn	rule	MED		
איינגעבאקן	1	ˈajnɡəbakn	rule	LOW		
איינגעבן	1	ˈaːnɡəbən	rule	MED		
איינגעגאנגען	1	ˈaːnɡəɡanɡən	rule	MED		
איינגעדרימלט	1	ˈajnɡədrimlt	rule	LOW		
איינגעהאלטן	1	ˈaːnɡəhaltn	rule	MED		
איינגעהאנדלט	1	ˈajnɡəhandlt	rule	LOW		
איינגעזונקען	1	ˈajnɡəzinkən	rule	LOW		
איינגעטיילט	1	ˈajnɡətajlt	rule	LOW		
איינגעלאדנט	1	ˈajnɡəladnt	rule	LOW		
איינגעפלאנצט	1	ˈajnɡəflanʦt	rule	LOW		
איינגעקויפט	1	ˈajnɡəkɔjft	rule	LOW		
איינגעשלאפן	1	ˈaːnɡəʃlufn	rule	MED		
איינדרוקספול	1	ˈajndriksfil	rule	LOW		
איינהארן	1	ˈajnharn	rule	LOW		
איינהייט	1	ˈajnhaːt	rule	LOW		
איינווארפן	1	ˈajnvarfn	rule	LOW		
איינזאמלען	1	ˈajnzamlən	rule	LOW		
איינזען	1	ˈaːnzejn	rule	MED		
איינזעצן	1	ˈajnzəʦn	rule	LOW		
איינטיילן	1	ˈajntajln	rule	LOW		
אייניגן	1	ˈajniɡn	rule	LOW		
אייניקל'ס	1	ˈajnikls	rule	LOW		
איינלי	1	ˈajnli	rule	LOW		
איינפלוס	1	ˈajnflis	rule	LOW		
איינצושפאנען	1	ˈajnʦiʃpanən	rule	LOW		
איינריכטונגען	1	ˈajnrixtinɡən	rule	LOW		
איינשטעלן	1	ˈajnʃtəln	rule	LOW		
אייראפע	1	ˈajrafə	rule	LOW		
אילו	1	ˈili	rule	LOW		
אילי	1	ˈili	rule	LOW		
אילמלא	1	ˈilmla	rule	LOW		
אילמלי	1	ˈilmli	rule	LOW		
אילן	1	iln	rule	LOW		
אימייל	1	ˈimajl	rule	LOW		
אימפארט	1	ˈimfart	rule	LOW		
אימפארטירן	1	ˈimfartirn	rule	LOW		
אימפארטן	1	ˈimfartn	rule	LOW		
אימפארטענט	1	imfartˈɛnt	rule	LOW		
אימפלענטעד	1	ˈimfləntəd	rule	LOW		
אימפרעסד	1	ˈimfrəzd	rule	LOW		
אינאיינעם	1	ˈinajnəm	rule	LOW		
אינגרידיענטס	1	ˈinɡridiənʦ	rule	LOW		
אינדיע	1	ˈindiə	rule	LOW		
אינדערוואכן	1	ˈindərvaxn	rule	LOW		
אינדערווייניג	1	ˈindərvajniɡ	rule	LOW		
אינוואלוונד	1	ˈinvalvnd	rule	LOW		
אינוועסטירער	1	invəstˈirər	rule	LOW		
אינוועסטמענט	1	invəstmˈɛnt	rule	LOW		
אינזל	1	inzl	rule	LOW		
אינטערוויוען	1	ˈintərvjiən	rule	LOW		
אינטערווענץ	1	intərvˈɛnʦ	rule	LOW		
אינטערנאציאנאלע	1	ˈintərnaʦianalə	rule	LOW		
אינטערנעשאנעל	1	ˈintərnəʃanəl	rule	LOW		
אינטערעסאנטליך	1	intərəsˈantləx	rule	LOW		
אינטערעסאנטסטע	1	ˈintərəsanʦtə	rule	LOW		
אינטערעסירט	1	ˈintərəsirt	rule	LOW		
אינטערערנטער	1	ˈintərərntər	rule	LOW		
אינטרעסאנטע	1	ˈintrəsantə	rule	LOW		
איני	1	ˈini	rule	LOW		
איננו	1	ajnˈɛni	printed-index	MED	ˈinni	איינענו
אינסיידערס	1	ˈinsajdərs	rule	LOW		
אינערן	1	ˈinərn	rule	LOW		
אינפארמאטיוו	1	ˈinfarmativ	rule	LOW		
אינפארמירן	1	ˈinfarmirn	rule	LOW		
אינפילטרירונגען	1	ˈinfiltririnɡən	rule	LOW		
אינפלאציע	1	ˈinflaʦiə	rule	LOW		
אינקלער	1	ˈinklər	rule	LOW		
איסלאמאבאד	1	ˈislamabad	rule	LOW		
איפסאס	1	ˈifsas	rule	LOW		
איצט	1	iʦt	rule	LOW		
איציק	1	ˈiʦik	rule	LOW		
אירופה	1	ˈirifə	rule	LOW		
אישו	1	ˈiʃi	rule	LOW		
איתתא	1	ˈisa	fallback	LOW		
אך	1	ax	rule	LOW		
אכזריות	1	axzərˈijus	rule	LOW		
אכט'ס	1	axʦ	rule	LOW		
אכטע	1	ˈaxtə	rule	LOW		
אכל	1	axl	rule	LOW		
אכן	1	axn	rule	LOW		
אכסטופקער	1	ˈaxstifkər	rule	LOW		
אכצנטן	1	axʦntn	fallback	LOW		
"אל""ף'ס"	1	ˈaləf lˈaməd paj sˈaməx	rule	LOW		
אלאפין	1	ˈalafin	rule	LOW		
אלארמירט	1	ˈalarmirt	rule	LOW		
אלבאני	1	ˈalbani	rule	LOW		
אלבום	1	ˈalbim	rule	LOW		
אלגעמיין	1	ˈalɡəmajn	rule	LOW		
אלגעמיינע	1	ˈalɡəmajnə	rule	LOW		
אלגעמיינעם	1	ˈalɡəmajnəm	rule	LOW		
אלההון	1	ˈalhhin	rule	LOW		
אלהיכם	1	ˈalhixm	rule	LOW		
אלהך	1	alhx	rule	LOW		
אלוהי	1	ˈalihi	rule	LOW		
אלול'דיגע	1	ˈalildiɡə	rule	LOW		
אלול'ס	1	ˈalils	rule	LOW		
אלופו	1	ˈalifi	rule	LOW		
אלטן	1	altn	rule	LOW		
אליגארכן	1	ˈaliɡarxn	rule	LOW		
אליך	1	ˈalix	rule	LOW		
אלימלך'ס	1	ˈalimlxs	rule	LOW		
אלכוהול	1	ˈalxihil	rule	LOW		
אללא	1	ˈalla	rule	LOW		
אלמוני	1	ˈalmini	rule	LOW		
אלעווסקי	1	ˈaləvski	rule	LOW		
אלעירטע	1	ˈalajrtə	rule	LOW		
אלפי	1	ˈalfi	rule	LOW		
אלקי	1	ˈalki	rule	LOW		
אמאונט	1	ˈamint	rule	LOW		
אמבאסאדאר	1	ˈambasadar	rule	LOW		
אמורא	1	amˈɔjrə	printed-index	MED	ˈamira	אַמוירע
אמות	1	ˈamɔjs	rule	LOW		
אמנה	1	ˈamnə	rule	LOW		
אמער	1	ˈamər	rule	LOW		
אמפעריי	1	ˈamfəraj	rule	LOW		
אמפערייען	1	ˈamfərajən	rule	LOW		
אמצעי	1	ˈamʦaj	rule	LOW		
אמרות	1	ˈamris	fallback	LOW		
אמת'דיגער	1	ˈɛməzdiɡər	rule	LOW		
אנאסטיזשע	1	ˈanastiʒə	rule	LOW		
אנגליען	1	ˈanɡliən	rule	LOW		
אנגע'יאפעצט	1	ˈanɡajafəʦt	rule	LOW		
אנגע'שכור'ט	1	ˈanɡəʃxirt	rule	LOW		
אנגעבליך	1	ˈanɡəbləx	rule	LOW		
אנגעדרייט	1	ˈanɡədrajt	rule	LOW		
אנגעהאלטן	1	ˈunɡəhaltn	rule	MED		
אנגעהערט	1	ˈunɡəhirt	rule	MED		
אנגעוויזן	1	ˈanɡəvizn	rule	LOW		
אנגעווייטאגט	1	ˈanɡəvajtaɡt	rule	LOW		
אנגעזונדערט	1	ˈanɡəzindərt	rule	LOW		
אנגעזעצט	1	ˈanɡəzəʦt	rule	LOW		
אנגעיאגט	1	ˈanɡajaɡt	rule	LOW		
אנגעלאטעוועט	1	ˈanɡəlatəvət	rule	LOW		
אנגעלאנט	1	anɡəlˈant	rule	LOW		
אנגעלייגט	1	ˈunɡəlajɡt	rule	MED		
אנגעליינט	1	ˈanɡəlajnt	rule	LOW		
אנגעמאכט	1	ˈunɡəmaxt	rule	MED		
אנגענעם	1	ˈanɡənəm	rule	LOW		
אנגעפירט	1	ˈunɡəfirt	rule	MED		
אנגעפירטע	1	ˈanɡəfirtə	rule	LOW		
אנגעפלאקערט	1	ˈanɡəflakərt	rule	LOW		
אנגעפראסקעט	1	ˈanɡəfraskət	rule	LOW		
אנגעצויגנקייט	1	ˈanɡəʦɔjɡnkaːt	rule	LOW		
אנגעצייכנט	1	ˈanɡəʦajxnt	rule	LOW		
אנגעצינדן	1	ˈanɡəʦindn	rule	LOW		
אנגערירט	1	ˈunɡərirt	lexicon	MED		
אנדייטונג	1	ˈandajtinɡ	rule	LOW		
אנדער	1	ˈandər	rule	LOW		
אנדערהאלבן	1	ˈandərhalbn	rule	LOW		
אנדערליינט	1	ˈandərlajnt	rule	LOW		
אנדערער	1	ˈandərər	rule	LOW		
אנדריי	1	ˈundraj	rule	MED		
אנדרייען	1	ˈandrajən	rule	LOW		
אנדרייער	1	ˈandrajər	rule	LOW		
אנוואונטשעכץ	1	ˈanvinʧəxʦ	rule	LOW		
אנווארעמען	1	ˈanvarəmən	rule	LOW		
אנווארענען	1	ˈanvarənən	rule	LOW		
אנווייזונגען	1	ˈanvajzinɡən	rule	LOW		
אנווינטשן	1	ˈanvinʧn	rule	LOW		
אנויי	1	ˈanɔji	rule	LOW		
אנוש	1	ˈaniʃ	rule	LOW		
אנטווארט	1	ˈantvart	rule	LOW		
אנטוויקלונג	1	ˈantviklinɡ	rule	LOW		
אנטוויקלט	1	ˈantviklt	rule	LOW		
אנטווערפן	1	ˈantvərfn	rule	LOW		
אנטוישט	1	ˈantɔjʃt	rule	LOW		
אנטון	1	ˈuntin	rule	MED		
אנטזאגט	1	ˈantzaɡt	rule	LOW		
אנטיילנעמען	1	ˈantajlnəmən	rule	LOW		
אנטיסעמיט	1	ˈantisəmit	rule	LOW		
אנטיסעמיטיזם	1	antisəmitˈizm	rule	LOW		
אנטלאפן	1	ˈantlafn	rule	LOW		
אנטרופן	1	ˈantrifn	rule	LOW		
אנטשולדיג	1	ˈanʧuldiɡ	lexicon	MED		
אנלויפעניש	1	ˈanlɔjfəniʃ	rule	LOW		
אנלערנען	1	ˈunlirnən	rule	MED		
אנעים	1	ˈanajm	rule	LOW		
אנעם	1	ˈanəm	rule	LOW		
אנערקענטע	1	ˈanərkəntə	rule	LOW		
אנערקענען	1	ˈanərkənən	rule	LOW		
אנפרעגן	1	ˈanfrəɡn	rule	LOW		
אנצוגלייכן	1	ˈanʦiɡlajxn	rule	LOW		
אנצוגעבן	1	ˈanʦiɡəbn	rule	LOW		
אנצוהאלטן	1	ˈanʦihaltn	rule	LOW		
אנצוהייבן	1	ˈanʦihajbn	rule	LOW		
אנצושליסן	1	ˈanʦiʃlisn	rule	LOW		
אנצייכענען	1	ˈanʦajxənən	rule	LOW		
אנרופן	1	ˈunrifn	rule	MED		
אנשליכטן	1	ˈanʃlixtn	rule	LOW		
אנשעלע	1	ˈanʃələ	rule	LOW		
אסור	1	asˈir	rule	LOW		
אסעמבלי	1	ˈasəmbli	rule	LOW		
אסר'ן	1	asrn	rule	LOW		
אעא	1	ˈaəa	rule	LOW		
אעירה	1	ˈaajrə	rule	LOW		
אעלה	1	ˈaələ	rule	LOW		
אעשה	1	ˈaəʃə	rule	LOW		
אפאראט	1	ˈafarat	rule	LOW		
אפבראטן	1	ˈafbratn	rule	LOW		
אפברענען	1	ˈafbrənən	rule	LOW		
אפגעביסלט	1	ˈɔpɡəbislt	rule	LOW		
אפגעדאוונט	1	ˈɔpɡədavnt	rule	LOW		
אפגעוואלט	1	ˈupɡəvɔlt	rule	MED		
אפגעווארפן	1	ˈɔpɡəvarfn	rule	LOW		
אפגעווישט	1	ˈɔpɡəviʃt	rule	LOW		
אפגעזען	1	ˈupɡəzejn	rule	MED		
אפגעטאנצן	1	ˈɔpɡətanʦn	rule	LOW		
אפגעלאזט	1	ˈupɡəlɔzt	rule	MED		
אפגעלאטעט	1	ˈɔpɡəlatət	rule	LOW		
אפגעפוצט	1	ˈɔpɡəfiʦt	rule	LOW		
אפגעפרעגט	1	ˈɔpɡəfrəɡt	rule	LOW		
אפגעצייכנט	1	ˈɔpɡəʦajxnt	rule	LOW		
אפגעקומען	1	ˈupɡəkimən	rule	MED		
אפגעקלינט	1	ˈɔpɡəklint	rule	LOW		
אפגערייניגט	1	ˈɔpɡərajniɡt	rule	LOW		
אפגעשוירן	1	ˈɔpɡəʃɔjrn	rule	LOW		
אפגעשיידטע	1	ˈɔpɡəʃajdtə	rule	LOW		
אפגעשמועסט	1	ˈɔpɡəʃmiəst	rule	LOW		
אפגעשניטן	1	ˈupɡəʃnitn	lexicon	MED		
אפהאקן	1	ˈafhakn	rule	LOW		
אפווארטן	1	ˈafvartn	rule	LOW		
אפוינטמענטס	1	afɔjntmˈɛnʦ	rule	LOW		
אפחוזק'ן	1	ˈafxizkn	fallback	LOW		
אפטייטש	1	ˈaftajʧ	rule	LOW		
אפטייטשן	1	ˈaftajʧn	rule	LOW		
אפטיילונג	1	ˈaftajlinɡ	rule	LOW		
אפטימיזם	1	aftimˈizm	rule	LOW		
אפטריט	1	ˈapatərit	rule	LOW		
אפטרעטן	1	ˈapatərətn	rule	LOW		
אפיניענס	1	ˈafiniəns	rule	LOW		
אפיסל	1	ˈafisl	rule	LOW		
אפיציעל	1	ˈafiʦiəl	rule	LOW		
אפיצירן	1	ˈafiʦirn	rule	LOW		
אפיקורס	1	apˈikɔjrəs	printed-index	MED	afikˈirs	אַפּיקוירעס
אפלערנען	1	ˈuplirnən	rule	MED		
אפמאכן	1	ˈupmaxn	rule	MED		
אפנעמען	1	ˈupnəmən	rule	MED		
אפסטעיט	1	ˈafstajt	rule	LOW		
אפעטיט	1	ˈafətit	rule	LOW		
אפעלירן	1	ˈafəlirn	rule	LOW		
אפעסן	1	ˈupəsn	rule	MED		
אפעקטירט	1	ˈafəktirt	rule	LOW		
אפעקטן	1	ˈafəktn	rule	LOW		
אפעקטעד	1	ˈafəktəd	rule	LOW		
אפעראציעס	1	ˈafəraʦiəs	rule	LOW		
אפערד	1	ˈafərd	rule	LOW		
אפערעיטינג	1	ˈafərajtinɡ	rule	LOW		
אפפערן	1	ˈafərn	rule	LOW		
אפצוהאלטן	1	ˈafʦihaltn	rule	LOW		
אפצוהיטן	1	ˈafʦihitn	rule	LOW		
אפצולאכן	1	ˈafʦilaxn	rule	LOW		
אפצוליינען	1	ˈafʦilajnən	rule	LOW		
אפצומאכן	1	ˈafʦimaxn	rule	LOW		
אפצורייזן	1	ˈafʦirajzn	rule	LOW		
אפצושאצן	1	ˈafʦiʃaʦn	rule	LOW		
אפצושטעלן	1	ˈafʦiʃtəln	rule	LOW		
אפצושלאגן	1	ˈafʦiʃlaɡn	rule	LOW		
אפציע	1	ˈafʦiə	rule	LOW		
אפקאכן	1	ˈafkaxn	rule	LOW		
אפקאסטן	1	ˈafkastn	rule	LOW		
אפקויפן	1	ˈupkɔjfn	rule	MED		
אפר	1	afr	rule	LOW		
אפרייסן	1	ˈafrajsn	rule	LOW		
אפשאצונגען	1	ˈafʃaʦinɡən	rule	LOW		
אפשטאם	1	ˈafʃtam	rule	LOW		
אפשענס	1	ˈafʃəns	rule	LOW		
אקאונט	1	akˈaunt	lexicon	HIGH		
אקטאבער	1	ˈaktabər	rule	LOW		
אקטיוו	1	ˈaktiv	rule	LOW		
אקטיוויזירט	1	ˈaktivizirt	rule	LOW		
אקטיוויזירן	1	ˈaktivizirn	rule	LOW		
אקסל	1	aksl	rule	LOW		
אקעגנקומען	1	ˈakəɡnkimən	rule	LOW		
אקציע	1	ˈakʦiə	rule	LOW		
"אר""י"	1	ˈari	lexicon	LOW		
אראביע'ס	1	ˈarabiəs	rule	LOW		
אראפברענגען	1	arˈupbrejnɡən	rule	MED		
אראפגיין	1	arˈupɡajn	rule	MED		
אראפגעדרייווט	1	arˈupɡədrajvt	rule	LOW		
אראפגעווארפן	1	arˈupɡəvarfn	rule	LOW		
אראפגעזעצט	1	arˈupɡəzəʦt	rule	LOW		
אראפגעכאפט	1	arˈupɡəxapt	rule	MED		
אראפגעלאזט	1	arˈupɡəlɔzt	rule	MED		
אראפגעלאזטע	1	arˈupɡəlaztə	rule	LOW		
אראפגעפאקט	1	arˈupɡəfakt	rule	LOW		
אראפגערוקט	1	arˈupɡərikt	rule	LOW		
אראפגעריסן	1	arˈupɡərisn	rule	LOW		
אראפגעשאסן	1	arˈupɡəʃasn	rule	LOW		
אראפגעשטימט	1	arˈupɡəʃtimt	rule	LOW		
אראפדריקן	1	arˈupdrikn	rule	LOW		
אראפווארפן	1	arˈupvarfn	rule	LOW		
אראפלאזן	1	arˈupluzn	rule	MED		
אראפצונעמען	1	arˈupʦinəmən	rule	LOW		
אראפצושטעלן	1	arˈupʦiʃtəln	rule	LOW		
אראפקוק	1	arˈupkik	rule	LOW		
אראפשיקן	1	arˈupʃikn	rule	MED		
ארבע	1	ˈarbə	rule	LOW		
ארבעים	1	arbˈujim	printed-index	MED	ˈarbajm	אַרבאָי*ם
ארגאניזירט	1	ˈarɡanizirt	rule	LOW		
ארגיעה	1	ˈarɡiə	rule	LOW		
ארגסטע	1	ˈarɡstə	rule	LOW		
ארדענונג	1	ˈardəninɡ	rule	LOW		
ארויסבוקן	1	arˈoʊzbikn	rule	LOW		
ארויסגעוואקסן	1	arˈoʊzɡəvaksn	rule	LOW		
ארויסגעוויזן	1	arˈoʊzɡəvizn	rule	LOW		
ארויסגעזאגט	1	arˈoʊzɡəzuɡt	rule	MED		
ארויסגעטראסקעט	1	arˈoʊzɡətraskət	rule	LOW		
ארויסגעפארן	1	arˈoʊzɡəfurn	lexicon	MED		
ארויסגעצייגט	1	arˈoʊzɡəʦajɡt	rule	LOW		
ארויסגעשאסן	1	arˈoʊzɡəʃasn	rule	LOW		
ארויסגעשווימען	1	arˈoʊzɡəʃvimən	rule	LOW		
ארויסגעשטעקט	1	arˈoʊzɡəʃtəkt	rule	LOW		
ארויסגעשיקט	1	arˈoʊzɡəʃikt	rule	LOW		
ארויסהאבן	1	arˈoʊshubn	rule	MED		
ארויסוואקן	1	arˈoʊsvakn	rule	LOW		
ארויסוואקסן	1	arˈoʊsvaksn	rule	LOW		
ארויסווארפן	1	arˈoʊsvarfn	rule	LOW		
ארויסזאגן	1	arˈoʊzuɡn	rule	MED		
ארויסצוברענגען	1	arˈoʊsʦibrənɡən	rule	LOW		
ארויסצודרייען	1	arˈoʊsʦidrajən	rule	LOW		
ארויסצוהעלפן	1	arˈoʊsʦihəlfn	rule	LOW		
ארויסצושטעלן	1	arˈoʊsʦiʃtəln	rule	LOW		
ארויסצושיסן	1	arˈoʊsʦiʃisn	rule	LOW		
ארויסצושרייבן	1	arˈoʊsʦiʃrajbn	rule	LOW		
ארויסקלויבן	1	arˈoʊsklɔjbn	rule	LOW		
ארויסראפענען	1	arˈoʊsrafənən	rule	LOW		
ארויסשיסערס	1	arˈoʊsʃisərs	rule	LOW		
ארויסשרייבן	1	arˈoʊsʃraːbn	rule	MED		
ארויפגעברענגט	1	arˈoʊfɡəbrənɡt	rule	MED		
ארויפגעפארן	1	arˈoʊfɡəfarn	rule	LOW		
ארויפגעקראכן	1	arˈoʊfɡəkraxn	rule	LOW		
ארויפגעשטעלט	1	arˈoʊfɡəʃtəlt	rule	LOW		
ארויפסיינען	1	arˈoʊfsajnən	rule	LOW		
ארויפצווינגען	1	arˈoʊfʦvinɡən	rule	LOW		
ארויפצולייגן	1	arˈoʊfʦilajɡn	rule	LOW		
ארויפצולערן	1	arˈoʊfʦilərn	rule	LOW		
ארויפצושטעלן	1	arˈoʊfʦiʃtəln	rule	LOW		
ארויפקומען	1	arˈoʊfkimən	rule	MED		
ארומגע'שול'ט	1	arˈimɡəʃilt	rule	LOW		
ארומגעגאנגען	1	arˈimɡəɡanɡən	rule	LOW		
ארומגעגעטע	1	arˈimɡəɡətə	rule	LOW		
ארומגעהאמפערט	1	arˈimɡəhamfərt	rule	LOW		
ארומגענומענע	1	arˈimɡənimənə	rule	LOW		
ארומגעפארענער	1	arˈimɡəfarənər	rule	LOW		
ארומגעצוימט	1	arˈimɡəʦɔjmt	rule	LOW		
ארומגעקוקט	1	arˈimɡəkikt	rule	LOW		
ארומדרייען	1	arˈimdrajən	rule	LOW		
ארומוואנדערן	1	arˈimvandərn	rule	LOW		
ארומיגע	1	arˈimiɡə	rule	LOW		
ארומלויפן	1	arˈimlɔjfn	rule	LOW		
ארומנעמען	1	arˈimnəmən	rule	LOW		
ארומפארן	1	arˈimfarn	rule	LOW		
ארומצוזוכן	1	arˈimʦizixn	rule	LOW		
ארומרידערן	1	arˈimridərn	rule	LOW		
ארט	1	art	rule	LOW		
ארטסקראלל	1	ˈarʦkrall	rule	LOW		
אריבערגעברענגט	1	arˈibərɡəbrənɡt	rule	MED		
אריבערדיגע	1	ˈaribərdiɡə	rule	LOW		
אריבערטראגן	1	ˈaribərtraɡn	rule	LOW		
אריבערפארן	1	ˈaribərfarn	rule	LOW		
אריבערקומען	1	arˈibərkimən	rule	MED		
"אריז""ל"	1	ˈaləf rajʃ jid zˈajən lˈaməd	rule	LOW		
אריינבאקומען	1	arˈaːnbakimən	rule	LOW		
אריינברענגען	1	arˈaːnbrənɡən	rule	LOW		
אריינגעגיסן	1	arˈaːnɡəɡisn	rule	LOW		
אריינגעהאקט	1	arˈaːnɡəhakt	rule	LOW		
אריינגעווארפן	1	arˈaːnɡəvarfn	rule	LOW		
אריינגעווילט	1	arˈaːnɡəvilt	rule	LOW		
אריינגעזינגען	1	arˈaːnɡəzinɡən	rule	LOW		
אריינגעלאפן	1	arˈaːnɡəlafn	rule	LOW		
אריינגעמופט	1	arˈaːnɡəmift	rule	LOW		
אריינגעפאקט	1	arˈaːnɡəfakt	rule	LOW		
אריינגעקווייטשט	1	arˈaːnɡəkvajʧt	rule	LOW		
אריינגעקוקט	1	arˈaːnɡəkikt	rule	MED		
אריינגעריקט	1	arˈaːnɡərikt	rule	LOW		
אריינגעשטעקט	1	arˈaːnɡəʃtəkt	rule	LOW		
אריינגעשלייכט	1	arˈaːnɡəʃlajxt	rule	LOW		
אריינדרייען	1	arˈaːndrajən	rule	LOW		
אריינהאקן	1	arˈaːnhakn	rule	LOW		
אריינזעצן	1	arˈaːnzəʦn	rule	LOW		
אריינטראגן	1	arˈaːntraɡn	rule	LOW		
אריינטראכטן	1	arˈaːntraxtn	rule	LOW		
אריינמישן	1	arˈaːnmiʃn	rule	LOW		
אריינפארן	1	arˈaːnfarn	rule	LOW		
אריינפראקענען	1	arˈaːnfrakənən	rule	LOW		
אריינצוברענגען	1	arˈaːnʦibrənɡən	rule	LOW		
אריינצוזינגען	1	arˈaːnʦizinɡən	rule	LOW		
אריינצוזעצן	1	arˈaːnʦizəʦn	rule	LOW		
אריינצונארן	1	arˈaːnʦinarn	rule	LOW		
אריינצוקוקן	1	arˈaːnʦikikn	rule	LOW		
אריינצושטעלן	1	arˈaːnʦiʃtəln	rule	LOW		
אריינציען	1	arˈaːnʦiən	rule	LOW		
אריינקוועטשן	1	arˈaːnkvəʧn	rule	LOW		
אריינקומט	1	arˈaːnkimt	rule	LOW		
אריינקומענדיג	1	arˈaːnkiməndiɡ	rule	LOW		
אריינשטיקל	1	arˈaːnʃtikl	rule	LOW		
אריינשריין	1	arˈaːnʃrajn	rule	LOW		
אריינשרייען	1	arˈaːnʃrajən	rule	LOW		
ארימאן	1	ˈariman	rule	LOW		
אריענטעישאן	1	ˈariəntajʃan	rule	LOW		
ארמיי	1	ˈarmaj	rule	LOW		
ארעד	1	ˈarəd	rule	LOW		
ארעינדזשמענטס	1	arˈaːnʤmənʦ	rule	LOW		
ארעמאן	1	ˈarəman	rule	LOW		
ארענדזשמענטס	1	arənʤmˈɛnʦ	rule	LOW		
ארענדע	1	ˈarəndə	rule	LOW		
ארעסט	1	ˈarəst	rule	LOW		
ארפן	1	arfn	rule	LOW		
אשכנזי	1	aʃkənˈazi	printed-index	MED	ˈaʃxnzi	אַשקענאַזי
אשל	1	aʃl	rule	LOW		
אשמנו	1	ˈaʃmni	rule	LOW		
אשקא	1	ˈaʃka	rule	LOW		
אשרי	1	ˈaʃraj	printed-index	MED	ˈaʃri	אַשריי
אשתכח	1	aʃsx	fallback	LOW		
אתבחרו	1	ˈazbxri	fallback	LOW		
אתברכן	1	azbrxn	fallback	LOW		
אתחלתא	1	asxˈalsu	rule	LOW		
אתמול	1	ˈasmil	fallback	LOW		
אתערו	1	ˈasəri	fallback	LOW		
בְּאֶדְרֶעִי	1	bˈɛdri	rule	MED		
בְּחֶשְׁבּוֹן	1	bəxˈɛʒbɔjn	rule	LOW		
בְּעַשְׁתָּרֹת	1	baʃtˈurɔjs	rule	LOW		
בְּעוֹר	1	bˈɛɔjr	rule	MED		
בְּקֶרֶב	1	bkˈɛrəv	rule	LOW		
בְּשָׁמְעוֹ	1	bʃˈuməɔj	rule	MED		
בְצָרוֹת	1	bəʦˈurɔjs	rule	LOW		
בִּלְבָבוֹ	1	bˈilvuvɔj	rule	MED		
בִּשְׁרִרוּת	1	biʃrˈiris	rule	LOW		
בֶּאֱמוּנָה	1	bəəmˈinə	printed-index	MED	bˈɛminə	בעעמונע
בֶּן	1	bɛn	lexicon	HIGH		
בַּה	1	bɛ	rule	LOW		
בַּלֶּחֶם	1	balˈɛxəm	rule	LOW		
בַּמִּסְתָּרִים	1	bamistˈurim	rule	LOW		
בָּעֵת	1	bajs	printed-index	MED	bajs	בייס
בָא	1	bɔj	printed-index	MED	bu	בוי
בָטֶן	1	vˈutən	rule	LOW		
בְּאֶרֶץ	1	bˈɛrəʦ	rule	MED		
בְּקֶרֶב	1	bkˈɛrəv	rule	LOW		
בְּתוּלָה	1	bsˈilə	rule	LOW		
בִּקְצֵה	1	bikʦˈajə	rule	LOW		
בֶּאֱמֶת	1	bəˈɛməs	lexicon	HIGH		
בָּחוּר	1	bˈuxər	lexicon	HIGH		
בָּנָיִךְ	1	bˈunix	rule	MED		
באבק	1	babk	rule	LOW		
באג	1	baɡ	rule	LOW		
באגאנגען	1	baɡˈanɡən	rule	LOW		
באגרינדן	1	baɡrˈindn	rule	LOW		
באגריסט	1	baɡrˈist	rule	LOW		
באגרעניצונג	1	baɡrˈɛniʦinɡ	rule	LOW		
באגרעניצט	1	baɡrˈɛniʦt	rule	LOW		
באגרעניצטע	1	baɡrˈɛniʦtə	rule	LOW		
באגרעניצן	1	baɡrˈɛniʦn	rule	LOW		
באד	1	bad	rule	LOW		
באדאנקט	1	badˈankt	rule	LOW		
באדאר	1	badˈar	rule	LOW		
באדינען	1	badˈinən	rule	LOW		
באדינער	1	badˈinər	rule	LOW		
באדעפענישן	1	badˈɛfəniʃn	rule	LOW		
באדערט	1	badˈɛrt	rule	LOW		
באדרעי	1	badrˈaj	rule	LOW		
באהאלטסט	1	bahˈalʦt	rule	LOW		
באהאלטענע	1	bahˈaltənə	rule	LOW		
באהאלטענערהייט	1	bahˈaltənərhaːt	rule	LOW		
באהאנדלט	1	bahˈandlt	rule	LOW		
באהושער	1	bahˈiʃər	rule	LOW		
באהשער	1	baʃˈɛr	rule	LOW		
באוואוסטע	1	bavˈistə	rule	LOW		
באוואוסטער	1	bavˈistər	rule	LOW		
באוואפנטער	1	bavˈafntər	rule	LOW		
באווייז	1	bavˈajz	rule	LOW		
באוויינען	1	bavˈajnən	rule	LOW		
באות	1	bis	fallback	LOW		
באזוכנדיג	1	bazˈixndiɡ	rule	LOW		
באזוכער	1	bazˈixər	rule	LOW		
באזונגען	1	bazˈinɡən	rule	LOW		
באזיגן	1	bazˈiɡn	rule	LOW		
באזינגען	1	bazˈinɡən	rule	LOW		
באחרונה	1	baxrˈinə	fallback	LOW		
באטייליגט	1	batˈajliɡt	rule	LOW		
באטלעך	1	batlˈɛx	rule	LOW		
באטעמ'טער	1	batˈɛmə tɛr	rule	LOW		
באטראכטן	1	batrˈaxtn	rule	LOW		
באי	1	baː	rule	LOW		
באיאן	1	bˈaːan	rule	LOW		
באים	1	bajˈam	rule	MED		
באכעט	1	baxˈɛt	rule	LOW		
באכריין	1	baxrˈajn	rule	LOW		
באלדיגע	1	baldˈiɡə	rule	LOW		
באליידיגט	1	balˈajdiɡt	rule	LOW		
באלייכטן	1	balˈajxtn	rule	LOW		
באלין	1	balˈin	rule	LOW		
באלסם	1	balsm	rule	LOW		
באלערנד	1	balˈɛrnd	rule	LOW		
באלף	1	balf	rule	LOW		
באמבארדירונג	1	bambardˈirinɡ	rule	LOW		
באמבו	1	bambˈi	rule	LOW		
באמבוס	1	bambˈis	rule	LOW		
באמבס	1	bambs	rule	LOW		
באמבע	1	bambˈə	rule	LOW		
באמונתו	1	bɛɛmunˈusɔj	rule	LOW		
באמערקן	1	bamˈɛrkn	rule	LOW		
באמצע	1	bamʦˈə	rule	LOW		
באמצעות	1	bamʦˈɛis	fallback	LOW		
באמרו	1	bamrˈi	rule	LOW		
באן	1	ban	rule	LOW		
באנגעלאוס	1	banɡˈɛlis	rule	LOW		
באנדאזשירט	1	bandˈaʒirt	rule	LOW		
באנדאר	1	bandˈar	rule	LOW		
באנדלעך	1	bandlˈɛx	rule	LOW		
באנומען	1	banˈimən	rule	LOW		
באנייעטע	1	banˈajətə	rule	LOW		
באנקעט	1	bankˈɛt	rule	LOW		
באסעס	1	basˈɛs	rule	LOW		
באסקעט	1	baskˈɛt	rule	LOW		
באסקעטבאלל	1	baskˈɛtball	rule	LOW		
באפארט	1	bafˈɔrt	rule	MED		
באפארשטייענדע	1	bafarʃtˈajəndə	rule	LOW		
באפך	1	bafx	rule	LOW		
באפם	1	bafm	rule	LOW		
באפעלקערונג	1	bafˈɛlkərinɡ	rule	LOW		
באפעסטיגט	1	bafˈɛstiɡt	rule	LOW		
באפעסטיגן	1	bafˈɛstiɡn	rule	LOW		
באציאונגען	1	baʦˈiinɡən	rule	LOW		
באצייג	1	baʦˈajɡ	rule	LOW		
באציעט	1	baʦˈiət	rule	LOW		
באקוועמליכקייט	1	bakvˈɛmlixkaːt	rule	LOW		
באקוקטע	1	bakˈiktə	rule	LOW		
באקלאגן	1	baklˈaɡn	rule	LOW		
באקלעפטשען	1	baklˈɛfʧən	rule	LOW		
באקן	1	bakn	rule	LOW		
באקסטו	1	bakstˈi	rule	LOW		
באקסעס	1	baksˈɛs	rule	LOW		
באקעמפן	1	bakˈɛmfn	rule	LOW		
בארבעים	1	barbˈajm	rule	LOW		
בארבענע	1	barbˈɛnə	rule	LOW		
בארבער	1	barbˈɛr	rule	LOW		
בארוועס	1	barvˈɛs	rule	LOW		
בארימטע	1	barˈimtə	rule	LOW		
בארישע	1	barˈiʃə	rule	LOW		
בארעא	1	barˈɛa	rule	LOW		
באש	1	baʃ	rule	LOW		
באשאף	1	baʃˈaf	rule	LOW		
באשאפט	1	baʃˈaft	rule	LOW		
באשאפן	1	baʃˈafn	rule	LOW		
באשאר	1	baʃˈar	rule	LOW		
באשולדיגונגען	1	baʃˈildiɡinɡən	rule	LOW		
באשולדיגט	1	baʃˈildiɡt	rule	LOW		
באשולדיגנדיג	1	baʃˈildiɡndiɡ	rule	LOW		
באשטעטיגונג	1	baʃtˈɛtiɡinɡ	rule	LOW		
באשטראפן	1	baʃtrˈafn	rule	LOW		
באשיינט	1	baʃˈajnt	rule	LOW		
באשיצט	1	baʃˈiʦt	rule	LOW		
באשיצן	1	baʃˈiʦn	rule	LOW		
באשליסונג	1	baʃlˈisinɡ	rule	LOW		
באשעפער'ס	1	baʃˈɛfərs	rule	LOW		
באתנו	1	basnˈi	fallback	LOW		
בבואו	1	bˈii	rule	LOW		
בביאתם	1	bˈiasm	fallback	LOW		
בבירור	1	birˈir	rule	MED		
בבכיה	1	bxi	rule	MED		
בבני	1	bni	rule	MED		
בגד	1	bˈɛɡəd	rule	LOW		
בגדנו	1	bɡdni	rule	MED		
בגוונין	1	bɡvnin	rule	MED		
בגוך	1	bɡix	rule	MED		
בגוף	1	bɡif	rule	LOW		
בגלותא	1	bɡulˈisu	rule	LOW		
בגנים	1	bɡnim	rule	MED		
בגרמניה	1	bɡrmni	fallback	LOW		
בגשמיות	1	bəɡaʃmˈijus	rule	LOW		
בדברו	1	bdbri	rule	MED		
בדבריו	1	bidvˈurujv	rule	LOW		
בדוד	1	bdid	rule	MED		
בדוחק	1	bədˈɔjxək	printed-index	MED	bədˈɔjxək	בעדויכעק
בדולים	1	bdˈilim	rule	MED		
בדורנו	1	bdˈirni	rule	MED		
בדיל	1	bdil	rule	MED		
בדינו	1	bdˈini	rule	MED		
בדלות	1	bədˈalis	rule	LOW		
בדלת	1	bdls	fallback	LOW		
בדק	1	bdk	fallback	LOW		
בדקין	1	bdkin	rule	MED		
בדר	1	bdr	fallback	LOW		
בהאי	1	bhaː	rule	LOW		
בהדרת	1	bhdrs	fallback	LOW		
בהוצאה	1	bhˈiʦa	rule	LOW		
בהיותו	1	bihjˈɔjsɔj	rule	LOW		
בהיכל	1	bhixl	rule	MED		
בהיסח	1	bəhˈɛjsajx	rule	LOW		
בהמות	1	bəhˈajmɔjs	rule	LOW		
בהמצאו	1	bhmʦi	rule	LOW		
בהן	1	bˈuhən	rule	LOW		
בהפלגות	1	bhflɡis	fallback	LOW		
בהרהור	1	bhrhir	rule	MED		
בהרחבה	1	bəharxˈuvə	printed-index	MED	bəharxˈuvə	בעהאַרכאָווע
בהשתפכות	1	bhʃsfxis	fallback	LOW		
בואו	1	bˈui	lexicon	MED		
בובות	1	bˈibis	fallback	LOW		
בודאי	1	bˈidaː	rule	LOW		
בודקין	1	bˈidkin	rule	MED		
בוטה	1	bˈitə	rule	MED		
בוטשער	1	bˈiʧər	rule	MED		
בוילער	1	bˈɔjlər	rule	MED		
בוכין	1	bˈixin	rule	MED		
בולקעס	1	bˈilkəs	rule	MED		
בונה	1	bˈinə	rule	MED		
בופ	1	bif	rule	LOW		
בזיון	1	bˈizɔjən	printed-index	MED	bzjin	ביזויען
בזימון	1	bzˈimin	rule	MED		
בזכות	1	bˈizxis	rule	LOW		
בזמנו	1	bzmni	rule	MED		
בזרועו	1	bzrˈiəi	rule	MED		
בחבורה	1	bxbˈirə	fallback	LOW		
בחובה	1	bəxˈɔjvə	rule	LOW		
בחורים'ס	1	bxˈirims	rule	LOW		
בחוש	1	bˈɛxiʃ	printed-index	MED	bˈɛxiʃ	בעכוש
בחייו	1	bəxˈajujv	rule	LOW		
בחירה	1	bxˈirə	rule	LOW		
בחירי	1	bxˈiri	fallback	LOW		
בחכמתא	1	bxmsa	fallback	LOW		
בחלום	1	baxˈalɔjm	rule	LOW		
בחלומי	1	bxlˈimi	fallback	LOW		
בחסד	1	bxˈɛsəd	rule	LOW		
בחסדי	1	bəxˈasdaj	rule	LOW		
בחפץ	1	bəxˈajfɛʦ	rule	LOW		
בחצוצרות	1	baxaʦˈɔjʦrɔjs	rule	LOW		
בחצרות	1	bəxˈaʦrɔjs	rule	LOW		
בחתימות	1	bxsˈimis	fallback	LOW		
בטבע	1	bətˈɛvə	printed-index	MED	btbə	בעטעווע
בטוב	1	btib	rule	MED		
בטומאה	1	btˈima	rule	LOW		
בטלה	1	bˈutəlu	rule	LOW		
בטלות	1	btˈajlɔjs	rule	LOW		
בטלים	1	btlim	rule	MED		
בטלען	1	btlɛn	rule	MED		
בטלער	1	btlɛr	rule	MED		
בטרחא	1	btˈirxu	rule	LOW		
"בי""ת"	1	bajs	rule	LOW		
ביגלען	1	bˈiɡlən	rule	MED		
בידידות	1	bidˈidis	rule	LOW		
בידכם	1	bidxm	rule	MED		
בידן	1	bəˈiadn	rule	LOW		
ביהושע	1	bˈihiʃə	rule	MED		
ביומו	1	bjˈimi	rule	MED		
ביותם	1	bjism	fallback	LOW		
ביזן	1	bizn	rule	MED		
ביחידות	1	bixˈidis	rule	LOW		
ביחס	1	bixs	fallback	LOW		
ביטע	1	bˈitə	lexicon	HIGH		
ביטערן	1	bˈitərn	rule	MED		
בייגעוואוינט	1	bˈajɡəvɔjnt	rule	LOW		
ביימעל	1	bˈajməl	rule	MED		
ביין	1	bajn	rule	MED		
ביינער	1	bˈajnər	rule	MED		
בייקומען	1	bˈajkimən	rule	MED		
ביישטייערונגען	1	bˈajʃtajərinɡən	rule	MED		
ביכל'ע	1	bˈixlə	rule	MED		
ביכלעך	1	bˈixləx	rule	MED		
בילדינג	1	bˈildinɡ	rule	MED		
בילה	1	bˈilə	rule	MED		
ביליג	1	bˈiliɡ	rule	MED		
ביליגערע	1	bˈiliɡərə	rule	MED		
בים	1	bim	rule	MED		
בימי	1	bˈimaj	printed-index	MED	bˈimi	בימיי
בימיניה	1	bˈimini	rule	MED		
בימען	1	bˈimən	rule	MED		
בינו	1	bˈini	rule	MED		
ביניהם	1	bˈinim	rule	MED		
ביסורי	1	bˈisiri	rule	MED		
ביסורים	1	bˈisirim	rule	MED		
ביסעלע	1	bˈisələ	rule	MED		
ביעור	1	bˈiəir	rule	MED		
ביצה	1	bˈiʦə	rule	MED		
ביציקל	1	bˈiʦikl	rule	MED		
ביקאן	1	bˈikan	rule	LOW		
ביקש	1	bikʃ	rule	MED		
בירור	1	birˈir	rule	MED		
בכבוד'דיג	1	bxbˈidiɡ	rule	MED		
בכבוד'יג	1	bxbˈidiɡ	rule	MED		
בכהן	1	bˈixən	rule	LOW		
בכוונה	1	bəkavˈunə	printed-index	MED	bxvnə	בעקאַוואָנע
בכורות	1	bxˈɔjrɔjs	rule	LOW		
בכח	1	bxˈɔjxa	rule	LOW		
בכי	1	bxi	rule	MED		
בכיות	1	bəxˈijɔjs	rule	LOW		
בכיפה	1	bxˈifə	rule	LOW		
בכך	1	bəxˈux	rule	LOW		
בכרם	1	bəkˈɛrəm	rule	LOW		
בכתב	1	bˈiksav	printed-index	MED	bˈiksav	ביקסאַוו
בכתרו	1	bxsri	fallback	LOW		
בל	1	bal	rule	LOW		
בלא	1	bˈɛlɔj	printed-index	MED	bla	בעלוי
בלאדן	1	bladn	rule	LOW		
בלאו	1	bli	rule	LOW		
בלאקאדע	1	blˈakadə	rule	LOW		
בלאקירט	1	blˈakirt	rule	LOW		
בלאקירן	1	blˈakirn	rule	LOW		
בלבבי	1	blbi	rule	MED		
בלבד	1	bˈilvad	rule	LOW		
בלביה	1	blbi	rule	MED		
בלוזקע	1	blˈizkə	rule	MED		
בלויער	1	blˈɔjər	rule	MED		
בליבנו	1	blˈibni	rule	MED		
בלייב	1	blajb	rule	MED		
בלייבסטו	1	blˈajbsti	rule	MED		
בלילה	1	blˈilə	rule	MED		
בליעל	1	blˈiəl	rule	MED		
בליצן	1	bliʦn	rule	MED		
בלעדים	1	blˈɛdim	rule	MED		
בלעם'ס	1	blɛms	rule	MED		
בלעמען	1	blˈɛmən	rule	MED		
במאמרו	1	bmˈamri	rule	LOW		
במגל	1	bmɡl	fallback	LOW		
במגרה	1	bmɡrə	fallback	LOW		
במדבר	1	bmˈidbar	rule	LOW		
במדינת	1	bəmdˈinas	rule	LOW		
במדרש	1	bəmˈɛdruʃ	rule	LOW		
במוצאו	1	bmˈiʦi	rule	LOW		
במזומן	1	bˈimzimən	printed-index	MED	bmzimn	בימזומען
במזיד	1	bəmˈajzid	printed-index	MED	bmzid	בעמייזיד
במחויי	1	bmxˈɔji	fallback	LOW		
במחשבה	1	bmaxaʃˈuvə	rule	LOW		
במים	1	bmim	rule	MED		
במינו	1	bmˈini	rule	MED		
במישרים	1	bmˈiʃrim	rule	MED		
במסורה	1	bimsˈɔjrə	printed-index	MED	bmsˈirə	בימסוירע
במסכת	1	bmsxs	fallback	LOW		
במסעות	1	bmsˈɛis	fallback	LOW		
במסתרים	1	bmistˈurim	rule	LOW		
במעלי	1	bmˈɛli	rule	MED		
במעשיהם	1	bmˈɛʃim	rule	MED		
במצרים	1	bmʦrim	rule	MED		
במקוה	1	bmki	rule	MED		
במקל	1	bmkl	fallback	LOW		
במרומיו	1	bmrˈimji	rule	MED		
במרורים	1	bmrˈirim	rule	MED		
במשא	1	bmʃa	rule	LOW		
בנגוניא	1	bnɡˈinia	rule	LOW		
בנגיעתו	1	bnɡˈiəsi	fallback	LOW		
בנו	1	bni	rule	MED		
בנוגע	1	bənəɡˈajə	printed-index	MED	bnˈiɡə	בענעגייע
בנוסח	1	bnˈisax	rule	LOW		
בנועם	1	bnˈiəm	rule	MED		
בניה	1	bni	rule	MED		
בנינים	1	bnˈinim	rule	MED		
בנסיון	1	bnsjin	rule	MED		
בנעלם	1	bnɛlm	rule	MED		
בנפש	1	bnˈɛfəʃ	rule	LOW		
"בס""ד"	1	bajs sˈaməx dˈuləd	rule	LOW		
בסבר	1	bəsˈajvɛr	rule	LOW		
בסגנון	1	bzɡnin	rule	MED		
בסד	1	bzd	fallback	LOW		
בסכין	1	bsxin	rule	MED		
בסל	1	bsl	fallback	LOW		
בסליחות	1	bəslˈixis	rule	LOW		
בסנהדרין	1	bsnhdrin	fallback	LOW		
בעבודה	1	bˈɛbidə	rule	MED		
בעדו	1	bədˈi	rule	MED		
בעדער	1	bədˈɛr	rule	MED		
בעולם	1	bˈɛilm	rule	MED		
בעור	1	bˈɛir	rule	MED		
בעטס	1	bɛʦ	rule	MED		
בעטער	1	bˈɛtər	rule	MED		
בעי	1	baj	rule	MED		
בעיבי	1	bˈajbi	rule	MED		
בעיטינג	1	bˈajtinɡ	rule	MED		
בעיניך	1	bˈajnix	rule	MED		
בעיניכם	1	bˈajnixm	rule	MED		
בעיסיק	1	bˈajsik	rule	MED		
בעיקעריי	1	bˈajkəraj	rule	MED		
בעיר	1	bajr	rule	MED		
בעלגיע	1	bˈɛlɡiə	rule	MED		
בעלגישע	1	bˈɛlɡiʃə	rule	MED		
בעלות	1	baˈalɔjs	rule	LOW		
בעלז	1	bɛlz	rule	MED		
בעלזן	1	bɛlzn	rule	MED		
בעלמא	1	bəˈalmə	printed-index	MED	bˈɛlma	בעאַלמע
בעלעטס	1	bˈɛləʦ	rule	MED		
בעמבו	1	bˈɛmbi	rule	MED		
בענקט	1	bɛnkt	rule	MED		
בענקעניש	1	bˈɛnkəniʃ	rule	MED		
בענקראפסי	1	bˈɛnkrafsi	rule	LOW		
בעסאן	1	bəsˈan	rule	LOW		
בעסטן	1	bɛstn	rule	MED		
בעסערס	1	bˈɛsərs	rule	MED		
בעסקעט	1	bəskˈɛt	rule	MED		
בעפארשטייענדע	1	bˈɛfarʃtajəndə	rule	LOW		
בעצים	1	bˈɛʦim	rule	MED		
בעצמו	1	bˈɛʦmi	rule	MED		
בעקל	1	bɛkl	rule	MED		
בעקערטאון	1	bəkˈɛrtin	rule	LOW		
בערגן	1	bɛrɡn	rule	MED		
בערגער	1	bˈɛrɡər	rule	MED		
בערד	1	bɛrd	rule	MED		
בערי	1	bˈɛri	rule	MED		
בערימת	1	bˈɛrims	fallback	LOW		
בעריש	1	bˈɛriʃ	rule	MED		
בערלער	1	bˈɛrlər	rule	MED		
בעשו	1	bˈɛʃi	rule	MED		
בעשרה	1	bˈɛʃrə	rule	MED		
בעשתי	1	bˈɛʃsi	fallback	LOW		
בעשתרות	1	bˈɛʃsris	fallback	LOW		
בעתו	1	bˈitɔj	rule	LOW		
בפומביא	1	bfˈimbia	rule	LOW		
בפועל	1	bəpˈɔjəl	printed-index	MED	bfˈiəl	בעפּויעל
בפסוק	1	bfsik	rule	LOW		
בפקיעין	1	bfkˈiajn	rule	LOW		
בפרשת	1	bfurˈuʃas	rule	LOW		
בפשטות	1	bfʃtis	fallback	LOW		
בפתחי	1	bəpˈisxaj	rule	LOW		
בפתחת	1	bfsxs	fallback	LOW		
בצדוק	1	bʦdik	rule	MED		
בצדק	1	bʦˈɛdək	rule	LOW		
בצילא	1	bʦˈila	rule	LOW		
בצלולות	1	bʦlˈilis	fallback	LOW		
בקבלה	1	bkabˈulə	rule	LOW		
בקבר	1	bəkˈɛvɛr	rule	LOW		
בקדושים	1	bkdˈiʃim	rule	MED		
בקול	1	bkil	rule	MED		
בקי	1	bˈukə	printed-index	MED	bki	באָקע
בקיום	1	bkjim	rule	MED		
בקינות	1	bəkˈinɔjs	rule	LOW		
בקליפת	1	bklifs	fallback	LOW		
בקצרה	1	bkʦrə	fallback	LOW		
בקצתן	1	bkʦsn	fallback	LOW		
בקרא	1	bkra	rule	LOW		
בקרדום	1	bkrdim	rule	MED		
בקרי	1	bkri	rule	MED		
בראד	1	brad	rule	LOW		
בראדער	1	brˈadər	rule	LOW		
בראוי	1	brɔj	rule	LOW		
בראוקער	1	brˈikər	rule	LOW		
בראוקערס	1	brˈikərs	rule	LOW		
בראותו	1	brˈisi	fallback	LOW		
בראטן	1	bratn	rule	LOW		
בראך	1	brax	rule	LOW		
בראנד	1	brand	rule	LOW		
בראס	1	bras	rule	LOW		
בראקערס	1	brˈakərs	rule	LOW		
בראש	1	bˈɛruʃ	printed-index	MED	braʃ	בעראָש
בראשונה	1	brˈaʃinə	rule	LOW		
בראשות	1	brˈaʃis	fallback	LOW		
בראשם	1	braʃm	rule	LOW		
ברבי	1	brbi	rule	MED		
ברוגז	1	briɡz	rule	MED		
ברווח	1	bərˈɛvvax	rule	LOW		
ברוחניות	1	bəruxənˈijus	rule	LOW		
ברויך	1	broʊx	lexicon	HIGH		
ברוכווארג	1	brˈixvarɡ	rule	LOW		
ברומישיגע	1	brˈimiʃiɡə	rule	MED		
ברוקא	1	brˈika	rule	LOW		
ברחמיו	1	bəraxˈamujv	rule	LOW		
בריאה	1	brˈiə	printed-index	MED	brˈia	ברי*ע
בריאות	1	brˈiɔjs	rule	LOW		
בריגלער	1	brˈiɡlər	rule	MED		
ברידה	1	brˈidə	rule	MED		
ברידער	1	brˈidər	rule	MED		
בריוון	1	brivn	rule	MED		
בריזעריי	1	brˈizəraj	rule	MED		
ברילן	1	briln	rule	MED		
ברימט	1	brimt	rule	MED		
ברינקס	1	brinks	rule	MED		
בריסל	1	brisl	rule	MED		
בריסק	1	brisk	rule	MED		
ברירות	1	brˈajrɔjs	rule	LOW		
ברכאן	1	brxan	rule	LOW		
ברמז	1	bərˈɛməz	printed-index	MED	bərˈɛməz	בערעמעז
ברעיק	1	brajk	rule	MED		
ברעכן	1	brɛxn	rule	MED		
ברעכנער	1	brˈɛxnər	rule	MED		
ברענעדיגע	1	brˈɛnədiɡə	rule	MED		
ברענענדיגע	1	brˈɛnəndiɡə	rule	MED		
ברעס	1	brɛs	rule	MED		
ברצון	1	bˈɛruʦn	printed-index	MED	brʦin	בעראָצן
ברתא	1	brsa	fallback	LOW		
בש	1	bɔjʃ	rule	LOW		
בשביעית	1	baʃvˈiis	rule	LOW		
בשבת	1	bəʃˈabəs	rule	LOW		
בשבתו	1	bʃˈabəsi	rule	LOW		
בשדך	1	bʒdx	fallback	LOW		
בשורתך	1	bʃirsx	fallback	LOW		
בשותפות	1	bʃitˈufis	rule	LOW		
בשיטה	1	bʃˈitə	rule	MED		
בשלושה	1	bʃlˈiʃə	rule	MED		
בשליחות	1	biʃlˈixis	rule	LOW		
בשלימו	1	bʃlˈimi	rule	MED		
בשלמא	1	bʃlma	rule	LOW		
בשלמיא	1	bʃlmˈia	rule	LOW		
בשמים	1	bʃmim	rule	MED		
בשמעיה	1	bʃmˈajə	rule	MED		
בשעת'ן	1	bˈiʃasn	rule	LOW		
בשעתו	1	biʃˈusɔj	rule	LOW		
בשר	1	bˈusər	printed-index	MED	bˈusur	באָסער
בשת	1	bʃs	fallback	LOW		
בתולתא	1	bsˈilsa	fallback	LOW		
בתורת	1	bsˈɔjras	rule	LOW		
בתורתך	1	bsɔjrusˈɛxu	rule	LOW		
בתנאים	1	bsnaːm	fallback	LOW		
גִּלּוּלֵיהֶם	1	ɡˈililajhəm	rule	MED		
גאגא	1	ɡˈaɡa	rule	LOW		
גאו	1	ɡi	rule	LOW		
גאוה	1	ɡi	rule	LOW		
גאולה'דיג	1	ɡˈilhdiɡ	rule	LOW		
גאולה'דיגע	1	ɡˈilhdiɡə	rule	LOW		
גאונ'ישע	1	ɡˈiniʃə	rule	LOW		
גאז	1	ɡaz	rule	LOW		
גאל	1	ɡal	rule	LOW		
גאלאפ	1	ɡˈalaf	rule	LOW		
גאלדקלאנג	1	ɡˈaldklanɡ	rule	LOW		
גאנג	1	ɡanɡ	rule	LOW		
גאנצעטע	1	ɡˈanʦətə	rule	LOW		
גאנצקייט	1	ɡˈanʦkaːt	rule	LOW		
גאסט'ס	1	ɡasʦ	rule	LOW		
גאסע	1	ɡˈasə	rule	LOW		
גאראדזש	1	ɡˈaraʤ	rule	LOW		
גארדן	1	ɡardn	rule	LOW		
גארטל	1	ɡartl	rule	LOW		
גארליצער	1	ɡˈarliʦər	rule	LOW		
גבאי'ן	1	ɡbaːn	rule	LOW		
גבולי	1	ɡbˈili	rule	MED		
גדולים	1	ɡdˈilim	rule	MED		
גדיא	1	ɡdˈia	rule	LOW		
גדיא'ס	1	ɡdˈias	rule	LOW		
גדלת	1	ɡdals	rule	LOW		
גדר	1	ɡˈɛdər	rule	LOW		
גואל	1	ɡˈɔjəl	printed-index	MED	ɡˈial	גויעל
גוגל	1	ɡuɡl	lexicon	HIGH		
גודלין	1	ɡˈidlin	rule	MED		
גוה	1	ɡi	rule	MED		
גוואטעמאלע	1	ɡvˈatəmalə	rule	LOW		
גוזמא	1	ɡˈizmə	printed-index	MED	ɡˈizma	גוזמע
גוי'איש	1	ɡˈɔjaːʃ	rule	LOW		
גוי'אישע	1	ɡˈɔjaːʃə	rule	LOW		
גוסטע	1	ɡˈistə	rule	MED		
גוסס'ן	1	ɡˈisəs n	fallback	LOW		
גוף	1	ɡif	lexicon	HIGH	ɡif	גוף
גופי	1	ɡˈifi	rule	LOW		
גוריו	1	ɡˈirji	rule	MED		
גיטאר	1	ɡˈitar	rule	LOW		
גיימיר	1	ɡajmˈir	rule	MED		
גייס	1	ɡajs	rule	MED		
גייער	1	ɡˈajər	rule	MED		
גילה	1	ɡˈilə	rule	MED		
גילוי	1	ɡˈilə	printed-index	MED	ɡˈilɔj	גילע
גילוליהון	1	ɡˈililihin	rule	MED		
גילולים	1	ɡˈililim	rule	MED		
גינת	1	ɡins	fallback	LOW		
גיסן	1	ɡisn	rule	MED		
גלאנץ	1	ɡlanʦ	rule	LOW		
גלו	1	ɡli	rule	MED		
גלויות	1	ɡulˈijɔjs	rule	LOW		
גלוסט	1	ɡlist	rule	MED		
גלוסטיגקייט	1	ɡlˈistiɡkaːt	rule	MED		
גלוסטעניש	1	ɡlˈistəniʃ	rule	MED		
גלח	1	ɡˈilax	rule	LOW		
גליונות	1	ɡiljˈɔjnɔjs	rule	LOW		
גליטערט	1	ɡlˈitərt	rule	MED		
גליקליכע	1	ɡlˈikləxə	rule	MED		
גמול	1	ɡmil	rule	MED		
גמר	1	ɡmar	printed-index	MED	ɡəmˈar	גמאַר
גנב'ל	1	ɡnbl	fallback	LOW		
גסות	1	ɡsis	fallback	LOW		
גע	1	ɡɛ	rule	MED		
גע'אינטערוויו'ט	1	ɡəˈaːntərvjit	rule	LOW		
גע'אסר'ט	1	ɡəˈasrt	rule	LOW		
גע'גט	1	ɡɛɡt	rule	MED		
גע'גנב'עט	1	ɡəɡnbˈɛt	rule	MED		
גע'חזר'ט	1	ɡɛxzrt	fallback	LOW		
גע'שחט'ענער	1	ɡəʃxtˈɛnər	fallback	LOW		
געאוינט	1	ɡəˈɔjnt	rule	LOW		
געבאקט	1	ɡəbˈakt	rule	LOW		
געבאקס	1	ɡəbˈaks	rule	LOW		
געבאקסט	1	ɡəbˈakst	rule	LOW		
געבורט	1	ɡəbˈirt	rule	MED		
געבורטסטאג	1	ɡəbˈirʦtaɡ	rule	LOW		
געבטס	1	ɡɛbʦ	rule	MED		
געביידע	1	ɡəbˈajdə	rule	MED		
געבירט	1	ɡəbˈirt	rule	MED		
געבלאזן	1	ɡəblˈazn	rule	LOW		
געבעט	1	ɡəbˈɛt	rule	MED		
געבעקס	1	ɡəbˈɛks	rule	MED		
געבראטן	1	ɡəbrˈatn	rule	LOW		
געגוססט	1	ɡəɡˈist	rule	MED		
געגל	1	ɡɛɡl	rule	MED		
געגרינדעט	1	ɡəɡrˈindət	rule	MED		
געגרעניצט	1	ɡəɡrˈɛniʦt	rule	MED		
געדאכט	1	ɡədˈaxt	rule	LOW		
געדאנקען	1	ɡədˈankən	rule	LOW		
געדאפלט	1	ɡədˈaflt	rule	LOW		
געדארשנט	1	ɡədˈarʃnt	rule	LOW		
געדויערט	1	ɡədˈɔjərt	rule	MED		
געדענקמאל	1	ɡədˈɛnkmal	rule	LOW		
געדענקענדיג	1	ɡədˈɛnkəndiɡ	rule	MED		
געדראפט	1	ɡədrˈaft	rule	LOW		
געדריקט	1	ɡədrˈikt	rule	MED		
געהאנגענע	1	ɡəhˈanɡənə	rule	LOW		
געהארגעט	1	ɡəhˈarɡət	rule	LOW		
געהויבן	1	ɡəhˈɔjbn	rule	MED		
געהיימער	1	ɡəhˈajmər	rule	MED		
געהיצן	1	ɡəhˈiʦn	rule	MED		
געהענדלט	1	ɡəhˈɛndlt	rule	MED		
געוואוינהייט	1	ɡəvˈɔjnhaːt	rule	LOW		
געוואוינען	1	ɡəvˈɔjnən	rule	LOW		
געוואונטשענע	1	ɡəvˈinʧənə	rule	LOW		
געוואונטשענער	1	ɡəvˈinʧənər	rule	LOW		
געוואנדן	1	ɡəvˈandn	rule	LOW		
געוואקט	1	ɡəvˈakt	rule	LOW		
געווארנען	1	ɡəvˈarnən	rule	LOW		
געווארעמט	1	ɡəvˈarəmt	rule	LOW		
געוואשן	1	ɡəvˈaʃn	rule	LOW		
געווידמעט	1	ɡəvˈidmət	rule	MED		
געוויסער	1	ɡəvˈisər	rule	MED		
געוועזענעם	1	ɡəvˈɛzənəm	rule	MED		
געוועזענער	1	ɡəvˈɛzənər	rule	MED		
געווער	1	ɡəvˈɛr	rule	MED		
געוועריגל	1	ɡəvˈɛriɡl	rule	MED		
געז	1	ɡɛz	rule	MED		
געזאלצענעם	1	ɡəzˈalʦənəm	rule	LOW		
געזארגט	1	ɡəzˈarɡt	rule	LOW		
געזיצן	1	ɡəzˈiʦn	rule	MED		
געזעגעניש	1	ɡəzˈɛɡəniʃ	rule	MED		
געטאטשט	1	ɡətˈaʧt	rule	LOW		
געטויגט	1	ɡətˈɔjɡt	rule	MED		
געטוישט	1	ɡətˈɔjʃt	rule	MED		
געטייפט	1	ɡətˈajft	rule	LOW		
געטענה'ט	1	ɡətˈɛnht	rule	MED		
געטעסטעט	1	ɡətˈɛstət	rule	MED		
געטריבן	1	ɡətrˈibn	rule	MED		
געטרייט	1	ɡətrˈajt	rule	MED		
געטרעוולט	1	ɡətrˈɛvlt	rule	MED		
געטרעפט	1	ɡətrˈɛft	rule	LOW		
געטשוזט	1	ɡəʧˈizt	rule	MED		
געטשיקעס	1	ɡəʧˈikəs	rule	MED		
געטשעפעט	1	ɡəʧˈɛfət	rule	LOW		
געטשקעס	1	ɡəʧkˈɛs	rule	MED		
געיטעד	1	ɡˈajtəd	rule	MED		
געלבמאן	1	ɡəlbmˈan	rule	LOW		
געלויבט	1	ɡəlˈɔjbt	rule	MED		
געלויבן	1	ɡəlˈɔjbn	rule	MED		
געלוינט	1	ɡəlˈɔjnt	rule	MED		
געלופטערט	1	ɡəlˈiftərt	rule	LOW		
געליגן	1	ɡəlˈiɡn	rule	MED		
געלעגט	1	ɡəlˈɛɡt	rule	MED		
געלעגנהייטן	1	ɡəlˈɛɡnhaːtn	rule	MED		
געלעכצט	1	ɡəlˈɛxʦt	rule	MED		
געמאניטארט	1	ɡəmˈanitart	rule	LOW		
געמאסטענע	1	ɡəmˈastənə	rule	LOW		
געמיטליך	1	ɡəmˈitləx	rule	MED		
געמליער	1	ɡəmlˈiər	rule	MED		
געמעגט	1	ɡəmˈɛɡt	rule	MED		
געמענטשט	1	ɡəmˈɛnʧt	rule	MED		
גענוגע	1	ɡənˈiɡə	rule	MED		
געניסן	1	ɡənˈisn	rule	MED		
גענעראלן	1	ɡənˈɛraln	rule	LOW		
געס	1	ɡɛs	rule	MED		
געסטארט	1	ɡəstˈart	rule	LOW		
געסעיווטע	1	ɡəsˈajvtə	rule	MED		
געענק	1	ɡəˈɛnk	rule	MED		
געפארעכץ	1	ɡəfarˈɛxʦ	rule	LOW		
געפיילט	1	ɡəfˈajlt	rule	LOW		
געפייניגט	1	ɡəfˈajniɡt	rule	LOW		
געפייסט	1	ɡəfˈajst	rule	LOW		
געפילן	1	ɡəfˈiln	rule	LOW		
געפלאגט	1	ɡəflˈaɡt	rule	LOW		
געפסק'נט	1	ɡəpˈasknt	rule	LOW		
געפענגעניש	1	ɡəfˈɛnɡəniʃ	rule	LOW		
געפערליכע	1	ɡəfˈɛrləxə	rule	LOW		
געפרוירן	1	ɡəfrˈɔjrn	rule	LOW		
געצוימטע	1	ɡəʦˈɔjmtə	rule	MED		
געצייג	1	ɡəʦˈajɡ	rule	MED		
געצילט	1	ɡəʦˈilt	rule	MED		
געקאווערט	1	ɡəkˈavərt	rule	LOW		
געקוועטשט	1	ɡəkvˈɛʧt	rule	MED		
געקושט	1	ɡəkˈiʃt	rule	MED		
געקלינט	1	ɡəklˈint	rule	MED		
געקריגן	1	ɡəkrˈiɡn	rule	MED		
גער	1	ɡɛr	rule	MED		
גערופענע	1	ɡərˈifənə	rule	LOW		
גערוקט	1	ɡərˈikt	rule	MED		
גערטנער	1	ɡərtnˈɛr	rule	MED		
גערינט	1	ɡərˈint	rule	MED		
געריסן	1	ɡərˈisn	rule	MED		
גערנטער	1	ɡərntˈɛr	rule	MED		
גערעגנט	1	ɡərˈɛɡnt	rule	MED		
גערעכטער	1	ɡərˈɛxtər	rule	MED		
געשאכטענער	1	ɡəʃˈaxtənər	rule	LOW		
געשאלטן	1	ɡəʃˈaltn	rule	LOW		
געשאנקען	1	ɡəʃˈankən	rule	LOW		
געשוינט	1	ɡəʃˈɔjnt	rule	MED		
געשורה'ט	1	ɡəʃˈirht	rule	MED		
געשטימט	1	ɡəʃtˈimt	rule	MED		
געשטיצט	1	ɡəʃtˈiʦt	rule	MED		
געשטעל	1	ɡəʃtˈɛl	rule	MED		
געשטערט	1	ɡəʃtˈɛrt	rule	MED		
געשטראפט	1	ɡəʃtrˈaft	rule	LOW		
געשלאפן	1	ɡəʃlˈufn	rule	MED		
געשלעפט	1	ɡəʃlˈɛft	rule	LOW		
געשמאקייט	1	ɡəʃmˈakaːt	rule	LOW		
געשמאקער	1	ɡəʃmˈakər	rule	LOW		
געשמירט	1	ɡəʃmˈirt	rule	MED		
געשעדיגט	1	ɡəʃˈɛdiɡt	rule	MED		
געשעעניש	1	ɡəʃˈɛəniʃ	rule	MED		
געשעצט	1	ɡəʃˈɛʦt	rule	MED		
געשפאלטן	1	ɡəʃpˈaltn	rule	LOW		
געשפילט	1	ɡəʃpˈilt	rule	LOW		
געשפרונגען	1	ɡəʃprˈinɡən	rule	LOW		
געשפרינגען	1	ɡəʃprˈinɡən	rule	LOW		
געשפרעך	1	ɡəʃprˈɛx	rule	LOW		
געשריבענע	1	ɡəʃrˈibənə	rule	MED		
געשריי	1	ɡəʃrˈaj	rule	MED		
"גר""א"	1	ɡiml rajʃ ˈaləf	rule	LOW		
גראבל	1	ɡrabl	rule	LOW		
גראבן	1	ɡrabn	rule	LOW		
גראדזשיצקער	1	ɡrˈaʤiʦkər	rule	LOW		
גראונדס	1	ɡrinds	rule	LOW		
גראז	1	ɡraz	rule	LOW		
גראסעריס	1	ɡrˈasəris	rule	LOW		
גרויסט	1	ɡrɔjst	rule	MED		
גרונטליכע	1	ɡrˈintləxə	rule	MED		
גריבלען	1	ɡrˈiblən	rule	MED		
גרידיענט	1	ɡrˈidiənt	rule	MED		
גריטינג	1	ɡrˈitinɡ	rule	MED		
גרייבט	1	ɡrajbt	rule	MED		
גרייטנדיג	1	ɡrˈajtndiɡ	rule	MED		
גרייכנדיג	1	ɡrˈajxndiɡ	rule	MED		
גריכיש	1	ɡrˈixiʃ	rule	MED		
גריכנלאנד	1	ɡrˈixnland	rule	LOW		
גרים	1	ɡrim	rule	MED		
גרינבוים	1	ɡrˈinbɔjm	rule	MED		
גרינגערהייט	1	ɡrˈinɡərhaːt	rule	MED		
גריסט	1	ɡrist	rule	MED		
גריסן	1	ɡrisn	rule	MED		
גריק	1	ɡrik	rule	MED		
גרענד	1	ɡrɛnd	rule	MED		
גרעסטער	1	ɡrˈɛstər	rule	MED		
גשמיות'דיג	1	ɡʃmjˈizdiɡ	fallback	LOW		
דְּבַר	1	dvar	rule	LOW		
דִּבְרֵי	1	dˈivraj	rule	MED		
דֹּרֵשׁ	1	dˈɔjrajʃ	rule	LOW		
דֳּמִי	1	dˈumi	rule	MED		
דּוֹדִי	1	dˈɔjdi	rule	MED		
דאגס	1	daɡs	rule	LOW		
דאגרתא	1	dˈaɡrsa	fallback	LOW		
דאדם	1	dadm	rule	LOW		
דאדרינהו	1	dˈadrinhi	rule	LOW		
דאווענענס	1	dˈavənəns	rule	LOW		
דאונט	1	dint	rule	LOW		
דאזיגע	1	dˈaziɡə	rule	LOW		
דאטא	1	dˈata	rule	LOW		
דאטום	1	dˈatim	rule	LOW		
דאטומס	1	dˈatims	rule	LOW		
דאטלאס	1	dˈatlas	rule	LOW		
דאטשע	1	dˈaʧə	rule	LOW		
דאטשעס	1	dˈaʧəs	rule	LOW		
דאי	1	daː	rule	LOW		
דאכטס	1	daxʦ	rule	LOW		
דאכענע	1	dˈaxənə	rule	LOW		
דאלאר'דיגע	1	dˈalardiɡə	rule	LOW		
דאמאן	1	dˈaman	rule	LOW		
דאמעסטיק	1	dˈaməstik	rule	LOW		
דאנערשטאגס	1	dˈanərʃtaɡs	rule	LOW		
דאנקט	1	dankt	rule	LOW		
דאסן	1	dusn	lexicon	MED		
דאפילא	1	dˈafila	rule	LOW		
דארעא	1	dˈarəa	rule	LOW		
דארשטיגע	1	dˈarʃtiɡə	rule	LOW		
דאשתכח	1	daʃsx	fallback	LOW		
דאשתכחו	1	dˈaʃsxi	fallback	LOW		
דאתמתקן	1	dasmskn	fallback	LOW		
דב	1	dɔjv	rule	LOW		
דבביך	1	dbix	rule	MED		
דבדיחותא	1	dibdixˈisu	rule	LOW		
דביקות	1	dəvjkˈus	rule	LOW		
דבם	1	dbm	fallback	LOW		
דבעיא	1	dbˈaja	rule	LOW		
דברו	1	dbri	rule	MED		
דבריהם	1	dbrim	rule	MED		
דבריו	1	dbrji	rule	MED		
דגאולה	1	dɡˈilə	rule	LOW		
דגברא	1	dɡbra	rule	LOW		
דגל	1	dˈɛɡəl	rule	LOW		
דדינא	1	dˈina	rule	LOW		
דהיינו	1	dəhˈaːnə	printed-index	MED	dhˈajni	דעהײַנע
דהילולא	1	dhˈilila	rule	LOW		
דהינא	1	dhˈina	rule	LOW		
דהכא	1	dhxa	rule	LOW		
דוֹפֵק	1	dˈɔjfək	printed-index	MED	dˈɔjfajk	דויפֿעק
דובבות	1	dɔjvˈuvɔjs	rule	LOW		
דוגמתו	1	dˈiɡmsi	fallback	LOW		
דודא	1	dˈida	rule	LOW		
דודנים	1	dˈidnim	rule	MED		
דוחוי	1	dˈixɔj	fallback	LOW		
דויערט	1	dˈɔjərt	rule	MED		
דוקן	1	dikn	rule	MED		
דורון	1	dˈirin	rule	MED		
דורכברענען	1	dˈirxbrənən	rule	MED		
דורכגאנג	1	dˈirxɡanɡ	rule	LOW		
דורכגעטון	1	dˈirxɡətin	rule	MED		
דורכגעלאפן	1	dˈirxɡəlafn	rule	LOW		
דורכגעלעבט	1	dˈirxɡəlejbt	rule	MED		
דורכגעפאלן	1	dˈirxɡəfaln	rule	LOW		
דורכדעם	1	dˈirxdəm	rule	MED		
דורכלאזן	1	dˈirxluzn	rule	MED		
דורכצוגיין	1	dˈirxʦiɡajn	rule	MED		
דורכצוקומען	1	dˈirxʦikimən	rule	MED		
דזולד	1	dzild	rule	MED		
דזשאוקס	1	ʤiks	rule	LOW		
דזשאסט	1	ʤast	rule	LOW		
דזשורעוועל	1	ʤˈirəvəl	rule	MED		
דזשעט	1	ʤɛt	rule	MED		
דזשעיל	1	ʤajl	rule	MED		
דזשעימיסאן	1	ʤˈajmisan	rule	LOW		
דזשעימס	1	ʤajms	rule	MED		
דזשעלעס	1	ʤˈɛləs	rule	MED		
דזשענטלמאן	1	ʤˈɛntlman	rule	LOW		
דזשעפריס	1	ʤˈɛfris	rule	LOW		
דזשערזי	1	ʤˈɛrzi	rule	MED		
דזשערמס	1	ʤɛrms	rule	MED		
דחדי	1	dxdi	fallback	LOW		
דחיינות	1	dxˈajnis	fallback	LOW		
דיבוק	1	dˈibək	printed-index	MED	dˈibik	דיבעק
דיבור	1	dˈibər	printed-index	MED	dibˈir	דיבער
דיבורים	1	dˈibirim	rule	MED		
דיבעי	1	dˈibaj	rule	MED		
דיבר	1	dibr	rule	MED		
דידזשיטעל	1	dˈiʤitəl	rule	MED		
דיזיין	1	dˈizajn	rule	MED		
דיזיינד	1	dˈizajnd	rule	MED		
דיזיינט	1	dˈizajnt	rule	MED		
דיליהון	1	dˈilihin	rule	MED		
דינג	1	dinɡ	rule	MED		
דינגסט	1	dinɡst	rule	MED		
דינגעל	1	dˈinɡəl	rule	MED		
דינין	1	dˈinin	rule	MED		
דיסטריקטס	1	dˈistrikʦ	rule	MED		
דיסקוסירן	1	dˈiskisirn	rule	MED		
דיסתלק	1	dislk	fallback	LOW		
דיעלס	1	dˈiəls	rule	MED		
דיפלאמאט	1	dˈiflamat	rule	LOW		
דיפענס	1	dˈifəns	rule	LOW		
דיצא	1	dˈiʦa	rule	LOW		
דירעקטאר	1	dˈirəktar	rule	LOW		
דירעקטלי	1	dˈirəktli	rule	MED		
דכיפורי	1	dxˈifiri	rule	LOW		
דכל	1	dəxˈul	rule	LOW		
דכרן	1	dxrn	fallback	LOW		
דכרנהון	1	dxrnhin	fallback	LOW		
דל	1	dul	rule	LOW		
דלא	1	dla	rule	LOW		
דלאית	1	dlaːs	fallback	LOW		
דלבא	1	dlba	rule	LOW		
דלביה	1	dlbi	rule	MED		
דלייב	1	dlajb	rule	MED		
דלמא	1	dlma	rule	LOW		
דלת	1	dˈalət	printed-index	MED	dˈalas	דאַלעט
דמברר	1	dmbrr	fallback	LOW		
דמהימנותא	1	dimhajmnˈisu	rule	LOW		
דמו	1	dmi	rule	MED		
דמי	1	dmi	rule	MED		
דמיטב	1	dmitb	rule	MED		
דמתייחד	1	dmsajxd	fallback	LOW		
דן	1	dun	rule	LOW		
דנבוכדנצר	1	dnbixdnʦr	fallback	LOW		
דנגלה	1	dənˈiɡlə	rule	LOW		
דני	1	dni	rule	MED		
דניאל	1	danˈiəl	printed-index	MED	dnˈial	דאַני*על
דעבידתא	1	dˈɛbidsa	fallback	LOW		
דעדליין	1	dˈɛdlajn	rule	MED		
דעות	1	dˈɛis	rule	LOW		
דעטיילס	1	dˈɛtajls	rule	MED		
דעטרויט	1	dˈɛtrɔjt	rule	MED		
דעליהון	1	dˈɛlihin	rule	MED		
דעלישעס	1	dˈɛliʃəs	rule	MED		
דעלמא	1	dˈɛlma	rule	LOW		
דעמאקראטישע	1	dˈɛmakratiʃə	rule	LOW		
דעמאקראטישער	1	dˈɛmakratiʃər	rule	LOW		
דעמאקראטן	1	dəmɔkrˈatn	lexicon	HIGH		
דעמעדזש	1	dˈɛməʤ	rule	MED		
דעמעדזשעס	1	dˈɛməʤəs	rule	MED		
דעסטוועגן	1	dˈɛstvəɡn	rule	MED		
דעסיידט	1	dˈɛsajdt	rule	MED		
דעעש	1	dˈɛəʃ	rule	MED		
דעפארטירן	1	dˈɛfartirn	rule	LOW		
דעצעמבער	1	dˈɛʦəmbər	rule	MED		
דעקארעיטעד	1	dˈɛkarajtəd	rule	LOW		
דעקט	1	dɛkt	rule	MED		
דעקלעראציעס	1	dˈɛkləraʦiəs	rule	LOW		
דעקלערן	1	dˈɛklərn	rule	MED		
דערבארעמ'דיגער	1	dˈɛrbarəmə dˈiɡər	rule	LOW		
דערבארעמדיגער	1	dˈɛrbarəmdiɡər	rule	LOW		
דערבארעמט	1	dərbarˈɛmt	rule	LOW		
דערגיין	1	dərɡˈajn	rule	MED		
דערגרייכונגען	1	dərɡrˈajxinɡən	rule	MED		
דערהויבן	1	dərhˈɔjbn	rule	MED		
דערהויבנקייט	1	dərhˈɔjbnkaːt	rule	MED		
דערהער	1	dˈɛrhər	rule	MED		
דערוויילער	1	dˈɛrvajlər	rule	MED		
דערוועקן	1	dərvˈɛkn	rule	MED		
דערלעבן	1	dərlˈejbn	rule	MED		
דערמאנסט	1	dərmˈanst	rule	LOW		
דערנענטערט	1	dərnˈɛntərt	rule	MED		
דערסטו	1	dˈɛrsti	rule	MED		
דערפל	1	dɛrfl	rule	LOW		
דערפלעך	1	dˈɛrfləx	rule	LOW		
דערצאל	1	dˈɛrʦal	rule	LOW		
דערקוויקט	1	dərkvˈikt	rule	MED		
דערקלערן	1	dərklˈɛrn	rule	MED		
דערקענען	1	dərkˈɛnən	rule	MED		
דערשטיקן	1	dərʃtˈikn	rule	MED		
דערשראקנקייט	1	dərʃrˈaknkaːt	rule	LOW		
דערשראקענע	1	dˈɛrʃrakənə	rule	LOW		
דערשרעקט	1	dərʃrˈɛkt	rule	MED		
דעתא	1	dˈɛsa	fallback	LOW		
דצדיקייא	1	dʦdˈikaja	rule	LOW		
דצו	1	dʦi	rule	MED		
דקא	1	dka	rule	LOW		
דקדוקים	1	dkdˈikim	rule	MED		
דקשה	1	dəkˈuʃə	rule	LOW		
דרב	1	drb	fallback	LOW		
דרבי	1	drbi	rule	MED		
דרגין	1	drɡin	rule	MED		
דרויסנדיגע	1	drˈɔjsndiɡə	rule	MED		
דריטל	1	dritl	rule	MED		
דריטן	1	dritn	rule	MED		
דרייוו	1	drajv	rule	MED		
דרייווט	1	drajvt	rule	MED		
דרייווערלאזע	1	drˈajvərlazə	rule	LOW		
דרייווערס	1	drˈajvərs	rule	MED		
דרייסטו	1	drˈajsti	rule	MED		
דרכו	1	drxi	rule	MED		
דרש'ענען	1	drʃˈɛnən	rule	MED		
דרשן	1	darʃn	printed-index	MED	darʃn	דאַרשן
דרשנ'ט	1	dˈarʃant	rule	LOW		
דרתח	1	drsx	fallback	LOW		
דשליחא	1	dʃlˈixa	fallback	LOW		
דתן	1	dˈusun	rule	LOW		
"ה""א"	1	haj	rule	LOW		
הֲרֵי	1	hˈaraj	rule	MED		
הִוא	1	hˈiia	rule	LOW		
הִיא	1	hˈia	rule	LOW		
הִנֵּה	1	hinˈajə	rule	LOW		
הִפְקַדְתִּי	1	hifkˈadti	rule	LOW		
הִשְׁלִיךְ	1	hˈiʃləx	rule	MED		
הַבָּשָׁן	1	habˈuʃun	rule	LOW		
הַדְּבֵקִים	1	hˈadvajkim	rule	MED		
הַהִוא	1	hˈahiia	rule	LOW		
הַכֹּהֵן	1	hakˈɔjhajn	rule	LOW		
הַכֹּתוֹ	1	hakˈɔjsɔj	rule	LOW		
הַמִּזְבֵּחַ	1	hamizbˈajəx	rule	LOW		
הַמָּשִׁיחַ	1	hamuʃˈiəx	rule	LOW		
הַמַּזְכִּרִים	1	hˈamazkirim	rule	MED		
הַצְּמֵאָה	1	hˈaʦmajə	rule	MED		
הַקְהֵל	1	hˈakhajl	rule	LOW		
הַשָּׁמָיִם	1	hˈaʃumim	rule	MED		
הָאֱמֹרִי	1	hˈɛmɔjri	rule	MED		
הָאֲנָשִׁים	1	hˈanuʃim	rule	MED		
הָאָלָה	1	hˈulə	rule	MED		
הָאֹמֵר	1	hˈɔjmajr	rule	MED		
הָהֵם	1	hˈuhajm	rule	LOW		
הָעֹלָה	1	hˈɔjlə	rule	MED		
הָרָוָה	1	hˈuruvə	rule	MED		
האבי	1	hˈabi	rule	LOW		
האגער	1	hˈaɡər	rule	LOW		
האדיר	1	hadˈir	rule	LOW		
"האדמו""ר"	1	haj ˈaləf dˈuləd mɛm vuv rajʃ	rule	LOW		
"האדמו""רים"	1	haj ˈaləf dˈuləd mɛm vuv rajʃ jid mɛm	rule	LOW		
האוטי	1	hˈiti	rule	LOW		
האומן	1	himn	rule	LOW		
האומרים	1	hˈimrim	rule	LOW		
האח	1	hax	fallback	LOW		
האחד	1	haxd	fallback	LOW		
האחרון	1	huaxˈarɔjn	rule	LOW		
האיש	1	haːʃ	rule	LOW		
האלבערשטאם	1	hˈalbərʃtam	rule	LOW		
האלדז	1	haldz	rule	LOW		
האלווייס	1	hˈalvajs	rule	LOW		
האלז	1	halz	rule	LOW		
האלטסט	1	halʦt	rule	LOW		
האלטער	1	hˈaltər	rule	LOW		
האלטערס	1	hˈaltərs	rule	LOW		
האמרי	1	hˈamri	rule	LOW		
האנשטעטער	1	hˈanʃtətər	rule	LOW		
האספו	1	hˈasfi	rule	LOW		
האפסט	1	hafst	rule	LOW		
האפענדיג	1	hˈafəndiɡ	rule	LOW		
האק	1	hak	rule	LOW		
האקמעסער	1	hˈakməsər	rule	LOW		
האקעס	1	hˈakəs	rule	LOW		
"האר""י"	1	haj ˈaləf rajʃ jid	rule	LOW		
הארב	1	harb	rule	LOW		
הארבע	1	hˈarbə	rule	LOW		
הארה	1	hˈarə	rule	LOW		
הארט	1	hart	rule	LOW		
הארטע	1	hˈartə	rule	LOW		
האריקעין	1	hˈarikajn	rule	LOW		
הארמאז	1	hˈarmaz	rule	LOW		
הארעוואניע	1	hˈarəvaniə	rule	LOW		
הארעוועט	1	hˈarəvət	rule	LOW		
הארת	1	hars	fallback	LOW		
הבאר	1	hbar	rule	LOW		
הבה	1	hˈuvə	rule	LOW		
הבהיר	1	hbhir	rule	MED		
הבהמה	1	habhˈajmə	rule	LOW		
הבוייס	1	hbˈɔjis	rule	MED		
הבט	1	hˈabət	rule	LOW		
הבטחות	1	havtˈuxɔjs	rule	LOW		
הביצה	1	hbˈiʦə	rule	MED		
הבכור	1	hbxir	rule	MED		
הבן	1	hˈabajn	rule	LOW		
הבנה	1	havˈunə	printed-index	MED	havˈunə	האַוואָנע
הברכות	1	habrˈuxɔjs	rule	LOW		
הגבר	1	haɡˈɛvɛr	rule	LOW		
"הגה""ק"	1	haj ɡiml haj kif	rule	LOW		
הגומל	1	hɡiml	rule	MED		
הגוף	1	hɡif	rule	LOW		
הגר	1	hˈuɡur	rule	LOW		
הדבק	1	hdbk	fallback	LOW		
הדיבה	1	hdˈibə	rule	MED		
הדינים	1	hdˈinim	rule	MED		
הדרוני	1	hdrˈini	rule	MED		
הדת	1	hˈadus	rule	LOW		
ההגדה	1	hahˈaɡudə	rule	LOW		
ההורגו	1	hhˈirɡi	rule	MED		
ההיא	1	hhˈia	rule	LOW		
הודאה	1	hɔjdˈuə	printed-index	MED	hˈida	הוידאָע
הודנו	1	hˈidni	rule	MED		
הודעה	1	hɔjdˈuə	printed-index	MED	hˈidə	הוידאָע
הוזכרו	1	hˈizxri	rule	MED		
הוי	1	hɔj	rule	MED		
"הוי""ה"	1	haj vuv jid haj	rule	LOW		
הויט	1	hoʊt	lexicon	HIGH		
הויכראנגיגער	1	hˈɔjxranɡiɡər	rule	LOW		
הויכשולע	1	hˈɔjxʃilə	rule	MED		
הוכרעה	1	hˈixrə	rule	MED		
הולך	1	hˈɔjləx	printed-index	MED	hilx	הוילעך
הומאניטארישע	1	hˈimanitariʃə	rule	LOW		
הוצרך	1	hiʦrx	rule	MED		
הושיענו	1	hˈiʃiəni	rule	MED		
הזאת	1	hˈazɔjs	rule	LOW		
הזבחים	1	hazvˈuxim	rule	LOW		
הזכרון	1	hzxrin	rule	MED		
החוב	1	haxˈɔjv	rule	LOW		
החודש	1	hˈaxvdɛʃ	rule	LOW		
החוזר	1	haxˈɔjzajr	rule	LOW		
החזנים	1	haxazˈunim	rule	LOW		
החיצון	1	hxˈiʦin	fallback	LOW		
החירותינו	1	haxajrisˈajni	rule	LOW		
החצר	1	hxʦr	fallback	LOW		
החשבון	1	haxˈɛʃbɔjn	rule	LOW		
החתימה	1	haxasˈimə	rule	LOW		
הטיב	1	htib	rule	MED		
הטעימו	1	htˈajmi	rule	MED		
הטפח	1	hatˈɛfax	rule	LOW		
הטשעק	1	hʧɛk	rule	MED		
היבנובער	1	hˈibnibər	rule	MED		
הידוע	1	hˈidiə	rule	MED		
היונק	1	hjink	rule	MED		
הייבנדיג	1	hˈajbndiɡ	rule	MED		
הייבסט	1	hajbst	rule	MED		
הייזקעלע	1	hˈajzkələ	rule	MED		
הייזקעלעך	1	hˈajzkələx	rule	MED		
הייטלער	1	hˈajtlər	rule	MED		
היילט	1	hajlt	rule	MED		
היילן	1	hajln	rule	MED		
היימיקס	1	hˈajmiks	rule	MED		
היימלאנד	1	hˈajmland	rule	LOW		
היימער	1	hˈajmər	rule	MED		
היינו	1	hˈaːnə	printed-index	MED	hˈajni	הײַנע
היינטיגער	1	hˈajntiɡər	rule	MED		
הייסן	1	hajsn	rule	MED		
הייסע	1	hˈajsə	rule	MED		
הייעך	1	hˈajəx	rule	MED		
הים	1	him	rule	MED		
הימלישע	1	hˈimliʃə	rule	MED		
הימלען	1	hˈimlən	rule	MED		
הימנה	1	hˈimnə	rule	MED		
היסוד	1	hˈisid	rule	MED		
היסח	1	hajsx	rule	LOW		
היסטאריע	1	hˈistariə	rule	LOW		
היסטוריה	1	hˈistiri	rule	MED		
היעוצה	1	hˈiəiʦə	rule	MED		
היעטעד	1	hˈiətəd	rule	MED		
היפשע	1	hˈifʃə	rule	LOW		
הירא	1	hˈira	rule	LOW		
הישועה	1	hˈiʃiə	rule	MED		
הישיבה	1	hˈiʃibə	rule	MED		
הישיבת	1	hˈiʃibs	fallback	LOW		
הישן	1	hiʃn	rule	MED		
הכא	1	hxa	rule	LOW		
הכבד	1	hakˈuvajd	rule	LOW		
הכה	1	hxə	fallback	LOW		
הכוונה	1	hxvnə	rule	MED		
הכוכבים	1	hxˈixbim	rule	MED		
הכוס	1	hxis	rule	MED		
הכלה	1	hakˈalə	rule	LOW		
הכלכלה	1	hakalkˈulə	rule	LOW		
הכפורים	1	hxfˈirim	rule	LOW		
הכפיפה	1	hxfˈifə	rule	LOW		
הכתעלה	1	hxsˈɛlə	fallback	LOW		
הלא	1	hla	rule	LOW		
הלבב	1	halˈajvuv	rule	LOW		
הלברשטאם	1	hlbrʃtam	fallback	LOW		
הלילות	1	halˈajlɔjs	rule	LOW		
הלך	1	hˈulax	rule	LOW		
הלכה'דיגע	1	haluxuhdˈiɡɛ	rule	LOW		
הללו	1	hlli	rule	MED		
הלפרין	1	hlfrin	rule	LOW		
הלצנות	1	hlʦnis	fallback	LOW		
הם	1	hajm	rule	LOW		
המבדיל	1	hamˈavdil	printed-index	MED	hmbdil	האַמאַווד(י)ל
המברך	1	hmbrx	fallback	LOW		
המדור	1	hmdir	rule	MED		
המודד	1	hmid	rule	MED		
המודעי	1	hmˈidaj	rule	MED		
המוליך	1	hmˈilix	rule	MED		
המופת	1	hamˈɔjfajs	rule	LOW		
המוקצה	1	hmˈikʦə	rule	MED		
המוריד	1	hmˈirid	rule	MED		
המזגש	1	hmzɡʃ	fallback	LOW		
המחטיאו	1	hmxtˈii	fallback	LOW		
המחיה	1	hamˈixju	rule	LOW		
המחינות	1	hmxˈinis	fallback	LOW		
המחלוקת	1	hmxliks	fallback	LOW		
המילות	1	hamˈilɔjs	rule	LOW		
המים	1	hmim	rule	MED		
המיתה	1	hamˈisə	rule	LOW		
המלאך	1	hmlax	rule	LOW		
המלה	1	hamˈilə	rule	LOW		
המלוכהים	1	hmlˈixhim	rule	MED		
המלחמה	1	hamilxˈumə	rule	LOW		
המסתיר	1	hmsir	fallback	LOW		
המעונן	1	hmˈɛinn	rule	MED		
המעלות	1	hamaˈalɔjs	rule	LOW		
המערבי	1	hmˈɛrbi	rule	MED		
המפוזר	1	hmfizr	rule	LOW		
המצב	1	hamˈaʦuv	rule	LOW		
המצות	1	hamˈaʦɔjs	rule	LOW		
המקבל	1	hamkˈabajl	rule	LOW		
המקבלים	1	hamkˈablim	rule	LOW		
המקומות	1	hamkˈɔjmɔjs	rule	LOW		
המקנא	1	hmkna	rule	LOW		
המרבה	1	hamˈarbɛ	rule	LOW		
המרובים	1	hmrˈibim	rule	MED		
המרחם	1	hamrˈaxajm	rule	LOW		
המשוער	1	hmʃˈiər	rule	MED		
המשפחה	1	hamiʃpˈuxə	rule	LOW		
המשפט	1	hamˈiʃput	rule	LOW		
המתחיל	1	hamˈasxil	rule	LOW		
המתיבתא	1	haməsˈiftə	rule	LOW		
המתין	1	hmsin	fallback	LOW		
המתלוצץ	1	hmsliʦ	fallback	LOW		
המתפלל	1	hamispˈalajl	rule	LOW		
הנא	1	hna	rule	LOW		
הנביאים	1	hnbˈiaːm	rule	LOW		
הנגיד	1	hnɡid	rule	MED		
הנהגות	1	hanhˈuɡɔjs	rule	LOW		
הנחה	1	hanˈuxə	rule	LOW		
הנחמות	1	hanəxˈumɔjs	rule	LOW		
הנחת	1	hnxs	fallback	LOW		
הניצוצות	1	haniʦˈɔjʦɔjs	rule	LOW		
הנמשל	1	hanˈimʃal	rule	LOW		
הנעקד	1	hnɛkd	rule	MED		
הנשמה	1	hanʃˈumə	rule	LOW		
הנשמע	1	hnʃmə	rule	MED		
הנשר	1	hnʃr	fallback	LOW		
הסדן	1	hˈasajdn	rule	LOW		
הסדרים	1	hzdrim	rule	MED		
הסוכה	1	hsˈixə	rule	MED		
הסוס	1	hsis	rule	MED		
הסליחות	1	haslˈixis	rule	LOW		
הסמוך	1	hsmix	rule	MED		
הסתלקות	1	histˈalkis	rule	LOW		
הסתרה	1	hsrə	fallback	LOW		
הסתרת	1	hsrs	fallback	LOW		
הסתת	1	hs	fallback	LOW		
העבודה	1	hˈɛbidə	rule	MED		
העברים	1	hˈɛbrim	rule	MED		
העד	1	hɛd	rule	MED		
העווי	1	hˈɛvi	rule	MED		
העווינעס	1	hˈɛvinəs	rule	MED		
העוולי	1	hˈɛvli	rule	MED		
העומד	1	hˈɛimd	rule	MED		
העוסק	1	hˈɛisk	rule	MED		
העיסקא	1	hˈajska	rule	LOW		
העכסט	1	hɛxst	rule	MED		
העכערונג	1	hˈɛxərinɡ	rule	MED		
העכערן	1	hˈɛxərn	rule	MED		
העלאו	1	hˈɛli	rule	LOW		
העלבערבאום	1	hˈɛlbərbim	rule	LOW		
העלט	1	hɛlt	rule	MED		
העליה	1	hˈɛli	rule	MED		
העליות	1	hˈɛljis	fallback	LOW		
העלן	1	hɛln	rule	MED		
העלער'ס	1	hˈɛlərs	rule	MED		
העלף	1	hɛlf	rule	LOW		
העלפ	1	hɛlf	rule	LOW		
העלפלאז	1	hˈɛlflaz	rule	LOW		
העלצעלעך	1	hˈɛlʦələx	rule	MED		
העלצער	1	hˈɛlʦər	rule	MED		
העמדלעך	1	hˈɛmdləx	rule	MED		
הענגט	1	hɛnɡt	rule	MED		
הענדלען	1	hˈɛndlən	rule	MED		
הענטשיף	1	hˈɛnʧif	rule	LOW		
הענטשיק	1	hˈɛnʧik	rule	MED		
העניינים	1	hˈɛnajnim	rule	MED		
העפר	1	hɛfr	rule	LOW		
העצלה	1	hˈɛʦlə	rule	MED		
העצערייען	1	hˈɛʦərajən	rule	MED		
העצת	1	hɛʦs	fallback	LOW		
הערדיג	1	hˈɛrdiɡ	rule	MED		
הערה	1	həˈurə	printed-index	MED	hˈɛrə	העאָרע
הערצליכע	1	hˈɛrʦləxə	rule	MED		
הערשט	1	hɛrʃt	rule	MED		
הפחת	1	hfxs	fallback	LOW		
הפינה	1	hfˈinə	rule	LOW		
הפלא'דיג	1	hflˈadiɡ	rule	LOW		
הפלוגתא	1	hflˈiɡsa	fallback	LOW		
הפסק	1	hˈɛfsək	printed-index	MED	hˈɛfsək	העפֿסעק
הפקדתי	1	hapukˈadti	rule	LOW		
הפתנה	1	hfsnə	fallback	LOW		
הצדיקים	1	hʦdˈikim	rule	MED		
הציונות	1	hʦjˈinis	fallback	LOW		
הקדש	1	hˈɛɡdəʃ	printed-index	MED	hakˈɔjdɛʃ	העגדעש
הקורה	1	hkˈirə	rule	MED		
הקורות	1	hakˈɔjrɔjs	rule	LOW		
הקללה	1	haklˈulu	rule	LOW		
הקפות	1	hakˈufɔjs	rule	LOW		
הקריב	1	hkrib	rule	MED		
הקרפף	1	hkrf	fallback	LOW		
הרבה	1	harbˈajə	rule	LOW		
הרבותי	1	harabˈɔjsaj	rule	LOW		
הרבצת	1	hrbʦs	fallback	LOW		
הרג'ענען	1	hˈarɡənən	rule	MED		
הרגו	1	hˈarɡi	rule	MED		
הרגע	1	hˈarɡə	rule	MED		
הרהור	1	hrhir	rule	MED		
הרהורי	1	hrhˈiri	rule	MED		
הרנה	1	hurˈinə	rule	LOW		
הרעות	1	harˈuɔjs	rule	LOW		
הרעים	1	hrajm	rule	MED		
הרעפים	1	hrˈɛfim	rule	LOW		
הרשות	1	hˈurʃis	rule	LOW		
הרת	1	hˈaras	rule	LOW		
השביעי	1	hʒbˈiaj	rule	MED		
השבתות	1	hʃˈabəsis	rule	LOW		
השגחת	1	hʒɡxs	fallback	LOW		
השובבנו	1	hʃˈibni	rule	MED		
השוחד	1	haʃˈɔjxad	rule	LOW		
השולחן	1	hʃˈilxajn	rule	LOW		
השומר	1	hʃimr	rule	MED		
השופר	1	hʃifr	rule	LOW		
השיבנו	1	hʃˈibni	rule	MED		
השילה	1	hʃˈilə	rule	MED		
השינוי	1	hʃˈinɔj	rule	MED		
השירים	1	hʃˈirim	rule	MED		
השישי	1	hʃˈiʃi	rule	MED		
השכל	1	hˈaskajl	rule	LOW		
השליך	1	hʃlix	rule	MED		
השלימות	1	haʃlˈimis	rule	LOW		
השלישי	1	hʃlˈiʃi	rule	MED		
השמועה	1	hʃmˈiə	rule	MED		
השמש	1	haʃˈɛməʃ	rule	LOW		
השעוה	1	hʃˈɛi	rule	MED		
השער	1	hʃɛr	rule	MED		
השתדלות	1	hiʃtˈadlis	rule	LOW		
השתחוו	1	hʃsxv	fallback	LOW		
התבוננות	1	hisbˈɔjnənus	rule	LOW		
התבטלות	1	hzbtlis	fallback	LOW		
התביאני	1	hzbˈiani	fallback	LOW		
התהא	1	hatəhˈaj	rule	LOW		
התהלך	1	hishˈalajx	rule	LOW		
התורפה	1	hsˈirfə	fallback	LOW		
התחדשות	1	hisxˈadʃis	rule	LOW		
התחזקות	1	hsxzkis	fallback	LOW		
התחייבות	1	hisxˈajjvus	rule	LOW		
התייחסות	1	hsˈajxsis	fallback	LOW		
התינוקות	1	hatinˈɔjkɔjs	rule	LOW		
התפילה	1	hatfˈilə	rule	LOW		
התפיסה	1	hatfˈisə	rule	LOW		
התפלה	1	hatfˈilə	rule	LOW		
התרגשות'דיגע	1	hsrɡʃˈizdiɡə	fallback	LOW		
וְאֵל	1	vajl	rule	MED		
וְאַתֶּם	1	vˈatəm	rule	LOW		
וְגֵרְךָ	1	vɡˈajrxu	rule	MED		
וְהִתְבָּרֵךְ	1	vhizbˈurajx	rule	LOW		
וְהַטַּף	1	vtaf	rule	LOW		
וְהַנָּשִׁים	1	vhˈanuʃim	rule	MED		
וְהָיָה	1	vhu	rule	MED		
וְזָהָב	1	vzˈuhuv	rule	MED		
וְטֹבָתָם	1	vtɔjvˈusum	rule	LOW		
וְיָדַעַתְּ	1	vˈudat	rule	LOW		
וְכִנּוֹר	1	vxˈinɔjr	rule	MED		
וְלַעֲנָה	1	vlˈanə	rule	MED		
וְעָרְפְּכֶם	1	vˈurpxəm	rule	MED		
וְשַׁבְתָּ	1	vəʃˈabəs	rule	LOW		
וְשֹׁטְרֵיכֶם	1	vʃˈɔjtrajxəm	rule	MED		
וְשָׁב	1	vʃuv	rule	MED		
וַאֲנִי	1	vˈaani	rule	MED		
וַאֲשֶׁר	1	vˈaaʃər	rule	MED		
וַתִּרְאוּ	1	vatˈiri	rule	LOW		
וָאֶבֶן	1	vˈuəvən	rule	MED		
וָאֹמַר	1	vˈuɔjmar	rule	MED		
וָעֹז	1	vˈuɔjz	rule	MED		
וּבְכָל	1	ˈibxul	rule	MED		
וּבִקַּשְׁתֶּם	1	ivikˈaʃtəm	rule	LOW		
וּבַמַּיִם	1	ˈivamim	rule	MED		
וּלְאִמּוֹ	1	ˈilimɔj	rule	MED		
וּלְזַרְעָם	1	ˈilzarum	rule	MED		
וּלְיַעֲקֹב	1	ˈilaakɔjv	rule	MED		
וּלְלֵוִי	1	ˈillajvi	rule	MED		
וּמִשָּׁם	1	ˈimiʃum	rule	MED		
וּמָצָאתָ	1	imuʦˈusu	rule	LOW		
ואבנא	1	ˈiabna	rule	LOW		
ואבנים	1	ˈiabnim	rule	LOW		
ואגידה	1	ˈiaɡidə	rule	LOW		
ואהבתם	1	vaahˈavtəm	rule	LOW		
ואוי	1	ˈiɔj	rule	LOW		
ואומר	1	ˈiimr	rule	LOW		
ואומרו	1	ˈiimri	rule	LOW		
ואופן	1	ˈiifn	rule	LOW		
ואי	1	ˈiaː	rule	LOW		
ואידהן	1	ˈiaːdhn	rule	LOW		
ואיך	1	ˈiaːx	rule	LOW		
ואמוני	1	ˈiamini	rule	LOW		
ואמוראים	1	ˈiamiraːm	rule	LOW		
ואמרו	1	ˈiamri	rule	LOW		
ואנו	1	ˈiani	rule	LOW		
ואנחנו	1	vaanˈaxni	rule	LOW		
ואנשים	1	ˈianʃim	rule	LOW		
ואספתי	1	ˈiasfsi	fallback	LOW		
ואראי	1	ˈiaraː	rule	LOW		
ואריה	1	ˈiari	rule	LOW		
ואשלחך	1	ˈiaʃlx	fallback	LOW		
ואשר	1	ˈiaʃr	rule	LOW		
ובאו	1	ˈibi	rule	LOW		
ובאור	1	ibˈir	rule	LOW		
ובבוקרו	1	ˈibikri	rule	MED		
ובבן	1	ibn	rule	MED		
ובגשמיות	1	uvəɡaʃmˈijus	rule	LOW		
ובדרע	1	ˈibdrə	rule	MED		
ובוכה	1	ˈibixə	rule	MED		
ובוקר	1	ˈibikr	rule	MED		
ובלב	1	iblb	rule	MED		
ובלע	1	ˈiblə	rule	MED		
ובמוחזק	1	ˈibmixzk	fallback	LOW		
ובמים	1	ˈibmim	rule	MED		
ובמנוחה	1	uvimnˈuxu	rule	LOW		
ובמספד	1	ibmsfd	fallback	LOW		
ובמעשים	1	ˈibməʃim	rule	MED		
ובמצות	1	ˈibmʦis	fallback	LOW		
ובנביאים	1	ˈibnbiaːm	rule	LOW		
ובנה	1	ˈibnə	rule	MED		
ובנו	1	ˈibni	rule	MED		
ובני	1	ˈibni	rule	MED		
ובעל	1	ˈibəl	rule	MED		
ובפרט	1	ibfrt	rule	LOW		
ובקופה	1	ˈibkifə	rule	LOW		
ובקושי	1	ˈibkiʃi	rule	MED		
וברוחניות	1	uvəruxənˈijus	rule	LOW		
וברוחץ	1	ˈibrixʦ	fallback	LOW		
ובשמחה	1	ivasˈimxə	rule	LOW		
וגאולה	1	ˈiɡilə	rule	LOW		
וגאולתנו	1	ˈiɡilsni	fallback	LOW		
ודאי	1	vˈadə	lexicon	HIGH		
ודברים	1	ˈidbrim	rule	MED		
ודבש	1	idbʃ	rule	MED		
ודהבא	1	ˈidhba	rule	LOW		
ודואג	1	ˈidiaɡ	rule	LOW		
ודוזר	1	ˈidizr	rule	MED		
ודחקות	1	ˈidxkis	fallback	LOW		
ודלמא	1	ˈidlma	rule	LOW		
ודע	1	ˈidə	rule	MED		
והארות	1	vəhɛˈurɔjs	rule	LOW		
והאריכה	1	ˈiharixə	rule	LOW		
והב	1	ib	rule	MED		
והבן	1	ibn	rule	MED		
והגית	1	vəhuɡˈisu	rule	LOW		
והגפן	1	iɡfn	rule	LOW		
והדברים	1	ˈidbrim	rule	MED		
והולכות	1	ˈihilxis	fallback	LOW		
והזכירם	1	ˈizxirm	rule	MED		
והחכמים	1	ˈixmim	fallback	LOW		
והחלק	1	ixlk	fallback	LOW		
והחצרת	1	ixʦrs	fallback	LOW		
והטוב	1	ˈitib	rule	MED		
והיא	1	ˈihia	rule	LOW		
והיו	1	ˈihji	rule	MED		
והיפוכו	1	ˈihifixi	rule	LOW		
והכא	1	ˈixa	rule	LOW		
והסליחות	1	ˈislixis	fallback	LOW		
והספד	1	isfd	rule	LOW		
והצלחה	1	vəhaʦlˈuxu	rule	LOW		
והקללות	1	ˈikllis	fallback	LOW		
והראיה	1	ˈiraːə	rule	LOW		
והרבך	1	irbx	rule	MED		
והריחה	1	ˈirixə	fallback	LOW		
והשלום	1	ˈiʃlim	rule	MED		
והשלישי	1	ˈiʃliʃi	rule	MED		
והשני	1	ˈiʃni	rule	MED		
והשפיל	1	ˈiʃpil	rule	LOW		
והתיר	1	isˈir	fallback	LOW		
וואדקא	1	vˈadka	rule	LOW		
וואווער	1	vˈavər	rule	LOW		
וואוילער	1	vˈɔjlər	rule	LOW		
וואוין	1	vɔjn	rule	LOW		
וואוינענדיג	1	vˈɔjnəndiɡ	rule	LOW		
וואונדערט	1	vˈindərt	rule	LOW		
וואונדערטס	1	vˈindərʦ	rule	LOW		
וואונדערליכע	1	vˈindərləxə	rule	LOW		
וואונדערסטו	1	vˈindərsti	rule	LOW		
וואזנער	1	vˈaznər	rule	LOW		
וואטערפרוף	1	vˈatərfrif	rule	LOW		
וואטשן	1	vaʧn	rule	LOW		
וואך'ס	1	vaxs	rule	LOW		
וואכנאכט	1	vˈaxnaxt	rule	LOW		
וואכנדיגע	1	vˈaxndiɡə	rule	LOW		
וואכנטליך	1	vˈaxntləx	rule	LOW		
וואלוול	1	valvl	rule	LOW		
וואנדערט	1	vˈandərt	rule	LOW		
וואנעט	1	vˈanət	rule	LOW		
וואסענען	1	vˈasənən	rule	LOW		
וואק	1	vak	rule	LOW		
וואקסבערגער	1	vˈakzbərɡər	rule	LOW		
וואקסטו	1	vˈaksti	rule	LOW		
ווארהייט	1	vˈarhaːt	rule	LOW		
ווארטנדיג	1	vˈartndiɡ	rule	LOW		
ווארימסטע	1	vˈarimstə	rule	LOW		
ווארימען	1	vˈarimən	rule	LOW		
ווארלד	1	varld	rule	LOW		
ווארנט	1	varnt	rule	LOW		
ווארענונגען	1	vˈarəninɡən	rule	LOW		
ווארפן	1	varfn	rule	LOW		
ווארפענע	1	vˈarfənə	rule	LOW		
ווארצל	1	varʦl	rule	LOW		
ווארשא	1	vˈarʃa	rule	LOW		
ווארשיינליך	1	vˈarʃajnləx	rule	LOW		
ווידיאוס	1	vˈidiis	rule	LOW		
ווידעא	1	vˈidəa	rule	LOW		
ווידערגעשפעניגט	1	vˈidərɡəʃpəniɡt	rule	LOW		
ווידערקול	1	vidˈɛrkul	printed-index	MED	vˈidərkil	ווידערקאָל
ווידערשפעניגן	1	vˈidərʃpəniɡn	rule	LOW		
וויז'ניצער	1	vˈizniʦər	rule	MED		
וויזדאם	1	vˈizdam	rule	LOW		
וויזיטארס	1	vˈizitars	rule	LOW		
ווייבל	1	vaːbl	lexicon	HIGH		
ווייג	1	vajɡ	rule	MED		
ווייגן	1	vajɡn	rule	MED		
וויידעסלאווער	1	vˈajdəslavər	rule	LOW		
ווייטאגט	1	vˈajtaɡt	rule	LOW		
ווייטאגליך	1	vˈajtaɡləx	rule	LOW		
ווייטגרייכנדע	1	vˈajtɡrajxndə	rule	MED		
ווייטן	1	vajtn	rule	MED		
וויילער	1	vˈajlər	rule	MED		
וויינער	1	vˈajnər	rule	MED		
וויינשטאק	1	vˈajnʃtak	rule	LOW		
ווייסמאנדל	1	vˈajsmandl	rule	LOW		
ווייסער	1	vˈajsər	rule	MED		
ווייסערהייט	1	vˈajsərhaːt	rule	MED		
וויכוח	1	vvikˈuxa	rule	LOW		
וויכטיגסטע	1	vˈixtiɡstə	rule	MED		
וויכטיגסטער	1	vˈixtiɡstər	rule	MED		
וויכטיגער	1	vˈixtiɡər	rule	MED		
וויכטיגערע	1	vˈixtiɡərə	rule	MED		
וויכטיגקייט	1	vˈixtiɡkaːt	rule	MED		
ווילי	1	vˈili	rule	MED		
ווילעדניקער	1	vˈilədnikər	rule	MED		
ווינט	1	vint	rule	MED		
ווינטן	1	vintn	rule	MED		
ווינטשט	1	vinʧt	rule	MED		
וויניארדס	1	vˈiniards	rule	LOW		
וויסלבלאוער	1	vˈislbliər	rule	LOW		
וויסעלבלאוער	1	vˈisəlbliər	rule	LOW		
וויץ	1	viʦ	rule	MED		
וויצע	1	vˈiʦə	rule	MED		
ווירדן	1	virdn	rule	MED		
וולאדימיר	1	vladimˈir	rule	LOW		
וועב	1	vɛb	rule	MED		
וועבן	1	vɛbn	rule	MED		
וועבסייט	1	vˈɛbsajt	rule	MED		
וועבער	1	vˈɛbər	rule	MED		
וועדזשעבלס	1	vˈɛʤəbls	rule	MED		
וועטער	1	vˈɛtər	rule	MED		
וועטערס	1	vˈɛtərs	rule	MED		
וועלגערן	1	vˈɛlɡərn	rule	MED		
וועלדער	1	vˈɛldər	rule	MED		
וועלטליכע	1	vˈɛltləxə	rule	MED		
וועלטענע	1	vˈɛltənə	rule	MED		
וועמענס	1	vˈɛməns	rule	MED		
ווענדונג	1	vˈɛndinɡ	rule	MED		
ווענדט	1	vɛndt	rule	MED		
ווענדן	1	vɛndn	rule	MED		
ווענט	1	vɛnt	rule	MED		
ווענעציע	1	vˈɛnəʦiə	rule	MED		
וועקט	1	vɛkt	rule	MED		
ווערדלאז	1	vˈɛrdlaz	rule	LOW		
ווערזל	1	vɛrzl	rule	MED		
ווערנדיג	1	vˈɛrndiɡ	rule	MED		
ווערסט	1	vɛrst	rule	MED		
ווערקלעך	1	vˈɛrkləx	rule	MED		
וועש	1	vɛʃ	rule	MED		
וזאת	1	vzɔjs	rule	LOW		
וזכרו	1	ˈizxri	rule	MED		
וזרעו	1	ˈizrəi	rule	MED		
וחבורה	1	ˈixbirə	fallback	LOW		
וחותכה	1	ˈixisxə	fallback	LOW		
וחזר	1	ixzr	fallback	LOW		
וחזרות	1	ˈixzris	fallback	LOW		
וחיים	1	vəxˈajim	rule	LOW		
וחלילה	1	vxulˈilə	rule	LOW		
וחסדיו	1	vaxasˈudujv	rule	LOW		
וחסדים	1	vaxasˈudim	rule	LOW		
וחסרונן	1	vəxɛsrˈɔjnun	rule	LOW		
וחצי	1	vuxˈajʦi	rule	LOW		
וחצרות	1	vaxaʦˈajrɔjs	rule	LOW		
וחשקת	1	vəxuʃˈaktu	rule	LOW		
וטהרתם	1	utəhˈartɛm	rule	LOW		
וטוב	1	ˈitib	rule	MED		
וטובתם	1	vtɔjvˈusum	rule	LOW		
וטף	1	itf	rule	LOW		
ויאמו	1	ˈɔjami	rule	LOW		
ויאשרוהו	1	ˈɔjaʃrihi	rule	LOW		
ויבוא	1	ˈɔjbia	rule	LOW		
ויברך	1	ɔjbrx	rule	MED		
ויגד	1	ɔjɡd	rule	MED		
וידידים	1	ˈɔjdidim	rule	MED		
ויום	1	ˈɔjim	rule	MED		
ויועצים	1	ˈɔjiəʦim	rule	MED		
ויוצאות	1	ˈɔjiʦis	fallback	LOW		
ויחשב	1	ɔjxʒb	fallback	LOW		
ויסרוני	1	ˈoʊsrini	rule	MED		
ויעפוך	1	ˈɔjəfix	rule	LOW		
ויפול	1	ˈɔjfil	rule	LOW		
ויצהרך	1	ɔjʦhrx	rule	MED		
ויקרא	1	vaijˈikru	printed-index	MED	ˈɔjkra	וואַיי*קראָ
ויש	1	oʊʃ	rule	MED		
וישועות	1	viʃiˈɛɔjs	rule	LOW		
וישלח	1	vajˈiʃlax	rule	LOW		
וישראל	1	ˈoʊʃral	rule	LOW		
וישתחוה	1	ˈoʊʃsxi	fallback	LOW		
וישתכחון	1	ˈoʊʃsxin	fallback	LOW		
ויתגברו	1	ˈoʊzɡbri	fallback	LOW		
וכיון	1	ˈixjin	rule	MED		
וכלה	1	ˈixlə	rule	MED		
וכלל	1	ixll	rule	MED		
וכמאמר	1	ˈixmamr	rule	LOW		
וכמודא	1	ˈixmida	rule	LOW		
וכנגד	1	ixnɡd	rule	MED		
וכפור	1	ixfˈir	rule	LOW		
וכתב	1	ixzb	fallback	LOW		
ולאבד	1	ˈilabd	rule	LOW		
ולאמר	1	ˈilamr	rule	LOW		
ולאשתכחא	1	ˈilaʃsxa	fallback	LOW		
ולב	1	ilb	rule	MED		
ולבא	1	ˈilba	rule	LOW		
ולבנותי	1	ˈilbnisi	fallback	LOW		
ולברכת	1	ilbrxs	fallback	LOW		
ולובש	1	ˈilibʃ	rule	MED		
ולוד	1	ˈilid	rule	MED		
ולוי	1	ˈilɔj	rule	MED		
ולזה	1	ˈilzə	rule	MED		
ולזמנא	1	ˈilzmna	rule	LOW		
ולזמנה	1	ˈilzmnə	rule	MED		
ולחופה	1	ilxˈɔjfə	rule	LOW		
ולחם	1	vəlˈɛxɛm	rule	LOW		
ולחרפה	1	ˈilxrfə	fallback	LOW		
ולילה	1	ˈililə	rule	MED		
ולישועתך	1	ˈiliʃiəsx	fallback	LOW		
וללמד	1	illmd	rule	MED		
ולמכה	1	ˈilmxə	rule	MED		
ולמספד	1	ilmsfd	fallback	LOW		
ולמעשים	1	ˈilməʃim	rule	MED		
ולמצוא	1	ˈilmʦia	rule	LOW		
ולעיסור	1	ilajsˈir	rule	MED		
ולענה	1	ˈilənə	rule	MED		
ולענינו	1	ˈilənini	rule	MED		
ולפלפי	1	ˈilflfi	rule	LOW		
ולצד	1	ilʦd	rule	MED		
ולקחת	1	vlukˈaxtu	rule	LOW		
ולקחתם	1	ilkˈaxtəm	rule	LOW		
ולקרחה	1	ˈilkrxə	fallback	LOW		
ולרזון	1	ˈilrzin	rule	MED		
ולרצון	1	ˈilrʦin	rule	MED		
ולשון	1	ˈilʃin	rule	MED		
ולשלום	1	ˈilʃlim	rule	MED		
ולתת	1	ils	fallback	LOW		
ומבורך	1	ˈimbirx	rule	MED		
ומגבב	1	imɡb	rule	MED		
ומדבר	1	imdbr	rule	MED		
ומהשכל	1	imhʃxl	fallback	LOW		
ומופת	1	imˈɔjfajs	rule	LOW		
ומזלות	1	imazˈulɔjs	rule	LOW		
ומיטיב	1	ˈimitib	rule	MED		
ומים	1	ˈimim	rule	MED		
ומימיך	1	ˈimimix	rule	MED		
ומל	1	iml	rule	MED		
ומלאו	1	ˈimli	rule	LOW		
ומלבין	1	ˈimlbin	rule	MED		
ומלכי	1	ˈimlxi	rule	MED		
וממילא	1	ˈimmila	rule	LOW		
וממלכה	1	ˈimmlxə	rule	MED		
ומן	1	imn	rule	MED		
ומנה	1	ˈimnə	rule	MED		
ומנהיגים	1	ˈimnhiɡim	rule	MED		
ומנוחאי	1	ˈimnixaː	fallback	LOW		
ומנויים	1	ˈimnɔjim	rule	MED		
ומעבד	1	ˈiməbd	rule	MED		
ומעשיו	1	ˈiməʃji	rule	MED		
ומעשים	1	ˈiməʃim	rule	MED		
ומצאתו	1	ˈimʦasi	fallback	LOW		
ומצפים	1	ˈimʦfim	rule	LOW		
ומקומך	1	ˈimkimx	rule	MED		
ומקפא	1	ˈimkfa	rule	LOW		
ומרומם	1	ˈimrimm	rule	MED		
ומרור	1	imrˈir	rule	MED		
ומשבחות	1	ˈimʒbxis	fallback	LOW		
ומשמש	1	imʃmʃ	rule	MED		
ומשענתך	1	ˈimʃənsx	fallback	LOW		
ומשפחתו	1	ˈimʃpxsi	fallback	LOW		
ומתחילין	1	ˈimsxilin	fallback	LOW		
ומתן	1	imˈatun	rule	LOW		
ומתקבל	1	imskbl	fallback	LOW		
ומתקבלת	1	imskbls	fallback	LOW		
ונאכל	1	ˈinaxl	rule	LOW		
ונגרא	1	ˈinɡra	rule	LOW		
ונוח	1	vnˈɔjxa	rule	LOW		
ונוטל	1	ˈinitl	rule	MED		
ונחת	1	inxs	fallback	LOW		
ונער	1	ˈinər	rule	MED		
ונפחת	1	infxs	fallback	LOW		
ונפלאות	1	vniflˈuɔjs	rule	LOW		
ונפלינו	1	ˈinflini	rule	LOW		
ונפרדו	1	ˈinfrdi	rule	LOW		
ונצע	1	ˈinʦə	rule	MED		
ונשובה	1	ˈinʃibə	rule	MED		
ונשלמה	1	ˈinʃlmə	rule	MED		
ונתת	1	vnusˈatu	rule	LOW		
ונתתי	1	vnusˈati	rule	LOW		
וסבה	1	ˈizbə	rule	MED		
וסייגים	1	ˈisajɡim	rule	MED		
ועבדו	1	ˈiəbdi	rule	MED		
ועבדום	1	ˈiəbdim	rule	MED		
ועבור	1	iəbˈir	rule	MED		
ועוד	1	ˈiəid	rule	MED		
ועושה	1	ˈiəiʃə	rule	MED		
ועז	1	ˈiəz	rule	MED		
ועידנים	1	ˈiajdnim	rule	MED		
ועכשיו	1	ˈiəxʃji	rule	MED		
ועלית	1	ˈiəlis	fallback	LOW		
ועמים	1	ˈiəmim	rule	MED		
ועמך	1	ˈiəmx	rule	MED		
ועמת	1	ˈiəms	fallback	LOW		
וענו	1	ˈiəni	rule	MED		
וענפיו	1	ˈiənfji	rule	LOW		
וערבני	1	ˈiərbni	rule	MED		
ועשו	1	ˈiəʃi	rule	MED		
ועשרים	1	ˈiəʃrim	rule	MED		
ופול	1	ˈifil	rule	LOW		
ופועל	1	ˈifiəl	rule	LOW		
ופי	1	ˈifi	rule	LOW		
ופירש	1	ˈifirʃ	rule	LOW		
ופלא'דיג	1	ˈifladiɡ	rule	LOW		
ופעמים	1	ˈifəmim	rule	LOW		
וצהלתו	1	ˈiʦhlsi	fallback	LOW		
וצער	1	ˈiʦər	rule	MED		
וקה	1	ˈikə	rule	MED		
וקיבלתם	1	ˈikiblsm	fallback	LOW		
וקליפתו	1	ˈiklifsi	fallback	LOW		
וקללות	1	ˈikllis	fallback	LOW		
וקלס	1	ikls	rule	MED		
וקמת	1	ikms	fallback	LOW		
וקראם	1	ˈikram	rule	LOW		
וראה	1	ˈira	rule	LOW		
וראשי	1	ˈiraʃi	rule	LOW		
ורבותי	1	vərabˈɔjsaj	rule	LOW		
ורביה	1	ˈirbi	rule	MED		
ורדיפות	1	ˈirdifis	fallback	LOW		
ורואים	1	ˈiriaːm	rule	LOW		
ורוממת	1	ˈirimms	fallback	LOW		
ורוצה	1	ˈiriʦə	rule	MED		
ורחמך	1	irxmx	fallback	LOW		
ורך	1	irx	rule	MED		
ורמז	1	irmz	rule	MED		
ורעב	1	ˈirəb	rule	MED		
ורפא	1	ˈirfa	rule	LOW		
ושב	1	iʒb	rule	MED		
ושבח	1	vʃˈɛvax	rule	LOW		
ושורר	1	ˈiʃirr	rule	MED		
ושכנתי	1	vəʃuxˈanti	rule	LOW		
ושלוה	1	ˈiʃli	rule	MED		
ושמו	1	ˈiʃmi	rule	MED		
ושמחתם	1	ismˈaxtəm	rule	LOW		
ושמע	1	ˈiʃmə	rule	MED		
ושמעו	1	ˈiʃməi	rule	MED		
ושמעון	1	ˈiʃməin	rule	MED		
ושניה	1	ˈiʃni	rule	MED		
ושנים	1	ˈiʃnim	rule	MED		
"ושס""ה"	1	vuv ʃin sˈaməx haj	rule	LOW		
ושעל	1	ˈiʃəl	rule	MED		
ושריו	1	ˈiʃrji	rule	MED		
ושרפים	1	ˈiʃrfim	rule	LOW		
"ות""ק"	1	vuv tuf kif	rule	LOW		
ותגביה	1	ˈizɡbi	fallback	LOW		
ותגל	1	vsˈuɡajl	rule	LOW		
ותדבק	1	izdbk	fallback	LOW		
ותומים	1	vsˈɔjmim	rule	LOW		
ותוקף	1	ˈisikf	fallback	LOW		
ותורתך	1	ˈisirsx	fallback	LOW		
ותחזינה	1	vsəxəzˈajnə	rule	LOW		
ותחתונים	1	vsaxsˈɔjnim	rule	LOW		
ותיקון	1	ˈisikin	fallback	LOW		
ותלך	1	vatˈajləx	rule	LOW		
ותלמידיו	1	vəsalmˈidujv	rule	LOW		
ותנא	1	ˈisna	fallback	LOW		
ותפתח	1	vatˈiftax	rule	LOW		
ותצפה	1	ˈisʦfə	fallback	LOW		
ותראהו	1	vatirˈajhi	rule	LOW		
"ותרע""ב"	1	vuv tuf rajʃ ˈajən bajs	rule	LOW		
ותשובה	1	isʃˈivə	rule	LOW		
ותתאין	1	ˈisaːn	fallback	LOW		
ז'ווארסקער	1	zvˈarskər	rule	LOW		
זִקְנֵיכֶם	1	zˈiknajxəm	rule	MED		
זֹעֵם	1	zajm	rule	MED		
זאגער	1	zˈaɡər	rule	LOW		
זאון	1	zin	rule	LOW		
זאטע	1	zˈatə	rule	LOW		
זאלי	1	zˈali	rule	LOW		
זאלץ	1	zalʦ	rule	LOW		
זאמער	1	zˈamər	rule	LOW		
זאנע	1	zˈanə	rule	LOW		
זאנענפעלד	1	zˈanənfəld	rule	LOW		
זאפארט	1	zˈafart	rule	LOW		
זאפטיגע	1	zˈaftiɡə	rule	LOW		
זאצן	1	zaʦn	rule	LOW		
זבול	1	zbil	rule	MED		
זבת	1	zˈuvas	rule	LOW		
זדנותא	1	zdnˈisa	fallback	LOW		
זהו	1	zhi	rule	MED		
זהיר	1	zhir	rule	MED		
זהירות	1	zəhˈirɔjs	rule	LOW		
זוים	1	zɔjm	rule	MED		
זויערע	1	zˈɔjərə	rule	MED		
זוך	1	zix	rule	MED		
זוכנדיג	1	zˈixndiɡ	rule	MED		
זוכסטו	1	zˈixsti	rule	MED		
זונטאג'דיגע	1	zˈintaɡdiɡə	rule	LOW		
זונינו	1	zˈinini	rule	MED		
זיבעציגסטער	1	zˈibəʦiɡstər	rule	MED		
זיבציג	1	zˈibʦiɡ	rule	MED		
זיו	1	zji	rule	MED		
זיווג	1	zˈivəɡ	printed-index	MED	zivɡ	זיוועג
זיידנ'ס	1	zajdns	rule	MED		
זייטיגע	1	zˈajtiɡə	rule	MED		
זיין'ס	1	zajns	rule	MED		
זייען	1	zˈajən	rule	MED		
זייענס	1	zˈajəns	rule	MED		
זייערסטער	1	zˈajərstər	rule	MED		
זיכערן	1	zˈixərn	rule	MED		
זילבערווארג	1	zˈilbərvarɡ	rule	LOW		
זימן	1	zimn	rule	MED		
זימנו	1	zˈimni	rule	MED		
זינגער	1	zˈinɡər	rule	MED		
זינדיגט	1	zˈindiɡt	rule	MED		
זינט	1	zint	rule	MED		
זיצסט	1	ziʦst	rule	MED		
זיתים	1	zˈajsim	rule	LOW		
זכה	1	zˈuxə	rule	LOW		
זכור	1	zxir	rule	MED		
זכותא	1	zəxˈusu	rule	LOW		
זכותם	1	zxˈisum	rule	LOW		
זכינו	1	zxˈini	rule	MED		
זכרו	1	zxri	rule	MED		
זכרון	1	zˈikurn	printed-index	MED	zxrin	זיקאָרן
זכרונות	1	zixrˈɔjnɔjs	rule	LOW		
זכרונם	1	zxrinm	rule	MED		
זכרת	1	zˈuxart	rule	LOW		
זלאטאוויץ	1	zlˈataviʦ	rule	LOW		
זלאטשובער	1	zlˈaʧibər	rule	LOW		
זלט	1	zlt	fallback	LOW		
זמנו	1	zmni	rule	MED		
זמני	1	zmni	rule	MED		
זמר	1	zˈamur	rule	LOW		
זעאונג	1	zˈɛinɡ	rule	LOW		
זעב	1	zɛb	rule	MED		
זעג	1	zɛɡ	rule	MED		
זעכצן	1	zɛxʦn	rule	MED		
זעלבסט	1	zɛlbst	rule	MED		
זעלבסטשטענדיג	1	zˈɛlbsʧtəndiɡ	fallback	LOW		
זעלבסטשטענדיגע	1	zˈɛlbsʧtəndiɡə	fallback	LOW		
זעלבסטשטענדיגער	1	zˈɛlbsʧtəndiɡər	fallback	LOW		
זעלטענעם	1	zˈɛltənəm	rule	MED		
זעליג	1	zˈɛliɡ	rule	MED		
זעלענסקי	1	zˈɛlənski	rule	MED		
זעמיר	1	zəmˈir	rule	MED		
זעמך	1	zɛmx	rule	MED		
זעקסטע	1	zˈɛkstə	rule	MED		
זרה'ס	1	zˈuruhs	rule	LOW		
זרע	1	zˈɛrə	printed-index	MED	zrə	זערע
זרעו	1	zrˈɛi	rule	MED		
זרעך	1	zrɛx	rule	MED		
זשיד	1	ʒid	rule	MED		
חַדְרֵי	1	xˈadraj	rule	LOW		
חאצקל	1	xaʦkl	rule	LOW		
"חב""ד"	1	xabˈad	lexicon	LOW		
חביבות	1	xavˈivis	rule	LOW		
חבית	1	xbis	fallback	LOW		
חבלי	1	xˈɛvlaj	rule	LOW		
חבלים	1	xavˈulim	rule	LOW		
חבר'סט	1	xbrst	fallback	LOW		
חברה'לע	1	xbrhlə	fallback	LOW		
חג	1	xaɡ	rule	LOW		
חגא	1	xˈuɡə	printed-index	MED	xˈuɡə	כאָגע
חדכה	1	xdxə	fallback	LOW		
חדכין	1	xdxin	fallback	LOW		
חדשות	1	xadˈuʃɔjs	rule	LOW		
חדשים'דיג	1	xdʃˈimdiɡ	rule	LOW		
חוֹמֹתַיִךְ	1	xɔjmˈɔjsix	rule	LOW		
חוֹפֵשׂ	1	xˈɔjfajs	rule	LOW		
חובא	1	xˈiba	fallback	LOW		
חובת	1	xˈɔjvas	rule	LOW		
חודש'ליך	1	xˈidʃləx	rule	LOW		
חוטא	1	xˈɔjtaj	rule	LOW		
חולי	1	xˈuli	rule	LOW		
חולים	1	xvlim	rule	LOW		
חולין	1	xˈɔjlin	rule	LOW		
חולקיהון	1	xˈilkihin	fallback	LOW		
חומה	1	xˈɔjmə	rule	LOW		
חומרים	1	xˈimrim	fallback	LOW		
חומרתא	1	xˈimrsa	fallback	LOW		
חוסר	1	xˈɔjsər	rule	LOW		
חופות	1	xˈipɔjs	rule	LOW		
חורבה	1	xˈirvə	printed-index	MED	xˈirvə	כורווע
חורבנות	1	xvrəbnˈɔjs	rule	LOW		
חורין	1	xˈɔjrin	rule	LOW		
חושד	1	xˈɔjʃajd	rule	LOW		
חותכה	1	xˈisxə	fallback	LOW		
חזן	1	xˈazan	rule	LOW		
חזר'ט	1	xˈazərt	rule	LOW		
חזר'ן	1	xˈazərn	rule	LOW		
חטאי	1	xˈatuj	rule	LOW		
חטאין	1	xˈatujn	rule	LOW		
"חיד""א"	1	xˈidə	lexicon	LOW		
חיון	1	xˈajvun	rule	LOW		
חיזבאללא'ס	1	xˈizballas	fallback	LOW		
חייבין	1	xˈajjvin	rule	LOW		
חייהם	1	xajˈajhɛm	rule	LOW		
חיילות	1	xˈajlis	fallback	LOW		
חיים'ל	1	xajml	rule	LOW		
חיים'לעך	1	xˈajmləx	rule	LOW		
חיים'ס	1	xajms	rule	LOW		
חיל	1	xˈajil	rule	LOW		
חיקה	1	xˈikə	fallback	LOW		
חירות	1	xˈajris	rule	LOW		
חירותינו	1	xajrisˈajni	rule	LOW		
חכם'ס	1	xms	fallback	LOW		
חכמות	1	xˈuxmɔjs	rule	LOW		
חכמי	1	xˈaxmaj	rule	LOW		
חכמינו	1	xaxumˈajni	rule	LOW		
חכמת	1	xˈuxmas	rule	LOW		
חל	1	xul	rule	LOW		
חלב	1	xˈajləv	printed-index	MED	xˈuluv	כיילעוו
חלוק	1	xˈulik	rule	LOW		
חלזון	1	xilˈuzɔjn	rule	LOW		
חללו	1	xlli	fallback	LOW		
חלקנו	1	xɛlkˈajnu	rule	LOW		
חלש'ן	1	xlʃn	fallback	LOW		
חלשות	1	xalˈuʃɔjs	rule	LOW		
חמדת	1	xˈɛmdas	rule	LOW		
חמיתי	1	xmˈisi	fallback	LOW		
חמעלניק	1	xmˈɛlnik	fallback	LOW		
חמרך	1	xmrx	fallback	LOW		
חמת	1	xˈamas	rule	LOW		
חמתו	1	xamˈusɔj	rule	LOW		
חמתך	1	xamˈusxu	rule	LOW		
חנוך	1	xˈanɔjx	rule	LOW		
חנון	1	xˈanin	rule	LOW		
חנופה	1	xnˈifə	fallback	LOW		
חנות	1	xnis	fallback	LOW		
חנם	1	xˈinum	rule	LOW		
חננו	1	xunˈajni	rule	LOW		
חסדים	1	xasˈudim	rule	LOW		
חסיד'יש	1	xˈusidiʃ	rule	LOW		
חסידיש	1	xsˈidiʃ	printed-index	MED	xˈusidiʃ	כסידיש
חסידישער	1	xˈusidiʃər	rule	LOW		
חסמא	1	xsma	fallback	LOW		
חסרונות	1	xəsrˈɔjnɔjs	rule	LOW		
חצי	1	xˈaʦi	rule	LOW		
חצקל	1	xɛʦkl	rule	LOW		
חצר	1	xˈuʦər	printed-index	MED	xˈuʦər	כאָצער
חרדי'שע	1	xrdˈiʃə	fallback	LOW		
חרוזים	1	xrˈizim	fallback	LOW		
חרטה	1	xarˈutə	rule	LOW		
חריגה	1	xrˈiɡə	fallback	LOW		
חשד	1	xʃad	printed-index	MED	xʃad	כשאַד
חשון	1	xˈɛʃvun	rule	LOW		
חשיב	1	xʃib	fallback	LOW		
חשיבות	1	xaʃˈivis	rule	LOW		
חשכה	1	xʃxə	fallback	LOW		
חשקות	1	xʃkis	fallback	LOW		
חתונה'ן	1	xsinhn	rule	LOW		
חתמ'עט	1	xsmə ɛt	fallback	LOW		
חתנא	1	xsna	fallback	LOW		
חתנים	1	xasˈunim	rule	LOW		
"ט""ז"	1	tɛs zˈajən	rule	LOW		
טְפָחוֹת	1	tfˈuxɔjs	rule	LOW		
טַפְּכֶם	1	tˈapxəm	rule	LOW		
טאבא	1	tˈaba	rule	LOW		
טאהער	1	tˈahər	rule	LOW		
טאוול	1	tavl	rule	LOW		
טאט	1	tat	rule	LOW		
טאטאפער	1	tˈatafər	rule	LOW		
טאטעס	1	tˈatəs	rule	LOW		
טאל	1	tal	rule	LOW		
טאלאנטן	1	tˈalantn	rule	LOW		
טאלנער	1	tˈalnər	rule	LOW		
טאלער	1	tˈalər	rule	LOW		
טאלעראנץ	1	talərˈanʦ	rule	LOW		
טאם	1	tam	rule	LOW		
טאמעיטאס	1	tˈamajtas	rule	LOW		
טאנער	1	tˈanər	rule	LOW		
טאנצט	1	tanʦt	rule	LOW		
טאפט	1	taft	rule	LOW		
טארגעט	1	tˈarɡət	rule	LOW		
טארט	1	tart	rule	LOW		
טארסט	1	tarst	rule	LOW		
טאש	1	taʃ	rule	LOW		
טבחא	1	tbxa	fallback	LOW		
טבל	1	tbl	fallback	LOW		
טהורות	1	təhˈɔjrɔjs	rule	LOW		
טהרות	1	təhˈurɔjs	rule	LOW		
טהרת	1	tuhˈuras	rule	LOW		
טוביה'ן	1	tˈibin	rule	MED		
טובת	1	tˈɔjvas	rule	LOW		
טוויקן	1	tvikn	rule	MED		
טווענטי	1	tvˈɛnti	rule	MED		
טווערסקי	1	tvˈɛrski	rule	MED		
טויבער	1	tˈɔjbər	rule	MED		
טויזנטערס	1	tˈɔjzntərs	rule	MED		
טויטן	1	tɔjtn	rule	MED		
טויטפעלער	1	tˈɔjtfələr	rule	LOW		
טוירמס	1	tɔjrms	rule	MED		
טול	1	til	rule	MED		
טולס	1	tils	rule	MED		
טומאה	1	tˈimə	printed-index	MED	tˈima	טומע
טומאנס	1	tˈimans	rule	LOW		
טוניסיע	1	tˈinisiə	rule	MED		
טונקלקייט	1	tˈinklkaːt	rule	MED		
טוריסטן	1	tˈiristn	rule	MED		
טורעם	1	tˈirəm	rule	MED		
טיטשער	1	tˈiʧər	rule	MED		
טייג	1	tajɡ	rule	MED		
טייגן	1	tajɡn	rule	MED		
טיילט	1	tajlt	rule	MED		
טיילער	1	tˈajlər	rule	MED		
טייערדיגע	1	tˈajərdiɡə	rule	MED		
טים	1	tim	rule	MED		
טינטעד	1	tˈintəd	rule	MED		
טיעם	1	tˈiəm	rule	MED		
טיפ	1	tif	rule	LOW		
טיפיקל	1	tˈifikl	rule	LOW		
טיפקייט	1	tˈifkaːt	rule	LOW		
טיפשות	1	tjpəʃˈɔjs	rule	LOW		
טיפשים	1	tˈifʃim	rule	LOW		
טירן	1	tirn	rule	MED		
טישטעכער	1	tˈiʃtəxər	rule	MED		
טישל	1	tiʃl	rule	MED		
טליתים	1	talˈisim	rule	LOW		
טמאים	1	tmaːm	rule	LOW		
טעגליכע	1	tˈɛɡləxə	rule	MED		
טעותים	1	təˈisim	rule	LOW		
טעילאר	1	tˈajlar	rule	LOW		
טעיק	1	tajk	rule	MED		
טעלעגראם	1	tˈɛləɡram	rule	LOW		
טעמע	1	tˈɛmə	rule	MED		
טענקער	1	tˈɛnkər	rule	MED		
טעסט	1	tɛst	rule	MED		
טעסטס	1	tɛsʦ	rule	MED		
טעסק	1	tɛsk	rule	MED		
טעפסט	1	tɛfst	rule	LOW		
טעפער	1	tˈɛfər	rule	LOW		
טעצל	1	tɛʦl	rule	MED		
טעראפי	1	tˈɛrafi	rule	LOW		
טעראפיסט	1	tərafˈist	rule	LOW		
טעראריסטן	1	tˈɛraristn	rule	LOW		
טערמינען	1	tˈɛrminən	rule	MED		
טערעוול	1	tˈɛrəvl	rule	MED		
טפחים	1	tfˈuxim	rule	LOW		
טראגעדיעס	1	trˈaɡədiəs	rule	LOW		
טראדיציאנעל	1	trˈadiʦianəl	rule	LOW		
טראומא	1	trˈima	rule	LOW		
טראכסטו	1	trˈaxsti	rule	LOW		
טראפישע	1	trˈafiʃə	rule	LOW		
טראפן	1	trapn	lexicon	MED		
טראקינג	1	trˈakinɡ	rule	LOW		
טרויבן	1	trɔjbn	rule	MED		
טרוקן	1	trikn	rule	MED		
טרייבן	1	trajbn	rule	MED		
טרייסט	1	trajst	rule	MED		
טרייעל	1	trˈajəl	rule	MED		
טרינקט	1	trinkt	rule	MED		
טרינקסט	1	trinkst	rule	MED		
טריקס	1	triks	rule	MED		
טרעוול	1	trɛvl	rule	MED		
טרעוולען	1	trˈɛvlən	rule	MED		
טרעוולערס	1	trˈɛvlərs	rule	MED		
טרענזיט	1	trˈɛnzit	rule	MED		
טרענירונג	1	trənˈirinɡ	rule	MED		
טרענירונגען	1	trˈɛnirinɡən	rule	MED		
טרענסוועקשאן	1	trˈɛnsvəkʃan	rule	LOW		
טרעסטן	1	trɛstn	rule	MED		
טרעפליכע	1	trˈɛfləxə	rule	LOW		
טרעקטאר	1	trˈɛktar	rule	LOW		
טרעקינג	1	trˈɛkinɡ	rule	MED		
טרעקלעך	1	trˈɛkləx	rule	MED		
טשאטש	1	ʧaʧ	rule	LOW		
טשארדזש	1	ʧarʤ	rule	LOW		
טשארט	1	ʧart	rule	LOW		
טשוזן	1	ʧizn	rule	MED		
טשולדיגט	1	ʧˈildiɡt	rule	MED		
טשייניז	1	ʧˈajniz	rule	MED		
טשילן	1	ʧiln	rule	MED		
טשיפער	1	ʧˈifər	rule	LOW		
טשעווערגויס	1	ʧˈɛvərɡɔjs	rule	MED		
טשעכאווער	1	ʧˈɛxavər	rule	LOW		
טשעפע	1	ʧˈɛfə	rule	LOW		
טשעקט	1	ʧɛkt	rule	MED		
טשעקס	1	ʧɛks	rule	MED		
טשעקפוינט	1	ʧˈɛkfɔjnt	rule	LOW		
"י""א"	1	jid ˈaləf	rule	LOW		
"י""ד"	1	jid dˈuləd	rule	LOW		
יְדַעְתֶּם	1	jdtɛm	rule	LOW		
יְקַבֶּצְךָ	1	jkˈabəʦxu	rule	MED		
יְרוּשָׁלִַם	1	jrˈiʃulim	rule	MED		
יִבְעַל	1	jˈibal	rule	MED		
יִבְעָלוּךְ	1	jˈibulix	rule	MED		
יִסָּתֵר	1	jisˈusajr	rule	LOW		
יִקָּחֶךָ	1	jikuxˈɛxu	rule	LOW		
יֶחֱטָא	1	jəxˈɛtu	rule	LOW		
יֶחֱשׁוּ	1	jəxˈɛʃi	rule	LOW		
יָמֶיךָ	1	jˈumajxu	rule	MED		
יָמָי	1	jˈɛmaj	printed-index	MED	jˈumuj	יעמיי
יָשַׁבְנוּ	1	jˈuʃavni	rule	MED		
יֹדְעֵי	1	jˈɔjdaj	rule	MED		
יאג	1	jaɡ	rule	LOW		
יאוש	1	jiʃ	rule	LOW		
יאיר	1	jaːr	rule	LOW		
יאכל	1	jaxl	rule	LOW		
יאמר	1	jamr	rule	LOW		
יאנקל	1	jankl	rule	LOW		
יאנקערס	1	jˈankərs	rule	LOW		
יאפ	1	jaf	rule	LOW		
יאקאבאוויטש	1	jˈakabaviʧ	rule	LOW		
יארגאנג	1	jˈarɡanɡ	rule	LOW		
יבא	1	ˈiba	rule	LOW		
יבדל	1	ibdl	rule	MED		
יבואו	1	ˈubii	lexicon	MED		
יביאין	1	ˈibiaːn	rule	LOW		
יבנה	1	jˈavnə	printed-index	MED	ˈibnə	יאַוונע
יבקשו	1	ˈibkʃi	rule	MED		
יגיעה	1	ˈiɡiə	rule	MED		
יגעת	1	juɡˈatu	rule	LOW		
יד	1	id	rule	MED		
ידאה	1	ˈida	rule	LOW		
ידבק	1	idbk	rule	MED		
ידוי	1	ˈidɔj	rule	MED		
ידידים	1	ˈididim	rule	MED		
ידין	1	ˈidin	rule	MED		
ידיעה	1	jədˈiə	printed-index	MED	ˈidiə	יעדי*ע
ידך	1	idx	rule	MED		
ידעה	1	ˈidə	rule	MED		
ידעוך	1	ˈidəix	rule	MED		
ידעין	1	ˈidajn	rule	MED		
ידעתם	1	jədˈatɛm	rule	LOW		
ידרים	1	ˈidrim	rule	MED		
יהבין	1	ˈibin	rule	MED		
יהודוך	1	ˈihidix	rule	MED		
יהי	1	jˈɛhi	printed-index	MED	ˈihi	יעהי
יוֹם	1	jɔjm	lexicon	HIGH		
יובא	1	jˈiba	rule	LOW		
יוגאוו	1	jˈiɡav	rule	LOW		
יוגנט	1	jiɡnt	rule	MED		
יודא	1	jˈida	rule	LOW		
יודיע	1	jˈidiə	rule	MED		
יודישע	1	jˈidiʃə	rule	MED		
יודל'ס	1	jidls	rule	MED		
יודנטום	1	jˈidntim	rule	MED		
יוזשעלי	1	jˈiʒəli	rule	MED		
יוחסין	1	jɔjxˈasin	rule	LOW		
יולי	1	jˈili	rule	MED		
יומם	1	jimm	rule	MED		
יומען	1	jˈimən	rule	MED		
יונגסטע	1	jˈinɡstə	rule	MED		
יונגעלייטלעך	1	jˈinɡəlajtləx	rule	MED		
יונגערהייט	1	jˈinɡərhaːt	rule	MED		
יונה	1	jˈɔjnə	printed-index	MED	jˈinə	יוינע
יונטער	1	jˈintər	rule	MED		
יוניווערסיטי	1	jˈinivərsiti	rule	MED		
יוניטס	1	jˈiniʦ	rule	MED		
יונתא	1	jˈinsa	fallback	LOW		
יוסי	1	jˈisi	rule	MED		
יוסעלע	1	jˈisələ	rule	MED		
יוסף'לע	1	jˈisflə	rule	LOW		
יועציו	1	jˈiəʦji	rule	MED		
יוצאי	1	jˈiʦaː	rule	LOW		
יוצאת	1	jˈɔjʦajs	rule	LOW		
יוצרות	1	jˈɔjʦrɔjs	rule	LOW		
יור	1	jir	rule	MED		
יורא	1	jˈira	rule	LOW		
יורה	1	jˈirə	rule	MED		
יורו	1	jˈiri	rule	MED		
יושב	1	jˈɔjʃəv	printed-index	MED	jiʒb	יוישעוו
יזכיר	1	izxˈir	rule	MED		
יזמרו	1	ˈizmri	rule	MED		
יזקין	1	ˈizkin	rule	MED		
יחדי	1	ˈixdi	fallback	LOW		
יחודים	1	jixˈidim	rule	LOW		
יחון	1	jəxˈavn	rule	LOW		
יחזקו	1	ˈixzki	fallback	LOW		
יחי	1	jxi	rule	LOW		
יחידאה	1	ˈixida	fallback	LOW		
יחשב	1	ixʒb	fallback	LOW		
יילד	1	jild	rule	MED		
יכול	1	ˈixil	rule	MED		
יכולות	1	ˈixilis	fallback	LOW		
יכונן	1	ˈixinn	rule	MED		
יכנו	1	ˈixni	rule	MED		
יכשלו	1	ˈixʃli	rule	MED		
יכתבון	1	jˈixtəvuən	rule	LOW		
ילדה	1	ˈildə	rule	MED		
ימיך	1	ˈimix	rule	MED		
ימקו	1	ˈimki	rule	MED		
ימתין	1	ˈimsin	fallback	LOW		
ינדע	1	ˈində	rule	MED		
ינחמוני	1	ˈinxmini	fallback	LOW		
יניקה	1	jənˈikə	printed-index	MED	ˈinikə	יעניקע
יסוד'דיגע	1	ˈisidiɡə	rule	MED		
יסופו	1	ˈisifi	rule	LOW		
יסופר	1	ˈisifr	rule	LOW		
יסור	1	isˈir	rule	MED		
יסורי	1	ˈisiri	rule	MED		
יעבודו	1	jˈɛbidi	rule	MED		
יעבור	1	jəbˈir	rule	MED		
יעברו	1	jˈɛbri	rule	MED		
יעדנס	1	jɛdns	rule	MED		
יעדען	1	jˈɛdən	rule	MED		
יעדעס	1	jˈɛdəs	rule	MED		
יעלה	1	jˈaːlə	printed-index	MED	jˈɛlə	יײַלע
יעלז	1	jɛlz	rule	MED		
יענה	1	jˈɛnə	rule	MED		
יענך	1	jɛnx	rule	MED		
יענעם'ס	1	jˈɛnəms	rule	MED		
יענעמ'ס	1	jˈɛnɛms	rule	LOW		
יענץ	1	jɛnʦ	rule	MED		
יענצע	1	jˈɛnʦə	rule	MED		
יענקעלע	1	jˈɛnkələ	rule	MED		
יענש	1	jɛnʃ	rule	MED		
יעקיש	1	jˈɛkiʃ	rule	MED		
יער	1	jɛr	rule	MED		
יערליכע	1	jˈɛrləxə	rule	MED		
יפה	1	ˈifə	rule	LOW		
יפות	1	jˈufɔjs	rule	LOW		
יפסוק	1	ˈifsik	rule	LOW		
יפעל	1	ˈifəl	rule	LOW		
יפשיל	1	ˈifʃil	rule	LOW		
יצא	1	ˈiʦa	rule	LOW		
יצוה	1	ˈiʦi	rule	MED		
יצחקי'ן	1	ˈiʦxkin	fallback	LOW		
יצטרכו	1	ˈiʦtrxi	rule	MED		
יצקוביץ	1	ˈiʦkibiʦ	rule	MED		
יקבצו	1	ˈikbʦi	rule	MED		
יקום	1	ˈikim	rule	MED		
יקרה	1	ˈikrə	rule	MED		
ירא	1	ˈira	rule	LOW		
ירגיז	1	ˈirɡiz	rule	MED		
ירום	1	ˈirim	rule	MED		
ירחם	1	jərˈaxajm	rule	LOW		
ירידה	1	jərˈidə	printed-index	MED	ˈiridə	יערידע
ירמיה	1	ˈirmi	rule	MED		
ירננו	1	ˈirnni	rule	MED		
ירעו	1	ˈirəi	rule	MED		
ירעם	1	ˈirəm	rule	MED		
ירצה	1	ˈirʦə	rule	MED		
ירש'ענען	1	ˈirʃənən	rule	MED		
ישבית	1	ˈiʒbis	fallback	LOW		
ישבנו	1	ˈiʒbni	rule	MED		
ישוי	1	ˈiʃɔj	rule	MED		
ישועתם	1	jʃiˈusum	rule	LOW		
ישחיתו	1	ˈiʃxisi	fallback	LOW		
ישים	1	ˈiʃim	rule	MED		
ישימו	1	ˈiʃimi	rule	MED		
ישיש	1	jˈuʃəʃ	printed-index	MED	ˈiʃiʃ	יאָשעש
ישמחו	1	jˈismxi	rule	LOW		
ישמעאלים	1	ˈiʃməalim	rule	LOW		
ישפט	1	iʃpt	rule	LOW		
ישר	1	jˈuʃər	printed-index	MED	iʃr	יאָשער
ישראל'דיגער	1	ˈiʃraldiɡər	rule	LOW		
ישרות'דיגע	1	ˈiʃrizdiɡə	fallback	LOW		
יששכר	1	jˈisusxər	printed-index	MED	iʃxr	יי*סאָ(ס)כער
ישתון	1	ˈiʃsin	fallback	LOW		
יתייחדון	1	ˈisajxdin	fallback	LOW		
יתמהמה	1	ˈismhmə	fallback	LOW		
יתן	1	jˈitajn	rule	LOW		
יתנו	1	jˈitni	rule	LOW		
יתעוררו	1	ˈisəirri	fallback	LOW		
יתעצל	1	ˈisəʦl	fallback	LOW		
יתקן	1	iskn	fallback	LOW		
יתקננו	1	ˈisknni	fallback	LOW		
"כ""ג"	1	xuf ɡiml	rule	LOW		
"כ""ו"	1	xuf vuv	rule	LOW		
"כ""ט"	1	xuf tɛs	rule	LOW		
"כ""ץ"	1	xuf ʦˈadik	rule	LOW		
כֹּל	1	kɔl	lexicon	HIGH		
כֶּסֶף	1	kˈɛsəf	printed-index	MED	kˈɛsəf	קעסעף
כאחד	1	kˈɛxud	rule	LOW		
כאמיס	1	xˈamis	rule	LOW		
כאפל	1	xafl	rule	LOW		
כבודן	1	kˈuvədn	rule	LOW		
כבולעו	1	xbˈiləi	rule	MED		
כבתחילה	1	kvatxˈilə	rule	LOW		
כדאמר	1	xdamr	rule	LOW		
כדברך	1	xdbrx	fallback	LOW		
כדוריה	1	xdˈiri	rule	MED		
כהוא	1	xhˈiu	lexicon	MED		
כהוגן	1	xhiɡn	rule	MED		
כהלכתן	1	kəhilxˈusun	rule	LOW		
כוואליע	1	xvˈaliə	rule	LOW		
כוונת	1	kavvˈunas	rule	LOW		
כוכבים	1	xˈixbim	rule	MED		
כולן	1	xiln	rule	MED		
כופר	1	kˈɔjfər	printed-index	MED	xifr	קויפֿער
כותל	1	kˈɔjsəl	rule	LOW		
כחו	1	kˈɔjxɔj	rule	LOW		
כחות	1	kˈɔjxɔjs	rule	LOW		
כטוב	1	xtib	rule	MED		
"כיו""כ"	1	xuf jid vuv xuf	rule	LOW		
כיום	1	xjim	rule	MED		
כינור	1	xinˈir	rule	MED		
כיסא	1	xˈisa	rule	LOW		
כיסם	1	xism	rule	MED		
ככה	1	kˈuxə	rule	LOW		
ככל	1	kxul	rule	LOW		
כלבן	1	kˈɛlɛvn	rule	LOW		
כלום	1	xlim	rule	MED		
כלות	1	kˈalɔjs	rule	LOW		
כלתא	1	xlsa	fallback	LOW		
כמאמר	1	xmamr	rule	LOW		
כמודא	1	xmˈida	rule	LOW		
כמוה	1	xmi	rule	MED		
כמשה	1	kəmˈɔjʃɛ	rule	LOW		
כמת	1	kəmˈajs	rule	LOW		
כנבואת	1	kinvˈuas	rule	LOW		
כנפי	1	xnfi	rule	LOW		
כנראה	1	xnra	rule	LOW		
כסא	1	xsa	rule	LOW		
כסדר'דיגע	1	xzdrdˈiɡə	fallback	LOW		
כסיל	1	xsil	rule	MED		
כספא	1	xsfa	rule	LOW		
כעבד	1	xɛbd	rule	MED		
כעין	1	xajn	rule	MED		
כפוי	1	xfɔj	rule	LOW		
כפרים	1	xfrim	rule	LOW		
כפשוטו	1	kəpʃˈitə	printed-index	MED	xfʃˈiti	קעפּשוטע
כצאן	1	xʦan	rule	LOW		
כראוי	1	xrɔj	rule	LOW		
כרחך	1	kurxˈaxu	rule	LOW		
כשיעברו	1	xʃˈiəbri	rule	MED		
כששמע	1	xʃmə	rule	MED		
כשתדרשנו	1	xʒzdrʃni	fallback	LOW		
כתבו	1	kˈisvu	rule	LOW		
כתיב	1	ksiv	rule	LOW		
כתכן	1	xsxn	fallback	LOW		
כתפו	1	xsfi	fallback	LOW		
כתריאל	1	kisrˈiajl	rule	LOW		
"ל""ב"	1	lˈaməd bajs	rule	LOW		
"ל""ג"	1	laɡ	lexicon	LOW		
"ל""ד"	1	lˈaməd dˈuləd	rule	LOW		
לְאַבְרָהָם	1	lˈabruhum	rule	MED		
לְאַהֲבָה	1	lˈahavə	rule	MED		
לְאַשְׁמַת	1	lˈaʃmas	rule	LOW		
לְאָבִיו	1	lˈubii	rule	MED		
לְבָבוֹ	1	lvˈuvɔj	rule	MED		
לְחֶנְנָהּ	1	lxˈɛnnuh	rule	LOW		
לְיִצְחָק	1	lˈiʦxuk	rule	LOW		
לְמַעַן	1	lman	rule	MED		
לְעוֹלָם	1	ləˈɔjləm	printed-index	MED	lˈɛɔjlum	לעוילעם
לְקַלְלֶךָ	1	lkallˈɛxu	rule	LOW		
לִּי	1	li	rule	MED		
לִבְנֵי	1	lˈivnaj	rule	MED		
לִבִּי	1	lˈibi	rule	MED		
לִפְנֵי	1	lˈifnaj	rule	LOW		
לִשְׁמֹעַ	1	lˈiʃma	rule	MED		
לַעֲבֹד	1	lˈavɔjd	rule	MED		
לָהֶם	1	lˈuhəm	rule	LOW		
לָהּ	1	luh	rule	LOW		
לָכֶם	1	lˈuxəm	rule	LOW		
לָלֶכֶת	1	lˈuləxəs	rule	LOW		
לָנוּ	1	lˈuni	rule	MED		
לָתֵת	1	lˈusajs	rule	LOW		
לאבדם	1	labdm	rule	LOW		
לאבותיך	1	lˈabisix	fallback	LOW		
לאבותינו	1	laavɔjsˈajnu	rule	LOW		
לאברהם	1	labrhm	rule	LOW		
לאגדאלע	1	lˈaɡdalə	rule	LOW		
לאגער	1	lˈaɡər	rule	LOW		
לאדינאו	1	lˈadini	rule	LOW		
לאה'לע	1	lˈalə	rule	LOW		
לאומן	1	limn	rule	LOW		
לאוספא	1	lˈisfa	rule	LOW		
לאותו	1	lˈɔjsɔj	rule	LOW		
לאזונגען	1	lˈazinɡən	rule	LOW		
לאזע	1	lˈazə	rule	LOW		
לאזענסק	1	lˈazənsk	rule	LOW		
לאחוריו	1	lˈaxirji	fallback	LOW		
לאחר	1	lˈaxar	rule	LOW		
לאיער	1	lˈaːər	rule	LOW		
לאכטערס	1	lˈaxtərs	rule	LOW		
לאכלה	1	lˈaxlə	rule	LOW		
לאכן	1	laxn	rule	LOW		
לאלוקי	1	lˈaliki	rule	LOW		
לאלף	1	lalf	rule	LOW		
לאלקים	1	lˈalkim	rule	LOW		
לאלתר	1	lˈaltar	rule	LOW		
לאנגיעריגער	1	lˈanɡiəriɡər	rule	LOW		
לאנדאנער	1	landˈanər	rule	LOW		
לאנדרי	1	lˈandri	rule	LOW		
לאנטש	1	lanʧ	rule	LOW		
לאפי	1	lˈafi	rule	LOW		
לאפיה	1	lˈafi	rule	LOW		
לאקאלן	1	lˈakaln	rule	LOW		
לאקאלער	1	lˈakalər	rule	LOW		
לאקזשורי	1	lˈakʒiri	rule	LOW		
לאקש	1	lakʃ	rule	LOW		
לאש	1	laʃ	rule	LOW		
לאשה	1	lˈaʃə	rule	LOW		
לאשכחא	1	lˈaʃxa	fallback	LOW		
לאשר	1	laʃr	rule	LOW		
לבא	1	lba	rule	LOW		
לבבא	1	lba	rule	LOW		
לבבל	1	ləbˈuvəl	rule	LOW		
לבד	1	lvad	rule	LOW		
לבדיה	1	lbdi	rule	MED		
לבדך	1	lvˈadxu	rule	LOW		
לבוא	1	lbˈia	rule	LOW		
לבחינת	1	lvəxˈinas	rule	LOW		
לבי	1	lbi	rule	MED		
לבינו	1	lbˈini	rule	MED		
לבירא	1	lbˈira	rule	LOW		
לביתי	1	ləbˈajsi	rule	LOW		
לבך	1	libˈɛxu	rule	LOW		
לבכות	1	lˈivkɔjs	rule	LOW		
לבכי	1	lbxi	rule	MED		
לבם	1	lˈibum	rule	LOW		
לבנות	1	lˈivnɔjs	rule	LOW		
לבני	1	lbni	rule	MED		
לבעלי	1	lbˈɛli	rule	MED		
לבריתא	1	lbrˈisa	fallback	LOW		
לבתראה	1	lbsra	fallback	LOW		
לגר	1	lɡɔjr	rule	LOW		
לדורות	1	ladˈɔjrɔjs	rule	LOW		
לדים	1	ldim	rule	MED		
לדין	1	ldin	rule	MED		
לדעתי	1	lədˈati	rule	LOW		
לדרכו	1	ldrxi	rule	MED		
להבטחת	1	lhbtxs	fallback	LOW		
להביא	1	lhbˈia	rule	LOW		
להדיח	1	lhdix	fallback	LOW		
להודות	1	ləhˈɔjdɔjs	rule	LOW		
להודיע	1	lhˈidiə	rule	MED		
להוכיח	1	ləhɔjxˈixa	rule	LOW		
להוציא	1	lhˈiʦia	rule	LOW		
להזהיר	1	lhzhir	rule	MED		
להזכיר	1	lhzxir	rule	MED		
להיותם	1	lhjism	fallback	LOW		
להיתר	1	ləhajˈusajr	rule	LOW		
להכנה	1	ləhakˈanə	rule	LOW		
להכניסנו	1	lhxnˈisni	rule	MED		
להכנסת	1	ləhaknˈɛsəs	rule	LOW		
להנאת	1	lahanˈuas	rule	LOW		
להניק	1	lhnik	rule	MED		
להצילך	1	lhʦilx	rule	MED		
להקביל	1	lhkbil	rule	MED		
להרבה	1	ləharbˈajə	rule	LOW		
להרוג	1	lhriɡ	rule	MED		
להתלוצץ	1	lhsliʦ	fallback	LOW		
להתפס	1	lhsfs	fallback	LOW		
לואיזיאנא	1	lˈiaːziana	rule	LOW		
לובלין	1	lˈiblin	rule	MED		
לוזי	1	lˈizi	rule	MED		
לוחות	1	lˈixɔjs	rule	LOW		
לוחם	1	lˈɔjxajm	rule	LOW		
לויב	1	lɔjb	rule	MED		
לויבט	1	lɔjbt	rule	MED		
לויטעט	1	lˈɔjtət	rule	MED		
לויטערע	1	lˈɔjtərə	rule	MED		
לויים	1	lˈɔjim	rule	MED		
לוינען	1	lˈɔjnən	rule	MED		
לויער'ס	1	lˈɔjərs	rule	MED		
לומד'ישע	1	lˈimdiʃə	rule	MED		
לופטן	1	liftn	rule	LOW		
לופטפעלדער	1	lˈiftfəldər	rule	LOW		
לזכות	1	lˈisxis	printed-index	MED	ləzˈakɔjs	ליסכוס
לזכרון	1	ləzˈikurn	printed-index	MED	lzxrin	לעזיקאָרן
לזנק	1	lznk	fallback	LOW		
לזקן	1	lzˈukajn	rule	LOW		
לחומת	1	ləxˈɔjmas	rule	LOW		
לחזות	1	laxˈazɔjs	rule	LOW		
לחכמה	1	laxˈuxmə	rule	LOW		
לחלשו	1	lxlʃi	fallback	LOW		
לחם	1	lˈɛxəm	printed-index	MED	lˈɛxɛm	לעכעם
לחמי	1	lˈaxmi	rule	LOW		
לחנק	1	ləxˈɛnək	rule	LOW		
לחצוץ	1	lxʦiʦ	fallback	LOW		
לחצרותיו	1	lxʦrˈisji	fallback	LOW		
לחשוב	1	laxˈaʃɔjv	rule	LOW		
לחשך	1	laxˈɔjʃəx	rule	LOW		
לטבח	1	ltbx	fallback	LOW		
לטהר	1	ltˈahajr	rule	LOW		
לטובתן	1	ltibsn	fallback	LOW		
ליבליכע	1	lˈibləxə	rule	MED		
ליגען	1	lˈiɡən	rule	MED		
ליד	1	lid	rule	MED		
לידו	1	lˈidi	rule	MED		
לידך	1	lidx	rule	MED		
לידער	1	lˈidər	rule	MED		
ליובאוויטש	1	ljˈibaviʧ	rule	LOW		
ליווי	1	lˈivi	rule	MED		
ליושנה	1	ljˈiʃnə	rule	MED		
ליזענסק	1	lˈizənsk	rule	MED		
ליטאני	1	lˈitani	rule	LOW		
ליטול	1	lˈitil	rule	MED		
לייבוש	1	lˈajbiʃ	rule	MED		
לייביש	1	lˈajbiʃ	rule	MED		
ליידיגייערס	1	lˈajdiɡajərs	rule	MED		
ליידיגע	1	lˈajdiɡə	rule	MED		
ליידיגקייט	1	lˈajdiɡkaːt	rule	MED		
לייז	1	lajz	rule	MED		
לייזט	1	lajzt	rule	MED		
לייטער	1	lˈajtər	rule	MED		
לייכט	1	lajxt	rule	MED		
לייכטע	1	lˈajxtə	rule	MED		
ליים	1	lajm	rule	MED		
לייף	1	lajf	rule	LOW		
לייקנט	1	lajknt	rule	MED		
לייקענען	1	lˈajkənən	rule	MED		
ליכטיג	1	lˈixtiɡ	rule	MED		
ליכטיגקייטן	1	lˈixtiɡkaːtn	rule	MED		
ליכטעלע	1	lˈixtələ	rule	MED		
לימיט	1	lˈimit	rule	MED		
לינו	1	lˈini	rule	MED		
ליניע	1	lˈiniə	rule	MED		
ליניעס	1	lˈiniəs	rule	MED		
ליסט	1	list	rule	MED		
ליסטע	1	lˈistə	rule	MED		
ליסטעס	1	lˈistəs	rule	MED		
ליסינג	1	lˈisinɡ	rule	MED		
ליעזאן	1	lˈiəzan	rule	LOW		
ליעק	1	lˈiək	rule	MED		
ליעקס	1	lˈiəks	rule	MED		
ליפטר	1	lˈipatər	rule	LOW		
ליפשיץ	1	lˈifʃiʦ	rule	LOW		
ליש	1	liʃ	rule	MED		
לישועתך	1	liʃiˈusxu	rule	LOW		
לישראל	1	lˈiʃral	rule	LOW		
לכבדם	1	lxbdm	fallback	LOW		
לכוונה	1	lxvnə	rule	MED		
לכלכלה	1	lxlxlə	fallback	LOW		
לכן	1	lˈuxajn	rule	LOW		
ללחם	1	lalˈɛxəm	rule	LOW		
ללילה	1	llˈilə	rule	MED		
ללמד	1	llˈamajd	rule	LOW		
ללמוד	1	llmid	rule	MED		
למאי	1	lˈɛmaː	printed-index	MED	lmaː	לעמײַ
למביאים	1	lmbˈiaːm	rule	LOW		
למד	1	lˈaməd	printed-index	MED	lˈaməd	לאַמעד
למות	1	lumˈuvɛs	rule	LOW		
למותן	1	lumˈuvɛsn	rule	LOW		
למחשבה	1	ləmaxaʃˈuvə	rule	LOW		
למי	1	lmi	rule	MED		
למיהך	1	lmix	rule	MED		
למים	1	lmim	rule	MED		
למימר	1	lmimr	rule	MED		
למלכות	1	lmˈalxis	rule	LOW		
למעט	1	lmɛt	rule	MED		
למעלות	1	ləmˈɛlis	rule	LOW		
למפלח	1	lmflx	fallback	LOW		
למצרים	1	lmʦrim	rule	MED		
למשה	1	lmˈɔjʃə	rule	LOW		
לנה	1	lnə	fallback	LOW		
לנזקים	1	lnzkim	rule	MED		
לנחמנו	1	lnxmni	fallback	LOW		
לנסח	1	lnsx	fallback	LOW		
לנער	1	lnɛr	rule	MED		
לנפשות	1	lənfˈuʃɔjs	rule	LOW		
לנפשי	1	lnfʃi	rule	LOW		
לנצח	1	lunˈɛʦax	rule	LOW		
לנשק	1	lnʃk	fallback	LOW		
לנתינה	1	lənəsˈinə	rule	LOW		
לסחורה	1	ləsxˈɔjrə	rule	LOW		
לסתור	1	lˈistɔjr	rule	LOW		
"לע""נ"	1	lˈaməd ˈajən nin	rule	LOW		
לעב	1	lɛb	rule	MED		
לעבעדיגער	1	lˈɛbədiɡər	rule	MED		
לעג	1	lɛɡ	rule	MED		
לעגאלער	1	lˈɛɡalər	rule	LOW		
לעגיטימע	1	lˈɛɡitimə	rule	MED		
לעדזשיטימעט	1	lˈɛʤitimət	rule	MED		
לעדכרא	1	lˈɛdxra	rule	LOW		
לעוו	1	lɛv	rule	MED		
לעווינשטיין	1	lˈɛvinʃtajn	rule	MED		
לעווענשטיין	1	lˈɛvənʃtajn	rule	MED		
לעוללין	1	lˈɛillin	rule	MED		
לעזונג	1	lˈɛzinɡ	rule	MED		
לעטערס	1	lˈɛtərs	rule	MED		
לעיר	1	lajr	rule	MED		
לעכב	1	lɛxb	rule	MED		
לעכטל	1	lɛxtl	rule	MED		
לעכטן	1	lɛxtn	rule	MED		
לעכל	1	lɛxl	rule	MED		
לעכערן	1	lˈɛxərn	rule	MED		
לעלמין	1	lˈɛlmin	rule	MED		
לעלעס	1	lˈɛləs	rule	MED		
לעם	1	lɛm	rule	MED		
לעמא	1	lˈɛma	rule	LOW		
לעמפלעך	1	lˈɛmfləx	rule	LOW		
לעמפעלע	1	lˈɛmfələ	rule	LOW		
לענגערע	1	lˈɛnɡərə	rule	MED		
לעפר	1	lɛfr	rule	LOW		
לעצטן	1	lɛʦtn	rule	MED		
לעצטער	1	lˈɛʦtər	rule	MED		
לעקור	1	ləkˈir	rule	MED		
לעשרה	1	lˈɛʃrə	rule	MED		
"לפ""ק"	1	lˈaməd paj kif	rule	LOW		
לפיהן	1	lfin	rule	LOW		
לפיוסי	1	lfjˈisi	rule	LOW		
לפנים	1	ləpˈunəm	printed-index	MED	lfnim	לעפּאָנעם
לפעם	1	lfɛm	rule	LOW		
לפרוטה	1	lfrˈitə	rule	LOW		
לפרטם	1	lfrtm	fallback	LOW		
לפרסם	1	lfˈarsajm	rule	LOW		
לצאת	1	lˈuʦajs	rule	LOW		
לצורך	1	lʦirx	rule	MED		
לצים	1	lʦim	rule	MED		
לצרכיו	1	lʦrxji	fallback	LOW		
לקוטים	1	lkˈitim	rule	MED		
לקחת	1	lukˈaxas	rule	LOW		
לקיחת	1	lkixs	fallback	LOW		
לקנתר	1	lknsr	fallback	LOW		
לרבי	1	lrbi	rule	MED		
לרוכבו	1	lrˈixbi	rule	MED		
לריק	1	lrik	rule	MED		
לרצון	1	lˈɛruʦn	printed-index	MED	lrʦin	לעראָצן
לשבח	1	lˈiʃvax	printed-index	MED	lˈiʃvax	לישוואַך
לשובע	1	lʃˈibə	rule	MED		
לשולחן	1	lʃˈilxajn	rule	LOW		
לשחוק	1	ləsxˈɔjk	rule	LOW		
לשחור	1	ləʃˈuxɔjr	rule	LOW		
לשלום	1	lʃlim	rule	MED		
לשלחן	1	lʃlxajn	rule	LOW		
לשלמה	1	liʃlɔjmˈɔjə	rule	LOW		
לשלשה	1	lʃlʃə	fallback	LOW		
לשמה	1	lˈiʃmu	printed-index	MED	ləʃˈamu	לישמאָ
לשמוח	1	lʃmix	fallback	LOW		
לשמועות	1	ləʃmiˈɛɔjs	rule	LOW		
לשמך	1	lʃˈimxu	rule	LOW		
לשמרך	1	lʃmrx	fallback	LOW		
לשנה	1	laʃˈunu	rule	LOW		
לשניהם	1	lʃnim	rule	MED		
לשער	1	lʃɛr	rule	MED		
לשפות	1	lʃpis	fallback	LOW		
לשפט	1	lʃpt	fallback	LOW		
לשרים	1	lʃrim	rule	MED		
לתורה	1	latˈɔjru	rule	LOW		
לתפלצת	1	lsflʦs	fallback	LOW		
לתקנא	1	lskna	fallback	LOW		
לתקנו	1	lskni	fallback	LOW		
לתת	1	lˈusəs	rule	LOW		
מ	1	mɛm	rule	LOW	mɛm	מעם
"מ""ם"	1	mɛm	rule	LOW		
מ'באגלייט	1	mbaɡlˈajt	rule	LOW		
מ'באקט	1	mbakt	rule	LOW		
מ'באשטעלט	1	mbaʃtˈɛlt	rule	LOW		
מ'בודק	1	mbidk	rule	MED		
מ'בידט	1	mbidt	rule	MED		
מ'בענטשט	1	mbɛnʧt	rule	MED		
מ'גיסט	1	mɡist	rule	MED		
מ'געזעגנט	1	mɡəzˈɛɡnt	rule	MED		
מ'געפינט	1	mɡəfˈint	rule	LOW		
מ'דערמאנט	1	mdərmˈant	rule	LOW		
מ'דערציילט	1	mdərʦˈajlt	rule	MED		
מ'דערקענט	1	mdərkˈɛnt	rule	MED		
מ'דרייט	1	mdrajt	rule	MED		
מ'האנדלט	1	mhandlt	rule	LOW		
מ'הארעוועט	1	mhˈarəvət	rule	LOW		
מ'וואונטשט	1	mvinʧt	rule	LOW		
מ'ווארפט	1	mvarft	rule	LOW		
מ'ווילט	1	mvilt	rule	MED		
מ'וועקט	1	mvɛkt	rule	MED		
מ'חתמ'עט	1	mxsmə ɛt	rule	LOW		
מ'טרעט	1	mtrɛt	rule	MED		
מ'טשעקט	1	mʧɛkt	rule	MED		
מ'לויפט	1	mlɔjft	rule	LOW		
מ'מישט	1	mmiʃt	rule	MED		
מ'פאר'ארבעט	1	mfarˈarbət	rule	LOW		
מ'פארברענגט	1	mfarbrˈɛnɡt	rule	MED		
מ'פארשטייט	1	mfarʃtˈajt	rule	MED		
מ'פסק'נט	1	mpasknt	rule	LOW		
מ'פרובירט	1	mprˈibirt	rule	MED		
מ'צוברעכט	1	mʦˈibrəxt	rule	MED		
מ'צווינגט	1	mʦvinɡt	rule	MED		
מ'צונעמט	1	mʦˈinəmt	rule	MED		
מ'ציט	1	mʦit	rule	MED		
מ'ציטערט	1	mʦˈitərt	rule	MED		
מ'ציילט	1	mʦajlt	rule	MED		
מ'צינדט	1	mʦindt	rule	MED		
מ'קלאגט	1	mklaɡt	rule	LOW		
מ'קלויבט	1	mklɔjbt	rule	MED		
מ'קנאקט	1	mknakt	rule	LOW		
מ'קריגט	1	mkriɡt	rule	MED		
מ'רוקט	1	mrikt	rule	MED		
מ'רייט	1	mrajt	rule	MED		
מ'רייסט	1	mrajst	rule	MED		
מ'שאלט	1	mʃalt	rule	LOW		
מ'שאקלט	1	mʃaklt	rule	LOW		
מ'שטופט	1	mʃtift	rule	LOW		
מ'שטראמט	1	mʃtramt	rule	LOW		
מ'שטרעקט	1	mʃtrɛkt	rule	MED		
מ'שירט	1	mʃirt	rule	MED		
מ'שלאגט	1	mʃlaɡt	rule	LOW		
מ'שרייט	1	mʃrajt	rule	MED		
מִכָּל	1	mˈikul	rule	LOW		
מִצְרָיִם	1	miʦrˈajim	printed-index	MED	mˈiʦrim	מיצראַי*ם
מִשָּׁם	1	mˈiʃum	rule	LOW		
מִשָּׁמַיִם	1	mˈiʃumim	rule	MED		
מִשָּׁם	1	mˈiʃum	rule	LOW		
מִשְׁפָּחָה	1	miʃpˈuxə	lexicon	HIGH		
מֵחֹטֵב	1	majxˈɔjtajv	rule	LOW		
מֵימֶיךָ	1	mˈajmajxu	rule	MED		
מֵעִם	1	mim	rule	MED		
מֵעִמָּךְ	1	mˈimux	rule	MED		
מַחֲנֶיךָ	1	maxanˈajxu	rule	LOW		
מַחֲסֶה	1	maxˈasə	rule	LOW		
מָעוֹזֶךָ	1	mˈuɔjzəxu	rule	MED		
מאגא	1	mˈaɡa	rule	LOW		
מאדע	1	mˈadə	rule	LOW		
מאדעלס	1	mˈadəls	rule	LOW		
מאוו	1	mɔv	rule	MED		
מאונטענס	1	mˈintəns	rule	LOW		
מאז	1	maz	rule	MED		
מאחד	1	məˈaxud	rule	LOW		
מאטאטוב	1	mˈatatib	rule	LOW		
מאטארן	1	mˈatarn	rule	LOW		
מאטי	1	mˈati	rule	LOW		
מאטל	1	matl	rule	LOW		
מאטעריאל	1	mˈatərial	rule	LOW		
מאטראזן	1	mˈatrazn	rule	LOW		
מאיגרא	1	mˈaːɡra	rule	LOW		
מאין	1	min	rule	MED		
מאכאמעד	1	mˈaxaməd	rule	LOW		
מאכטפולע	1	mˈaxtfilə	rule	LOW		
מאכלים	1	mˈaxlim	rule	LOW		
מאלל	1	mall	rule	LOW		
מאלף	1	malf	rule	LOW		
מאלצייט	1	mˈalʦajt	rule	LOW		
מאמין'ס	1	mˈamins	rule	LOW		
מאמרות	1	mˈamris	fallback	LOW		
מאנא	1	mˈana	rule	LOW		
מאנדאני	1	mˈandani	rule	LOW		
מאנטרעאל	1	mˈantrəal	rule	LOW		
מאנטשעסטער	1	mˈanʧəstər	rule	LOW		
מאניטארינג	1	mˈanitarinɡ	rule	LOW		
מאניטארן	1	mˈanitarn	rule	LOW		
מאנסי'ער	1	mˈansiər	rule	LOW		
מאנקאטש	1	mˈankaʧ	rule	LOW		
מאנקאנער	1	mankˈanər	rule	LOW		
מאסטעטש	1	mˈastəʧ	rule	LOW		
מאסלס	1	masls	rule	LOW		
מאסקוליניטי	1	mˈaskiliniti	rule	LOW		
מאסקיטא	1	mˈaskita	rule	LOW		
מאסר	1	masr	rule	LOW		
מאפע	1	mˈafə	rule	LOW		
מאקלט	1	maklt	rule	LOW		
מארגנדיגע	1	mˈarɡndiɡə	rule	LOW		
מארגעדזש	1	mˈarɡəʤ	rule	LOW		
מארגעדזשעס	1	mˈarɡəʤəs	rule	LOW		
מארגענס	1	mˈarɡəns	rule	LOW		
מארטגעדזשעס	1	mˈartɡəʤəs	rule	LOW		
מארטש	1	marʧ	rule	LOW		
מאריהון	1	mˈarihin	rule	LOW		
מארקעטס	1	mˈarkəʦ	rule	LOW		
מאשינען	1	mˈaʃinən	rule	LOW		
מאשקאוויטש	1	mˈaʃkaviʧ	rule	LOW		
מאתו	1	majˈitɔj	rule	LOW		
מבאבוב	1	mbˈabib	rule	LOW		
מבוזה	1	məvˈizə	printed-index	MED	mbˈizə	מעוווּזע
מבחינת	1	mibxˈinas	rule	LOW		
מביאים	1	mbˈiaːm	rule	LOW		
מביאין	1	mbˈiaːn	rule	LOW		
מבני	1	mbni	rule	MED		
מבעלזא	1	mbˈɛlza	rule	LOW		
מבעלזער	1	mbˈɛlzər	rule	MED		
מבקש	1	mvˈakajʃ	rule	LOW		
מבקשים	1	mbkʃim	rule	MED		
מבשלוחו	1	mibiʃlˈixɔj	rule	LOW		
מגבב	1	mɡb	fallback	LOW		
מגבית	1	mˈaɡbis	rule	LOW		
מגדיר	1	mɡdir	rule	MED		
מגופו	1	mɡˈifi	rule	LOW		
מגור	1	mɡir	rule	MED		
מגושם	1	mɡiʃm	rule	MED		
מגייר	1	mɡajr	rule	MED		
מגילות	1	mɡˈilɔjs	rule	LOW		
מגין	1	mɡin	rule	MED		
מגן	1	mˈuɡajn	rule	LOW		
מדבא	1	mdba	rule	LOW		
מדד	1	md	fallback	LOW		
מדות	1	mˈidɔjs	rule	LOW		
מדיננו	1	mdˈinni	rule	MED		
מדרבנן	1	midrˈabunən	printed-index	MED	midrˈabunən	מידראַבאָנען
מדרגות	1	madrˈajɡɔjs	rule	LOW		
מדריגות	1	madrˈajɡɔjs	rule	LOW		
מדריך	1	mˈadrəx	printed-index	MED	mdrix	מאַדרעך
מדריכים	1	mdrˈixim	rule	MED		
מדרך	1	midˈɛrəx	rule	LOW		
מהאומות	1	mhˈimis	fallback	LOW		
מהבהבין	1	mhbhbin	fallback	LOW		
מהדרין	1	mhdrin	rule	MED		
מהווקח	1	mhvkx	fallback	LOW		
"מהר""י"	1	mɛm haj rajʃ jid	rule	LOW		
"מהר""ל"	1	mahˈaral	lexicon	LOW		
מהרה	1	məhˈajru	rule	LOW		
מהרהר	1	mhˈarhajr	rule	LOW		
מהרחמים	1	mihuraxˈamim	rule	LOW		
מוֹעֵד	1	mˈɔjəd	printed-index	MED	mˈɔjajd	מויעד
מוֹקְדָה	1	mˈɔjkdə	rule	MED		
מואבי	1	mˈiabi	rule	LOW		
מובנים	1	mˈibnim	rule	MED		
מוד	1	mid	rule	MED		
מודעה	1	mˈidə	rule	MED		
מודעות	1	midˈuɔjs	rule	LOW		
מוויזשניץ	1	mvˈiʒniʦ	rule	MED		
מוזיקאליש	1	mˈuzikaliʃ	lexicon	MED		
מוזיקאלישער	1	mˈizikaliʃər	rule	LOW		
מוחסאן	1	mˈixsan	fallback	LOW		
מוטה	1	mˈitə	rule	MED		
מוטשעט	1	mˈiʧət	rule	MED		
מויערן	1	mˈɔjərn	rule	MED		
מוכיחם	1	mˈixixm	fallback	LOW		
מוכן	1	mixn	rule	MED		
מום	1	mim	printed-index	MED	mim	מום
מומחה	1	mˈimxə	printed-index	MED	mˈimxə	מומכע
מומתא	1	mˈimsa	fallback	LOW		
מונטערשטע	1	mˈintərʃtə	rule	MED		
מוסולמענער	1	mˈisilmənər	rule	MED		
מוסריכם	1	mˈisrixm	rule	MED		
מועדיך	1	mˈiədix	rule	MED		
מועטת	1	mˈiəʦ	fallback	LOW		
מופת	1	mˈɔjfajs	rule	LOW		
מוצא	1	mˈiʦa	rule	LOW		
מוציאין	1	mˈiʦiaːn	rule	LOW		
מוקדא	1	mˈikda	rule	LOW		
מוקף	1	mikf	rule	LOW		
מורא'דיגער	1	mˈiradiɡər	rule	LOW		
מושלם	1	miʃlm	rule	MED		
מושפל	1	miʃpl	rule	LOW		
מות	1	mˈuvɛs	rule	LOW		
מותר	1	mˈɔjsar	rule	LOW		
מזהירין	1	mzhˈirin	rule	MED		
מזוני	1	mzˈini	rule	MED		
מזיד	1	mzid	rule	MED		
מזיק	1	mˈazək	printed-index	MED	mzik	מאַזעק
מזכה	1	mzˈakə	rule	LOW		
מזלזל	1	mzˈalzajl	rule	LOW		
מזנק	1	mznk	fallback	LOW		
מזרז	1	mzˈurajz	rule	LOW		
מזרחי	1	mizrˈuxi	rule	LOW		
מזריז	1	mzriz	rule	MED		
מחאה	1	məxˈuə	rule	LOW		
מחבירו	1	mixavˈajrɔj	rule	LOW		
מחה	1	mˈuxə	printed-index	MED	mˈuxə	מאָכע
מחוויי	1	mxvaj	fallback	LOW		
מחוכם	1	mxˈixum	rule	LOW		
מחולל	1	mxˈɔjlajl	rule	LOW		
מחוסר	1	mxisr	fallback	LOW		
מחוצן	1	mˈixiʦn	rule	LOW		
מחזה	1	maxˈazaj	rule	LOW		
מחזיקי	1	maxazˈikaj	rule	LOW		
מחזיתון	1	mxzˈisin	fallback	LOW		
מחכים	1	mxˈakim	rule	LOW		
מחלוקה	1	maxlˈɔjkə	printed-index	MED	maxlˈɔjkə	מאַכלויקע
מחלת	1	mxls	fallback	LOW		
מחמיר	1	mˈaxmir	rule	LOW		
מטאהש	1	mtaʃ	rule	LOW		
מטבחיים	1	mtbxajm	fallback	LOW		
מטבעות	1	matbˈɛɔjs	rule	LOW		
מטהר	1	mtˈahajr	rule	LOW		
מטורף	1	mətˈirəf	printed-index	MED	mtirf	מעטורעף
מטעם	1	mtɛm	rule	MED		
מטפל	1	mitˈapajl	rule	LOW		
מידה	1	mˈidə	printed-index	MED	mˈidə	מידע
מידטורם	1	mˈidtirm	rule	MED		
מיועדת	1	mjˈiəds	fallback	LOW		
מיטאגס	1	mˈitaɡs	rule	LOW		
מיטברענגען	1	mˈitbrejnɡən	rule	MED		
מיטגליד	1	mˈitɡlid	rule	MED		
מיטגעווען	1	mˈitɡəvən	rule	MED		
מיטגענומען	1	mˈitɡənimən	rule	MED		
מיטגעפארן	1	mˈitɡəfarn	rule	LOW		
מיטגעשיקט	1	mˈitɡəʃikt	rule	MED		
מיטטאנצן	1	mˈitanʦn	rule	LOW		
מיטלמעסיגער	1	mˈitlməsiɡər	rule	MED		
מיטעלסטער	1	mˈitəlstər	rule	MED		
מיטעלע	1	mˈitələ	rule	MED		
מיטעלער	1	mˈitələr	rule	MED		
מיטפרייען	1	mˈitfrajən	rule	LOW		
מיטצוהאלטן	1	mˈitʦihaltn	rule	LOW		
מיטקומען	1	mˈitkimən	rule	MED		
מייאש	1	mˈajaʃ	rule	LOW		
מייז	1	majz	rule	MED		
מייל	1	maːl	lexicon	HIGH		
מיילעך	1	mˈajləx	rule	MED		
מיינד	1	majnd	rule	MED		
מיינס	1	majns	rule	MED		
מיינעך	1	mˈajnəx	rule	MED		
מיינעם	1	mˈajnəm	rule	MED		
מיינער	1	mˈajnər	rule	MED		
מייסד	1	majzd	rule	MED		
מייערעמענט	1	majərəmˈɛnt	rule	MED		
מייקעפארן	1	mˈajkəfarn	rule	LOW		
מיכאל	1	mixˈuəl	printed-index	MED	mˈixal	מיכאָעל
מיכל'ע	1	mˈixlə	rule	MED		
מילדי	1	mˈildi	rule	MED		
מיליאנערן	1	mˈilianərn	rule	LOW		
מיליטאנט	1	militˈant	rule	LOW		
מיליטעריש	1	mˈilitəriʃ	rule	MED		
מילכיגס	1	mˈilxiɡs	rule	MED		
מילמאט	1	mˈilmat	rule	LOW		
מילער	1	mˈilər	rule	MED		
מילק	1	milk	rule	MED		
מינדעס	1	mˈindəs	rule	MED		
מינדער	1	mˈindər	rule	MED		
מינה	1	mˈinə	rule	MED		
מינט	1	mint	rule	MED		
מיניה	1	mˈini	rule	MED		
מינימום	1	mˈinimim	rule	MED		
מינע	1	mˈinə	rule	MED		
מינעראל	1	mˈinəral	rule	LOW		
מיסט	1	mist	rule	MED		
מיסטער	1	mˈistər	rule	MED		
מיספארשטענדעניש	1	mˈisfarʃtəndəniʃ	rule	LOW		
מיסר	1	misr	rule	MED		
מיען	1	mˈiən	rule	MED		
מיעקב	1	mˈiəkb	rule	MED		
מיש	1	miʃ	rule	MED		
מישט	1	miʃt	rule	MED		
מיתת	1	mˈisas	rule	LOW		
מכובד	1	mxibd	rule	MED		
מכובד'יגער	1	mxˈibdiɡər	rule	MED		
מכירני	1	mxˈirni	rule	MED		
מכלום	1	mxlim	rule	MED		
מכם	1	mˈikɛm	rule	LOW		
מכמני	1	mxmni	rule	MED		
מכניע	1	mxnˈiə	rule	MED		
מלאכה	1	məlˈuxə	printed-index	MED	mlˈaxə	מעלאָכע
מלאכיו	1	mlˈaxji	rule	LOW		
מלאכתו	1	mlˈaxtɔj	rule	LOW		
מלבנין	1	mlbnin	rule	MED		
מלובלין	1	mlˈiblin	rule	MED		
מלוה	1	mli	rule	MED		
מלומדת	1	məlˈimədəs	printed-index	MED	məlˈimədəs	מעלומעדעס
מלחמת	1	milxˈɛmɛs	rule	LOW		
מלחנא	1	mlxna	fallback	LOW		
מלי	1	mli	rule	MED		
מליצי	1	mlˈiʦi	rule	MED		
מלכו	1	mlxi	rule	MED		
מלכם	1	mˈalkum	rule	LOW		
מלמדים	1	mlmdim	rule	MED		
ממדינת	1	mimdˈinas	rule	LOW		
ממון	1	mˈumən	printed-index	MED	mmin	מאָמען
ממונה	1	məmˈinə	printed-index	MED	mmˈinə	מעמונע
ממות	1	mimˈuvɛs	rule	LOW		
ממחם	1	mmxm	fallback	LOW		
ממחנה	1	mimaxanˈajə	rule	LOW		
ממי	1	mmi	rule	MED		
ממך	1	mimˈɛxu	rule	LOW		
ממלוא	1	mmlˈia	rule	LOW		
ממליץ	1	mmliʦ	rule	MED		
ממנה	1	mimˈunə	rule	LOW		
ממסך	1	mmsx	fallback	LOW		
ממעט	1	mmɛt	rule	MED		
ממעמקי	1	mmˈɛmki	rule	MED		
ממקומו	1	mmkˈimi	rule	MED		
ממראה	1	mmra	rule	LOW		
מנהגים	1	mnhɡim	rule	MED		
מנהיגין	1	mnhˈiɡin	rule	MED		
מנהל	1	mnˈahajl	rule	LOW		
מנוח	1	munˈɔjxa	rule	LOW		
מנוסה	1	mnˈisə	rule	MED		
מנורה	1	mənˈɔjrə	printed-index	MED	mnˈirə	מענוירע
מניה	1	mni	rule	MED		
מנינים	1	mnˈinim	rule	MED		
מניתם	1	mnism	fallback	LOW		
מנסה	1	mnˈasə	rule	LOW		
מנעשכיז	1	mnˈɛʃxiz	rule	MED		
מנצח	1	mnaʦˈajxa	rule	LOW		
מסאטמאר	1	msˈatmar	rule	LOW		
מסגרת	1	mzɡrs	fallback	LOW		
מסוף	1	msif	rule	LOW		
מסורת	1	msˈɔjrəs	rule	LOW		
מסיבת	1	msˈibas	rule	LOW		
מסיני	1	misˈinaː	printed-index	MED	msˈini	מיסינײַ
מסיעא	1	msˈiəa	rule	LOW		
מסיצה	1	msˈiʦə	rule	MED		
מסירות	1	msˈirɔjs	rule	LOW		
מסעוואסווי	1	msˈɛvasvi	rule	LOW		
מספיד	1	mˈaspəd	printed-index	MED	msfid	מאַספּעד
מספר	1	mˈispur	rule	LOW		
מספרים	1	msfrim	rule	LOW		
מסקווירא	1	mskvˈira	rule	LOW		
מסר	1	mˈusar	rule	LOW		
מסתלקין	1	mslkin	fallback	LOW		
מעביר	1	məbˈir	rule	MED		
מעגל	1	mɛɡl	rule	MED		
מעדיצינישע	1	mˈɛdiʦiniʃə	rule	MED		
מעדיצינען	1	mˈɛdiʦinən	rule	MED		
מעדיקעל	1	mˈɛdikəl	rule	MED		
מעדני	1	mˈɛdni	rule	MED		
מעולם	1	mˈɛilm	rule	MED		
מעור	1	mˈɛir	rule	MED		
מעזריטש	1	mˈɛzriʧ	rule	MED		
מעטיו	1	mˈɛtji	rule	MED		
מעטשעס	1	mˈɛʧəs	rule	MED		
מעידזשער	1	mˈajʤər	rule	MED		
מעידעי	1	mˈajdaj	rule	MED		
מעיק	1	majk	rule	MED		
מעכב	1	mɛxb	rule	MED		
מעל	1	mɛl	rule	MED		
מעלדן	1	mɛldn	rule	MED		
מעלות	1	mˈɛlis	rule	LOW		
מעליו	1	mˈɛlji	rule	MED		
מעלקט	1	mɛlkt	rule	MED		
מעם	1	mɛm	rule	MED		
מענדלאוויטש	1	mˈɛndlaviʧ	rule	LOW		
מענופעקטשערינג	1	mˈɛnifəkʧərinɡ	rule	LOW		
מענטש'נס	1	mɛnʧns	rule	MED		
מענטשליכע	1	mˈɛnʧləxə	rule	MED		
מעניש	1	mˈɛniʃ	rule	MED		
מענעדזשן	1	mˈɛnəʤn	rule	MED		
מעסענדזשער	1	mˈɛsənʤər	rule	MED		
מעצבון	1	mˈɛʦbin	rule	MED		
מעצמי	1	mˈɛʦmi	rule	MED		
מעק	1	mɛk	rule	MED		
מערדיגע	1	mˈɛrdiɡə	rule	MED		
מערדער	1	mˈɛrdər	rule	MED		
מערידזש	1	mˈɛriʤ	rule	MED		
מערידזשעס	1	mˈɛriʤəs	rule	MED		
מערכה	1	marˈuxə	printed-index	MED	mˈɛrxə	מאַראָכע
מערכות	1	maˈarxɔjs	rule	LOW		
מערסטן	1	mɛrstn	rule	MED		
מעשינו	1	mˈɛʃini	rule	MED		
מעתה	1	majˈatu	rule	LOW		
מפי	1	mfi	rule	LOW		
מפיהם	1	mfim	rule	LOW		
מפיו	1	mfji	rule	LOW		
מפייס	1	mfajs	rule	LOW		
מפיץ	1	mfiʦ	rule	LOW		
מפלה	1	mapˈulə	rule	LOW		
מפניו	1	mfnji	rule	LOW		
מפעם	1	mfɛm	rule	LOW		
מפקיר	1	mfkir	rule	LOW		
מפראג	1	mfraɡ	rule	LOW		
מפרים	1	mfrim	rule	LOW		
מפריש	1	mfriʃ	rule	LOW		
מפרסם	1	mfˈirsajm	rule	LOW		
מפרצה	1	mfrʦə	fallback	LOW		
מצבה	1	maʦˈajvə	rule	LOW		
מצדד	1	mʦd	fallback	LOW		
מציאנע	1	mʦˈianə	rule	LOW		
מצייר	1	mʦajr	rule	MED		
מציל	1	mʦil	rule	MED		
מציעא	1	mʦˈiəa	rule	LOW		
מצרף	1	mʦrf	fallback	LOW		
מקבץ	1	mkbʦ	fallback	LOW		
מקדיש	1	mkdiʃ	rule	MED		
מקדשא	1	mkdʃa	rule	LOW		
מקוש	1	mkiʃ	rule	MED		
מקחו	1	mikxˈi	rule	LOW		
מקטני	1	mktni	rule	MED		
מקטרג	1	məkˈatrəɡ	printed-index	MED	məkˈatrəɡ	מעקאַטרעג
מקיפה	1	mkˈifə	rule	LOW		
מקלי	1	mkli	rule	MED		
מקצועות	1	mkʦˈiəis	fallback	LOW		
מקרא	1	mkra	rule	LOW		
מר	1	mar	rule	LOW		
מראדך	1	mradx	rule	LOW		
מראה	1	mˈarə	printed-index	MED	mra	מאַרע
מראצפערט	1	mrˈaʦfərt	rule	LOW		
מראש	1	mraʃ	rule	LOW		
מרבו	1	mrbi	rule	MED		
מרבנן	1	majrabˈunun	rule	LOW		
מרדינים	1	mrdˈinim	rule	MED		
מרדכי'לע	1	mrdxˈilə	rule	MED		
מרה	1	mˈuru	rule	LOW		
מרוב	1	mrib	rule	MED		
מרובה	1	mərˈibə	printed-index	MED	mrˈibə	מערובע
מרוזין	1	mrˈizin	rule	MED		
מרושה	1	mrˈiʃə	rule	MED		
מרושע	1	mrˈiʃə	rule	MED		
מרות	1	mˈurɔjs	rule	LOW		
מרחיב	1	mˈarxiv	rule	LOW		
מרחם	1	mrˈaxajm	rule	LOW		
מרחמים	1	majraxˈamim	rule	LOW		
מרחק	1	mˈɛrxuk	rule	LOW		
מרי	1	mri	rule	MED		
מרן	1	mˈurun	rule	LOW		
מרתא	1	mrsa	fallback	LOW		
מרתחא	1	mrsxa	fallback	LOW		
משא	1	mˈasə	printed-index	MED	mʃa	מאַסע
משולם	1	məʃˈiləm	printed-index	MED	mʃilm	מעשולעם
משום	1	mˈiʃim	printed-index	MED	mʃim	מישום
משונה	1	məʃˈinə	printed-index	MED	mʃˈinə	מעשונע
משונות	1	mʃˈinɔjs	rule	LOW		
משיח'ס	1	mʃixs	rule	LOW		
משים	1	mʃim	rule	MED		
משך	1	mˈɛʃəx	lexicon	HIGH	mˈɛʃəx	מעשעך
משכון	1	maʃkn	printed-index	MED	mʃxin	מאַשקן
משלו	1	mʃli	rule	MED		
משלחת	1	miʃlˈaxas	rule	LOW		
משלש	1	mʃˈiluʃ	rule	LOW		
משמנא	1	mʃmna	rule	LOW		
משמעות	1	maʃmˈuɔjs	rule	LOW		
משמרת	1	miʃmˈɛrɛs	rule	LOW		
משמשיהם	1	mʃmʃim	rule	MED		
משנות	1	mʃnis	fallback	LOW		
משעבד	1	mʃɛbd	rule	MED		
משפחה'ס	1	miʃpˈuxuhs	rule	LOW		
משפט'ן	1	mˈiʃpatn	rule	LOW		
משפטיך	1	mʃptix	rule	LOW		
משקיע	1	mʃkˈiə	rule	MED		
משקפת	1	mʃkfs	fallback	LOW		
משתדל	1	miʃtˈadajl	rule	LOW		
משתפכות	1	mʃsfxis	fallback	LOW		
מתאמרין	1	msˈamrin	fallback	LOW		
מתבונן	1	misbˈɔjnajn	rule	LOW		
מתגבר	1	misɡˈabajr	rule	LOW		
מתהאלטן	1	mshaltn	fallback	LOW		
מתהלך	1	mshlx	fallback	LOW		
מתחילה	1	masxˈilə	rule	LOW		
מתחתיו	1	msxsji	fallback	LOW		
מתייחסים	1	msˈajxsim	fallback	LOW		
מתלבטת	1	mslbʦ	fallback	LOW		
מתלוצץ	1	msliʦ	fallback	LOW		
מתעסק	1	misˈasajk	rule	LOW		
מתקני	1	mskni	fallback	LOW		
מתקרבים	1	mskrbim	fallback	LOW		
מתקרבין	1	mskrbin	fallback	LOW		
"נ""ב"	1	nin bajs	rule	LOW		
"נ""ג"	1	nin ɡiml	rule	LOW		
"נ""ד"	1	nin dˈuləd	rule	LOW		
נְאֻם	1	nim	rule	MED		
נְשֵׁיכֶם	1	nʃˈajxəm	rule	MED		
נִדַּחֲךָ	1	nidaxˈaxu	rule	LOW		
נִסִּיתוֹ	1	nisˈisɔj	rule	LOW		
נִשְׁבַּע	1	nˈiʒba	rule	MED		
נֵבֶל	1	nˈajvəl	rule	LOW		
נַפְשֶׁךָ	1	nafʃˈɛxu	rule	LOW		
נָתַתִּי	1	nusˈati	rule	LOW		
נָתַתָּה	1	nusˈatə	rule	LOW		
נאדן	1	nadn	rule	LOW		
נאובל	1	nibl	rule	LOW		
נאוט	1	nit	rule	LOW		
נאך'ן	1	naxn	rule	LOW		
נאכגיין	1	nˈaxɡajn	rule	LOW		
נאכגעבן	1	nˈaxɡəbn	rule	LOW		
נאכגעפאלגט	1	nˈaxɡəfalɡt	rule	LOW		
נאכגעפארשט	1	nˈaxɡəfarʃt	rule	LOW		
נאכטמאל	1	nˈaxtmal	rule	LOW		
נאכפאלגן	1	nˈaxfalɡn	rule	LOW		
נאכצוגיין	1	nˈaxʦiɡajn	rule	LOW		
נאכצוזאגן	1	nˈaxʦizaɡn	rule	LOW		
נאכקוקן	1	nˈaxkikn	rule	LOW		
נאמרו	1	nˈamri	rule	LOW		
נאנטלי	1	nˈantli	rule	LOW		
נאנטער	1	nˈantər	rule	LOW		
נאנטקייט	1	nˈantkaːt	rule	LOW		
נאסאדער	1	nˈasadər	rule	LOW		
נאציאנאלער	1	nˈaʦianalər	rule	LOW		
נאציס	1	nˈaʦis	rule	LOW		
נארוואס	1	nˈarvas	rule	LOW		
נארישן	1	nˈariʃn	rule	LOW		
נארישקייט	1	nˈariʃkaːt	rule	LOW		
נארמאליזירן	1	nˈarmalizirn	rule	LOW		
נארמאלער	1	nˈarmalər	rule	LOW		
נביאים	1	nəvˈijim	printed-index	MED	nbˈiaːm	נעווי*י*ם
נבל	1	nˈuvəl	rule	LOW		
נבנה	1	nˈivnɛ	rule	LOW		
נברא	1	nbra	rule	LOW		
נגאלין	1	nɡˈalin	rule	LOW		
נגד	1	nˈɛɡəd	rule	LOW		
נגזר	1	nˈiɡzar	rule	LOW		
נגלה	1	nˈiɡlə	rule	LOW		
נגר	1	nɡr	fallback	LOW		
נגרא	1	nɡra	rule	LOW		
נדבורנא	1	ndbˈirna	rule	LOW		
נדבת	1	ndbs	fallback	LOW		
נדה	1	nˈidə	rule	LOW		
נדחי	1	nˈidxaj	rule	LOW		
נדיר	1	ndir	rule	MED		
נהיה	1	nhi	rule	MED		
נהינו	1	nhˈini	rule	MED		
נהריו	1	nhrji	rule	MED		
נודד	1	nid	rule	MED		
נוהארדוק	1	nˈihardik	rule	LOW		
נוחל	1	nixl	fallback	LOW		
נוטה	1	nˈɔjtə	printed-index	MED	nˈitə	נויטע
נוטלין	1	nˈitlin	rule	MED		
נויזעס	1	nˈɔjzəs	rule	MED		
נויפעלד	1	nˈɔjfəld	rule	LOW		
נון	1	nin	printed-index	MED	nin	נון
נוסבוים	1	nˈizbɔjm	rule	MED		
נוץ	1	niʦ	rule	MED		
נוצנדיג	1	nˈiʦndiɡ	rule	MED		
נוקלעארע	1	nˈikləarə	rule	LOW		
נוקם	1	nikm	rule	MED		
נושענו	1	nˈiʃəni	rule	MED		
נזכר	1	nizˈuxajr	rule	LOW		
נזרעו	1	nzrˈɛi	rule	MED		
נחזור	1	nxzir	fallback	LOW		
נחלת	1	naxˈalas	rule	LOW		
נחמיאן	1	nxmˈian	fallback	LOW		
נחסך	1	nxsx	fallback	LOW		
נחרב	1	nəxˈɛrav	rule	LOW		
נחשב	1	nˈɛxʃuv	rule	LOW		
נחשבנו	1	nəxʃˈavni	rule	LOW		
נחשון	1	nˈaxʃɔjn	rule	LOW		
נטיה	1	nətˈiə	printed-index	MED	nti	נעטי*ע
נטרין	1	ntrin	rule	MED		
נטשתי	1	nʧsi	fallback	LOW		
ניגן	1	niɡn	rule	MED		
נידון	1	nˈidin	rule	MED		
נידריגער	1	nˈidriɡər	rule	MED		
ניחום	1	nˈixim	rule	LOW		
ניטיב	1	nˈitib	rule	MED		
נייגעריג	1	nˈajɡəriɡ	rule	MED		
נייטרא	1	nˈajtra	rule	LOW		
נייל	1	najl	rule	MED		
ניינע	1	nˈajnə	rule	MED		
ניינציגער	1	nˈajnʦiɡər	rule	MED		
ניס	1	nis	rule	MED		
ניסלעך	1	nˈisləx	rule	MED		
ניצן	1	niʦn	lexicon	HIGH		
ניקאליי	1	nˈikalaj	rule	LOW		
נישטיגע	1	nˈiʃtiɡə	rule	MED		
נישטערן	1	nˈiʃtərn	rule	MED		
נכון	1	nxin	rule	MED		
נכנס	1	nˈixnas	rule	LOW		
נמלא	1	nmla	rule	LOW		
נמלין	1	nmlin	rule	MED		
נמרץ	1	nˈimruʦ	rule	LOW		
נמשך	1	nˈimʃux	rule	LOW		
נסתר	1	nˈistur	rule	LOW		
נעבעס	1	nˈɛbəs	rule	MED		
נעגאלעסי	1	nˈɛɡaləsi	rule	LOW		
נעדער	1	nˈɛdər	rule	MED		
נעטווארק	1	nˈɛtvark	rule	LOW		
נעיווי	1	nˈajvi	rule	MED		
נעכט	1	nɛxt	rule	MED		
נעל	1	nɛl	rule	MED		
נעלם	1	nɛlm	rule	MED		
נעמסט	1	nɛmst	rule	MED		
נעמענדיג	1	nˈɛməndiɡ	rule	MED		
נענה	1	nˈɛnə	rule	MED		
נעסט	1	nɛst	rule	MED		
נעפיאוס	1	nˈɛfiis	rule	LOW		
נעפיו	1	nˈɛfji	rule	LOW		
נעקסטעס	1	nˈɛkstəs	rule	MED		
נער	1	nɛr	rule	MED		
נערוו	1	nɛrv	rule	MED		
נערוועז	1	nˈɛrvəz	rule	MED		
נערנים	1	nˈɛrnim	rule	MED		
נפוץ	1	nfiʦ	rule	LOW		
נפטרים	1	npˈatərim	rule	LOW		
נפלאות	1	niflˈuɔjs	rule	LOW		
נפתלי'ס	1	nfslis	fallback	LOW		
נצב	1	nˈiʦuv	rule	LOW		
נצח	1	nˈɛʦax	rule	LOW		
נצחה	1	nʦxə	fallback	LOW		
נצרכה	1	nʦrxə	fallback	LOW		
נרות	1	nˈajrɔjs	rule	LOW		
נש	1	nuʃ	rule	LOW		
נשאלתי	1	nʃˈalsi	fallback	LOW		
נשיאת	1	nʃˈias	fallback	LOW		
נשכחו	1	nʃxi	fallback	LOW		
נשלם	1	nˈiʃlam	rule	LOW		
נשמה'לעך	1	nəʃˈumuhlx	rule	LOW		
נשמע	1	nʃmə	rule	MED		
נשמתה	1	niʃmˈusuh	rule	LOW		
נשענו	1	nʃˈɛni	rule	MED		
נשתכח	1	niʃtˈakax	rule	LOW		
נשתרש	1	nʃsrʃ	fallback	LOW		
נתגלה	1	nisɡˈalu	rule	LOW		
נתונים	1	nsˈinim	fallback	LOW		
נתחדש	1	nisxˈadaʃ	rule	LOW		
נתחזק	1	nsxzk	fallback	LOW		
נתינה	1	nəsˈinə	printed-index	MED	nəsˈinə	נעסינע
נתכוון	1	nsxvn	fallback	LOW		
נתכפר	1	niskˈapajr	rule	LOW		
נתנבאו	1	nsnbi	fallback	LOW		
נתניהו'ס	1	nsnˈihis	fallback	LOW		
נתעורר	1	nisəˈɔjrajr	rule	LOW		
נתרפאה	1	nsrfa	fallback	LOW		
נתתי	1	nusˈati	rule	LOW		
"ס""ב"	1	sˈaməx bajs	rule	LOW		
"ס""ו"	1	sˈaməx vuv	rule	LOW		
"ס""ם"	1	sˈaməx mɛm	rule	LOW		
"ס""מ"	1	sˈaməx mɛm	rule	LOW		
ס'אויף	1	soʊf	rule	MED		
ס'אינטערעסירט	1	sˈintərəsirt	rule	LOW		
ס'אנגעהויבן	1	sˈunɡəhɔjbn	rule	MED		
ס'בויעט	1	sbˈɔjət	rule	MED		
ס'ברענגט	1	sbrɛnɡt	rule	MED		
ס'ברענט	1	sbrɛnt	rule	MED		
ס'גיסט	1	sɡist	rule	MED		
ס'געבט	1	sɡɛbt	rule	MED		
ס'געדענקט	1	sɡədˈɛnkt	rule	MED		
ס'דרייט	1	sdrajt	rule	MED		
ס'דרייען	1	sdrˈajən	rule	MED		
ס'האב	1	shub	rule	MED		
ס'העלפט	1	shɛlft	rule	LOW		
ס'וואקט	1	svakt	rule	LOW		
ס'זאגט	1	szuɡt	rule	MED		
ס'זאלן	1	szɔln	rule	MED		
ס'לויפט	1	slɔjft	rule	LOW		
ס'מיר	1	smir	rule	MED		
ס'מעג	1	smejɡ	rule	MED		
ס'סאונדט	1	ssindt	rule	LOW		
ס'סעטלט	1	ssɛtlt	rule	MED		
ס'סערווירט	1	ssˈɛrvirt	rule	MED		
ס'ענדיגט	1	sˈɛndiɡt	rule	MED		
"ס'עפ""צ"	1	sˈaməx ˈajən paj ʦˈadik	rule	LOW		
ס'פאנגט	1	sfanɡt	rule	LOW		
ס'פארדרייט	1	sfardrˈajt	rule	LOW		
ס'פליט	1	sflit	rule	LOW		
ס'פרייט	1	sfrajt	rule	LOW		
ס'פרעגט	1	sfrɛɡt	rule	LOW		
ס'צינדט	1	sʦindt	rule	MED		
ס'קאכט	1	skaxt	rule	LOW		
ס'רוקט	1	srikt	rule	MED		
ס'רעגנט	1	srɛɡnt	rule	MED		
ס'שאדט	1	sʃadt	rule	LOW		
ס'שטימט	1	sʃtimt	rule	MED		
סְפוֹת	1	sfɔjs	rule	LOW		
סִיחֹן	1	sˈixɔjn	rule	LOW		
סאוועיד	1	sˈavajd	rule	LOW		
סאיד	1	sjid	rule	MED		
סאכער	1	sˈaxər	rule	LOW		
סאלאווייטשיק	1	sˈalavajʧik	rule	LOW		
סאלאנט	1	salˈant	rule	LOW		
סאלטא	1	sˈalta	rule	LOW		
סאמער	1	sˈamər	rule	LOW		
סאן	1	sun	rule	MED		
סאנרייז	1	sˈanrajz	rule	LOW		
סאסוב	1	sˈasib	rule	LOW		
סאפיסטיקירטע	1	sˈafistikirtə	rule	LOW		
סאקן	1	sakn	rule	LOW		
סארדיניע	1	sˈardiniə	rule	LOW		
סבלנות	1	savlˈunis	rule	LOW		
סגור	1	zɡir	rule	MED		
סדום	1	sdum	printed-index	MED	zdim	סדאָם
סדרי	1	zdri	rule	MED		
סובב	1	sib	rule	MED		
סוד	1	sud	lexicon	HIGH	sud	סאָד
סודא	1	sˈida	rule	LOW		
סודו	1	sˈidi	rule	MED		
סודות	1	sˈɔjdəs	lexicon	HIGH		
סוואניג	1	svˈaniɡ	rule	LOW		
סוויטע	1	svˈitə	rule	MED		
סווייפן	1	svajfn	rule	LOW		
סווינג	1	svinɡ	rule	MED		
סוטה	1	sˈɔjtə	printed-index	MED	sˈitə	סויטע
סוכנים	1	sˈixnim	rule	MED		
סומכה	1	sˈimxə	rule	MED		
סוספענדן	1	sˈisfəndn	rule	LOW		
סופו	1	sˈifi	rule	LOW		
סופי	1	sˈifi	rule	LOW		
סופרים	1	sˈifrim	rule	LOW		
סחורה	1	sxˈɔjrə	rule	LOW		
סט	1	st	fallback	LOW		
סטאטיסטיק	1	stˈatistik	rule	LOW		
סטאלין	1	stˈalin	rule	LOW		
סטאנטער	1	stˈantər	rule	LOW		
סטאנציאנירט	1	stˈanʦianirt	rule	LOW		
סטאנציע	1	stˈanʦiə	rule	LOW		
סטאפ	1	staf	rule	LOW		
סטאפטס	1	stafʦ	rule	LOW		
סטאפן	1	stafn	rule	LOW		
סטאפערס	1	stˈafərs	rule	LOW		
סטאקע	1	stˈakə	rule	LOW		
סטארעדזש	1	stˈarəʤ	rule	LOW		
סטארעדזשן	1	stˈarəʤn	rule	LOW		
סטיוו	1	stiv	rule	MED		
סטייל	1	stajl	rule	MED		
סטיילס	1	stajls	rule	MED		
סטיקער	1	stˈikər	rule	MED		
סטיר	1	stir	rule	MED		
סטע	1	stə	rule	MED		
סטעיטמענטס	1	stajtmˈɛnʦ	rule	MED		
סטעישאנס	1	stˈajʃans	rule	LOW		
סטענד	1	stɛnd	rule	MED		
סטעפענסקי	1	stˈɛfənski	rule	LOW		
סטראוק	1	strik	rule	LOW		
סטראלאוויטש	1	strˈalaviʧ	rule	LOW		
סטריט	1	strit	rule	MED		
סטרייקן	1	strajkn	rule	MED		
סטרעיט	1	strajt	rule	MED		
סטרעליסקער	1	strˈɛliskər	rule	MED		
סטרעס	1	strɛs	rule	MED		
סיאל	1	sˈial	rule	LOW		
סיביהא	1	sˈibiha	rule	LOW		
סיביר	1	sibˈir	rule	MED		
סיבת	1	sibs	fallback	LOW		
סיד	1	sid	rule	MED		
סיון	1	sjin	rule	MED		
סיחן	1	sˈixajn	rule	LOW		
סיידע	1	sˈajdə	rule	MED		
סייווי	1	sˈajvi	rule	MED		
סייט	1	sajt	rule	MED		
סיינס	1	sajns	rule	MED		
סיינסט	1	sajnst	rule	MED		
סייעתא	1	sajajaˈusu	rule	LOW		
סילי	1	sˈili	rule	MED		
סימבאל	1	sˈimbal	rule	LOW		
סינגל	1	sinɡl	rule	MED		
סינוואר	1	sˈinvar	rule	LOW		
סירי	1	sˈiri	rule	MED		
סיריע'ס	1	sˈiriəs	rule	MED		
סיריק	1	sˈirik	rule	MED		
סירישע	1	sˈiriʃə	rule	MED		
סכום	1	sxim	printed-index	MED	sxim	סכום
סכנות	1	sakˈunɔjs	rule	LOW		
סכנת	1	sakˈunas	rule	LOW		
סלחתי	1	sulˈaxti	rule	LOW		
סליחה	1	slˈixə	rule	LOW		
סלמא	1	slma	rule	LOW		
סלע	1	slə	rule	MED		
סנאומענס	1	snˈiməns	rule	LOW		
סנגורן	1	snɡirn	rule	MED		
סנדקאות	1	sandkˈuis	rule	LOW		
סנדרין	1	sndrin	rule	MED		
סנהדרין	1	sanhˈədrin	rule	LOW		
סעטלען	1	sˈɛtlən	rule	MED		
סעיווינגס	1	sˈajvinɡs	rule	MED		
סעיפס	1	sajfs	rule	LOW		
סעלינגען	1	sˈɛlinɡən	rule	MED		
סעלעקטן	1	sˈɛləktn	rule	MED		
סעלער	1	sˈɛlər	rule	MED		
סעלפאון	1	sˈɛlfin	rule	LOW		
סעמינאר	1	sˈɛminar	rule	LOW		
סענאט	1	sˈɛnat	rule	LOW		
סענדוויש	1	sˈɛndviʃ	rule	MED		
סענדלס	1	sɛndls	rule	MED		
סענדס	1	sɛnds	rule	MED		
סענט	1	sɛnt	rule	MED		
סענטענס	1	sˈɛntəns	rule	MED		
סענטרי	1	sˈɛntri	rule	MED		
סענס	1	sɛns	rule	MED		
סענסיטיוו	1	sˈɛnsitiv	rule	MED		
סענסיטיווע	1	sˈɛnsitivə	rule	MED		
סעקיור	1	səkjˈir	rule	MED		
סעקרעטארן	1	sˈɛkrətarn	rule	LOW		
סעקרעטערי	1	sˈɛkrətəri	rule	MED		
סערטיפיקעישאן	1	sˈɛrtifikajʃan	rule	LOW		
סערטיפיקעישאנס	1	sˈɛrtifikajʃans	rule	LOW		
סערק	1	sɛrk	rule	MED		
ספאנסעריי	1	sfˈansəraj	rule	LOW		
ספאנסערס	1	sfˈansərs	rule	LOW		
ספיד	1	sfid	rule	LOW		
ספיק	1	sfik	rule	LOW		
ספיקינג	1	sfˈikinɡ	rule	LOW		
ספסלה	1	sfslə	fallback	LOW		
ספק	1	sˈufək	lexicon	HIGH	sˈufək	סאָפֿעק
ספרדישע	1	sfˈardiʃə	rule	LOW		
ספרינקלס	1	sfrinkls	rule	LOW		
סצענעס	1	sʦˈɛnəs	rule	MED		
סקאווער	1	skˈavər	rule	LOW		
סקוואד	1	skvad	rule	LOW		
סקוטערס	1	skˈitərs	rule	MED		
סקולען	1	skˈilən	rule	MED		
סקופס	1	skifs	rule	LOW		
סקעדזשול	1	skˈɛʤil	rule	MED		
סקעיר	1	skajr	rule	MED		
סקענס	1	skɛns	rule	MED		
"סת""ם"	1	sˈaməx tuf mɛm	rule	LOW		
סתום	1	sim	fallback	LOW		
סתקבל	1	skbl	fallback	LOW		
"ע""ג"	1	ˈajən ɡiml	rule	LOW		
"ע""ה"	1	ˈajən haj	rule	LOW		
עֲבַרְתֶּם	1	avˈartəm	rule	LOW		
עִם	1	ejm	lexicon	HIGH		
עִמָּהֶם	1	ˈimuhəm	rule	MED		
עִמּוֹ	1	ˈimɔj	rule	MED		
עֵץ	1	ajʦ	rule	MED		
עֵצֶיךָ	1	ˈajʦajxu	rule	MED		
עֵת	1	ajs	rule	LOW		
עֶזְרָה	1	ˈɛzrə	rule	MED		
עָבַרְנוּ	1	ˈuvarni	rule	MED		
עָלֶיךָ	1	ˈulajxu	rule	MED		
עבאט	1	ˈɛbat	rule	LOW		
עבדיו	1	ˈɛbdji	rule	MED		
עבדתם	1	ɛbdsm	fallback	LOW		
עבור	1	əbˈir	rule	MED		
עבוריך	1	ˈɛbirix	rule	MED		
עבעך	1	ˈɛbəx	rule	MED		
עגונות	1	aɡˈinɔjs	rule	LOW		
עגלה	1	aɡˈulə	printed-index	MED	ˈɛɡlə	אַגאָלע
עדווארד	1	ˈɛdvard	rule	LOW		
עדות	1	ˈajdəs	lexicon	HIGH		
עדיות	1	ˈɛdjis	fallback	LOW		
עוֹג	1	ɔjɡ	rule	MED		
עובד	1	ibd	rule	MED		
עוג	1	iɡ	rule	MED		
עוונות	1	avˈɔjnɔjs	rule	LOW		
עוועפארעיטן	1	ˈɛvəfarajtn	rule	LOW		
עוכב	1	ixb	rule	MED		
עומק	1	imk	rule	MED		
עונה	1	ˈinə	rule	MED		
עוסקי	1	ˈiski	rule	MED		
עופעלעך	1	ˈifələx	rule	LOW		
עורריך	1	ˈirrix	rule	MED		
עזבני	1	ˈɛzbni	rule	MED		
עזר	1	ɛzr	rule	MED		
עזרי	1	ˈɛzri	rule	MED		
עזרת	1	ˈɛzras	rule	LOW		
עטער	1	ˈɛtər	rule	MED		
עטרה	1	atˈurə	printed-index	MED	ˈɛtrə	אַטאָרע
עטרעקטן	1	ˈɛtrəktn	rule	MED		
עידזש	1	ajʤ	rule	MED		
עידן	1	ajdn	rule	MED		
עיון	1	ˈajin	rule	MED		
עילה	1	ˈajlə	rule	MED		
עילית	1	ˈajlis	fallback	LOW		
עינוים	1	ˈajnɔjm	rule	MED		
עינונו	1	ˈajnini	rule	MED		
עירה	1	ˈajrə	rule	MED		
עירקרעפט	1	ˈajrkrəft	rule	LOW		
עכטס	1	ɛxʦ	rule	MED		
עלאין	1	ˈɛlaːn	rule	LOW		
עלה	1	ˈɛlə	rule	MED		
עלויה	1	ˈɛlɔjə	rule	MED		
עלול	1	ˈuləl	printed-index	MED	ˈɛlil	אָלעל
עלטערער	1	ˈɛltərər	rule	MED		
עלידזשעבל	1	ˈɛliʤəbl	rule	MED		
עליונה	1	ˈɛljinə	rule	MED		
עליוני	1	ˈɛljini	rule	MED		
עליטע	1	ˈɛlitə	rule	MED		
עליינג	1	ˈɛlajnɡ	rule	MED		
עליינו	1	ˈɛlajni	rule	MED		
עלייתנו	1	ˈɛlajsni	fallback	LOW		
עלך	1	ɛlx	rule	MED		
עלם	1	ɛlm	rule	MED		
עלמין	1	ˈɛlmin	rule	MED		
עלעף	1	ˈɛləf	rule	LOW		
עלעקטריזירונג	1	ələktrizˈirinɡ	rule	MED		
עלעקטריזירט	1	ˈɛləktrizirt	rule	MED		
עלפאבעטיקל	1	ˈɛlfabətikl	rule	LOW		
עלתר	1	ɛlsr	fallback	LOW		
עמא	1	ˈɛma	rule	LOW		
עמאציאנאל	1	ˈɛmaʦianal	rule	LOW		
עמהון	1	ˈɛmhin	rule	MED		
עמודי	1	ˈɛmidi	rule	MED		
עמון	1	ˈamɔjn	printed-index	MED	ˈɛmin	אַמוין
עמוני	1	ˈɛmini	rule	MED		
עמוקות	1	amˈikɔjs	rule	LOW		
עמינדב	1	ˈɛmindb	rule	MED		
עמיקתא	1	ˈɛmiksa	fallback	LOW		
עמל	1	ɛml	rule	MED		
עמלק'ס	1	ɛmlks	rule	MED		
עמנו	1	ˈɛmni	rule	MED		
עמרם	1	ɛmrm	rule	MED		
ען	1	ɛn	rule	MED		
ענגע	1	ˈɛnɡə	rule	MED		
ענד	1	ɛnd	rule	MED		
ענדגילטיגע	1	ˈɛndɡiltiɡə	rule	MED		
ענדזשויט	1	ˈɛnʤɔjt	rule	MED		
ענדזשויען	1	ˈɛnʤɔjən	rule	MED		
ענדזשעלס	1	ˈɛnʤəls	rule	MED		
ענדי	1	ˈɛndi	rule	MED		
ענדיגסט	1	ˈɛndiɡst	rule	MED		
ענדערשער	1	ˈɛndərʃər	rule	MED		
ענער	1	ˈɛnər	rule	MED		
ענערדזשי	1	ˈɛnərʤi	rule	MED		
עסטרייך	1	ˈɛstrajx	rule	MED		
עסטרייכער	1	ˈɛstrajxər	rule	MED		
עסקינן	1	ˈɛskinn	rule	MED		
עפן	1	ɛfn	rule	LOW		
עפענונג	1	ˈɛfəninɡ	rule	LOW		
עצי	1	ˈɛʦi	rule	MED		
עצך	1	ɛʦx	rule	MED		
"עק""ר"	1	ˈajən kif rajʃ	rule	LOW		
עקאנאמיש	1	ˈɛkanamiʃ	rule	LOW		
עקזיט	1	ˈɛkzit	rule	MED		
עקזיסטירנדע	1	ˈɛkzistirndə	rule	MED		
עקט	1	ɛkt	rule	MED		
עקטשולי	1	ˈɛkʧili	rule	MED		
עקטשועל	1	ˈɛkʧiəl	rule	MED		
עקלדיגקייט	1	ˈɛkldiɡkaːt	rule	MED		
עקלהאפטיגע	1	ˈɛklhaftiɡə	rule	LOW		
עקלעדיגע	1	ˈɛklədiɡə	rule	MED		
עקס	1	ɛks	rule	MED		
עקסטע	1	ˈɛkstə	rule	MED		
עקספיריענס	1	ˈɛksfiriəns	rule	LOW		
עקספערטן	1	ˈɛksfərtn	rule	LOW		
עקר	1	ˈukər	printed-index	MED	ɛkr	אָקער
עקרה	1	akˈurə	printed-index	MED	ˈɛkrə	אַקאָרע
עקשעלי	1	ˈɛkʃəli	rule	MED		
ערבים	1	ˈɛrbim	rule	MED		
ערדיג	1	ˈɛrdiɡ	rule	MED		
ערדיטונג	1	ˈɛrditinɡ	rule	MED		
ערדס	1	ɛrds	rule	MED		
ערינערונגען	1	ˈɛrinərinɡən	rule	MED		
עריע	1	ˈɛriə	rule	MED		
ערלאפסער	1	ˈɛrlafsər	rule	LOW		
ערלויבט	1	ˈɛrlɔjbt	rule	MED		
ערליכן	1	ˈɛrləxn	rule	MED		
ערנסטקייט	1	ˈɛrnəstəkajt	rule	LOW		
ערפארענע	1	ˈɛrfarənə	rule	LOW		
ערפילט	1	ˈɛrfilt	rule	LOW		
ערפינדן	1	ˈɛrfindn	rule	LOW		
ערקלערונג	1	ˈɛrklərinɡ	rule	MED		
ערשטנס	1	ˈɛrʃətnəs	rule	LOW		
ערשינען	1	ˈɛrʃinən	rule	MED		
ערשל	1	ɛrʃl	rule	MED		
עשב	1	ɛʒb	rule	MED		
עשה'ס	1	ɛʃhs	rule	MED		
עשוויל	1	ˈɛʃvil	rule	MED		
עשוועל	1	ˈɛʃvəl	rule	MED		
"עת""ה"	1	ˈajən tuf haj	rule	LOW		
"פ""ו"	1	paj vuv	rule	LOW		
"פ""ז"	1	paj zˈajən	rule	LOW		
פֹנֶה	1	fˈɔjnə	rule	LOW		
פֹּרֶה	1	pˈɔjrə	rule	LOW		
פאביה	1	fˈabi	rule	LOW		
פאביע	1	fˈabiə	rule	LOW		
פאביעס	1	fˈabiəs	rule	LOW		
פאדוואל	1	fˈadval	rule	LOW		
פאדערט	1	fˈadərt	rule	LOW		
פאדערן	1	fˈadərn	rule	LOW		
פאונס	1	fins	rule	LOW		
פאזיטיוו	1	fˈazitiv	rule	LOW		
פאטענציאל	1	fˈatənʦial	rule	LOW		
פאטענציעלע	1	fˈatənʦiələ	rule	LOW		
פאטשעדיגע	1	fˈaʧədiɡə	rule	LOW		
פאלאקן	1	fˈalakn	rule	LOW		
פאלגנד	1	falɡnd	rule	LOW		
פאליטיק	1	pɔlˈitik	lexicon	HIGH		
פאליס	1	pˈalis	lexicon	MED		
פאללטשעק	1	fˈallʧək	rule	LOW		
פאלנער	1	fˈalnər	rule	LOW		
פאלעטס	1	fˈaləʦ	rule	LOW		
פאלש	1	falʃ	rule	LOW		
פאלשע	1	fˈalʃə	rule	LOW		
פאמיליעס	1	fˈamiliəs	rule	LOW		
פאמפ	1	famf	rule	LOW		
פאן	1	fan	rule	LOW		
פאנאוועזשער	1	fˈanavəʒər	rule	LOW		
פאנדרעיזינג	1	fˈandrajzinɡ	rule	LOW		
פאנט	1	fant	rule	LOW		
פאנטאפלעך	1	fˈantafləx	rule	LOW		
פאנישן	1	fˈaniʃn	rule	LOW		
פאסאזשירן	1	fˈasaʒirn	rule	LOW		
פאסטער	1	fˈastər	rule	LOW		
פאסיגסטער	1	fˈasiɡstər	rule	LOW		
פאסיגער	1	fˈasiɡər	rule	LOW		
פאספארטן	1	fˈasfartn	rule	LOW		
פאפוטשן	1	fˈafiʧn	rule	LOW		
פאפולער	1	fˈafilər	rule	LOW		
פאפולערע	1	fˈafilərə	rule	LOW		
פאפירט	1	fˈafirt	rule	LOW		
פאפקארן	1	fˈafkarn	rule	LOW		
פאקטארן	1	fˈaktarn	rule	LOW		
פאקיסטאנער	1	fakistˈanər	rule	LOW		
פאקל	1	fakl	rule	LOW		
פאקלען	1	fˈaklən	rule	LOW		
פאקן	1	fakn	rule	LOW		
פאר'כמאר'עטער	1	fˈarxmarətər	rule	LOW		
פאראדייס	1	farˈadajs	rule	LOW		
פאראויסשאצן	1	farˈɔjsʃaʦn	rule	LOW		
פאראיבער	1	farˈibər	rule	MED		
פאראייביגט	1	farˈajbiɡt	rule	LOW		
פאראייניגט	1	farˈajniɡt	rule	LOW		
פאראייניגטע	1	farˈajniɡtə	rule	LOW		
פאראייניגן	1	farˈajniɡn	rule	LOW		
פאראמעדיקס	1	farˈamədiks	rule	LOW		
פאראן	1	farˈun	rule	MED		
פאראפ	1	farˈɔp	rule	MED		
פארארבעטן	1	farˈarbətn	rule	MED		
פארארדנט	1	farˈardnt	rule	LOW		
פארארדענונגען	1	farˈardəninɡən	rule	LOW		
פארארדענט	1	farardˈɛnt	rule	LOW		
פארבאטענע	1	farbatˈɛnə	rule	LOW		
פארבונדעט	1	farbˈindət	rule	LOW		
פארבינדונגען	1	farbˈindinɡən	rule	LOW		
פארבינדעטע	1	farbˈindətə	rule	LOW		
פארבלאנדזשעט	1	farblˈanʤət	rule	LOW		
פארבליבן	1	farblˈibn	rule	LOW		
פארבלייבן	1	farblˈaːbn	rule	MED		
פארברענג	1	farbrˈɛnɡ	rule	LOW		
פארברענען	1	farbrˈɛnən	rule	LOW		
פארגאנגענהייט	1	farɡˈanɡənhaːt	rule	LOW		
פארגיין	1	farɡˈajn	rule	MED		
פארגינט	1	farɡˈint	rule	LOW		
פארגליוועניש	1	farɡlˈivəniʃ	rule	LOW		
פארגליווערט	1	farɡlˈivərt	rule	LOW		
פארגלעטן	1	farɡlˈɛtn	rule	LOW		
פארגעהאלטן	1	farɡəhˈaltn	rule	LOW		
פארגענעלע	1	farɡənˈɛlə	rule	LOW		
פארגעשטעלט	1	farɡəʃtˈɛlt	rule	LOW		
פארגעשעדט	1	farɡəʃˈɛdt	rule	LOW		
פארדאגה'נען	1	fardˈaɡhnən	rule	LOW		
פארדאנקען	1	fardˈankən	rule	LOW		
פארדעכטיגט	1	fardˈɛxtiɡt	rule	LOW		
פארדעמאלטס	1	fardˈɛmalʦ	rule	LOW		
פארדרייט	1	fardrˈajt	rule	LOW		
פארדריקן	1	fardrˈikn	rule	LOW		
פארהאנדלונג	1	farhˈandlinɡ	rule	LOW		
פארהאנדלונגס	1	farhˈandlinɡs	rule	LOW		
פארהאנדלען	1	farhˈandlən	rule	LOW		
פארהאנקערטקייט	1	farhˈankərtkaːt	rule	LOW		
פארהאקט	1	farhˈakt	rule	LOW		
פארהערן	1	farhˈirn	rule	MED		
פארוואגלט	1	farvˈaɡlt	rule	LOW		
פארוואלקענט	1	farvalkˈɛnt	rule	LOW		
פארווערד	1	farvˈɛrd	rule	LOW		
פארום	1	farˈim	rule	LOW		
פארזאגן	1	farzˈuɡn	rule	MED		
פארזארגן	1	farzˈarɡn	rule	LOW		
פארזויערט	1	farzˈɔjərt	rule	LOW		
פארזיכטיג	1	farzˈixtiɡ	rule	LOW		
פארזיכערטע	1	farzˈixərtə	rule	LOW		
פארזיכערן	1	farzˈixərn	rule	LOW		
פארזעצנדיג	1	farzˈɛʦndiɡ	rule	LOW		
פארטיידיגונג	1	fartˈajdiɡinɡ	rule	LOW		
פארטיידיגונגס	1	fartˈajdiɡinɡs	rule	LOW		
פארטיידיגן	1	fartˈajdiɡn	rule	LOW		
פארטן	1	fartn	rule	LOW		
פארי	1	farˈi	rule	LOW		
פאריאגט	1	farˈiaɡt	rule	LOW		
פאריאר	1	farjˈur	rule	MED		
פארלאנג	1	farlˈaːnɡ	rule	MED		
פארלאפענע	1	farlˈafənə	rule	LOW		
פארלאשן	1	farlˈaʃn	rule	LOW		
פארלויער	1	farlˈɔjər	rule	LOW		
פארלוסטן	1	farlˈistn	rule	LOW		
פארלייגן	1	farlˈajɡn	rule	MED		
פארלעדיגן	1	farlˈɛdiɡn	rule	LOW		
פארלענגונג	1	farlˈɛnɡinɡ	rule	LOW		
פארלענגערט	1	farlˈɛnɡərt	rule	LOW		
פארלעצונגען	1	farlˈɛʦinɡən	rule	LOW		
פארמאגן	1	farmˈaɡn	rule	LOW		
פארמאט	1	farmˈat	rule	LOW		
פארמאטערט	1	farmˈatərt	rule	LOW		
פארמאך	1	farmˈax	rule	MED		
פארמאכן	1	farmˈaxn	rule	MED		
פארמינג	1	farmˈinɡ	rule	LOW		
פארמעגן	1	farmˈɛɡn	rule	LOW		
פארמערטע	1	farmˈɛrtə	rule	LOW		
פארמערן	1	farmˈɛrn	rule	LOW		
פארמערס	1	farmˈɛrs	rule	LOW		
פארנאכט	1	farnˈaxt	rule	MED		
פארנומענעם	1	farnˈimənəm	rule	LOW		
פארנט	1	farnt	rule	LOW		
פארניכטעט	1	farnˈixtət	rule	LOW		
פארנישט	1	farnˈiʃt	rule	MED		
פארסויגן	1	farsˈɔjɡn	rule	LOW		
פארסט	1	farst	rule	LOW		
פארסטו	1	farstˈi	rule	LOW		
פארסן	1	farsn	rule	LOW		
פארעכט	1	farˈɛxt	rule	LOW		
פארענדיגט	1	farˈɛndiɡt	rule	LOW		
פארפאלגטע	1	farfˈalɡtə	rule	LOW		
פארפאלק	1	farfˈalk	rule	LOW		
פארפיגט	1	farfˈiɡt	rule	LOW		
פארפלאגט	1	farflˈaɡt	rule	LOW		
פארפלייצונג	1	farflˈajʦinɡ	rule	LOW		
פארפלייצונגען	1	farflˈajʦinɡən	rule	LOW		
פארפליכטונגען	1	farflˈixtinɡən	rule	LOW		
פארצולערנען	1	farʦˈilərnən	rule	LOW		
פארצושטעלן	1	farʦˈiʃtəln	rule	LOW		
פארצייטישטיגער	1	farʦˈajtiʃtiɡər	rule	LOW		
פארצייטנס	1	farʦˈajtns	rule	LOW		
פארציען	1	farʦˈiən	rule	LOW		
פארקאכט	1	farkˈaxt	rule	LOW		
פארקאש	1	farkˈaʃ	rule	LOW		
פארקויף	1	farkˈɔjf	rule	LOW		
פארקלעבטע	1	farklˈɛbtə	rule	LOW		
פארקער	1	farkˈɛr	rule	LOW		
פארקראכענע	1	farkrˈaxənə	rule	LOW		
פארראכטן	1	farrˈaxtn	rule	LOW		
פאררעגנט	1	farrˈɛɡnt	rule	LOW		
פארש	1	farʃ	rule	LOW		
פארשאפן	1	farʃˈafn	rule	LOW		
פארשארט	1	farʃˈart	rule	LOW		
פארשוואונדן	1	farʃvˈindn	rule	LOW		
פארשוועכן	1	farʃvˈɛxn	rule	LOW		
פארשט	1	farʃt	rule	LOW		
פארשטאפקייט	1	farʃtˈafkaːt	rule	LOW		
פארשטארקערן	1	farʃtˈarkərn	rule	LOW		
פארשטויסן	1	farʃtˈɔjsn	rule	LOW		
פארשטייטס	1	farʃtˈajʦ	rule	LOW		
פארשטייער	1	farʃtˈajər	rule	LOW		
פארשטענדיגן	1	farʃtˈɛndiɡn	rule	LOW		
פארשטענדעניש	1	farʃtˈɛndəniʃ	rule	LOW		
פארשטערקערטע	1	farʃtˈɛrkərtə	rule	LOW		
פארשטערקערן	1	farʃtˈɛrkərn	rule	LOW		
פארשלאג	1	farʃlˈaɡ	rule	LOW		
פארשלאסענע	1	farʃlˈasənə	rule	LOW		
פארשליסונג	1	farʃlˈisinɡ	rule	LOW		
פארשמיר	1	farʃmˈir	rule	LOW		
פארשנעלערן	1	farʃnˈɛlərn	rule	LOW		
פארשפעטיגונגען	1	farʃpˈɛtiɡinɡən	rule	LOW		
פארשפראכן	1	farʃprˈaxn	rule	LOW		
פארשריבן	1	farʃrˈibn	rule	LOW		
פגישה	1	fɡˈiʃə	rule	LOW		
פגמים	1	fɡmim	rule	LOW		
פדיום	1	fdjim	rule	LOW		
פוטבאל	1	fˈitbal	rule	LOW		
פויל	1	foʊl	lexicon	HIGH		
פולטו	1	fˈilti	rule	LOW		
פולסטן	1	filstn	rule	LOW		
פולקאם	1	fˈilkam	rule	LOW		
פולקאמער	1	fˈilkamər	rule	LOW		
פונדעסטוועגן	1	fˈindəstvəɡn	rule	LOW		
פוסט	1	fist	rule	LOW		
פוסקים	1	pˈuskim	printed-index	MED	fˈiskim	פּאָסקים
פועל	1	pˈɔjəl	printed-index	MED	fˈiəl	פּויעל
פופציגער	1	fˈifʦiɡər	rule	LOW		
פופצנטע	1	fˈifʦntə	rule	LOW		
פורגעס	1	fˈirɡəs	rule	LOW		
פורהאנג	1	fˈirhanɡ	rule	LOW		
פורק	1	firk	rule	LOW		
פושות	1	fˈiʃis	fallback	LOW		
פושעי	1	fˈiʃaj	rule	LOW		
פזרונות	1	fzrˈinis	fallback	LOW		
פחות	1	pˈuxis	rule	LOW		
פחיתת	1	fxis	fallback	LOW		
פטן	1	ftən	rule	LOW		
פיגורן	1	fˈiɡirn	rule	LOW		
פיה	1	fi	rule	LOW		
פיזשאמעס	1	fˈiʒaməs	rule	LOW		
פיט	1	fit	rule	LOW		
פיטשערס	1	fˈiʧərs	rule	LOW		
פייגל	1	fajɡl	rule	LOW		
פייגעלער	1	fˈajɡələr	rule	LOW		
פייו	1	fˈaji	rule	LOW		
פייוול	1	fajvl	rule	LOW		
פייט	1	fajt	rule	LOW		
פייטסט	1	fajʦt	rule	LOW		
פייניגסטו	1	fˈajniɡsti	rule	LOW		
פיינעם	1	fˈajnəm	rule	LOW		
פיינער	1	fˈajnər	rule	LOW		
פיינשטיין	1	fˈajnʃtajn	rule	LOW		
פייערשטיין	1	fˈajərʃtajn	rule	LOW		
פייפט	1	fajft	rule	LOW		
פייש	1	fajʃ	rule	LOW		
פילאט	1	fˈilat	rule	LOW		
פילטערן	1	fˈiltərn	rule	LOW		
פילינג	1	fˈilinɡ	rule	LOW		
פיליפינער	1	fˈilifinər	rule	LOW		
פילם	1	film	rule	LOW		
פילסט	1	filst	rule	LOW		
פין	1	pin	lexicon	HIGH		
פינאנציעלע	1	fˈinanʦiələ	rule	LOW		
פינאנצירט	1	fˈinanʦirt	rule	LOW		
פינאנצירן	1	fˈinanʦirn	rule	LOW		
פינגערס	1	fˈinɡərs	rule	LOW		
פינו	1	fˈini	rule	LOW		
פינטל	1	pintl	lexicon	MED		
פיניש	1	fˈiniʃ	rule	LOW		
פינקי	1	fˈinki	rule	LOW		
פיסלעך	1	fˈisləx	rule	LOW		
פיפטע	1	fˈiftə	rule	LOW		
פיפיות	1	pifˈijɔjs	rule	LOW		
פיק	1	fik	rule	LOW		
פיקוח	1	pˈikix	rule	LOW		
פיקלס	1	fikls	rule	LOW		
פיקלסאוער	1	fˈiklsiər	rule	LOW		
פירסט	1	first	rule	LOW		
פישל	1	fiʃl	rule	LOW		
פלא'דיג	1	flˈadiɡ	rule	LOW		
פלא'דיגע	1	flˈadiɡə	rule	LOW		
פלאג	1	flaɡ	rule	LOW		
פלאטפארמעס	1	flˈatfarməs	rule	LOW		
פלאפלט	1	flaflt	rule	LOW		
פלאפלען	1	flˈaflən	rule	LOW		
פלאצט	1	flaʦt	rule	LOW		
פלאצקער	1	flˈaʦkər	rule	LOW		
פלארידע	1	flˈaridə	rule	LOW		
פלאש	1	flaʃ	rule	LOW		
פלוימע	1	flˈɔjmə	rule	LOW		
פלוני	1	plˈɔjnə	printed-index	MED	flˈini	פּלוינע
פלוצלונג	1	plˈiʦlinɡ	lexicon	MED		
פליטולי	1	flˈitili	rule	LOW		
פלייט	1	flajt	rule	LOW		
פלייסיג	1	flˈajsiɡ	rule	LOW		
פלעט	1	flɛt	rule	LOW		
פלעטבוש'ער	1	flˈɛtbiʃər	rule	LOW		
פלעטבושער	1	flˈɛtbiʃər	rule	LOW		
פלעטפארם	1	flˈɛtfarm	rule	LOW		
פלענט	1	flɛnt	rule	LOW		
פלענס	1	flɛns	rule	LOW		
פלעסלאנט	1	fləslˈant	rule	LOW		
פלעפערן	1	flˈɛfərn	rule	LOW		
פלעש	1	flɛʃ	rule	LOW		
פמליא	1	pamalˈiə	printed-index	MED	fmlˈia	פּאַמאַליע
פן	1	pɛn	rule	LOW		
פניה	1	pnˈiə	printed-index	MED	fni	פּני*ע
פנימ'ער	1	fnˈimə ɛr	rule	LOW		
פסול'ע	1	fsˈilə	rule	LOW		
פסולת	1	psˈɔjləs	printed-index	MED	psˈɔjləs	פּסוילעס
פסחים	1	psˈuxim	rule	LOW		
פסיק	1	fsik	rule	LOW		
פסק'נסט	1	pasknst	fallback	LOW		
פסק'ען	1	pˈaskən	rule	LOW		
פסקים	1	pˈaskim	rule	LOW		
פסקין	1	pˈaskin	rule	LOW		
פעברואר	1	fˈɛbriar	rule	LOW		
פעה	1	fɛ	rule	LOW		
פעולות	1	pəˈilɔjs	rule	LOW		
פעטש	1	fɛʧ	rule	LOW		
פעיגקייטן	1	fˈajɡkaːtn	rule	LOW		
פעמים	1	pəˈumim	printed-index	MED	fˈɛmim	פּעאָמים
פענח	1	panˈajxa	rule	LOW		
פענטאגאן	1	fˈɛntaɡan	rule	LOW		
פענסי	1	fˈɛnsi	rule	LOW		
פענער	1	fˈɛnər	rule	LOW		
פעסטונג	1	fˈɛstinɡ	rule	LOW		
פעסטן	1	fɛstn	rule	LOW		
פעסטקייט	1	fˈɛstkaːt	rule	LOW		
פעספערט	1	fˈɛsfərt	rule	LOW		
פעקלעך	1	pˈɛkləx	lexicon	MED		
פער	1	fɛr	rule	LOW		
פערטער	1	fˈɛrtər	rule	LOW		
פערסאנעל	1	fˈɛrsanəl	rule	LOW		
פערסטער	1	fˈɛrstər	rule	LOW		
פערציגסטן	1	fˈɛrʦiɡstn	rule	LOW		
פערשט	1	fɛrʃt	rule	LOW		
פקידה	1	fkˈidə	rule	LOW		
פראבלעמאטיש	1	frˈabləmatiʃ	rule	LOW		
פראבע	1	frˈabə	rule	LOW		
פראגע	1	frˈaɡə	rule	LOW		
פראגעס	1	frˈaɡəs	lexicon	HIGH		
פראגראמען	1	frˈaɡramən	rule	LOW		
פראדוסער	1	frˈadisər	rule	LOW		
פראדוצירן	1	frˈadiʦirn	rule	LOW		
פראדוקטן	1	frˈadiktn	rule	LOW		
פראדוקציע	1	frˈadikʦiə	rule	LOW		
פראוד	1	frid	rule	LOW		
פראוועט	1	frˈavət	rule	LOW		
פראטעסטן	1	frˈatəstn	rule	LOW		
פראמאושן	1	frˈamiʃn	rule	LOW		
פראנטן	1	frantn	rule	LOW		
פראנירער	1	franˈirər	rule	LOW		
פראנסיסקא	1	frˈansiska	rule	LOW		
פראסעקיוטער	1	frˈasəkjitər	rule	LOW		
פראסעקיוטערס	1	frˈasəkjitərs	rule	LOW		
פראפייל	1	frˈafajl	rule	LOW		
פראפיל	1	frˈafil	rule	LOW		
פראפן	1	frafn	rule	LOW		
פראצעדור	1	fraʦədˈir	rule	LOW		
פראצעדורס	1	fraʦədˈirs	rule	LOW		
פראקטיש	1	frˈaktiʃ	rule	LOW		
פראקטישקייט	1	frˈaktiʃkaːt	rule	LOW		
פראקלאמירט	1	frˈaklamirt	rule	LOW		
פרואוון	1	frˈiavn	rule	LOW		
פרוטה	1	prˈitə	printed-index	MED	frˈitə	פּרוטע
פרט	1	prat	printed-index	MED	pərˈut	פּראַט
פרטות	1	frtis	fallback	LOW		
פרטיות	1	frtjis	fallback	LOW		
פרידלענדער	1	frˈidləndər	rule	LOW		
פריזן	1	frizn	rule	LOW		
פרייגיש	1	frˈajɡiʃ	rule	LOW		
פרייהייט	1	frˈajhaːt	rule	LOW		
פרייוועט	1	frˈajvət	rule	LOW		
פרייליך	1	frˈajləx	rule	LOW		
פרייליכקייט	1	frˈajlixkaːt	rule	LOW		
פריינטליכן	1	frˈajntləxn	rule	LOW		
פרייע	1	frˈajə	rule	LOW		
פרייצן	1	frajʦn	rule	LOW		
פרים	1	frim	rule	LOW		
פריע	1	frˈiə	rule	LOW		
פריעדמאן	1	frˈiədman	rule	LOW		
פריענס	1	frˈiəns	rule	LOW		
פריערדיגער	1	frˈiərdiɡər	rule	LOW		
פריקת	1	prˈikas	rule	LOW		
פרישות	1	prˈiʃis	rule	LOW		
פרס	1	pˈurəs	printed-index	MED	pˈurəs	פּאָרעס
פרסום	1	frsim	rule	LOW		
פרעגסטו	1	frˈɛɡsti	rule	LOW		
פרעדי	1	frˈɛdi	rule	LOW		
פרעון	1	frˈɛin	rule	LOW		
פרעזידענט'ס	1	frəzidˈɛnʦ	rule	LOW		
פרעזערווירן	1	frˈɛzərvirn	rule	LOW		
פרעיער	1	frˈajər	rule	LOW		
פרעמד	1	frɛmd	rule	LOW		
פרעמדן	1	frɛmdn	rule	LOW		
פרעמדער	1	frˈɛmdər	rule	LOW		
פרעמישלאן	1	prˈɛmiʃlan	lexicon	MED		
פרעמישלאנער	1	frəmiʃlˈanər	rule	LOW		
פרעמען	1	frˈɛmən	rule	LOW		
פרעסבאול	1	frˈɛzbil	rule	LOW		
פרעסט	1	frɛst	rule	LOW		
פרעשבורג	1	frˈɛʒbirɡ	rule	LOW		
פרפראות	1	parpərˈuɔjs	rule	LOW		
פשוטה	1	fʃˈitə	rule	LOW		
פשוטות	1	pʃˈitɔjs	rule	LOW		
פשוטי	1	fʃˈiti	rule	LOW		
פשט'ל	1	pʃutl	rule	LOW		
פשיטות	1	fʃˈitis	fallback	LOW		
פתאים	1	fsaːm	fallback	LOW		
פתגמי	1	fzɡmi	fallback	LOW		
פתוחה	1	psˈixə	rule	LOW		
פתחו	1	pˈisxi	rule	LOW		
פתיחת	1	psˈixas	rule	LOW		
צאגן	1	ʦaɡn	rule	LOW		
צארן	1	ʦarn	rule	LOW		
צאת	1	ʦajs	rule	LOW		
צבא	1	ʦba	rule	LOW		
צבי	1	ʦvi	printed-index	MED	ʦbi	צווי
צדוקים	1	ʦdˈikim	printed-index	MED	ʦdˈikim	צדוקים
צדיקי	1	ʦdˈiki	rule	MED		
צדקיא	1	ʦdkˈia	rule	LOW		
צדקניות	1	ʦadkunˈijɔjs	rule	LOW		
צדקת	1	ʦˈɛdajkəs	printed-index	MED	ʦˈɛdajkəs	צעדייקעס
צואיילן	1	ʦˈiajln	rule	LOW		
צובראכענער	1	ʦˈibraxənər	rule	LOW		
צוברענגען	1	ʦˈibrejnɡən	rule	MED		
צוגייט	1	ʦˈiɡajt	rule	MED		
צוגעבינדן	1	ʦˈiɡəbindn	rule	MED		
צוגעגעבן	1	ʦˈiɡəɡejbn	rule	MED		
צוגענומען	1	ʦˈiɡənimən	rule	MED		
צוגענייט	1	ʦˈiɡənajt	rule	MED		
צוגעפארן	1	ʦˈiɡəfarn	rule	LOW		
צוגערופן	1	ʦˈiɡərifn	rule	MED		
צוגעשיקט	1	ʦˈiɡəʃikt	rule	MED		
צוגעשריבן	1	ʦˈiɡəʃribn	rule	MED		
צוגרייטונגען	1	ʦˈiɡrajtinɡən	rule	MED		
צודעקן	1	ʦˈidəkn	rule	MED		
צודרייט	1	ʦˈidrajt	rule	MED		
צודריקן	1	ʦˈidrikn	rule	MED		
צוהאצן	1	ʦˈihaʦn	rule	LOW		
צוהעלפן	1	ʦˈihəlfn	rule	MED		
צוהערערס	1	ʦˈihərərs	rule	MED		
צווייטנ'ס	1	ʦvajtns	rule	MED		
צוזאג	1	ʦˈizuɡ	rule	MED		
צוזאמגעבענטשט	1	ʦˈizamɡəbənʧt	rule	LOW		
צוזאמגעברענגט	1	ʦˈizamɡəbrənɡt	rule	LOW		
צוזאמגעזאמלט	1	ʦˈizamɡəzamlt	rule	LOW		
צוזאמגעטראכט	1	ʦˈizamɡətraxt	rule	LOW		
צוזאמגעליטן	1	ʦˈizamɡəlitn	rule	LOW		
צוזאמגעלייגטע	1	ʦˈizamɡəlajɡtə	rule	LOW		
צוזאמגעפאקט	1	ʦˈizamɡəfakt	rule	LOW		
צוזאמגעקליבענע	1	ʦˈizamɡəklibənə	rule	LOW		
צוזאמגערופן	1	ʦˈizamɡərifn	rule	LOW		
צוזאמגערעגט	1	ʦˈizamɡərəɡt	rule	LOW		
צוזאמגערעדט	1	ʦˈizamɡərədt	rule	LOW		
צוזאמגערעכנט	1	ʦˈizamɡərəxnt	rule	LOW		
צוזאמווארפן	1	ʦˈizamvarfn	rule	LOW		
צוזאמליינען	1	ʦˈizamlajnən	rule	LOW		
צוזאמענגעשטעלט	1	ʦizˈamənɡəʃtəlt	rule	LOW		
צוזאמענדריקן	1	ʦizˈaməndrikn	rule	LOW		
צוזאמפאלן	1	ʦˈizamfaln	rule	LOW		
צוזאמשטעלן	1	ʦˈizamʃtəln	rule	LOW		
צוטאג	1	ʦˈituɡ	rule	MED		
צוטאגס	1	ʦˈitaɡs	rule	LOW		
צוטראסקעט	1	ʦˈitraskət	rule	LOW		
צוטרוי	1	ʦˈitrɔj	rule	MED		
צוטריט	1	ʦˈitrit	rule	MED		
צולאכט	1	ʦˈilaxt	rule	LOW		
צולויפן	1	ʦˈilɔjfn	rule	MED		
צונומען	1	ʦˈinimən	rule	MED		
צונען	1	ʦˈinən	rule	MED		
צוענדיגן	1	ʦˈiəndiɡn	rule	MED		
צוערשט	1	ʦˈiərʃt	rule	MED		
צופאליג	1	ʦˈifaliɡ	rule	LOW		
צופיליג	1	ʦˈifiliɡ	rule	LOW		
צוצוהערן	1	ʦˈiʦihərn	rule	MED		
צוצולייגן	1	ʦˈiʦilajɡn	rule	MED		
צוצומאכן	1	ʦˈiʦimaxn	rule	LOW		
צוקונפט	1	ʦˈikinft	rule	LOW		
צוקלאפט	1	ʦˈiklaft	rule	LOW		
צוקלאפן	1	ʦˈiklafn	rule	LOW		
צוקער	1	ʦˈikər	rule	MED		
צורבא	1	ʦˈirba	rule	LOW		
צורי	1	ʦˈiri	rule	MED		
צוריקגעבן	1	ʦirˈikɡəbən	rule	MED		
צוריקגעגעבן	1	ʦirˈikɡəɡejbn	rule	MED		
צוריקגעהאלטן	1	ʦirˈikɡəhaltn	rule	MED		
צוריקגעווארפן	1	ʦirˈikɡəvarfn	rule	LOW		
צוריקגעפאקט	1	ʦirˈikɡəfakt	rule	LOW		
צוריקגעפארן	1	ʦirˈikɡəfarn	rule	LOW		
צוריקגעקערט	1	ʦirˈikɡəkərt	rule	MED		
צוריקגעשטעלט	1	ʦirˈikɡəʃtəlt	rule	MED		
צוריקגעשיקט	1	ʦirˈikɡəʃikt	rule	MED		
צוריקדרייען	1	ʦirˈikdrajən	rule	MED		
צוריקהאלטן	1	ʦirˈikhaltn	rule	MED		
צוריקטראגן	1	ʦirˈiktraɡn	rule	LOW		
צוריקלייגן	1	ʦirˈiklajɡn	rule	MED		
צוריקנעמען	1	ʦirˈiknəmən	rule	MED		
צוריקענטפערן	1	ʦirˈikəntfərn	rule	LOW		
צוריקצואוועגס	1	ʦirˈikʦiavəɡs	rule	LOW		
צוריקצוקומען	1	ʦirˈikʦikimən	rule	MED		
צורך	1	ʦˈɔjrəx	printed-index	MED	ʦirx	צוירעך
צושאקלט	1	ʦˈiʃaklt	rule	LOW		
צושליסן	1	ʦˈiʃlisn	rule	MED		
צושניטן	1	ʦˈiʃnitn	rule	MED		
צושריי	1	ʦˈiʃraj	rule	MED		
ציגאנער	1	ʦiɡˈanər	rule	LOW		
ציווי	1	ʦˈivi	rule	MED		
ציוויים	1	ʦˈivajm	rule	MED		
ציט	1	ʦit	rule	MED		
ציטערדיג	1	ʦˈitərdiɡ	rule	MED		
צייטווייליגע	1	ʦˈajtvajliɡə	rule	MED		
צייטונגען	1	ʦˈajtinɡən	rule	MED		
צייכן	1	ʦajxn	rule	MED		
צייכנט	1	ʦajxnt	rule	MED		
ציילט	1	ʦajlt	rule	MED		
ציילן	1	ʦajln	rule	MED		
ציין	1	ʦajn	rule	MED		
ציינער	1	ʦˈajnər	rule	MED		
צילנדיג	1	ʦˈilndiɡ	rule	MED		
צינדט	1	ʦindt	rule	MED		
ציפיה	1	ʦˈifi	rule	LOW		
ציפית	1	ʦˈifis	fallback	LOW		
צירונגען	1	ʦˈirinɡən	rule	MED		
צירוף	1	ʦˈajrəf	printed-index	MED	ʦˈirif	ציירעף
צמאה	1	ʦma	rule	LOW		
צמצום	1	ʦmʦim	rule	MED		
צעבראכנקייט	1	ʦəbrˈaxnkaːt	rule	LOW		
צעבראכענע	1	ʦəbrˈaxənə	rule	LOW		
צעברעקלט	1	ʦəbrˈɛklt	rule	MED		
צעגייט	1	ʦəɡˈajt	rule	MED		
צעד	1	ʦɛd	rule	MED		
צעווארפן	1	ʦəvˈarfn	rule	LOW		
צעטיילט	1	ʦətˈajlt	rule	MED		
צעטלעך	1	ʦətlˈɛx	rule	MED		
צעטעלע	1	ʦətˈɛlə	rule	MED		
צעל	1	ʦɛl	rule	MED		
צעלן	1	ʦɛln	rule	MED		
צעמישט	1	ʦəmˈiʃt	rule	MED		
צענדן	1	ʦɛndn	rule	MED		
צענומען	1	ʦənˈimən	rule	MED		
צענטערן	1	ʦəntˈɛrn	rule	MED		
צענטראל	1	ʦəntrˈal	rule	LOW		
צעפלאקערט	1	ʦəflˈakərt	rule	LOW		
צעק	1	ʦɛk	rule	MED		
צעקלאפט	1	ʦəklˈaft	rule	LOW		
צערודערטע	1	ʦərˈidərtə	rule	MED		
צעריסן	1	ʦərˈisn	rule	MED		
צעשאסן	1	ʦəʃˈasn	rule	LOW		
צעשטערט	1	ʦəʃtˈɛrt	rule	MED		
צפור	1	ʦfir	rule	LOW		
צפנת	1	ʦˈufnəs	rule	LOW		
צרי	1	ʦri	rule	MED		
ק	1	kif	rule	LOW	kif	קוף
קִדְּמוּ	1	kˈidmi	rule	MED		
קָרוֹב	1	kˈurɔjb	rule	MED		
קֹרְאָיו	1	kˈɔjruji	rule	MED		
קֹרַח	1	kˈɔjrax	rule	LOW		
קאאליציע	1	kˈaaliʦiə	rule	LOW		
קאאפערעישאן	1	kˈaafərajʃan	rule	LOW		
קאארדינירן	1	kˈaardinirn	rule	LOW		
קאהן	1	kan	rule	LOW		
קאוד	1	kid	rule	LOW		
קאוטש	1	kiʧ	rule	LOW		
קאונטרי	1	kˈintri	rule	LOW		
קאונסלער	1	kˈinslər	rule	LOW		
קאוסט	1	kist	rule	LOW		
קאטאמאן	1	kˈataman	rule	LOW		
קאטעגאריע	1	kˈatəɡariə	rule	LOW		
קאימנא	1	kˈaːmna	rule	LOW		
קאכט	1	kaxt	rule	LOW		
קאלאמביע	1	kˈalambiə	rule	LOW		
קאלד	1	kald	rule	LOW		
קאלומניסט	1	kalimnˈist	rule	LOW		
קאלימערא	1	kˈaliməra	rule	LOW		
קאליצא	1	kˈaliʦa	rule	LOW		
קאלישליצער	1	kˈaliʃliʦər	rule	LOW		
קאלעגן	1	kˈaləɡn	rule	LOW		
קאמאושן	1	kˈamiʃn	rule	LOW		
קאמענד	1	kˈamənd	rule	LOW		
קאמענטארן	1	kˈaməntarn	rule	LOW		
קאמערע	1	kˈamərə	rule	LOW		
קאמערעס	1	kˈamərəs	rule	LOW		
קאמפאזיציעס	1	kˈamfaziʦiəs	rule	LOW		
קאמפאזער	1	kˈamfazər	rule	LOW		
קאמפאט	1	kˈamfat	rule	LOW		
קאמפאני'ס	1	kˈamfanis	rule	LOW		
קאמפאס	1	kˈamfas	rule	LOW		
קאמפארט	1	kˈamfart	rule	LOW		
קאמפארטעבל	1	kˈamfartəbl	rule	LOW		
קאמפיוטערס	1	kˈamfjitərs	rule	LOW		
קאמפיין	1	kɔmpˈajn	lexicon	HIGH		
קאמפיקירט	1	kˈamfikirt	rule	LOW		
קאמפליט	1	kˈamflit	rule	LOW		
קאמפלימענטס	1	kamflimˈɛnʦ	rule	LOW		
קאמפלעינט	1	kˈamflajnt	rule	LOW		
קאמפלעקס	1	kˈamfləks	rule	LOW		
קאנגרעספרוי	1	kˈanɡrəsfrɔj	rule	LOW		
קאנדידאטן	1	kˈandidatn	rule	LOW		
קאנדישענס	1	kˈandiʃəns	rule	LOW		
קאנטאקט	1	kˈantakt	rule	LOW		
קאנטיאנער	1	kˈantianər	rule	LOW		
קאנטע	1	kˈantə	rule	LOW		
קאנטעקטס	1	kˈantəkʦ	rule	LOW		
קאנטער	1	kˈantər	rule	LOW		
קאנטראווערסיאל	1	kˈantravərsial	rule	LOW		
קאנטראלט	1	kˈantralt	rule	LOW		
קאנטראלירטע	1	kˈantralirtə	rule	LOW		
קאנטראלן	1	kˈantraln	rule	LOW		
קאנטריס	1	kˈantris	rule	LOW		
קאנטרעקט	1	kˈantrəkt	rule	LOW		
קאניעווסקי	1	kˈaniəvski	rule	LOW		
קאנסענט	1	kansˈɛnt	rule	LOW		
קאנעטיקעט	1	kˈanətikət	rule	LOW		
קאנעקטעד	1	kˈanəktəd	rule	LOW		
קאנפיסקירונגען	1	kˈanfiskirinɡən	rule	LOW		
קאנפיסקירן	1	kˈanfiskirn	rule	LOW		
קאנפראנטירן	1	kˈanfrantirn	rule	LOW		
קאנצענטרירט	1	kˈanʦəntrirt	rule	LOW		
קאנצערט	1	kˈanʦərt	rule	LOW		
קאסוב	1	kˈasib	rule	LOW		
קאסטומערס	1	kˈastimərs	rule	LOW		
קאסטס	1	kasʦ	rule	LOW		
קאסטקא	1	kˈastka	rule	LOW		
קאפליטש	1	kˈafliʧ	rule	LOW		
קאפלמאן	1	kˈaflman	rule	LOW		
קאפעלעטש	1	kˈafələʧ	rule	LOW		
קארגא	1	kˈarɡa	rule	LOW		
קארדל	1	kardl	rule	LOW		
קארופטירט	1	kˈariftirt	rule	LOW		
קארטאפל	1	kˈartafl	rule	LOW		
קארטן	1	kurtn	lexicon	MED		
קאריער	1	kˈariər	rule	LOW		
קארלין	1	kˈarlin	rule	LOW		
קארעא	1	kˈarəa	rule	LOW		
קארת	1	kars	fallback	LOW		
קאשים	1	kˈaʃim	rule	LOW		
קבוע	1	kbˈiə	rule	MED		
קבוצה	1	kbˈiʦə	rule	MED		
קביעות	1	kviˈɛɔjs	rule	LOW		
קביעת	1	kbˈiəs	fallback	LOW		
קבר	1	kˈajvər	printed-index	MED	kˈɛvɛr	קייווער
קברי	1	kbri	rule	MED		
קברים	1	kbrim	rule	MED		
קדוש	1	kdiʃ	rule	MED		
קדושי	1	kdˈiʃi	rule	MED		
קדישא	1	kdˈiʃa	rule	LOW		
קדמאי	1	kdmaː	rule	LOW		
קדמוהי	1	kdmˈihi	rule	MED		
קדש	1	kˈɔjdəʃ	rule	LOW		
קדשי	1	kdʃi	rule	MED		
קדשנו	1	kdʃni	rule	MED		
קהלה	1	khlə	fallback	LOW		
קהלת	1	kɔjhˈɛlɛs	rule	LOW		
קו	1	ki	rule	MED		
קוֹל	1	kul	lexicon	HIGH		
קוואדראט	1	kvˈadrat	rule	LOW		
קוואל	1	kval	rule	LOW		
קוואליפיצירטע	1	kvˈalifiʦirtə	rule	LOW		
קוואקער	1	kvˈakər	rule	LOW		
קווארטיר	1	kvartˈir	rule	LOW		
קוועטש	1	kvɛʧ	rule	MED		
קוטנער	1	kˈitnər	rule	MED		
קוטשער'ס	1	kˈiʧərs	rule	MED		
קויפטס	1	kɔjfʦ	rule	LOW		
קויפסטאן	1	kˈɔjfstan	rule	LOW		
קוישל	1	kɔjʃl	rule	MED		
קוישלעך	1	kˈɔjʃləx	rule	MED		
קויתי	1	kivˈisi	rule	LOW		
קולות	1	kˈɔjləs	lexicon	HIGH		
קולים	1	kˈilim	rule	MED		
קוליסן	1	kˈilisn	rule	MED		
קומי	1	kˈimi	rule	MED		
קומסטו	1	kˈimsti	rule	MED		
קומענדיגער	1	kˈiməndiɡər	rule	MED		
קונגען	1	kˈinɡən	rule	MED		
קונטרס	1	kˈintrəs	printed-index	MED	kintrs	קונטרעס
קונטרסן	1	kintrsn	fallback	LOW		
קוקטס	1	kikʦ	rule	MED		
קוקנדיג	1	kˈikndiɡ	rule	MED		
קור	1	kir	rule	MED		
קורח	1	kˈɔjrax	rule	LOW		
קורענסי	1	kˈirənsi	rule	MED		
קורצליך	1	kˈirʦləx	rule	MED		
קורת	1	kˈɔjras	rule	LOW		
קטורה	1	ktˈirə	rule	MED		
קטנים	1	ktnim	rule	MED		
קידושים	1	kˈidiʃim	rule	MED		
קיוט	1	kjit	rule	MED		
קיטל	1	kitl	rule	MED		
קיטלעך	1	kˈitləx	rule	MED		
קייט	1	kajt	rule	MED		
קייטל	1	kajtl	rule	MED		
קייטלט	1	kajtlt	rule	MED		
קיים	1	kajm	rule	MED		
קייניער	1	kˈajniər	rule	MED		
קילורים	1	kˈilirim	rule	MED		
קימא	1	kˈima	rule	LOW		
קימאו	1	kˈimi	rule	LOW		
קינדערהיימען	1	kˈindərhajmən	rule	MED		
קינן	1	kinn	rule	MED		
קיסם	1	kism	rule	MED		
קיסר	1	kˈajsər	printed-index	MED	kisr	קייסער
קיעוו	1	kˈiəv	rule	MED		
קיץ	1	kiʦ	rule	MED		
קיצל	1	kiʦl	rule	MED		
קירגיזסטאן	1	kˈirɡizstan	rule	LOW		
קירדזשיסטאן	1	kˈirʤistan	rule	LOW		
קישקעס	1	kˈiʃkəs	rule	MED		
"קכ""א"	1	kif xuf ˈaləf	rule	LOW		
"קכ""ח"	1	kif xuf xɛs	rule	LOW		
קלאגן	1	kluɡn	lexicon	MED		
קלאודינג	1	klˈidinɡ	rule	LOW		
קלאוזינג	1	klˈizinɡ	rule	LOW		
קלאליצע	1	klˈaliʦə	rule	LOW		
קלאס	1	klas	rule	LOW		
קלאסיפייד	1	klˈasifajd	rule	LOW		
קלאפן	1	klapn	lexicon	MED		
קלאץ	1	klaʦ	rule	LOW		
קלארן	1	klarn	rule	LOW		
קלארער	1	klˈarər	rule	LOW		
קלוג	1	kliɡ	rule	MED		
קלוגע	1	klˈiɡə	rule	MED		
קלוגשאפט	1	klˈiɡʃaft	rule	LOW		
קלויבן	1	klɔjbn	rule	MED		
קלויז	1	klɔjz	rule	MED		
קלייד	1	klajd	rule	MED		
קלייט	1	klajt	rule	MED		
קליינטשיגע	1	klˈajnʧiɡə	rule	MED		
קליינליכע	1	klˈajnləxə	rule	MED		
קלינג	1	klinɡ	rule	MED		
קלינגט	1	klinɡt	rule	MED		
קלינגענדיגע	1	klˈinɡəndiɡə	rule	MED		
קליפ	1	klif	rule	LOW		
קליפתו	1	klˈifsi	fallback	LOW		
קליקס	1	kliks	rule	MED		
קלעבן	1	klɛbn	rule	MED		
קלעטערן	1	klˈɛtərn	rule	MED		
קלעי	1	klaj	rule	MED		
קלעפ	1	klɛf	rule	LOW		
קלעצער	1	klˈɛʦər	rule	MED		
קלעצקי	1	klˈɛʦki	rule	MED		
קלער	1	klɛr	rule	MED		
קלערט	1	klɛrt	rule	MED		
קמו	1	kmi	rule	MED		
קמיה	1	kmi	rule	MED		
קנייטש	1	knajʧ	rule	MED		
קנים	1	knim	rule	MED		
קנין	1	kˈiniən	printed-index	MED	knin	קיניען
קנעפל	1	knɛfl	rule	LOW		
קנעפלעך	1	knˈɛfləx	rule	LOW		
"קע""ב"	1	kif ˈajən bajs	rule	LOW		
קעיק	1	kajk	rule	MED		
קענדי	1	kˈɛndi	rule	MED		
קענסעלעישאן	1	kˈɛnsəlajʃan	rule	LOW		
קעסלען	1	kˈɛslən	rule	MED		
קעפל	1	kɛfl	rule	LOW		
קעריער	1	kˈɛriər	rule	MED		
קערעסטירער'ס	1	kˈɛrəstirərs	rule	MED		
קצוה	1	kʦi	rule	MED		
קציר	1	kʦir	rule	MED		
קראוהו	1	krˈihi	rule	LOW		
קראלי	1	krˈali	rule	LOW		
קראנק	1	krank	rule	LOW		
קראנקע	1	krˈankə	rule	LOW		
קראצט	1	kraʦt	rule	LOW		
קרבנות	1	kˈurbnɔjs	rule	LOW		
קרו	1	kri	rule	MED		
קרוז	1	kriz	rule	MED		
קרוין	1	krɔjn	rule	MED		
קרויס	1	krɔjs	rule	MED		
קרויסבורער	1	krˈɔjzbirər	rule	MED		
קרוישן	1	krɔjʃn	rule	MED		
קרום	1	krim	rule	MED		
קרי	1	kri	rule	MED		
קריאה	1	krˈia	rule	LOW		
קריאות	1	krˈiɔjs	rule	LOW		
קריאנא	1	krˈiana	rule	LOW		
קריגט	1	kriɡt	rule	MED		
קריגיג	1	krˈiɡiɡ	rule	MED		
קריגערישע	1	krˈiɡəriʃə	rule	MED		
קריטיקירט	1	krˈitikirt	rule	MED		
קריטיש	1	krˈitiʃ	rule	MED		
קרייז	1	krajz	rule	MED		
קרייזן	1	krajzn	rule	MED		
קריים	1	krajm	rule	MED		
קרייס	1	krajs	rule	MED		
קרילעוויצער	1	krˈiləviʦər	rule	MED		
קרימינעל	1	krˈiminəl	rule	MED		
קריפטא	1	krˈifta	rule	LOW		
קרישן	1	kriʃn	rule	MED		
קרישקעלע	1	krˈiʃkələ	rule	MED		
קריתא	1	krˈisa	fallback	LOW		
קרנינו	1	krnˈini	rule	MED		
קרעטשמע	1	krˈɛʧmə	rule	MED		
קרעטשמעס	1	krˈɛʧməs	rule	MED		
קרעיטס	1	krajʦ	rule	MED		
קרעכצן	1	krɛxʦn	rule	MED		
קרפף	1	krf	fallback	LOW		
קשובות	1	kʃˈibis	fallback	LOW		
קשור	1	kʃir	rule	MED		
רְאִיתִיו	1	risˈii	rule	LOW		
רָאשֵׁיכֶם	1	rˈuʃajxəm	rule	LOW		
רֹאשׁ	1	rɔjʃ	lexicon	HIGH		
ראביי	1	rˈabaj	rule	LOW		
ראדאמסקער	1	rˈadamskər	rule	LOW		
ראדאר	1	rˈadar	rule	LOW		
ראדארן	1	rˈadarn	rule	LOW		
ראה'ס	1	ras	rule	LOW		
ראוד	1	rid	rule	LOW		
ראודס	1	rids	rule	LOW		
ראולס	1	rils	rule	LOW		
ראז	1	raz	rule	LOW		
ראזינער'ס	1	rˈazinərs	rule	LOW		
ראזענבלאט	1	rˈazənblat	rule	LOW		
ראט	1	rat	rule	LOW		
ראטאווע	1	rˈatavə	rule	LOW		
ראלט	1	ralt	rule	LOW		
ראלע	1	rˈalə	rule	LOW		
ראסיסטיש	1	rˈasistiʃ	rule	LOW		
ראקעט	1	rˈakət	rule	LOW		
ראשל	1	raʃl	rule	LOW		
רבו	1	rbi	rule	MED		
רבי'שן	1	rbiʃn	rule	MED		
רבי'שע	1	rbˈiʃə	rule	MED		
רבינ'ס	1	rbins	rule	MED		
רבינו'ס	1	rbˈinis	rule	MED		
רביעא	1	rbˈiəa	rule	LOW		
רביעי	1	rəvˈiji	printed-index	MED	rbˈiaj	רעווי*י*
רביצין	1	rˈɛbəʦn	printed-index	MED	rbˈiʦin	רעבעצן
רביש	1	rˈɛbəʃ	printed-index	MED	rbiʃ	רעבעש
רבנוב'ער	1	rbnˈibər	rule	MED		
רבני	1	rbni	rule	MED		
רבעצין	1	rbˈɛʦin	rule	MED		
רגל	1	rɛɡl	printed-index	MED	rˈɛɡɛl	רעגל
"רד""ק"	1	rajʃ dˈuləd kif	rule	LOW		
רדיפות	1	rdˈifɔjs	rule	LOW		
רו	1	ri	rule	MED		
רואיגערהייט	1	rˈiaːɡərhaːt	rule	LOW		
רואיך	1	rˈiaːx	rule	LOW		
רואים	1	rˈiaːm	rule	LOW		
רובין	1	rˈibin	rule	MED		
רוגז	1	rˈɔjɡəz	printed-index	MED	riɡz	רויגעז
רודנ'ט	1	ridnt	rule	MED		
רודפ'ט	1	ridft	rule	LOW		
רוחניות'דיג	1	rˈixnjizdiɡ	fallback	LOW		
רוחניות'דיגע	1	ruxənijusdˈiɡɛ	rule	LOW		
רוטנער	1	rˈitnər	rule	MED		
רויבערייען	1	rˈɔjbərajən	rule	MED		
רויחי	1	rvˈixaj	rule	LOW		
רוממה	1	rˈimmə	rule	MED		
רומענישער	1	rˈiməniʃər	rule	MED		
רונדעס	1	rˈindəs	rule	MED		
רוסישן	1	rˈisiʃn	rule	MED		
רוסלאנד'ס	1	rˈislands	rule	LOW		
רופסט	1	rifst	rule	LOW		
רחבות'דיגע	1	rxbˈizdiɡə	fallback	LOW		
רחוקים	1	rxˈɔjkim	rule	LOW		
רחל'ן	1	rxln	fallback	LOW		
רחם	1	rˈaxajm	rule	LOW		
רחמי	1	raxˈamaj	rule	LOW		
רחמיו	1	raxˈamujv	rule	LOW		
"רי""ש"	1	rajʃ	rule	LOW		
ריאליסטיש	1	rˈialistiʃ	rule	LOW		
ריבית	1	rˈibəs	printed-index	MED	rˈibəs	ריבעס
ריבנער	1	rˈibnər	rule	MED		
ריגע	1	rˈiɡə	rule	MED		
ריווער	1	rˈivər	rule	MED		
ריזיקעס	1	rˈizikəs	rule	MED		
ריח	1	rˈajxa	rule	LOW		
ריטשארד	1	rˈiʧard	rule	LOW		
ריטשארדזשן	1	rˈiʧarʤn	rule	LOW		
ריטשארדזשער	1	rˈiʧarʤər	rule	LOW		
רייבן	1	rajbn	rule	MED		
רייזמאן	1	rˈajzman	rule	LOW		
רייזנדער	1	rˈajzndər	rule	MED		
רייכמאן	1	rˈajxman	rule	LOW		
רייכנדיג	1	rˈajxndiɡ	rule	MED		
ריין	1	rajn	rule	MED		
רייסן	1	rajsn	rule	MED		
ריכטונגען	1	rˈixtinɡən	rule	MED		
ריכטיגן	1	rˈixtiɡn	rule	MED		
רילעפס	1	rˈiləfs	rule	LOW		
רינג	1	rinɡ	rule	MED		
ריס	1	ris	rule	MED		
ריסערטש	1	rˈisərʧ	rule	MED		
ריק	1	rajk	printed-index	MED	rik	רייק
ריקן	1	rajkn	rule	LOW		
רישט	1	riʃt	rule	MED		
"רמ""ז"	1	rajʃ mɛm zˈajən	rule	LOW		
רמא	1	rma	rule	LOW		
רני	1	rni	rule	MED		
רעאקטאר	1	rˈɛaktar	rule	LOW		
רעגולער	1	rˈɛɡilər	rule	MED		
רעגירונגען	1	rˈɛɡirinɡən	rule	MED		
רעדוצירט	1	rˈɛdiʦirt	rule	MED		
רעדיקאליזירן	1	rˈɛdikalizirn	rule	LOW		
רעדל	1	rɛdl	rule	MED		
רעדלען	1	rˈɛdlən	rule	MED		
רעדנדיג	1	rˈɛdndiɡ	rule	MED		
רעדע	1	rˈɛdə	rule	MED		
רעוואלוציע	1	rˈɛvaliʦiə	rule	LOW		
רעות	1	rˈuɔjs	rule	LOW		
רעותא	1	rˈɛisa	fallback	LOW		
רעזולטאטן	1	rˈɛziltatn	rule	LOW		
רעזיגנאציע	1	rˈɛziɡnaʦiə	rule	LOW		
רעזערוו	1	rˈɛzərv	rule	MED		
רעיגען	1	rˈajɡən	rule	MED		
רעיון	1	rˈaːən	printed-index	MED	rˈajin	רײַען
רעילינג	1	rˈajlinɡ	rule	MED		
רעים	1	rajm	rule	MED		
רעכטע	1	rˈɛxtə	rule	MED		
רעכן	1	rɛxn	rule	MED		
רענסאמוועיר	1	rˈɛnsamvajr	rule	LOW		
רעסטאראנטן	1	rˈɛstarantn	rule	LOW		
רעסטוראן	1	rˈɛstiran	rule	LOW		
רעסטוראנטן	1	rˈɛstirantn	rule	LOW		
רעספאנדערס	1	rˈɛsfandərs	rule	LOW		
רעספאנס	1	rˈɛsfans	rule	LOW		
רעספעקטירט	1	rˈɛsfəktirt	rule	LOW		
רעספעקטפול	1	rˈɛsfəktfil	rule	LOW		
רעפארטער	1	rˈɛfartər	rule	LOW		
רעפלעקטירן	1	rˈɛfləktirn	rule	LOW		
רעפרעזענטירט	1	rˈɛfrəzəntirt	rule	LOW		
רעק	1	rɛk	rule	MED		
רעקארדינג	1	rˈɛkardinɡ	rule	LOW		
רעקארדינגס	1	rˈɛkardinɡs	rule	LOW		
רעקארדס	1	rˈɛkards	rule	LOW		
רעקארדער	1	rˈɛkardər	rule	LOW		
רעקרוטינג	1	rˈɛkritinɡ	rule	MED		
רעקרוטירן	1	rˈɛkritirn	rule	MED		
רפואי	1	rfˈiaː	rule	LOW		
רצונות	1	rʦˈɔjnɔjs	rule	LOW		
רצועה	1	rəʦˈiə	printed-index	MED	rʦˈiə	רעצוע
רשימה	1	rəʃˈimə	printed-index	MED	rʃˈimə	רעשימע
שְׁלֹמָם	1	ʃlˈɔjmum	rule	LOW		
שִׁבְטֵיכֶם	1	ʃˈivtajxəm	rule	MED		
שָׁלוֹם	1	ʃˈuləm	lexicon	HIGH		
שָׂכַר	1	sxar	printed-index	MED	sˈuxar	סכאַר
שֹׁאֵב	1	ʃajb	rule	MED		
שֹׁאֵל	1	ʃajl	rule	MED		
שְׁבוּתְךָ	1	ʃvˈisxu	rule	LOW		
שִׁיר	1	ʃir	printed-index	MED	ʃir	שיר
שִׁקּוּצֵיהֶם	1	ʃˈikiʦajhəm	rule	MED		
שֵׁבֶט	1	ʃˈajvət	rule	LOW		
שֹׁמְרִים	1	ʃˈɔjmrim	rule	MED		
שֹׁרֶשׁ	1	ʃˈɔjrəʃ	rule	LOW		
שאגת	1	ʃaˈaɡas	rule	LOW		
שאדל	1	ʃadl	rule	LOW		
שאהיד	1	ʃˈahid	rule	LOW		
שאהנה	1	ʃˈanə	rule	LOW		
שאוו	1	ʃav	rule	LOW		
שאוחז	1	ʃixz	fallback	LOW		
שאחיד	1	ʃˈaxid	fallback	LOW		
שאטן	1	ʃatn	rule	LOW		
שאינך	1	ʃaːnx	rule	LOW		
שאינני	1	ʃˈaːnni	rule	LOW		
שאיר	1	ʃaːr	rule	LOW		
שאלצא	1	ʃˈalʦa	rule	LOW		
שאם	1	ʃam	rule	LOW		
שאמרו	1	ʃˈamri	rule	LOW		
שאנכיי	1	ʃˈanxaj	rule	LOW		
שאנס	1	ʃans	rule	LOW		
שאנק	1	ʃank	rule	LOW		
שאסן	1	ʃasn	rule	LOW		
שאפנדיג	1	ʃˈafndiɡ	rule	LOW		
שאפראן	1	ʃˈafran	rule	LOW		
שאצל	1	ʃaʦl	rule	LOW		
שאקד	1	ʃakd	rule	LOW		
שאקט	1	ʃakt	rule	LOW		
שאקלען	1	ʃˈaklən	rule	LOW		
שאשתו	1	ʃˈaʃsi	fallback	LOW		
שאתה	1	ʃɛˈatu	rule	LOW		
שבהסתרה	1	ʒbhsrə	fallback	LOW		
שבועה	1	ʃvˈiə	printed-index	MED	ʒbˈiə	שוווּע
שבחים	1	ʃvˈuxim	printed-index	MED	ʃvˈuxim	שוואָכים
שבחצר	1	ʒbxʦr	fallback	LOW		
שבטא	1	ʒbta	rule	LOW		
שבטך	1	ʒbtx	fallback	LOW		
שבמוקצה	1	ʒbmˈikʦə	rule	MED		
שבקצתן	1	ʒbkʦsn	fallback	LOW		
שבראת	1	ʃɛburˈutu	rule	LOW		
שברון	1	ʒbrin	rule	MED		
שבתי	1	ʃˈapsə	printed-index	MED	ʃˈabəsi	שאַפּסע
שגורה	1	ʒɡˈirə	rule	MED		
שגורם	1	ʒɡirm	rule	MED		
שדי	1	ʃˈadaː	printed-index	MED	ʒdi	שאַדײַ
שדים	1	ʒdim	rule	MED		
שדכן	1	ʃadxn	lexicon	HIGH	ʃatxn	שאַטכן
שהבטיחו	1	ʃhbtˈixi	fallback	LOW		
שהולכות	1	ʃhˈilxis	fallback	LOW		
שהחיינו	1	ʃəxəiˈuni	printed-index	MED	ʃəxəiˈuni	שעכעיאָנו
שהיא	1	ʃhˈia	rule	LOW		
שהיו	1	ʃhji	rule	MED		
שהכל	1	ʃəhˈakɔjl	rule	LOW		
שהכעיסו	1	ʃhxˈajsi	rule	MED		
שהלכו	1	ʃhlxi	rule	MED		
שהמדינה	1	ʃhmdˈinə	rule	MED		
שהשמש	1	ʃhʃmʃ	fallback	LOW		
שו	1	ʃi	rule	MED		
"שו""ת"	1	ʃin vuv tuf	rule	LOW		
שואף	1	ʃˈiaf	rule	LOW		
שוב	1	ʃib	rule	MED		
"שובבי""ם"	1	ʃin vuv bajs bajs jid mɛm	rule	LOW		
שובה	1	ʃˈibə	rule	MED		
שובלין	1	ʃˈiblin	rule	MED		
שוגג	1	ʃˈɔjɡəɡ	printed-index	MED	ʃiɡ	שויגעג
שוואגערס	1	ʃvˈaɡərs	rule	LOW		
שוואדראן	1	ʃvˈadran	rule	LOW		
שוואכסטער	1	ʃvˈaxstər	rule	LOW		
שוואכער	1	ʃvˈaxər	rule	LOW		
שווארמא	1	ʃvˈarma	rule	LOW		
שווארצען	1	ʃvˈarʦən	rule	LOW		
שווארצערהייט	1	ʃvˈarʦərhaːt	rule	LOW		
שווי	1	ʃvi	rule	MED		
שוויגער'ס	1	ʃvˈiɡərs	rule	MED		
שווייגט	1	ʃvajɡt	rule	MED		
שווייס	1	ʃvajs	rule	MED		
שווייץ	1	ʃvajʦ	rule	MED		
שווינדל	1	ʃvindl	rule	MED		
שוויץ	1	ʃviʦ	rule	MED		
שוויצנד	1	ʃviʦnd	rule	MED		
שוויתי	1	ʃəvvˈisi	rule	LOW		
שוועגערין	1	ʃvˈɛɡərin	rule	MED		
שווענקט	1	ʃvɛnkt	rule	MED		
שווערן	1	ʃvɛrn	rule	MED		
שוחט	1	ʃˈɔjxət	lexicon	HIGH	ʃˈɔjxət	שויכעט
שוי	1	ʃɔj	rule	MED		
שוידערליכע	1	ʃˈɔjdərləxə	rule	MED		
שומענדיגע	1	ʃˈiməndiɡə	rule	MED		
שונאי	1	ʃˈinaː	rule	LOW		
שונאים	1	ʃˈinaːm	rule	LOW		
שופרא	1	ʃˈifra	rule	LOW		
שור	1	ʃur	printed-index	MED	ʃir	שאָר
שושן	1	ʃiʃn	rule	MED		
שותה	1	ʃˈisə	fallback	LOW		
שותין	1	ʃˈisin	fallback	LOW		
שזה	1	ʃˈɛzə	rule	LOW		
שחטא	1	ʃəxˈutu	rule	LOW		
שטאמט	1	ʃtamt	rule	LOW		
שטאפענעם	1	ʃtˈafənəm	rule	LOW		
שטאקן	1	ʃtakn	rule	LOW		
שטויבער	1	ʃtˈɔjbər	rule	MED		
שטולן	1	ʃtiln	rule	MED		
שטום	1	ʃtim	rule	MED		
שטופן	1	ʃtifn	rule	LOW		
שטופער	1	ʃtˈifər	rule	LOW		
שטורעמישע	1	ʃtˈirəmiʃə	rule	MED		
שטות	1	ʃtis	printed-index	MED	ʃtis	שטוס
שטיבל	1	ʃtibl	rule	MED		
שטיבער	1	ʃtˈibər	rule	MED		
שטייגט	1	ʃtajɡt	rule	MED		
שטיינמעץ	1	ʃtˈajnməʦ	rule	MED		
שטייענדיגע	1	ʃtˈajəndiɡə	rule	MED		
שטייער	1	ʃtˈajər	rule	MED		
שטייערן	1	ʃtˈajərn	rule	MED		
שטילשטאנד	1	ʃtˈilʃtand	rule	LOW		
שטימונג	1	ʃtˈiminɡ	rule	MED		
שטימען	1	ʃtˈimən	rule	MED		
שטיף	1	ʃtif	rule	LOW		
שטיפעניש	1	ʃtˈifəniʃ	rule	LOW		
שטיקער	1	ʃtˈikər	rule	MED		
שטנדיג	1	sˈutundiɡ	rule	LOW		
שטעט	1	ʃtɛt	rule	MED		
שטעטעלע	1	ʃtˈɛtələ	rule	MED		
שטעלונג	1	ʃtˈɛlinɡ	rule	MED		
שטענדיגע	1	ʃtˈɛndiɡə	rule	MED		
שטעקט	1	ʃtɛkt	rule	MED		
שטעקנס	1	ʃtɛkns	rule	MED		
שטער	1	ʃtɛr	rule	MED		
שטערט	1	ʃtɛrt	rule	MED		
שטערקערע	1	ʃtˈɛrkərə	rule	MED		
שטראף	1	ʃtruf	lexicon	MED		
שטרייבן	1	ʃtrajbn	rule	MED		
שטריימל	1	ʃtrajml	rule	MED		
שטריכן	1	ʃtrixn	rule	MED		
שטרענגל	1	ʃtrɛnɡl	rule	MED		
שטרענגע	1	ʃtrˈɛnɡə	rule	MED		
שטרענגער	1	ʃtrˈɛnɡər	rule	MED		
שטרעקסט	1	ʃtrɛkst	rule	MED		
שטרעקע	1	ʃtrˈɛkə	rule	MED		
שיאיר	1	ʃˈiaːr	rule	LOW		
שיבות	1	ʃˈibis	fallback	LOW		
שיהא	1	ʃˈiha	rule	LOW		
שיזכה	1	ʃˈizxə	rule	MED		
שיח	1	sˈixa	rule	LOW		
שיחון	1	sˈixuən	rule	LOW		
שיחיו	1	ʃɛjixˈɛju	rule	LOW		
שיטתיה	1	ʃˈiʦi	fallback	LOW		
שיי	1	ʃaj	rule	MED		
שיינט	1	ʃajnt	rule	MED		
שיינער	1	ʃˈajnər	rule	MED		
שיינקייט	1	ʃˈajnkaːt	rule	MED		
שיך	1	ʃix	rule	MED		
שיכנסו	1	ʃˈixnsi	rule	MED		
שילוב	1	ʃˈilib	rule	MED		
שינאווע	1	ʃˈinavə	rule	LOW		
שיניו	1	ʃˈinji	rule	MED		
שיסורים	1	ʃˈisirim	rule	MED		
שיסן	1	ʃisn	rule	MED		
שיסער	1	ʃˈisər	rule	MED		
שיסעריי	1	ʃˈisəraj	rule	MED		
שיעורי	1	ʃˈiəiri	rule	MED		
שיעמום	1	ʃˈiəmim	rule	MED		
שיפלעך	1	ʃˈifləx	rule	LOW		
שיפלען	1	ʃˈiflən	rule	LOW		
שיקוציהון	1	ʃˈikiʦihin	rule	MED		
שיקל	1	ʃikl	rule	MED		
שירצה	1	ʃˈirʦə	rule	MED		
שירשום	1	ʃˈirʃim	rule	MED		
שיש	1	ʃiʃ	rule	MED		
שישבו	1	ʃˈiʒbi	rule	MED		
שישי	1	ʃˈiʃi	printed-index	MED	ʃˈiʃi	שישי
שישמעו	1	ʃˈiʃməi	rule	MED		
שישתדלו	1	ʃˈiʒzdli	fallback	LOW		
שיתמהמה	1	ʃɛjismahmˈajha	rule	LOW		
שכבר	1	ʃəkvˈur	rule	LOW		
שכחני	1	ʃxni	fallback	LOW		
שכיה	1	ʃxi	rule	MED		
שכינתא	1	ʃxˈintu	rule	LOW		
שכשיגמרו	1	ʃxʃˈiɡmri	rule	MED		
שלאג	1	ʃlaɡ	rule	LOW		
שלאגט	1	ʃlaɡt	rule	LOW		
שלאגן	1	ʃlaɡn	rule	LOW		
שלאכטפעלד	1	ʃlˈaxtfəld	rule	LOW		
שלו	1	ʃli	rule	MED		
שלוחי	1	ʃlˈixi	fallback	LOW		
שלותא	1	ʃlˈisa	fallback	LOW		
שלחתי	1	ʃlxsi	fallback	LOW		
שליטה	1	ʃlˈitə	printed-index	MED	ʃlˈitə	שליטע
שליכטונג	1	ʃlˈixtinɡ	rule	MED		
שלים	1	ʃlim	rule	MED		
שליס	1	ʃˈɛlis	rule	LOW		
שליסל	1	ʃlisl	rule	MED		
שלמה'ס	1	ʃlˈɔjmɔjhs	rule	LOW		
שלמים	1	ʃlmim	rule	MED		
שלנו	1	ʃlni	rule	MED		
שלעזינגער	1	ʃlˈɛzinɡər	rule	MED		
שלשים	1	ʃlʃim	rule	MED		
שמא	1	ʃˈɛma	printed-index	MED	ʃma	שעמאַ
שמאל	1	ʃmal	rule	LOW		
שמאלץ	1	ʃmalʦ	rule	LOW		
שמדד	1	ʃmd	fallback	LOW		
שמדות	1	ʃəmˈidɔjs	rule	LOW		
שמועות	1	ʃmiˈɛɔjs	rule	LOW		
שמוציגער	1	ʃmˈiʦiɡər	rule	MED		
שמח	1	sumˈajxa	rule	LOW		
שמחות	1	smˈuxɔjs	rule	LOW		
שמחים	1	smˈajxim	rule	LOW		
שמחתכם	1	simxˈasxəm	rule	LOW		
שמייכלדיגע	1	ʃmˈajxldiɡə	rule	MED		
שמייכלדיגער	1	ʃmˈajxldiɡər	rule	MED		
שמייכלט	1	ʃmajxlt	rule	MED		
שמייכלטס	1	ʃmajxlʦ	rule	MED		
שמייכלעך	1	ʃmˈajxləx	rule	MED		
שמלא	1	ʃmla	rule	LOW		
שמן	1	ʃˈɛmɛn	rule	LOW		
שמעטער	1	ʃmˈɛtər	rule	MED		
שמעלצא	1	ʃmˈɛlʦa	rule	LOW		
שמעלקא	1	ʃmˈɛlka	rule	LOW		
שמעק	1	ʃmɛk	rule	MED		
שמעקן	1	ʃmɛkn	rule	MED		
שמץ	1	ʃˈajməʦ	rule	LOW		
שמצוה	1	ʃmʦi	rule	MED		
שמשנכנס	1	ʃəmiʃənˈixnas	rule	LOW		
שנא	1	ʃna	rule	LOW		
שנור	1	ʃnir	rule	MED		
שניא	1	ʃnˈia	rule	LOW		
שניאור	1	ʃnˈajər	printed-index	MED	ʃnˈiir	שנייער
שניה	1	ʃni	rule	MED		
שניהם	1	ʃnim	rule	MED		
שנייאיגע	1	ʃnˈajaːɡə	rule	LOW		
שניצל	1	ʃniʦl	rule	MED		
שניצלער	1	ʃnˈiʦlər	rule	MED		
שניתי	1	ʃunˈisi	rule	LOW		
שנכנסין	1	ʃnxnsin	fallback	LOW		
שנמשלה	1	ʃənˈimʃəlu	rule	LOW		
שנעלע	1	ʃnˈɛlə	rule	MED		
שנעלערע	1	ʃnˈɛlərə	rule	MED		
שנראה	1	ʃnra	rule	LOW		
שנשארו	1	ʃnʃˈari	rule	LOW		
שנשברה	1	ʃənˈiʒbəru	rule	LOW		
"שס""ה"	1	ʃin sˈaməx haj	rule	LOW		
שסמוך	1	ʃsmix	rule	MED		
שעבר	1	ʃɛbr	rule	MED		
שעד	1	ʃɛd	rule	MED		
שעדיגן	1	ʃˈɛdiɡn	rule	MED		
שעהנא	1	ʃˈɛna	rule	LOW		
שעומד	1	ʃˈɛimd	rule	MED		
שעושה	1	ʃˈɛiʃə	rule	MED		
שעיד	1	ʃajd	rule	MED		
שעיפ	1	ʃajf	rule	LOW		
שעירט	1	ʃajrt	rule	MED		
שעכטער	1	ʃˈɛxtər	rule	MED		
שעלט	1	ʃɛlt	rule	MED		
שעלטסטו	1	ʃˈɛlʦti	rule	MED		
שעלע	1	ʃˈɛlə	rule	MED		
שעם	1	ʃɛm	rule	MED		
שעמדה	1	ʃˈɛmdə	rule	MED		
שענסטן	1	ʃɛnstn	rule	MED		
שעצונג	1	ʃˈɛʦinɡ	rule	MED		
שערי	1	ʃˈɛri	rule	MED		
שערים	1	ʃˈɛrim	rule	MED		
שעריף	1	ʃˈɛrif	rule	LOW		
שערל	1	ʃɛrl	rule	MED		
שערן	1	ʃˈaarn	rule	LOW		
שערער	1	ʃˈɛrər	rule	MED		
שעתיד	1	ʃˈɛsid	fallback	LOW		
שפאגל	1	ʃpaɡl	rule	LOW		
שפאנונג	1	ʃpˈaninɡ	rule	LOW		
שפאניע	1	ʃpˈaniə	rule	LOW		
שפאציר	1	ʃpaʦˈir	rule	LOW		
שפוך	1	ʃpix	rule	LOW		
שפטרנו	1	ʃpˈatərni	rule	LOW		
שפיגל	1	ʃpiɡl	rule	LOW		
שפיטול	1	ʃpˈitil	rule	LOW		
שפיטצער	1	ʃpˈitʦər	rule	LOW		
שפיצער	1	ʃpˈiʦər	rule	LOW		
שפירט	1	ʃpirt	rule	LOW		
שפך	1	ʃˈufax	rule	LOW		
שפכת	1	ʃpxs	fallback	LOW		
שפל	1	ʃufl	printed-index	MED	ʃəfˈal	שאָפֿל
שפענדל	1	ʃpɛndl	rule	LOW		
שפענדלעך	1	ʃpˈɛndləx	rule	LOW		
שפרן	1	ʃfarn	rule	LOW		
שפתותיו	1	sifsˈɔjsujv	rule	LOW		
שפתיו	1	səfˈusujv	rule	LOW		
שפתים	1	ʃpsim	fallback	LOW		
שפתינו	1	sfusˈajni	rule	LOW		
שקדמונו	1	ʃkdmˈini	rule	MED		
שקוצים	1	ʃkˈiʦim	rule	MED		
שקורה	1	ʃkˈirə	rule	MED		
שקיבל	1	ʃkibl	rule	MED		
שקל	1	ʃɛkl	printed-index	MED	ʃˈɛkɛl	שעקל
שרגא	1	ʃrˈaɡə	printed-index	MED	ʃrɡa	שראַגע
שרי	1	ʃri	rule	MED		
שריא	1	ʃrˈia	rule	LOW		
שריה	1	ʃri	rule	MED		
שרייבטיש	1	ʃrˈajbtiʃ	rule	MED		
שרייבסטו	1	ʃrˈajbsti	rule	MED		
שרייבער	1	ʃrˈajbər	rule	MED		
שרמז	1	ʃərˈɛməz	rule	LOW		
שרמזנו	1	ʃrmzni	fallback	LOW		
שרעק	1	ʃrɛk	rule	MED		
שרעקליכקייט	1	ʃrˈɛklixkaːt	rule	MED		
שרעקעדיג	1	ʃrˈɛkədiɡ	rule	MED		
שרעקעדיגע	1	ʃrˈɛkədiɡə	rule	MED		
שרץ	1	ʃˈɛrəʦ	rule	LOW		
ששה	1	ʃˈiʃə	rule	LOW		
שתדל'ען	1	ʒzdlɛn	fallback	LOW		
שתיהן	1	ʃtˈiən	printed-index	MED	ʃtˈiən	שטי*ען
שתיקה	1	ʃsˈikə	rule	LOW		
"ת""ע"	1	tuf ˈajən	rule	LOW		
"ת""צ"	1	tuf ʦˈadik	rule	LOW		
תְּרוּעַת	1	trˈias	rule	LOW		
תְרוּעָה	1	srˈiə	rule	LOW		
תִּהְיֶה	1	tˈihə	rule	LOW		
תִּפְאֶרֶת	1	tˈifərəs	rule	LOW		
תִדְרְשֶׁנּוּ	1	sidrʃˈɛni	rule	LOW		
תִדְרֹשׁ	1	sˈidrɔjʃ	rule	LOW		
תַקְשׁוּ	1	sˈakʃi	rule	LOW		
תָּמִים	1	tˈumim	rule	LOW		
תָקוּם	1	sˈukim	rule	LOW		
תְּרַחֵם	1	trˈaxajm	rule	LOW		
תָּמִיד	1	tˈumid	lexicon	HIGH	tˈuməd	טאָמעד
תאוות	1	tˈavɔjs	rule	LOW		
תאמין	1	taˈamin	rule	LOW		
תאמץ	1	təˈamajʦ	rule	LOW		
תארך	1	sarx	fallback	LOW		
תבואה	1	tvˈiə	rule	LOW		
תבורך	1	zbirx	fallback	LOW		
תבכה	1	tˈivkə	rule	LOW		
תבשילים	1	zbʃˈilim	fallback	LOW		
תדירא	1	zdˈira	fallback	LOW		
תהלה	1	təhˈilu	rule	LOW		
תהלתך	1	təhilusˈɛxu	rule	LOW		
תהש	1	shʃ	fallback	LOW		
תודיעני	1	sˈidiəni	fallback	LOW		
תוכו	1	tˈɔjxɔj	rule	LOW		
תוכחות	1	tɔjxˈuxɔjs	rule	LOW		
תולדותיהם	1	tɔjldɔjsˈajhəm	rule	LOW		
תוליד	1	tˈɔjlid	rule	LOW		
"תומ""ה"	1	tuf vuv mɛm haj	rule	LOW		
תופיע	1	sˈifiə	fallback	LOW		
תופר	1	sifr	fallback	LOW		
תורה'דיגע	1	sˈirhdiɡə	rule	LOW		
תורה'ס	1	sirhs	rule	LOW		
תורתינו	1	tvrusˈajnu	rule	LOW		
תחומין	1	txˈimin	rule	LOW		
תחילה	1	txˈilə	rule	LOW		
תחל	1	tˈuxajl	rule	LOW		
תחסיסי	1	sxsˈisi	fallback	LOW		
תחקור	1	taxˈakɔjr	rule	LOW		
תחתונים	1	taxtˈɔjnim	printed-index	MED	taxtˈɔjnim	טאַכטוינים
"תי""ו"	1	tuf	rule	LOW		
תיבות'ן	1	tˈajvɔjsn	rule	LOW		
תיבל	1	sibl	fallback	LOW		
תימנ'ער	1	sˈimnər	fallback	LOW		
תיקו	1	tˈajki	printed-index	MED	tˈajki	טייקו
תיקוני	1	tikˈinaj	rule	LOW		
תיקונים	1	tjkˈunim	rule	LOW		
תיקח	1	tikx	rule	LOW		
תירוצים	1	tirˈiʦim	rule	LOW		
תכונת	1	sxins	fallback	LOW		
תל	1	tajl	rule	LOW		
תלמידיהם	1	talmidˈajhɛm	rule	LOW		
תלמידיך	1	slmˈidix	fallback	LOW		
תמאס	1	smas	fallback	LOW		
תמוט	1	smit	fallback	LOW		
תמור	1	smir	fallback	LOW		
תמחה	1	tˈimxɛ	rule	LOW		
תמיד	1	tˈumid	lexicon	HIGH	tˈuməd	טאָמעד
תמידין	1	tmˈidin	rule	LOW		
תמימות'דיגער	1	smˈimizdiɡər	fallback	LOW		
תממה	1	smmə	fallback	LOW		
תמצא	1	tˈimʦu	rule	LOW		
תמר	1	tˈumur	rule	LOW		
תנועה	1	tnˈiə	printed-index	MED	tnˈiə	טנוע
תענוג	1	taˈanuɡ	rule	LOW		
תעניו	1	sˈɛnji	fallback	LOW		
תענישני	1	sˈɛniʃni	fallback	LOW		
תעניתים	1	taanˈisim	rule	LOW		
תעשה	1	taˈasɛ	rule	LOW		
תעשה'ס	1	taˈasɛhs	rule	LOW		
תעשני	1	sˈɛʃni	fallback	LOW		
תפחות	1	sfxis	fallback	LOW		
תפיסה'דיגע	1	sfˈishdiɡə	fallback	LOW		
תפלין	1	tfˈilin	rule	LOW		
תפלתי	1	sflsi	fallback	LOW		
תפקידו	1	sfkˈidi	fallback	LOW		
תצער	1	sʦɛr	fallback	LOW		
תקווה	1	tˈikvvu	rule	LOW		
תקומה	1	tkˈimə	printed-index	MED	tkˈimə	טקומע
תקופות	1	tkˈifɔjs	rule	LOW		
תקח	1	tˈikax	rule	LOW		
"תקט""ו"	1	tuf kif tɛs vuv	rule	LOW		
תקנות	1	tikˈunɔjs	rule	LOW		
"תקפ""ט"	1	tuf kif paj tɛs	rule	LOW		
תקפיה	1	skfi	fallback	LOW		
תקרה	1	skrə	fallback	LOW		
תרני	1	srni	fallback	LOW		
תרצין	1	srʦin	fallback	LOW		
תרשיש	1	tˈarʃiʃ	rule	LOW		
"תש""ז"	1	tuf ʃin zˈajən	rule	LOW		
"תש""ט"	1	tuf ʃin tɛs	rule	LOW		
תשבחן	1	zʒbxajn	rule	LOW		
"תשי""ד"	1	tuf ʃin jid dˈuləd	rule	LOW		
"תשי""ז"	1	tuf ʃin jid zˈajən	rule	LOW		
תשיתמו	1	sʃˈismi	fallback	LOW		
תשכחנו	1	tiʃkuxˈajnu	rule	LOW		
"תשל""א"	1	tuf ʃin lˈaməd ˈaləf	rule	LOW		
"תשל""ב"	1	tuf ʃin lˈaməd bajs	rule	LOW		
"תשפ""ד"	1	tuf ʃin paj dˈuləd	rule	LOW		
תתלוצצו	1	slˈiʦi	fallback	LOW		
תתמה	1	smə	fallback	LOW		
תתנו	1	sni	fallback	LOW		
תתפלל	1	sfll	fallback	LOW		
אַבֿדה	0	avˈajdə	printed-index	MED		אַוויידע
אַבֿיגדור	0	ˈaviɡdər	printed-index	MED		אַוויגדער
אַבֿישלום	0	aviʃˈuləm	printed-index	MED		אַווישאָלעם
אַבֿשלום	0	avʃˈuləm	printed-index	MED		אַוושאָלעם
אַבא	0	ˈabə	printed-index	MED		אַבע
אַגדה	0	aɡˈudə	printed-index	MED		אַגאָדע
אַגדתּא	0	aɡadˈɛtə	printed-index	MED		אַגאַדעטע
אַגודה	0	aɡˈidə	printed-index	MED		אַגודע
אַגודהניק	0	aɡidˈɛnik	printed-index	MED		אַגודעניק
אַדוני	0	adˈɔjni	printed-index	MED		אַדויני
אַדיר	0	ˈadir	printed-index	MED		אַדיר
אַדמה	0	adˈumə	printed-index	MED		אַדאָמע
אַהרן	0	arn	printed-index	MED		אַרן
אַוודאי	0	avˈadə	printed-index	MED		אַוואַדע
אַוויר	0	ˈavər	printed-index	MED		אַווער
אַווירן	0	ˈavərn	printed-index	MED		אַווערן
אַזהרה	0	azhˈurə	printed-index	MED		אַזהאָרע
אַחוץ	0	ˈaxiʦ	printed-index	MED		אַכוץ
אַחר	0	ˈaxər	printed-index	MED		אַכער
אַחשוורוש	0	axaʃvˈajrəʃ	printed-index	MED		אַכאַשוויירעש
אַחשתּרנים	0	axaʃtrˈunim	printed-index	MED		אַכאַשטראָנים
אַילונית	0	aːlˈɛnis	printed-index	MED		אײַלעניס
אַכזר	0	ˈaxzər	printed-index	MED		אַכזער
אַכילה	0	axˈilə	printed-index	MED		אַכילע
אַכלן	0	ˈaxlən	printed-index	MED		אַכלען
אַכלען	0	ˈaxlən	printed-index	MED		אַכלען
אַכסניא	0	axsanˈiə	printed-index	MED		אַכסאַניע
אַלוף	0	ˈaləf	printed-index	MED		אַלעף
אַלכּסנדר	0	alˈɛksandər	printed-index	MED		אַלעקסאַנדער
אַלכסון	0	ˈalaxsn	printed-index	MED		אַלאַכסן
אַלמאַי	0	alˈɛmaː	printed-index	MED		אַלעמײַ
אַלמן	0	ˈalmən	printed-index	MED		אַלמען
אַלמנה	0	almˈunə	printed-index	MED		אַלמאָנע
אַמורא	0	amˈɔjrə	printed-index	MED		אַמוירע
אַמנון	0	ˈamnən	printed-index	MED		אַמנען
אַנדרוגינוס	0	andrˈɔjɡinəs	printed-index	MED		אַנדרויגינעס
אַנשי	0	ˈanʃə	printed-index	MED		אַנשע
אַסותא	0	asˈisə	printed-index	MED		אַסוסע
אַסיפֿה	0	asˈifə	printed-index	MED		אַסיפֿע
אַסכּרה	0	askˈɛrə	printed-index	MED		אַסקערע
אַסמכתּא	0	asmˈaxtə	printed-index	MED		אַסמאַכטע
אַסנה	0	ˈasnə	printed-index	MED		אַסנע
אַסרן	0	ˈasərn	printed-index	MED		אַסערן
אַפּוטרופּ(ו)ס	0	apˈɛtrupəs	printed-index	MED		אַפּעטראָפּעס
אַפּיקורס	0	apˈikɔjrəs	printed-index	MED		אַפּיקוירעס
אַפּיקורסטע	0	apikɔjrˈɛstə	printed-index	MED		אַפּיקוירעסטע
אַפּיקורסיש	0	apikˈursiʃ	printed-index	MED		אַפּיקאָרסיש
אַפּשיטא	0	apʃˈitə	printed-index	MED		אַפּשיטע
אַפֿיקומן	0	afˈikɔjmən	printed-index	MED		אַפֿיקוימען
אַרבה	0	ˈarbə	printed-index	MED		אַרבע
אַרבעים	0	arbˈujim	printed-index	MED		אַרבאָי*ם
אַרויספּטרן	0	arɔjspˈatərn	printed-index	MED		אַרויספּאַטערן
אַרורה	0	arˈirə	printed-index	MED		אַרורע
אַריבערגנבֿענען	0	aribərɡˈanvənən	printed-index	MED		אַריבערגאַנווענען
אַריה	0	arˈiə	printed-index	MED		אַריע
אַרם	0	ˈaram	printed-index	MED		אַראַם
אַרמי	0	arˈami	printed-index	MED		אַראַמי
אַרמיש	0	arˈamiʃ	printed-index	MED		אַראַמיש
אַררט	0	arˈurat	printed-index	MED		אַראָראַט
אַרײַנגנבֿענען	0	araːnɡˈanvənən	printed-index	MED		אַרײַנגאַנווענען
אַרײַנישבֿע(נע)ן	0	araːniˈaʃvənən	printed-index	MED		אַרײַניאַשווע(נע)ן
אַשור	0	ˈaʃir	printed-index	MED		אַשור
אַשכּנז	0	aʃkˈɛnaz	printed-index	MED		אַשקענאַז
אַשכּנזי	0	aʃkənˈazi	printed-index	MED		אַשקענאַזי
אַשכּנזיש	0	aʃkənˈaziʃ	printed-index	MED		אַשקענאַזיש
אַשכּנזער	0	aʃkˈɛnazər	printed-index	MED		אַשקענאַזער
אַשמדאַי	0	aʃmˈɛdaː	printed-index	MED		אַשמעדײַ
אַשמורה	0	aʃmˈɔjrə	printed-index	MED		אַשמוירע
אַשפּה	0	ˈaʃpə	printed-index	MED		אַשפּע
אַשרי	0	ˈaʃraj	printed-index	MED		אַשריי
אָבֿל	0	uvl	printed-index	MED		אָוול
אָבֿלטע	0	ˈuvltə	printed-index	MED		אָוולטע
אָדון	0	udn	printed-index	MED		אָדן
אָדר	0	ˈudər	printed-index	MED		אָדער
אָחור	0	ˈuxər	printed-index	MED		אָכער
אָחי	0	ˈuxi	printed-index	MED		אָכי
אָמן	0	ˈumajn	printed-index	MED		אָמיין
אָמר	0	ˈumar	printed-index	MED		אָמאַר
אָנוכי	0	unˈɔjxi	printed-index	MED		אָנויכי
אָנוס	0	ˈunəs	printed-index	MED		אָנעס
אָנחזירן	0	unxˈazərn	printed-index	MED		אָנכאַזערן
אָנשיכּורן	0	unʃˈikərn	printed-index	MED		אָנשיקערן
אָפּגעחומרט	0	upɡəxˈɔjmərt	printed-index	MED		אָפּגעכוימערט
אָפּחורשן	0	upxˈɔjrəʃn	printed-index	MED		אָפּכוירעשן
אָפּחושכן	0	upxˈɔjʃəxn	printed-index	MED		אָפּכוישעכן
אָפּחיען	0	ˈupxaːən	printed-index	MED		אָפּכײַען
אָפּמשלען	0	ˈupmuʃlən	printed-index	MED		אָפּמאָשלען
אָפּפּטרן	0	uppˈatərn	printed-index	MED		אָפּפּאַטערן
אָרון	0	urn	printed-index	MED		אָרן
אָרצה	0	ˈurʦə	printed-index	MED		אָרצע
אָשר	0	ˈuʃər	printed-index	MED		אָשער
אבֿיון	0	ˈɛviən	printed-index	MED		עוויען
אבֿיונטע	0	əviˈɛntə	printed-index	MED		עוויענטע
אבֿיוניש	0	əviˈɔjniʃ	printed-index	MED		עוויויניש
אבֿר	0	ˈajvər	printed-index	MED		אייווער
אדום	0	ˈɛdəm	printed-index	MED		עדעם
אדומי	0	ədˈɔjmi	printed-index	MED		עדוימי
אויסבטלען	0	ˈɔjsbatlən	printed-index	MED		אויסבאַטלען
אויססדרן	0	ɔjssˈadərn	printed-index	MED		אויססאַדערן
אויסשגצן	0	ɔjsʃˈajɡəʦn	printed-index	MED		אויסשייגעצן
אומברחמנותדיק	0	imbəraxmˈunəsdik	printed-index	MED		אומבעראַכמאָנעסדיק
אומבתּרבותדיק	0	imbətˈarbəsdik	printed-index	MED		אומבעטאַרבעסדיק
אומחן	0	ˈimxajn	printed-index	MED		אומכיין
אונטערקול	0	intˈɛrkul	printed-index	MED		אונטערקאָל
אופֿן	0	ɔjfn	printed-index	MED		אויפֿן
אופֿנים	0	ɔjfˈanim	printed-index	MED		אויפֿאַנים
אוקינוס	0	ukˈiunəs	printed-index	MED		אָקיאָנעס
אורחטע	0	ɔjrˈɛxtə	printed-index	MED		אוירעכטע
אוריאל	0	irˈiəl	printed-index	MED		אורי*על
אושפּיזין	0	ˈiʃpizn	printed-index	MED		אושפּיזן
איבוד	0	ˈibəd	printed-index	MED		איבעד
איבערחזרן	0	ibərxˈazərn	printed-index	MED		איבערכאַזערן
איובֿ	0	ˈiəv	printed-index	MED		אי*עוו
אייבערהסברה	0	ajbərhazbˈurə	printed-index	MED		אייבערהאַזבאָרע
אייבערקול	0	ajbˈɛrkul	printed-index	MED		אייבערקאָל
אימה	0	ˈajmə	printed-index	MED		איימע
איסיי	0	isˈiji	printed-index	MED		איסי*י*
איסר	0	ˈisər	printed-index	MED		איסער
אישה	0	ˈiʃə	printed-index	MED		אישע
אלולדיק	0	ˈɛləldik	printed-index	MED		עלעלדיק
אליה	0	əlˈiə	printed-index	MED		עליע
אליקום	0	əliˈukəm	printed-index	MED		עליאָקעם
אלישע	0	əlˈiʃə	printed-index	MED		עלישע
אלקנה	0	əlkˈunə	printed-index	MED		עלקאָנע
אמור	0	ˈɛmər	printed-index	MED		עמער
אפֿוד	0	ˈajfəd	printed-index	MED		אייפֿעד
אפֿרים	0	əfrˈujim	printed-index	MED		עפֿראָי*ם
אתרוגל	0	ˈɛsrəɡl	printed-index	MED		עסרעגל
אײַנגעחושכט	0	aːnɡəxˈɔjʃəxt	printed-index	MED		אײַנגעכוישעכט
אײַנחזירן	0	aːnxˈazərn	printed-index	MED		אײַנכאַזערן
באַדמען	0	bˈadamən	printed-index	MED		באַדאַמען
באַהבֿה	0	bəahˈavə	printed-index	MED		בעאַהאַווע
באַחנט	0	bˈaxajnt	printed-index	MED		באַכיינט
באַטעמט	0	bˈatamt	printed-index	MED		באַטאַמט
באַכילה	0	baaxˈilə	printed-index	MED		באַאַכילע
באַלכסון	0	bˈalaxsn	printed-index	MED		באַלאַכסן
באַעוולען	0	bˈaavlən	printed-index	MED		באַאַוולען
באונס	0	bˈɛɔjnəs	printed-index	MED		בעוינעס
באופֿן	0	bˈɛɔjfn	printed-index	MED		בעויפֿן
באם	0	bˈɛjim	printed-index	MED		בעי*ם
באמונתי	0	bəəminˈusi	printed-index	MED		בעעמונאָסי
בבֿחינת	0	bˈifxinəs	printed-index	MED		ביפֿכינעס
בבֿלי	0	bˈavli	printed-index	MED		באַוולי
בגזלה	0	biɡzˈajlə	printed-index	MED		ביגזיילע
בגזרת	0	bˈiɡzajrəs	printed-index	MED		ביגזיירעס
בגידה	0	bɡˈidə	printed-index	MED		בגידע
בגילוי	0	bəɡˈilə	printed-index	MED		בעגילע
בגילופֿין	0	bəɡˈilifn	printed-index	MED		בעגילופֿן
בגלוי	0	bəɡˈulə	printed-index	MED		בעגאָלע
בגנבֿה	0	biɡnˈajvə	printed-index	MED		ביגנייווע
בדיוק	0	bədˈiək	printed-index	MED		בעדי*עק
בדיעבֿד	0	bədiˈɛvəd	printed-index	MED		בעדי*עוועד
בדיקה	0	bdˈikə	printed-index	MED		בדיקע
בדליכּאָ	0	bidəlˈajku	printed-index	MED		בידעלייקאָ
בדעה	0	bədˈajə	printed-index	MED		בעדייע
בדעת	0	bˈɛdas	printed-index	MED		בעדאַס
בדקע(נע)ן	0	bˈatkənən	printed-index	MED		באַטקע(נע)ן
בהדרגה	0	bəhadrˈuɡə	printed-index	MED		בעהאַדראָגע
בהיתּר	0	bˈɛhətər	printed-index	MED		בעהעטער
בהכנעה	0	bəhaxnˈuə	printed-index	MED		בעהאַכנאָע
בהלוואה	0	bəhalvˈuə	printed-index	MED		בעהאַלוואָע
בהסכּם	0	bəhˈɛskəm	printed-index	MED		בעהעסקעם
בהעלותך	0	bəhaalˈɔjsxə	printed-index	MED		בעהאַאַלויסכע
בהקיץ	0	bəhˈukəʦ	printed-index	MED		בעהאָקעץ
בהקפֿה	0	bəhakˈufə	printed-index	MED		בעהאַקאָפֿע
בהרחבֿה	0	bəharxˈuvə	printed-index	MED		בעהאַרכאָווע
בהתמדה	0	bəhasmˈudə	printed-index	MED		בעהאַסמאָדע
בוגד	0	bˈɔjɡəd	printed-index	MED		בויגעד
בוגר	0	bˈɔjɡər	printed-index	MED		בויגער
בוגרת	0	bˈuɡrəs	printed-index	MED		באָגרעס
בוודאי	0	bəvˈadə	printed-index	MED		בעוואַדע
בולט	0	bˈɔjlət	printed-index	MED		בוילעט
בועה	0	bˈiə	printed-index	MED		בוּע
בור	0	bir	printed-index	MED		בור
בורר	0	bˈɔjrər	printed-index	MED		בוירער
בושה	0	bˈiʃə	printed-index	MED		בושע
בזוי	0	bˈuzə	printed-index	MED		באָזע
בזול	0	bˈɛzul	printed-index	MED		בעזאָל
בחבֿרותא	0	bəxavrˈisə	printed-index	MED		בעכאַוורוסע
בחורטע	0	buxˈɛrtə	printed-index	MED		באָכערטע
בחורעץ	0	buxˈɛrəʦ	printed-index	MED		באָכערעץ
בחזרה	0	bəxazˈurə	printed-index	MED		בעכאַזאָרע
בחרם	0	bəxˈajrəm	printed-index	MED		בעכיירעם
בחרפּתו	0	bəxarpˈusə	printed-index	MED		בעכאַרפּאָסע
בטבֿע	0	bətˈɛvə	printed-index	MED		בעטעווע
בטלן	0	bˈatlən	printed-index	MED		באַטלען
בטלניש	0	batlˈuniʃ	printed-index	MED		באַטלאָניש
בטלע(נע)ן	0	bˈatlənən	printed-index	MED		באַטלע(נע)ן
ביאה	0	bˈiə	printed-index	MED		בי*ע
ביאור	0	bˈiər	printed-index	MED		בי*ער
בידים	0	bəiudˈajim	printed-index	MED		בעיאָדאַי*ם
ביודעים	0	bəiˈɔjdim	printed-index	MED		בעיוידים
ביוקר	0	bəˈiɔjkər	printed-index	MED		בעיויקער
ביוש	0	bˈiəʃ	printed-index	MED		בי*עש
ביכּורים	0	bikˈirim	printed-index	MED		ביקורים
ביכולת	0	bˈixɔjləs	printed-index	MED		ביכוילעס
בילבול	0	bilbl	printed-index	MED		בילבל
בילתּי	0	bˈilti	printed-index	MED		בילטי
בימה	0	bˈimə	printed-index	MED		בימע
בינה	0	bˈinə	printed-index	MED		בינע
בינם	0	bˈinəm	printed-index	MED		בינעם
בירושה	0	bəiərˈiʃə	printed-index	MED		בעיערושע
בכּאַן	0	bˈɛkan	printed-index	MED		בעקאַן
בכּבֿוד	0	bəkˈuvəd	printed-index	MED		בעקאָוועד
בכּבֿודיק	0	bəkˈuvədik	printed-index	MED		בעקאָוועדיק
בכּוונה	0	bəkavˈunə	printed-index	MED		בעקאַוואָנע
בכּיוון	0	bˈɛkivn	printed-index	MED		בעקיוון
בכּתבֿ	0	bˈiksav	printed-index	MED		ביקסאַוו
בכדי	0	bˈixdaj	printed-index	MED		ביכדיי
בלחש	0	bəlˈaxəʃ	printed-index	MED		בעלאַכעש
במזומנים	0	bimzimˈunim	printed-index	MED		בימזומאָנים
במחילה	0	bimxˈilə	printed-index	MED		בימכילע
במילא	0	bəmˈajlə	printed-index	MED		בעמיילע
במיצוותיו	0	bəmiʦvˈɔjsuv	printed-index	MED		בעמיצווויסאָוו
במנוחה	0	bimnˈixə	printed-index	MED		בימנוכע
בנאָק	0	bˈɛnuk	printed-index	MED		בענאָק
בניחותא	0	bənixˈɛsə	printed-index	MED		בעניכעסע
בנימוס	0	bˈɛniməs	printed-index	MED		בענימעס
בנימצא	0	bənˈimʦə	printed-index	MED		בענימצע
בנשיקה	0	binʃˈikə	printed-index	MED		בינשיקע
בסוד	0	bˈɛsud	printed-index	MED		בעסאָד
בסתר	0	bˈɛsajsər	printed-index	MED		בעסייסער
בעזבושהניצע	0	bəzbiʃənˈiʦə	printed-index	MED		בעזבושעניצע
בעזבושהניק	0	bəzbiʃˈɛnik	printed-index	MED		בעזבושעניק
בעלה	0	baˈalə	printed-index	MED		באַאַלע
בעלן	0	baln	printed-index	MED		באַלן
בעלנטע	0	bˈalntə	printed-index	MED		באַלנטע
בעמידה	0	baamˈidə	printed-index	MED		באַאַמידע
בפּועל	0	bəpˈɔjəl	printed-index	MED		בעפּויעל
בפֿומבי	0	bəfˈimbi	printed-index	MED		בעפֿומבי
בפֿירוש	0	bəfˈajrəʃ	printed-index	MED		בעפֿיירעש
בפֿרהסיא	0	bəfərəsˈiə	printed-index	MED		בעפֿערעסיע
בפֿרוטרוט	0	bifrˈɔjtrət	printed-index	MED		ביפֿרויטרעט
בצוואה	0	bəʦavˈuə	printed-index	MED		בעצאַוואָע
בצורת	0	bˈɛʦirəs	printed-index	MED		בעצורעס
בצימצום	0	bəʦˈimʦəm	printed-index	MED		בעצימצעם
בצלאל	0	bəʦˈaləl	printed-index	MED		בעצאַלעל
בקיאה	0	bəkˈiə	printed-index	MED		בעקי*ע
בקרובֿ	0	bəkˈurəv	printed-index	MED		בעקאָרעוו
בקשר	0	bˈɛkəʃər	printed-index	MED		בעקעשער
בראָש	0	bˈɛruʃ	printed-index	MED		בעראָש
ברואים	0	brˈijim	printed-index	MED		ברוי*ם
ברור	0	bˈurər	printed-index	MED		באָרער
ברוריה	0	brirˈiə	printed-index	MED		ברוריע
ברחבֿותדיק	0	bərˈaxvəsdik	printed-index	MED		בעראַכוועסדיק
ברחע(נע)ן	0	bˈarxənən	printed-index	MED		באַרכע(נע)ן
ברי	0	bˈurə	printed-index	MED		באָרע
בריה	0	bərˈiə	printed-index	MED		בעריע
בריהש	0	bərˈiəʃ	printed-index	MED		בעריעש
בריהשאַפֿט	0	bərˈiəʃaft	printed-index	MED		בעריעשאַפֿט
בריהשקייט	0	bərˈiəʃkajt	printed-index	MED		בעריעשקייט
ברכיה	0	braxˈiə	printed-index	MED		בראַכיע
ברמיזה	0	birmˈizə	printed-index	MED		בירמיזע
ברײַתא	0	brˈaːsə	printed-index	MED		ברײַסע
בשׂר	0	bˈusər	printed-index	MED		באָסער
בשלח	0	bəʃˈalax	printed-index	MED		בעשאַלאַך
בשן	0	buʃn	printed-index	MED		באָשן
בשעתּה	0	bəʃˈatə	printed-index	MED		בעשאַטע
בשעתּם	0	bəʃˈatəm	printed-index	MED		בעשאַטעם
בשפֿע	0	bəʃˈɛfə	printed-index	MED		בעשעפֿע
בשתּיקה	0	biʃtˈikə	printed-index	MED		בישטיקע
בתּמיה	0	bitmˈiə	printed-index	MED		ביטמי*ע
בתּנאַי	0	bˈitnaː	printed-index	MED		ביטנײַ
בײַשן	0	baːʃn	printed-index	MED		בײַשן
גאָון	0	ɡˈuən	printed-index	MED		גאָען
גאווה	0	ɡˈaːvə	printed-index	MED		גײַווע
גאוניש	0	ɡəˈɔjniʃ	printed-index	MED		געויניש
גבֿול	0	ɡvil	printed-index	MED		גוווּל
גבֿורה	0	ɡvˈirə	printed-index	MED		גוווּרע
גבֿר	0	ɡvar	printed-index	MED		גוואַר
גבֿריאל	0	ɡavrˈiəl	printed-index	MED		גאַוורי*על
גבֿרן	0	ɡˈavrən	printed-index	MED		גאַוורען
גבאיטע	0	ɡabˈɛtə	printed-index	MED		גאַבעטע
גדולדיק	0	ɡˈudldik	printed-index	MED		גאָדלדיק
גדי	0	ɡˈɛdi	printed-index	MED		געדי
גדליה	0	ɡədalˈiə	printed-index	MED		געדאַליע
גדליהו	0	ɡədaliˈuhi	printed-index	MED		געדאַליאָהו
גדלן	0	ɡˈadlən	printed-index	MED		גאַדלען
גדלנטע	0	ɡadlˈɛntə	printed-index	MED		גאַדלענטע
גדלע	0	ɡˈudlə	printed-index	MED		גאָדלע
גוזמאדיק	0	ɡˈizmədik	printed-index	MED		גוזמעדיק
גויה	0	ɡˈɔjə	printed-index	MED		גויע
גוייDש	0	ɡˈujiʃ	printed-index	MED		גאָי*ש
גולה	0	ɡˈɔjlə	printed-index	MED		גוילע
גולי	0	ɡˈɔjlə	printed-index	MED		גוילע
גומל	0	ɡɔjml	printed-index	MED		גוימל
גוסס	0	ɡˈɔjsəs	printed-index	MED		גויסעס
גוססן	0	ɡˈɔjsəsn	printed-index	MED		גויסעסן
גוסע(נע)ן	0	ɡˈɔjsənən	printed-index	MED		גויסע(נע)ן
גופֿא	0	ɡˈifə	printed-index	MED		גופֿע
גורלדיק	0	ɡˈɔjrldik	printed-index	MED		גוירלדיק
גושן	0	ɡɔjʃn	printed-index	MED		גוישן
גזלה	0	ɡzˈajlə	printed-index	MED		גזיילע
גזלנטע	0	ɡazlˈɛntə	printed-index	MED		גאַזלענטע
גזלניש	0	ɡazlˈuniʃ	printed-index	MED		גאַזלאָניש
גזלע(נע)ן	0	ɡˈazlənən	printed-index	MED		גאַזלע(נע)ן
גזלעווויסטווע	0	ɡazləvˈɔjstvə	printed-index	MED		גאַזלעווויסטווע
גזלעווויע	0	ɡazləvˈɔjə	printed-index	MED		גאַזלעווויע
גזר	0	ɡzar	printed-index	MED		גזאַר
גטן	0	ɡɛtn	printed-index	MED		געטן
גיבור	0	ɡˈibər	printed-index	MED		גיבער
גידוף	0	ɡˈidəf	printed-index	MED		גידעף
גיור	0	ɡˈiər	printed-index	MED		גי*ער
גילגול	0	ɡilɡl	printed-index	MED		גילגל
גימל	0	ɡiml	printed-index	MED		גימל
גירוש	0	ɡˈajrəʃ	printed-index	MED		גיירעש
גירסא	0	ɡˈirsə	printed-index	MED		גירסע
גלילה	0	ɡlˈilə	printed-index	MED		גלילע
גלית	0	ɡˈuliəs	printed-index	MED		גאָליעס
גנאַי	0	ɡnaː	printed-index	MED		גנײַ
גנבֿ	0	ɡˈanəv	printed-index	MED		גאַנעוו
גנבֿטע	0	ɡanˈɛvtə	printed-index	MED		גאַנעווטע
גנבֿענען	0	ɡˈanvənən	printed-index	MED		גאַנווענען
גניזה	0	ɡnˈizə	printed-index	MED		גניזע
געסרחה	0	ɡəsrˈuxə	printed-index	MED		געסראָכע
געשחטן	0	ɡˈɛʃuxtn	printed-index	MED		געשאָכטן
גרגרת	0	ɡˈarɡərəs	printed-index	MED		גאַרגערעס
גרונם	0	ɡrˈɔjnəm	printed-index	MED		גרוינעם
גרושה	0	ɡrˈiʃə	printed-index	MED		גרושע
גרטע	0	ɡˈɛrtə	printed-index	MED		גערטע
גשמיותדיק	0	ɡaʃmˈiəsdik	printed-index	MED		גאַשמי*עסדיק
גײַעס	0	ɡˈaːəs	printed-index	MED		גײַעס
ד'	0	haʃˈɛm	printed-index	MED		האַשעם
דאגה	0	dˈaːɡə	printed-index	MED		דײַגע
דאגה(נע)ן	0	dˈaːɡənən	printed-index	MED		דײַגע(נע)ן
דאורײַתא	0	dəɔjrˈaːsə	printed-index	MED		דעוירײַסע
דבֿורה	0	dvˈɔjrə	printed-index	MED		דוווירע
דבֿרים	0	dvˈurim	printed-index	MED		דוואָרים
דגים	0	dˈuɡim	printed-index	MED		דאָגים
דגש	0	dˈuɡəʃ	printed-index	MED		דאָגעש
דהײַנו	0	dəhˈaːnə	printed-index	MED		דעהײַנע
דוחק	0	dˈɔjxək	printed-index	MED		דויכעק
דוכּוס	0	dˈikəs	printed-index	MED		דוקעס
דוכן	0	dixn	printed-index	MED		דוכן
דוכנען	0	dˈixənən	printed-index	MED		דוכענען
דומם	0	dˈɔjməm	printed-index	MED		דוימעם
דופֿק	0	dˈɔjfək	printed-index	MED		דויפֿעק
דיינו	0	daajˈini	printed-index	MED		דאַייינו
דינה	0	dˈinə	printed-index	MED		דינע
דיצה	0	dˈiʦə	printed-index	MED		דיצע
דיקדוק	0	dˈikdək	printed-index	MED		דיקדעק
דלי	0	dˈɛli	printed-index	MED		דעלי
דלילה	0	dlˈilə	printed-index	MED		דלילע
דלמטה	0	dilmˈatə	printed-index	MED		דילמאַטע
דלמעלה	0	dilmˈaːlə	printed-index	MED		דילמײַלע
דלפֿון	0	dalfn	printed-index	MED		דאַלפֿן
דלתּ	0	dˈalət	printed-index	MED		דאַלעט
דמאי	0	dmaː	printed-index	MED		דמײַ
דערהרגע(נע)ן	0	dərhˈarɡənən	printed-index	MED		דערהאַרגע(נע)ן
דערכּעסן	0	dərkˈaasn	printed-index	MED		דערקאַאַסן
דעררגזע(נע)ן	0	dərrˈaɡzənən	printed-index	MED		דערראַגזע(נע)ן
דפֿק	0	dˈajfək	printed-index	MED		דייפֿעק
דרדקי	0	dardˈɛkə	printed-index	MED		דאַרדעקע
דרוש	0	driʃ	printed-index	MED		דרוש
דרשע(נע)ן	0	dˈarʃənən	printed-index	MED		דאַרשע(נע)ן
דת	0	das	printed-index	MED		דאַס
האזינו	0	haazˈini	printed-index	MED		האַאַזינו
הבֿטחה	0	haftˈuxə	printed-index	MED		האַפֿטאָכע
הבֿנה	0	havˈunə	printed-index	MED		האַוואָנע
הבֿרה	0	havˈurə	printed-index	MED		האַוואָרע
הגבהה	0	haɡbˈuə	printed-index	MED		האַגבאָע
הגהה	0	haɡˈuə	printed-index	MED		האַגאָע
הגון	0	huɡn	printed-index	MED		האָגן
הדגשה	0	hadɡˈuʃə	printed-index	MED		האַדגאָשע
הדיוט	0	hədˈiət	printed-index	MED		העדיעט
הדסל	0	hˈudəsl	printed-index	MED		האָדעסל
הדר	0	hˈudər	printed-index	MED		האָדער
הדרגה	0	hadrˈuɡə	printed-index	MED		האַדראָגע
הדרכה	0	hadrˈuxə	printed-index	MED		האַדראָכע
הדרן	0	hˈadrən	printed-index	MED		האַדרען
הווה	0	hˈɔjvə	printed-index	MED		הויווע
הוויה	0	havˈaːə	printed-index	MED		האַווײַע
הולכן	0	hˈɔjləxn	printed-index	MED		הוילעכן
הורג	0	hˈɔjrəɡ	printed-index	MED		הוירעג
הורגן	0	hˈɔjrəɡn	printed-index	MED		הוירעגן
הורדוס	0	hˈirdəs	printed-index	MED		הורדעס
הושע	0	hɔjʃˈajə	printed-index	MED		הוישייע
הזמנה	0	hazmˈunə	printed-index	MED		האַזמאָנע
הידד	0	hˈajdəd	printed-index	MED		היידעד
הידור	0	hˈidər	printed-index	MED		הידער
היזק	0	hˈɛzək	printed-index	MED		העזעק
היטבֿ	0	hˈajtəv	printed-index	MED		הייטעוו
הילוך	0	hˈiləx	printed-index	MED		הילעך
הילולא	0	hilˈilə	printed-index	MED		הילולע
היפּוך	0	hˈajpəx	printed-index	MED		הייפּעך
היפּוכדיק	0	hˈajpəxdik	printed-index	MED		הייפּעכדיק
היקף	0	hˈɛkəf	printed-index	MED		העקעף
היקר	0	haˈiukər	printed-index	MED		האַיאָקער
הירהור	0	hˈirər	printed-index	MED		הירער
היתּכן	0	hajˈituxn	printed-index	MED		האַי*טאָכן
הכּחשה	0	hakxˈuʃə	printed-index	MED		האַקכאָשע
הכּצעקתה	0	hakʦakˈusə	printed-index	MED		האַקצאַקאָסע
הכבדה	0	haxbˈudə	printed-index	MED		האַכבאָדע
הכנסה	0	haxnˈusə	printed-index	MED		האַכנאָסע
הכרזה	0	haxrˈuzə	printed-index	MED		האַכראָזע
הכרעה	0	haxrˈuə	printed-index	MED		האַכראָע
הכשרה	0	haxʃˈurə	printed-index	MED		האַכשאָרע
הלבשה	0	halbˈuʃə	printed-index	MED		האַלבאָשע
הלוואה	0	halvˈuə	printed-index	MED		האַלוואָע
הללויה	0	haləliˈiu	printed-index	MED		האַלעלוּיאָ
הלעיטני(ק)	0	halitˈajnik	printed-index	MED		האַליטייני(ק)
הלצה	0	halˈuʦə	printed-index	MED		האַלאָצע
המבֿדיל	0	hamˈavdil	printed-index	MED		האַמאַווד(י)ל
המון	0	hˈamɔjn	printed-index	MED		האַמוין
המליץ	0	hamˈajliʦ	printed-index	MED		האַמייליץ
המפּיל	0	hˈamapl	printed-index	MED		האַמאַפּל
המצאה	0	hamʦˈuə	printed-index	MED		האַמצאָע
הנבֿיא	0	hanˈuvi	printed-index	MED		האַנאָווי
הנבֿיאה	0	hanəvˈiə	printed-index	MED		האַנעווי*ע
הסברה	0	hasbˈurə	printed-index	MED		האַסבאָרע
הסכּם	0	hˈɛskəm	printed-index	MED		העסקעם
הסכּמה	0	haskˈumə	printed-index	MED		האַסקאָמע
הספּד	0	hˈɛspəd	printed-index	MED		העספּעד
הסתּדרותּ	0	histˈadrit	printed-index	MED		היסטאַדרוט
העוויה	0	havˈaːə	printed-index	MED		האַווײַע
העזה	0	hˈuzə	printed-index	MED		האָזע
העתּקה	0	hatˈukə	printed-index	MED		האַטאָקע
הפֿוך	0	hˈufəx	printed-index	MED		האָפֿעך
הפֿטורה	0	haftˈɔjrə	printed-index	MED		האַפֿטוירע
הפֿך	0	hˈɛfəx	printed-index	MED		העפֿעך
הפֿסק	0	hˈɛfsək	printed-index	MED		העפֿסעק
הפֿסקה	0	hafsˈukə	printed-index	MED		האַפֿסאָקע
הצפֿירה	0	haʦfˈirə	printed-index	MED		האַצפֿירע
הקיצה	0	hukˈiʦu	printed-index	MED		האָקיצאָ
הקפּדה	0	hakpˈudə	printed-index	MED		האַקפּאָדע
הקפֿה	0	hakˈufə	printed-index	MED		האַקאָפֿע
הרגל	0	hɛrɡl	printed-index	MED		הערגל
הרגע(נע)ן	0	hˈarɡənən	printed-index	MED		האַרגע(נע)ן
הרוג	0	hˈurəɡ	printed-index	MED		האָרעג
הרוגי	0	harˈiɡə	printed-index	MED		האַרוגע
הרחבֿהדיק	0	harxˈuvədik	printed-index	MED		האַרכאָוועדיק
הריגה	0	harˈiɡə	printed-index	MED		האַריגע
הרשאה	0	harʃˈuə	printed-index	MED		האַרשאָע
השׂגה	0	hasˈuɡə	printed-index	MED		האַסאָגע
השׂכּלה	0	haskˈulə	printed-index	MED		האַסקאָלע
השבעה	0	haʃbˈuə	printed-index	MED		האַשבאָע
השכּמה	0	haʃkˈumə	printed-index	MED		האַשקאָמע
השמטה	0	haʃmˈutə	printed-index	MED		האַשמאָטע
השערה	0	haʃˈurə	printed-index	MED		האַשאָרע
השפּעה	0	haʃpˈuə	printed-index	MED		האַשפּאָע
השקפֿה	0	haʃkˈufə	printed-index	MED		האַשקאָפֿע
התּיקווה	0	hatˈikvu	printed-index	MED		האַטיקוואָ
התמדה	0	hasmˈudə	printed-index	MED		האַסמאָדע
התראה	0	hasrˈuə	printed-index	MED		האַסראָע
הײַנו	0	hˈaːnə	printed-index	MED		הײַנע
ואָדר	0	vˈajudər	printed-index	MED		ווייאָדער
ואיננו	0	vəajnˈɛni	printed-index	MED		וועיינענו
ובֿכן	0	ˈivxajn	printed-index	MED		אוּווכיין
והיום	0	vəhˈaːəm	printed-index	MED		וועהײַעם
והשנית	0	vəhˈaʃajnəs	printed-index	MED		וועהאַשיינעס
וואָוו	0	vuv	printed-index	MED		וואָוו
ווידוי	0	vˈidə	printed-index	MED		ווידע
וויתּור	0	vˈitər	printed-index	MED		וויטער
וולד	0	vlad	printed-index	MED		וולאַד
ווסתּ	0	vɛst	printed-index	MED		וועסט
וועד	0	vˈaad	printed-index	MED		וואַאַד
וושט	0	vˈajʃət	printed-index	MED		וויישעט
וותּרן	0	vˈatrən	printed-index	MED		וואַטרען
וותּרנטע	0	vatrˈɛntə	printed-index	MED		וואַטרענטע
ויאכלו	0	vaiˈuxli	printed-index	MED		וואַיאָכלו
ויגש	0	vaijˈiɡəʃ	printed-index	MED		וואַיי*געש
ויצעקו	0	vajiʦˈaki	printed-index	MED		וואַי*צאַקו
ויקראָ	0	vaijˈikru	printed-index	MED		וואַיי*קראָ
וישבֿ	0	vaajˈiʃəv	printed-index	MED		וואַייישעוו
ויתרוצצו	0	vajisrɔjʦˈɛʦi	printed-index	MED		וואַי*סרויצעצו
ונתנו	0	vənˈusni	printed-index	MED		ווענאָסנו
וצדקתך	0	vajʦitkˈusxə	printed-index	MED		ווייציטקאָסכע
זאבֿ	0	zajv	printed-index	MED		זייוו
זבֿולן	0	zviln	printed-index	MED		זוווּלן
זבֿחים	0	zvˈuxim	printed-index	MED		זוואָכים
זבֿים	0	zˈuvim	printed-index	MED		זאָווים
זהובֿ	0	zˈuhəv	printed-index	MED		זאָהעוו
זוגתו	0	ziɡˈusɔj	printed-index	MED		זוגאָסוי
זוגתי	0	ziɡˈusi	printed-index	MED		זוגאָסי
זוגתך	0	ziɡˈusxə	printed-index	MED		זוגאָסכע
זול	0	zul	printed-index	MED		זאָל
זולל	0	zˈɔjləl	printed-index	MED		זוילעל
זונה	0	zˈɔjnə	printed-index	MED		זוינע
זילזול	0	zilzl	printed-index	MED		זילזל
זילפּה	0	zˈilpə	printed-index	MED		זילפּע
זיקנה	0	zˈiknə	printed-index	MED		זיקנע
זכּרון	0	zˈikurn	printed-index	MED		זיקאָרן
זנבֿ	0	zˈunəv	printed-index	MED		זאָנעוו
זנות	0	znis	printed-index	MED		זנוס
זרובבֿל	0	zrˈibuvl	printed-index	MED		זרובאָוול
זריעה	0	zrˈiə	printed-index	MED		זרי*ע
זרעים	0	zrˈujim	printed-index	MED		זראָי*ם
זרקען	0	zˈarkən	printed-index	MED		זאַרקען
חאַסלערע	0	xaslˈɛrə	printed-index	MED		כאַסלערע
חבֿורה	0	xavˈirə	printed-index	MED		כאַוווּרע
חבֿקוק	0	xˈavkik	printed-index	MED		כאַווקוק
חבֿרהניק	0	xəvrˈɛnik	printed-index	MED		כעוורעניק
חבֿרותא	0	xavrˈisə	printed-index	MED		כאַוורוסע
חבֿרטאָרין	0	xavˈɛrturn	printed-index	MED		כאַווערטאָרן
חבֿרטע	0	xavˈɛrtə	printed-index	MED		כאַווערטע
חבֿרייא	0	xəvrˈaːə	printed-index	MED		כעוורײַע
חבֿריש	0	xavˈɛriʃ	printed-index	MED		כאַוועריש
חבֿרשאַפֿט	0	xˈavərʃaft	printed-index	MED		כאַווערשאַפֿט
חבדניצע	0	xabadnˈiʦə	printed-index	MED		כאַבאַדניצע
חבדניק	0	xabˈadnik	printed-index	MED		כאַבאַדניק
חבדער	0	xˈabadər	printed-index	MED		כאַבאַדער
חדווה	0	xˈɛdvə	printed-index	MED		כעדווע
חדקל	0	xˈidəkl	printed-index	MED		כידעקל
חווה	0	xˈavə	printed-index	MED		כאַווע
חוזקן	0	xˈɔjzəkn	printed-index	MED		כויזעקן
חוטאן	0	xˈɔjtən	printed-index	MED		כויטען
חוטם	0	xˈɔjtəm	printed-index	MED		כויטעם
חוכּר	0	xˈɔjkər	printed-index	MED		כויקער
חולהוואַטע	0	xɔjləvˈatə	printed-index	MED		כוילעוואַטע
חולנית	0	xˈɔjlanəs	printed-index	MED		כוילאַנעס
חולשה	0	xˈilʃə	printed-index	MED		כולשע
חומרא	0	xˈimrə	printed-index	MED		כומרע
חונף	0	xˈɔjnəf	printed-index	MED		כוינעף
חוצפּה	0	xˈiʦpə	printed-index	MED		כוצפּע
חוצפּהניצע	0	xiʦpənˈiʦə	printed-index	MED		כוצפּעניצע
חוצפּהניק	0	xiʦpˈɛnik	printed-index	MED		כוצפּעניק
חוקל	0	xukl	printed-index	MED		כאָקל
חורבֿה	0	xˈirvə	printed-index	MED		כורווע
חוש	0	xiʃ	printed-index	MED		כוש
חושימדיק	0	xˈiʃimdik	printed-index	MED		כושימדיק
חושכן	0	xˈɔjʃəxn	printed-index	MED		כוישעכן
חושן	0	xɔjʃn	printed-index	MED		כוישן
חזיון	0	xˈizɔjən	printed-index	MED		כיזויען
חזירטע	0	xazˈɛrtə	printed-index	MED		כאַזערטע
חזיריש	0	xazˈɛriʃ	printed-index	MED		כאַזעריש
חזירניצע	0	xazərnˈiʦə	printed-index	MED		כאַזערניצע
חזירניק	0	xazˈɛrnik	printed-index	MED		כאַזערניק
חזירײַ	0	xazˈɛraː	printed-index	MED		כאַזערײַ
חזנטע	0	xˈazntə	printed-index	MED		כאַזנטע
חזניש	0	xazˈuniʃ	printed-index	MED		כאַזאָניש
חזרן	0	xˈazərn	printed-index	MED		כאַזערן
חטאָתי	0	xutˈusi	printed-index	MED		כאָטאָסי
חטף	0	xˈatəf	printed-index	MED		כאַטעף
חיבור	0	xˈibər	printed-index	MED		כיבער
חידוד	0	xˈidəd	printed-index	MED		כידעד
חיובֿ	0	xˈiəv	printed-index	MED		כי*עוו
חיונה	0	xaiˈinə	printed-index	MED		כאַיונע
חייDש	0	xˈajiʃ	printed-index	MED		כאַי*ש
חייט	0	xˈaːət	printed-index	MED		כײַעט
חייל	0	xˈajil	printed-index	MED		כאַי*ל
חילוף	0	xˈiləf	printed-index	MED		כילעף
חילופֿן	0	xˈiləfn	printed-index	MED		כילעפֿן
חיסור	0	xˈisər	printed-index	MED		כיסער
חיצון	0	xiʦn	printed-index	MED		כיצן
חיריק	0	xˈirək	printed-index	MED		כירעק
חלאַת	0	xˈalas	printed-index	MED		כאַלאַס
חלבֿ	0	xˈajləv	printed-index	MED		כיילעוו
חלבֿן	0	xˈajləvn	printed-index	MED		כיילעוון
חלבנה	0	xˈɛlbnə	printed-index	MED		כעלבנע
חלה	0	xˈalə	printed-index	MED		כאַלע
חלומען	0	xˈuləmən	printed-index	MED		כאָלעמען
חלוץ	0	xˈuləʦ	printed-index	MED		כאָלעץ
חלוצה	0	xalˈiʦə	printed-index	MED		כאַלוצע
חלוש	0	xˈuləʃ	printed-index	MED		כאָלעש
חליען	0	xˈuliən	printed-index	MED		כאָליען
חלף	0	xˈaləf	printed-index	MED		כאַלעף
חלפֿן	0	xalfn	printed-index	MED		כאַלפֿן
חלשותדיק	0	xalˈuʃəsdik	printed-index	MED		כאַלאָשעסדיק
חלשן	0	xˈaləʃn	printed-index	MED		כאַלעשן
חם	0	xam	printed-index	MED		כאַם
חמוריש	0	xamˈɔjriʃ	printed-index	MED		כאַמויריש
חמימה	0	xmˈimə	printed-index	MED		כמימע
חמימותדיק	0	xmˈiməsdik	printed-index	MED		כמימעסדיק
חמרים	0	xmˈurim	printed-index	MED		כמאָרים
חנדל	0	xajndl	printed-index	MED		כיינדל
חנה	0	xˈanə	printed-index	MED		כאַנע
חנעוודיק	0	xˈajnəvdik	printed-index	MED		כיינעוודיק
חנפֿן	0	xanfn	printed-index	MED		כאַנפֿן
חנפֿע(נע)ן	0	xˈanfənən	printed-index	MED		כאַנפֿע(נע)ן
חסידאַרניע	0	xsidarnˈiə	printed-index	MED		כסידאַרניע
חסידל	0	xˈusədl	printed-index	MED		כאָסעדל
חסידקע	0	xusˈidkə	printed-index	MED		כאָסידקע
חסר	0	xˈusər	printed-index	MED		כאָסער
חפֿץ	0	xˈajfəʦ	printed-index	MED		כייפֿעץ
חצוף	0	xˈuʦəf	printed-index	MED		כאָצעף
חקרן	0	xˈakrən	printed-index	MED		כאַקרען
חקרנען	0	xˈakrənən	printed-index	MED		כאַקרענען
חרד	0	xˈurəd	printed-index	MED		כאָרעד
חרובֿ	0	xˈurəv	printed-index	MED		כאָרעוו
חרוץ	0	xˈurəʦ	printed-index	MED		כאָרעץ
חרוצה	0	xarˈiʦə	printed-index	MED		כאַרוצע
חרטומים	0	xartˈimim	printed-index	MED		כאַרטומים
חשבונען	0	xˈɛʒbənən	printed-index	MED		כעזשבענען
חשוד	0	xˈuʃəd	printed-index	MED		כאָשעד
חשוון	0	xɛʒvn	printed-index	MED		כעזשוון
חשמונאָים	0	xaʃmənˈujim	printed-index	MED		כאַשמענאָי*ם
חשק	0	xˈajʃək	printed-index	MED		כיישעק
חתלורע	0	xaslˈɛrə	printed-index	MED		כאַסלערע
חתמע(נע)ן	0	xˈasmənən	printed-index	MED		כאַסמע(נע)ן
טבֿיה	0	təvˈiə	printed-index	MED		טעוויע
טבֿילה	0	tvˈilə	printed-index	MED		טווילע
טבֿע	0	tˈɛvə	printed-index	MED		טעווע
טבֿריה	0	tvərˈiə	printed-index	MED		טוועריע
טבֿת	0	tˈajvəs	printed-index	MED		טייוועס
טהור	0	tˈuhər	printed-index	MED		טאָהער
טובֿה	0	tˈɔjvə	printed-index	MED		טויווע
טובֿלען	0	tˈɔjvlən	printed-index	MED		טויוולען
טומטום	0	tˈimtəm	printed-index	MED		טומטעם
טינוף	0	tˈinəf	printed-index	MED		טינעף
טינופֿת	0	tˈinɔjfəs	printed-index	MED		טינויפֿעס
טיפּה	0	tˈipə	printed-index	MED		טיפּע
טיפּש	0	tˈipəʃ	printed-index	MED		טיפּעש
טיפּשה	0	tˈipʃə	printed-index	MED		טיפּשע
טירדה	0	tˈirdə	printed-index	MED		טירדע
טירוף	0	tˈirəf	printed-index	MED		טירעף
טירחה	0	tˈirxə	printed-index	MED		טירכע
טית	0	tɛs	printed-index	MED		טעס
טמאניק	0	tumˈɛnik	printed-index	MED		טאָמעניק
טעמים	0	tˈaːmim	printed-index	MED		טײַמים
טענהן	0	tˈaːnən	printed-index	MED		טײַנען
טפֿל	0	tufl	printed-index	MED		טאָפֿל
טרוד	0	tˈurəd	printed-index	MED		טאָרעד
טריף	0	trajf	printed-index	MED		טרייף
טריפֿה	0	trˈajfə	printed-index	MED		טרייפֿע
טריפֿהניצע	0	trajfənˈiʦə	printed-index	MED		טרייפֿעניצע
טריפֿן	0	trajfn	printed-index	MED		טרייפֿן
טריפֿניאַק	0	trajfnˈiak	printed-index	MED		טרייפֿניאַק
יאכלוהו	0	juxlˈihi	printed-index	MED		יאָכלוהו
יבֿנה	0	jˈavnə	printed-index	MED		יאַוונע
יבֿרכך	0	jəvurəxˈɛxu	printed-index	MED		יעוואָרעכעכאָ
יבום	0	jˈibəm	printed-index	MED		יי*בעם
יבשה	0	jabˈuʃə	printed-index	MED		יאַבאָשע
יגדל	0	jˈiɡdal	printed-index	MED		יי*גדאַל
ידידיה	0	jədidˈiə	printed-index	MED		יעדידיע
ידים	0	judˈajim	printed-index	MED		יאָדאַי*ם
ידען	0	jadn	printed-index	MED		יאַדן
יהואש	0	jəhˈɔjəʃ	printed-index	MED		יעהויעש
יהודי	0	jəhˈidi	printed-index	MED		יעהודי
יובֿל	0	jɔjvl	printed-index	MED		יויוול
יווניש	0	jəvˈuniʃ	printed-index	MED		יעוואָניש
יועץ	0	jˈɔjəʦ	printed-index	MED		יויעץ
יופֿי	0	jˈɔjfə	printed-index	MED		יויפֿע
יוצר	0	jˈɔjʦər	printed-index	MED		יויצער
יורד	0	jˈɔjrəd	printed-index	MED		יוירעד
יורש	0	jˈɔjrəʃ	printed-index	MED		יוירעש
יורשטע	0	jɔjrˈɛʃtə	printed-index	MED		יוירעשטע
יושבֿ	0	jˈɔjʃəv	printed-index	MED		יוישעוו
יזכּור	0	jˈiskər	printed-index	MED		יי*סקער
יחיה	0	jixˈiə	printed-index	MED		יי*כיע
יחלוקו	0	jaxalˈɔjki	printed-index	MED		יאַכאַלויקו
יחסנטע	0	jˈaxsntə	printed-index	MED		יאַכסנטע
ייDחוד	0	jˈixəd	printed-index	MED		יי*כעד
ייDחוס	0	jˈixəs	printed-index	MED		יי*כעס
ייDראה	0	jˈirə	printed-index	MED		יי*רע
ייDשובֿניצע	0	jiʃivnˈiʦə	printed-index	MED		יי*שוּווניצע
ייDשובֿניק	0	jiʃˈivnik	printed-index	MED		יי*שוּווניק
ייDתּור	0	jˈitər	printed-index	MED		יי*טער
ייDתּוש	0	jˈitəʃ	printed-index	MED		יי*טעש
יכּכּה	0	jakˈɛku	printed-index	MED		יאַקעקאָ
יכולת	0	jˈɛxɔjləs	printed-index	MED		יעכוילעס
יכלען	0	jˈuxlən	printed-index	MED		יאָכלען
ילד	0	jˈɛləd	printed-index	MED		יעלעד
יללה	0	jəlˈulə	printed-index	MED		יעלאָלע
ילמדנו	0	jəlamdˈajnə	printed-index	MED		יעלאַמדיינע
ילקוט	0	jˈalkət	printed-index	MED		יאַלקעט
יעמוד	0	jaˈamɔjd	printed-index	MED		יאַאַמויד
יפֿת	0	jˈɛfəs	printed-index	MED		יעפֿעס
יפֿתּח	0	jˈiftax	printed-index	MED		יי*פֿטאַך
יצירה	0	jəʦˈirə	printed-index	MED		יעצירע
יקותיאל	0	jəkisˈiəl	printed-index	MED		יעקוסי*על
יקיר	0	jˈakir	printed-index	MED		יאַקיר
יקירי	0	jəkˈiri	printed-index	MED		יעקירי
יקרן	0	jˈakrən	printed-index	MED		יאַקרען
ירגזון	0	jˈirɡuzn	printed-index	MED		יי*רגאָזן
ירוחם	0	jərˈixəm	printed-index	MED		יערוכעם
ירחמיאל	0	jəraxmˈiəl	printed-index	MED		יעראַכמי*על
יריעה	0	jərˈiə	printed-index	MED		יערי*ע
ירשע(נע)ן	0	jˈarʃənən	printed-index	MED		יאַרשע(נע)ן
ישׂראלי	0	jisruˈajli	printed-index	MED		יי*סראָיילי
ישׂראלית	0	jisrəˈajlis	printed-index	MED		יי*סרעייליס
ישׂשׂכר	0	jˈisusxər	printed-index	MED		יי*סאָ(ס)כער
ישעיהו	0	jəʃaiˈuhi	printed-index	MED		יעשאַיאָהו
ישקני	0	jiʃukˈajni	printed-index	MED		יי*שאָקייני
ישרן	0	jˈaʃrən	printed-index	MED		יאַשרען
יתומדיק	0	jˈusəmdik	printed-index	MED		יאָסעמדיק
יתרון	0	jˈisrən	printed-index	MED		יי*סרען
כּאילו	0	kəjˈilə	printed-index	MED		קעי*לע
כּבֿיכול	0	kavˈiuxl	printed-index	MED		קאַוויאָכל
כּדאַי	0	kˈɛdaː	printed-index	MED		קעדײַ
כּדאַיDק	0	kədˈajik	printed-index	MED		קעדאַי*ק
כּדבעי	0	kədəbˈuə	printed-index	MED		קעדעבאָע
כּדומה	0	kədˈɔjmə	printed-index	MED		קעדוימע
כּדין	0	kˈɛdin	printed-index	MED		קעדין
כּדרכּו	0	kədˈarkə	printed-index	MED		קעדאַרקע
כּדת	0	kˈɛdas	printed-index	MED		קעדאַס
כּהוויה	0	kəhavˈaːə	printed-index	MED		קעהאַווײַע
כּהונה	0	kəhˈinə	printed-index	MED		קעהונע
כּהנדיק	0	kˈɔjəndik	printed-index	MED		קויענדיק
כּוונה	0	kavˈunə	printed-index	MED		קאַוואָנע
כּוזרי	0	kˈizri	printed-index	MED		קוזרי
כּוזרים	0	kˈizrim	printed-index	MED		קוזרים
כּולו	0	kˈilə	printed-index	MED		קולע
כּולל	0	kˈɔjləl	printed-index	MED		קוילעל
כּולם	0	kˈiləm	printed-index	MED		קולעם
כּומר	0	kˈɔjmər	printed-index	MED		קוימער
כּוס(י)ע	0	kˈɔjsə	printed-index	MED		קויסע
כּוסע(נע)ן	0	kˈɔjsənən	printed-index	MED		קויסע(נע)ן
כּופֿר	0	kˈɔjfər	printed-index	MED		קויפֿער
כּורעים	0	kˈɔjrim	printed-index	MED		קוירים
כּורש	0	kˈɔjrəʃ	printed-index	MED		קוירעש
כּוש	0	kiʃ	printed-index	MED		קוש
כּזבֿן	0	kazvn	printed-index	MED		קאַזוון
כּזבֿנטע	0	kˈazvntə	printed-index	MED		קאַזוונטע
כּיאור	0	kaˈiur	printed-index	MED		קאַיאָר
כּידוע	0	kəiədˈiə	printed-index	MED		קעיעדוע
כּיוון	0	kivn	printed-index	MED		קיוון
כּיור	0	kˈiər	printed-index	MED		קי*ער
כּיזובֿ	0	kˈizəv	printed-index	MED		קיזעוו
כּילאַים	0	kilˈajim	printed-index	MED		קילאַי*ם
כּינה	0	kˈinə	printed-index	MED		קינע
כּיס	0	kis	printed-index	MED		קיס
כּיסלו	0	kˈisləv	printed-index	MED		קיסלעוו
כּיסלער	0	kˈislər	printed-index	MED		קיסלער
כּישוף	0	kˈiʃəf	printed-index	MED		קישעף
כּישופֿן	0	kˈiʃəfn	printed-index	MED		קישעפֿן
כּישרון	0	kˈiʃrən	printed-index	MED		קישרען
כּיתּה	0	kˈitə	printed-index	MED		קיטע
כּכּתובֿ	0	kakˈusəv	printed-index	MED		קאַקאָסעוו
כּלבֿ	0	kˈɛləv	printed-index	MED		קעלעוו
כּלה	0	kˈalə	printed-index	MED		קאַלע
כּלומר	0	klˈɔjmər	printed-index	MED		קלוימער
כּלומרשט	0	klˈɔjmərʃt	printed-index	MED		קלוימערשט
כּלי	0	kˈajlə	printed-index	MED		קיילע
כּלים	0	kˈajlim	printed-index	MED		קיילים
כּלערליי	0	kulˈɛrlaj	printed-index	MED		קאָלערליי
כּלפּי	0	klˈapə	printed-index	MED		קלאַפּע
כּמה	0	kˈamə	printed-index	MED		קאַמע
כּמו	0	kmɔj	printed-index	MED		קמוי
כּמובֿן	0	kˈɛmivn	printed-index	MED		קעמוּוון
כּמינהגה	0	kəminhˈuɡə	printed-index	MED		קעמינהאָגע
כּמקדם	0	kəmikˈɛdəm	printed-index	MED		קעמיקעדעם
כּנופֿיא	0	knifˈiə	printed-index	MED		קנופֿיע
כּנען	0	knˈaan	printed-index	MED		קנאַאַן
כּסף	0	kˈɛsəf	printed-index	MED		קעסעף
כּעלות	0	kaˈalus	printed-index	MED		קאַאַלאָס
כּעס	0	kˈaas	printed-index	MED		קאַאַס
כּעסן	0	kaːsn	printed-index	MED		קײַסן
כּעסנטע	0	kˈaːsntə	printed-index	MED		קײַסנטע
כּף	0	kuf	printed-index	MED		קאָף
כּפּרה	0	kapˈurə	printed-index	MED		קאַפּאָרע
כּפּרהניצע	0	kapurənˈiʦə	printed-index	MED		קאַפּאָרעניצע
כּפּשוטו	0	kəpʃˈitə	printed-index	MED		קעפּשוטע
כּפֿי	0	kˈɛfi	printed-index	MED		קעפֿי
כּפֿירה	0	kfˈirə	printed-index	MED		קפֿירע
כּפֿלען	0	kˈajflən	printed-index	MED		קייפֿלען
כּפֿתּורן	0	kˈaftərn	printed-index	MED		קאַפֿטערן
כּרובֿ	0	kriv	printed-index	MED		קרוּוו
כּרוז	0	kriz	printed-index	MED		קרוז
כּרת	0	kˈurəs	printed-index	MED		קאָרעס
כּשורה	0	kəʃˈirə	printed-index	MED		קעשורע
כּשר	0	kˈuʃər	printed-index	MED		קאָשער
כּשרים	0	kʃˈajrim	printed-index	MED		קשיירים
כּשרן	0	kˈaʃərn	printed-index	MED		קאַשערן
כּתבֿע(נע)ן	0	kˈasvənən	printed-index	MED		קאַסווע(נע)ן
כּתיבֿה	0	ksˈivə	printed-index	MED		קסיווע
כּתיבֿהן	0	ksˈivən	printed-index	MED		קסיווען
כּתיבֿיש	0	ksˈiviʃ	printed-index	MED		קסיוויש
כּתריאליק	0	kasrˈilik	printed-index	MED		קאַסריליק
כּתריאלעווקע	0	kasrilˈɛvkə	printed-index	MED		קאַסרילעווקע
לאַוו	0	lav	printed-index	MED		לאַוו
לאַחדים	0	laxˈudim	printed-index	MED		לאַכאָדים
לאַחדימניצע	0	laxudimnˈiʦə	printed-index	MED		לאַכאָדימניצע
לאַחדימניק	0	laxudˈimnik	printed-index	MED		לאַכאָדימניק
לאַפֿוקי	0	lafˈikə	printed-index	MED		לאַפֿוקע
לאיבוד	0	ləjˈibəd	printed-index	MED		לעי*בעד
לאמרן	0	lˈajmərn	printed-index	MED		ליימערן
לבֿטלה	0	ləvatˈulə	printed-index	MED		לעוואַטאָלע
לבֿנה	0	ləvˈunə	printed-index	MED		לעוואָנע
לבֿנון	0	lˈɛvunən	printed-index	MED		לעוואָנען
לגמרי	0	ləɡˈamrə	printed-index	MED		לעגאַמרע
לגנאַי	0	lˈiɡnaː	printed-index	MED		ליגנײַ
לדוגמא	0	lədˈiɡmə	printed-index	MED		לעדוגמע
להבֿדיל	0	lˈɛhavdl	printed-index	MED		לעהאַוודל
להבא	0	ləhˈabə	printed-index	MED		לעהאַבע
להיפּוך	0	ləhˈajpəx	printed-index	MED		לעהייפּעך
להכעיס	0	lˈɛhaxəs	printed-index	MED		לעהאַכעס
להכעיסניצע	0	ləhaxəsnˈiʦə	printed-index	MED		לעהאַכעסניצע
להכעיסניק	0	ləhaxˈɛsnik	printed-index	MED		לעהאַכעסניק
לווה	0	lˈɔjvə	printed-index	MED		לויווע
לוויה	0	ləvˈaːə	printed-index	MED		לעווײַע
לוויתן	0	ləvˈiusn	printed-index	MED		לעוויאָסן
לולבֿ	0	lˈiləv	printed-index	MED		לולעוו
לומדים	0	lˈumdim	printed-index	MED		לאָמדים
לומדיש	0	lˈumdiʃ	printed-index	MED		לאָמדיש
לומרן	0	lˈɔjmərn	printed-index	MED		לוימערן
לזכּרון	0	ləzˈikurn	printed-index	MED		לעזיקאָרן
לחובֿה	0	ləxˈɔjvə	printed-index	MED		לעכויווע
לחוד	0	lˈɛxid	printed-index	MED		לעכוד
לחלוטין	0	lˈaxlitn	printed-index	MED		לאַכלוטן
לחמא	0	lˈaxmə	printed-index	MED		לאַכמע
לחצאָים	0	laxaʦˈujim	printed-index	MED		לאַכאַצאָי*ם
לחצאָין	0	laxaʦˈujin	printed-index	MED		לאַכאַצאָי*ן
לחש	0	lˈaxəʃ	printed-index	MED		לאַכעש
לטובֿה	0	lətˈɔjvə	printed-index	MED		לעטויווע
לטובֿת	0	lˈɛtɔjvəs	printed-index	MED		לעטויוועס
ליהודים	0	laiəhˈidim	printed-index	MED		לאַיעהודים
לילית	0	lˈilis	printed-index	MED		ליליס
ליקוי	0	lˈikə	printed-index	MED		ליקע
לכתּחילה	0	ləxatxˈilə	printed-index	MED		לעכאַטכילע
למאַי	0	lˈɛmaː	printed-index	MED		לעמײַ
למהדרין	0	ləməhˈadrin	printed-index	MED		לעמעהאַדרין
למיספּרם	0	ləmispˈurum	printed-index	MED		לעמיספּאָראָם
למך	0	lˈɛməx	printed-index	MED		לעמעך
לנוי	0	lˈɛnɔj	printed-index	MED		לענוי
לסוף	0	lˈɛsuf	printed-index	MED		לעסאָף
לסירוגין	0	ləsˈajriɡn	printed-index	MED		לעסיירוגן
לעזאזל	0	lˈazuzl	printed-index	MED		לאַזאָזל
לעניננו	0	ləjiniunˈajni	printed-index	MED		לעי*ניאָניינו
לערך	0	ləˈɛrəx	printed-index	MED		לעערעך
לפּנים	0	ləpˈunəm	printed-index	MED		לעפּאָנעם
לפֿי	0	lˈɛfi	printed-index	MED		לעפֿי
לצון	0	luʦn	printed-index	MED		לאָצן
לצן	0	lɛʦn	printed-index	MED		לעצן
לצעווען	0	lˈɛʦəvən	printed-index	MED		לעצעווען
לרובֿ	0	lˈɛruv	printed-index	MED		לעראָוו
לרעה	0	lərˈuə	printed-index	MED		לעראָע
לשבֿח	0	lˈiʃvax	printed-index	MED		לישוואַך
לשיטתו	0	ləʃitˈusə	printed-index	MED		לעשיטאָסע
לתּשמיש	0	lətˈaʃməʃ	printed-index	MED		לעטאַשמעש
מאַהבֿה	0	məahˈavə	printed-index	MED		מעאַ(ה)אַווע
מאַהבֿת	0	məˈahavəs	printed-index	MED		מעאַ(ה)אַוועס
מאָוס	0	mˈuəs	printed-index	MED		מאָעס
מאָזנים	0	muznˈajim	printed-index	MED		מאָזנאַי*ם
מאדים	0	mˈaːdəm	printed-index	MED		מײַדעם
מאוימדיק	0	məiˈiəmdik	printed-index	MED		מעוּיעמדיק
מאמריסטיק	0	maːmərˈistik	printed-index	MED		מײַמעריסטיק
מבֿוהלדיק	0	məvˈiəldik	printed-index	MED		מעוווּעלדיק
מבֿוזה	0	məvˈizə	printed-index	MED		מעוווּזע
מבֿויש	0	məviˈiəʃ	printed-index	MED		מעוווּיעש
מבֿוסם	0	məvˈisəm	printed-index	MED		מעוווּסעם
מבֿין	0	majvn	printed-index	MED		מייוון
מבֿינטע	0	mˈajvntə	printed-index	MED		מייוונטע
מבול	0	mabl	printed-index	MED		מאַבל
מבולען	0	mˈablən	printed-index	MED		מאַבלען
מגונה	0	məɡˈinə	printed-index	MED		מעגונע
מגושמדיק	0	məɡˈiʃəmdik	printed-index	MED		מעגושעמדיק
מגידקע	0	maɡˈɛdkə	printed-index	MED		מאַגעדקע
מגיה	0	maɡˈiə	printed-index	MED		מאַגי*ע
מדאורײַתא	0	midɔjrˈaːsə	printed-index	MED		מידוירײַסע
מדובר	0	mˈɛdibər	printed-index	MED		מעדובער
מדי	0	mˈudaː	printed-index	MED		מאָדײַ
מדע	0	mˈadə	printed-index	MED		מאַדע
מדפּיס	0	mˈatpəs	printed-index	MED		מאַטפּעס
מדקדק	0	mədˈakdək	printed-index	MED		מעדאַקדעק
מהודר	0	mˈɛhidər	printed-index	MED		מעהודער
מהומה	0	məhˈimə	printed-index	MED		מעהומע
מהות	0	mˈɛhis	printed-index	MED		מעהוס
מואבֿ	0	mˈɔjəv	printed-index	MED		מויעוו
מודה	0	mˈɔjdə	printed-index	MED		מוידע
מודים	0	mˈɔjdim	printed-index	MED		מוידים
מוהל	0	mˈɔjəl	printed-index	MED		מויעל
מוהלשאַפֿט	0	mˈɔjəlʃaft	printed-index	MED		מויעלשאַפֿט
מוחזק	0	mˈixzək	printed-index	MED		מוכזעק
מוחרם	0	mˈixrəm	printed-index	MED		מוכרעם
מוכּז	0	mˈikaz	printed-index	MED		מוקאַז
מוכס	0	mˈɔjxəs	printed-index	MED		מויכעס
מוכר	0	mˈɔjxər	printed-index	MED		מויכער
מולד	0	mˈɔjləd	printed-index	MED		מוילעד
מולך	0	mˈɔjləx	printed-index	MED		מוילעך
מולכער	0	mˈɔjləxər	printed-index	MED		מוילעכער
מומחה(נ)טע	0	mimxˈɛntə	printed-index	MED		מומכע(נ)טע
מומר	0	mˈimər	printed-index	MED		מומער
מוסכּם	0	mˈiskəm	printed-index	MED		מוסקעם
מוסרן	0	mˈisərn	printed-index	MED		מוסערן
מוסרניק	0	misˈɛrnik	printed-index	MED		מוסערניק
מועד	0	mˈɔjəd	printed-index	MED		מויעד
מופֿקר	0	mˈifkər	printed-index	MED		מופֿקער
מופֿקרת	0	mˈifkərəs	printed-index	MED		מופֿקערעס
מוציא	0	mˈɔjʦə	printed-index	MED		מויצע
מוקשה	0	mˈikʃə	printed-index	MED		מוקשע
מוראדיק	0	mˈɔjrədik	printed-index	MED		מוירעדיק
מורד	0	mˈɔjrəd	printed-index	MED		מוירעד
מורשה	0	mˈirʃə	printed-index	MED		מורשע
מושבֿ	0	mˈɔjʃəv	printed-index	MED		מוישעוו
מושלמת	0	mˈiʃləməs	printed-index	MED		מושלעמעס
מזיקן	0	mˈazikn	printed-index	MED		מאַזיקן
מחויבֿ	0	məxiˈiəv	printed-index	MED		מעכוּיעוו
מחולק	0	məxˈilək	printed-index	MED		מעכולעק
מחוצנער	0	məxˈiʦənər	printed-index	MED		מעכוצענער
מחוצף	0	məxˈiʦəf	printed-index	MED		מעכוצעף
מחוצפֿטע	0	məxiʦˈɛftə	printed-index	MED		מעכוצעפֿטע
מחותּן	0	məxˈitn	printed-index	MED		מעכוטן
מחותּנימשאַפֿט	0	məxitˈunəmʃaft	printed-index	MED		מעכוטאָנעמשאַפֿט
מחותּנישאַפֿט	0	məxitˈunəʃaft	printed-index	MED		מעכוטאָנעשאַפֿט
מחמדאַניש	0	maxmədˈaniʃ	printed-index	MED		מאַכמעדאַניש
מחמדאַנער	0	maxmˈɛdanər	printed-index	MED		מאַכמעדאַנער
מחנותווײַז	0	maxnˈɛsvaːz	printed-index	MED		מאַכנעסווײַז
מחשבֿותן	0	maxʃˈuvəsn	printed-index	MED		מאַכשאָוועסן
מטופּל	0	mˈɛtipl	printed-index	MED		מעטופּל
מטורפֿת	0	mətˈirəfəs	printed-index	MED		מעטורעפֿעס
מטושטש	0	mətˈiʃtəʃ	printed-index	MED		מעטושטעש
מטטרון	0	mˈɛtatrən	printed-index	MED		מעטאַטרען
מטיף	0	mˈatəf	printed-index	MED		מאַטעף
מטלטלים	0	mətaltˈɛlim	printed-index	MED		מעטאַלטעלים
מטלטלין	0	mətˈaltəln	printed-index	MED		מעטאַלטעלן
מטמון	0	mˈatmən	printed-index	MED		מאַטמען
מטרוניתא	0	matrənˈisə	printed-index	MED		מאַטרעניסע
מיאוס	0	mˈiəs	printed-index	MED		מי*עס
מיאוסקייט	0	mˈiəskajt	printed-index	MED		מי*עסקייט
מיגו	0	mˈiɡə	printed-index	MED		מיגע
מידבר	0	mˈidbər	printed-index	MED		מידבער
מידין	0	mˈidiən	printed-index	MED		מידיען
מיוחס	0	məˈiixəs	printed-index	MED		מעיוכעס
מיוחסטע	0	məiixˈɛstə	printed-index	MED		מעיוכעסטע
מיוחסת	0	məiˈixəsəs	printed-index	MED		מעיוכעסעס
מיושבֿ	0	məiˈiʃəv	printed-index	MED		מעיושעוו
מיושבֿדיק	0	məiˈiʃəvdik	printed-index	MED		מעיושעוודיק
מיזמור	0	mˈizmər	printed-index	MED		מיזמער
מיחוש	0	mˈajxəʃ	printed-index	MED		מייכעש
מיטה	0	mˈitə	printed-index	MED		מיטע
מיכה	0	mˈixə	printed-index	MED		מיכע
מיכשול	0	mixʃl	printed-index	MED		מיכשל
מיכתּבֿ	0	mˈixtəv	printed-index	MED		מיכטעוו
מילא	0	mˈajlə	printed-index	MED		מיילע
מילה	0	mˈilə	printed-index	MED		מילע
מימרא	0	mˈɛmrə	printed-index	MED		מעמרע
מינהג	0	mˈinəɡ	printed-index	MED		מינעג
מינחה	0	mˈinxə	printed-index	MED		מינכע
מיסחר	0	mˈisxər	printed-index	MED		מיסכער
מיספּר	0	mˈispər	printed-index	MED		מיספּער
מיעוט	0	mˈiət	printed-index	MED		מי*עט
מיצווה	0	mˈiʦvə	printed-index	MED		מיצווע
מיצרי	0	mˈiʦri	printed-index	MED		מיצרי
מיצריש	0	mˈiʦriʃ	printed-index	MED		מיצריש
מיקדש	0	mˈiɡdəʃ	printed-index	MED		מיגדעש
מיקווה	0	mˈikvə	printed-index	MED		מיקווע
מיקלט	0	mˈiklət	printed-index	MED		מיקלעט
מיקרה	0	mˈikrə	printed-index	MED		מיקרע
מישכּן	0	miʃkn	printed-index	MED		מישקן
מישמר	0	mˈiʃmər	printed-index	MED		מישמער
מישנה	0	mˈiʃnə	printed-index	MED		מישנע
מישפּט	0	mˈiʃpət	printed-index	MED		מישפּעט
מישפּטן	0	mˈiʃpətn	printed-index	MED		מישפּעטן
מישקל	0	miʃkl	printed-index	MED		מישקל
מכּבי	0	makˈabi	printed-index	MED		מאַקאַבי
מכּבייער	0	makˈabajər	printed-index	MED		מאַקאַבייער
מכּה	0	mˈakə	printed-index	MED		מאַקע
מכּלומרשט	0	miklˈɔjmərʃt	printed-index	MED		מיקלוימערשט
מכּמה	0	mikˈamə	printed-index	MED		מיקאַמע
מכולה	0	məxˈilə	printed-index	MED		מעכולע
מכירה	0	məxˈirə	printed-index	MED		מעכירע
מכנסים	0	mixnəsˈajim	printed-index	MED		מיכנעסאַי*ם
מכשיר	0	mˈaxʃər	printed-index	MED		מאַכשער
מכשירין	0	maxʃˈirin	printed-index	MED		מאַכשירין
מכשף	0	məxˈaʃəf	printed-index	MED		מעכאַשעף
מלאָכה	0	məlˈuxə	printed-index	MED		מעלאָכע
מלאָכה(נע)ן	0	məlˈuxənən	printed-index	MED		מעלאָכע(נע)ן
מלאָכי	0	malˈuxi	printed-index	MED		מאַלאָכי
מלבוש	0	mˈalbəʃ	printed-index	MED		מאַלבעש
מלומד	0	məlˈiməd	printed-index	MED		מעלומעד
מלופּן	0	mˈɛlipn	printed-index	MED		מעלופּן
מלכּיאל	0	malkˈiəl	printed-index	MED		מאַלקי*על
מלכותדיק	0	mˈalxəsdik	printed-index	MED		מאַלכעסדיק
מלמדקע	0	məlamˈɛtkə	printed-index	MED		מעלאַמעטקע
מלן	0	maln	printed-index	MED		מאַלן
מלעיל	0	mˈiləl	printed-index	MED		מילעל
מלען	0	mˈalən	printed-index	MED		מאַלען
מלרע	0	mˈilra	printed-index	MED		מילראַ
מם	0	mɛm	printed-index	MED		מעם
ממוכן	0	mˈɛmixn	printed-index	MED		מעמוכן
ממזרטע	0	mamzˈɛrtə	printed-index	MED		מאַמזערטע
ממזריש	0	mamzˈɛriʃ	printed-index	MED		מאַמזעריש
ממיתן	0	mˈajməsn	printed-index	MED		מיימעסן
ממעמקים	0	mimaamˈakim	printed-index	MED		מימאַאַמאַקים
ממשלה	0	məmʃˈulə	printed-index	MED		מעמשאָלע
ממתּקים	0	mamtˈakim	printed-index	MED		מאַמטאַקים
מנדבֿ	0	mənˈadəv	printed-index	MED		מענאַדעוו
מנהיג	0	mˈanəɡ	printed-index	MED		מאַנעג
מנוּוול	0	mˈɛnivl	printed-index	MED		מענוּוול
מנוּוולטע	0	mənˈivltə	printed-index	MED		מענוּוולטע
מנוּוולת	0	mənˈivələs	printed-index	MED		מענוּוועלעס
מנוקד	0	mənˈikəd	printed-index	MED		מענוקעד
מניעה	0	mənˈiə	printed-index	MED		מעני*ע
מנקר	0	mˈɛnakər	printed-index	MED		מענאַקער
מסוכּן	0	mˈɛsikn	printed-index	MED		מעסוקן
מסופּק	0	məsˈipək	printed-index	MED		מעסופּעק
מסור	0	mˈusər	printed-index	MED		מאָסער
מסיבה	0	məsˈibə	printed-index	MED		מעסיבע
מסיכתּא	0	məsˈixtə	printed-index	MED		מעסיכטע
מסירה	0	məsˈirə	printed-index	MED		מעסירע
מסכּים	0	mˈaskəm	printed-index	MED		מאַסקעם
מסכתּא	0	məsˈɛxtə	printed-index	MED		מעסעכטע
מסעי	0	mˈasə	printed-index	MED		מאַסע
מספּיד	0	mˈaspəd	printed-index	MED		מאַספּעד
מסקנא	0	maskˈunə	printed-index	MED		מאַסקאָנע
מסרן	0	mˈasərn	printed-index	MED		מאַסערן
מסתּם	0	mˈistam	printed-index	MED		מיסטאַם
מעדנים	0	maːdˈanim	printed-index	MED		מײַדאַנים
מעוברת	0	məˈibərəs	printed-index	MED		מעובערעס
מעילה	0	məjˈilə	printed-index	MED		מעי*לע
מעלתו	0	maːlˈusə	printed-index	MED		מײַלאָסע
מעמקים	0	maamˈakim	printed-index	MED		מאַאַמאַקים
מענה	0	mˈaːnə	printed-index	MED		מײַנע
מעפּילים	0	maapˈilim	printed-index	MED		מאַאַפּילים
מעקרן	0	mˈaːkərn	printed-index	MED		מײַקערן
מערבֿ	0	mˈaːrəv	printed-index	MED		מײַרעוו
מעריבֿ	0	mˈaːrəv	printed-index	MED		מײַרעוו
מעשׂים	0	mˈaːsim	printed-index	MED		מײַסים
מעשׂר	0	mˈaːsər	printed-index	MED		מײַסער
מעתּיק	0	mˈaːtək	printed-index	MED		מײַטעק
מפּולת	0	mˈapɔjləs	printed-index	MED		מאַפּוילעס
מפּלען	0	mˈaplən	printed-index	MED		מאַפּלען
מפֿולפּל	0	mˈɛfilpl	printed-index	MED		מעפֿולפּל
מפֿוניצע	0	məfinˈiʦə	printed-index	MED		מעפֿוניצע
מפֿונק	0	məfˈinək	printed-index	MED		מעפֿונעק
מפֿטיר	0	mˈaftər	printed-index	MED		מאַפֿטער
מצורע	0	məʦˈɔjrə	printed-index	MED		מעצוירע
מצורעת	0	məʦɔjrˈaas	printed-index	MED		מעצויראַאַס
מציצה	0	məʦˈiʦə	printed-index	MED		מעציצע
מצנפֿת	0	mˈiʦnəfəs	printed-index	MED		מיצנעפֿעס
מקדמונים	0	mikadmˈɔjnim	printed-index	MED		מיקאַדמוינים
מקונן	0	mˈɛkɔjnən	printed-index	MED		מעקוינען
מקורבֿ	0	məkˈirəv	printed-index	MED		מעקורעוו
מקיא(נע)ן	0	mˈajkənən	printed-index	MED		מייקע(נע)ן
מקף	0	mˈakəf	printed-index	MED		מאַקעף
מקצר	0	mˈɛkaʦər	printed-index	MED		מעקאַצער
מקשן	0	makʃn	printed-index	MED		מאַקשן
מרובע	0	mərˈibə	printed-index	MED		מערובע
מרוצה	0	mərˈiʦə	printed-index	MED		מערוצע
מרור	0	mˈurər	printed-index	MED		מאָרער
מרחשוון	0	mˈarxəʒvn	printed-index	MED		מאַרכעזשוון
מרידה	0	mərˈidə	printed-index	MED		מערידע
משׂא	0	mˈasə	printed-index	MED		מאַסע
משׂכּיל	0	maskl	printed-index	MED		מאַסקל
משהו	0	maʃˈɛhi	printed-index	MED		מאַשעהו
משוגען	0	mˈɛʃiɡn	printed-index	MED		מעשוגן
משוגעת	0	məʃˈiɡas	printed-index	MED		מעשוגאַס
משולחת	0	məʃˈilaxəs	printed-index	MED		מעשולאַכעס
משולש	0	məʃˈiləʃ	printed-index	MED		מעשולעש
משומד	0	məʃˈiməd	printed-index	MED		מעשומעד
משומדת	0	məʃˈimədəs	printed-index	MED		מעשומעדעס
משומדתטע	0	məʃimədˈɛstə	printed-index	MED		מעשומעדעסטע
משועבד	0	məʃˈibəd	printed-index	MED		מעשובעד
משופּע	0	məʃˈipə	printed-index	MED		מעשופּע
משורר	0	mˈɛʃɔjrər	printed-index	MED		מעשוירער
משחית	0	mˈaʃxəs	printed-index	MED		מאַשכעס
משיחיש	0	məʃˈixiʃ	printed-index	MED		מעשיכיש
משיחל	0	məʃˈiəxl	printed-index	MED		מעשי*עכל
משכּון	0	maʃkn	printed-index	MED		מאַשקן
משלמען	0	məʃˈaləmən	printed-index	MED		מעשאַלעמען
משלנו	0	miʃəlˈuni	printed-index	MED		מישעלאָנו
משמורת	0	mˈiʃmɔjrəs	printed-index	MED		מישמוירעס
משפּחטע(רע)	0	miʃpaxtˈɛrə	printed-index	MED		מישפּאַכטע(רע)
משפּטים	0	miʃpˈutim	printed-index	MED		מישפּאָטים
משקה	0	mˈaʃkə	printed-index	MED		מאַשקע
משקולת	0	mˈiʃkɔjləs	printed-index	MED		מישקוילעס
משרת	0	mˈɛʃurəs	printed-index	MED		מעשאָרעס
משרתטע	0	məʃurˈɛstə	printed-index	MED		מעשאָרעסטע
משרתיש	0	məʃˈursiʃ	printed-index	MED		מעשאָרסיש
מתּת	0	mˈatəs	printed-index	MED		מאַטעס
מתיבֿתּא	0	məsˈiftə	printed-index	MED		מעסיפֿטע
מתמיד	0	mˈasməd	printed-index	MED		מאַסמעד
מתמידה	0	masmˈidə	printed-index	MED		מאַסמידע
מתן	0	mɛsn	printed-index	MED		מעסן
מתנגד	0	misnˈaɡəd	printed-index	MED		מיסנאַגעד
מתנגדיש	0	misnˈaɡdiʃ	printed-index	MED		מיסנאַגדיש
מתעסקים	0	misˈaskim	printed-index	MED		מיסאַסקים
נאָכטעם	0	nˈuxtam	printed-index	MED		נאָכטאַם
נאמנה	0	nəmˈunə	printed-index	MED		נעמאָנע
נאמנטע	0	nəmˈɛntə	printed-index	MED		נעמענטע
נבֿואה	0	nəvˈiə	printed-index	MED		נעוווּע
נבֿוכדנ(א)צר	0	nəvixˈadnəʦər	printed-index	MED		נעוווּכאַדנעצער
נבֿיא	0	nˈuvi	printed-index	MED		נאָווי
נבֿיאה	0	nəvˈiə	printed-index	MED		נעווי*ע
נבֿיאהטע	0	nəviˈɛtə	printed-index	MED		נעווי*עטע
נבֿיאים	0	nəvˈijim	printed-index	MED		נעווי*י*ם
נבֿיאיש	0	nəvˈijiʃ	printed-index	MED		נעווי*י*ש
נגבֿ	0	nˈɛɡəv	printed-index	MED		נעגעוו
נגידה	0	nəɡˈidə	printed-index	MED		נעגידע
נגידיש	0	nəɡˈidiʃ	printed-index	MED		נעגידיש
נגידית	0	nˈɛɡidəs	printed-index	MED		נעגידעס
נגידיתטע	0	nəɡidˈɛstə	printed-index	MED		נעגידעסטע
נגינה	0	nəɡˈinə	printed-index	MED		נעגינע
נגע	0	nˈɛɡə	printed-index	MED		נעגע
נגע(נע)ן	0	nˈɛɡənən	printed-index	MED		נעגע(נע)ן
נגעים	0	nəɡˈujim	printed-index	MED		נעגאָי*ם
נדבֿן	0	nadvn	printed-index	MED		נאַדוון
נדבֿנטע	0	nˈadvntə	printed-index	MED		נאַדוונטע
נדוניא	0	nədinˈiə	printed-index	MED		נעדוניע
נדיבֿ	0	nˈudəv	printed-index	MED		נאָדעוו
נהרגן	0	nˈɛrəɡn	printed-index	MED		נערעגן
נואף	0	nˈɔjəf	printed-index	MED		נויעף
נואפֿטע	0	nɔjˈɛftə	printed-index	MED		נויעפֿטע
נואפֿן	0	nˈɔjəfn	printed-index	MED		נויעפֿן
נוטריקון	0	nˈitrikn	printed-index	MED		נוטריקן
נוסע	0	nəsˈajə	printed-index	MED		נעסייע
נופֿך	0	nˈɔjfəx	printed-index	MED		נויפֿעך
נוצרי	0	nˈɔjʦri	printed-index	MED		נויצרי
נושׂאים	0	nˈɔjsim	printed-index	MED		נויסים
נותנען	0	nˈɔjsənən	printed-index	MED		נויסענען
נזיפֿה	0	nəzˈifə	printed-index	MED		נעזיפֿע
נזיקין	0	nˈɛzikn	printed-index	MED		נעזיקן
נזיר	0	nˈuzər	printed-index	MED		נאָזער
נחש	0	nˈuxəʃ	printed-index	MED		נאָכעש
ניאוף	0	nˈiəf	printed-index	MED		ני*עף
ניבֿזה	0	nˈivzə	printed-index	MED		ניווזע
ניגזל	0	niɡzl	printed-index	MED		ניגזל
ניגלה	0	nˈiɡlə	printed-index	MED		ניגלע
ניגמר	0	nˈiɡmər	printed-index	MED		ניגמער
נידה	0	nidh	printed-index	MED		נידה
נידחה	0	nˈitxə	printed-index	MED		ניטכע
ניזהר	0	nˈizər	printed-index	MED		ניזער
ניזוקן	0	nˈizəkn	printed-index	MED		ניזעקן
ניחא	0	nˈixə	printed-index	MED		ניכע
ניחותא	0	nixˈɛsə	printed-index	MED		ניכעסע
ניכּר	0	nˈikər	printed-index	MED		ניקער
ניכבד	0	nˈixbəd	printed-index	MED		ניכבעד
ניכלל	0	nˈixləl	printed-index	MED		ניכלעל
ניכנע	0	nˈixnə	printed-index	MED		ניכנע
ניכפּה	0	nˈixpə	printed-index	MED		ניכפּע
ניכפּהניצע	0	nixpənˈiʦə	printed-index	MED		ניכפּעניצע
ניכפּהניק	0	nixpˈɛnik	printed-index	MED		ניכפּעניק
ניכתּבֿ	0	nˈixtəv	printed-index	MED		ניכטעוו
נימאס	0	nˈiməs	printed-index	MED		נימעס
נימוס	0	nˈiməs	printed-index	MED		נימעס
נימצא	0	nˈimʦə	printed-index	MED		נימצע
נימשל	0	nimʃl	printed-index	MED		נימשל
ניפֿטר	0	nˈiftər	printed-index	MED		ניפֿטער
ניפֿלא	0	nˈiflə	printed-index	MED		ניפֿלע
ניצרך	0	nˈiʦrəx	printed-index	MED		ניצרעך
ניקוד	0	nˈikəd	printed-index	MED		ניקעד
נירדף	0	nˈirdəf	printed-index	MED		נירדעף
נישׂרף	0	nˈisrəf	printed-index	MED		ניסרעף
נישאר	0	nˈiʃər	printed-index	MED		נישער
נישקשה	0	niʃkˈuʃə	printed-index	MED		נישקאָשע
ניתּבע	0	nˈitbə	printed-index	MED		ניטבע
נכסים	0	nəxˈusim	printed-index	MED		נעכאָסים
נמרוד	0	nˈimrəd	printed-index	MED		נימרעד
ננתּקה	0	nənˈatkə	printed-index	MED		נענאַטקע
נסימדיק	0	nˈisimdik	printed-index	MED		ניסימדיק
נסך	0	nˈɛsəx	printed-index	MED		נעסעך
נעילה	0	nˈilə	printed-index	MED		נילע
נעימותדיק	0	nəjˈiməsdik	printed-index	MED		נעי*מעסדיק
נעצר	0	nˈɛʦər	printed-index	MED		נעצער
נפֿיחה	0	nəfˈixə	printed-index	MED		נעפֿיכע
נפֿלע	0	najfˈɛlə	printed-index	MED		נייפֿעלע
נפֿקא	0	nˈafkə	printed-index	MED		נאַפֿקע
נצבֿים	0	niʦˈuvim	printed-index	MED		ניצאָווים
נצרת	0	nˈaʦərəs	printed-index	MED		נאַצערעס
נקבֿה	0	nəkˈajvə	printed-index	MED		נעקייווע
נקבֿים	0	nəkˈuvim	printed-index	MED		נעקאָווים
נקי	0	nˈuki	printed-index	MED		נאָקי
נשׂא	0	nˈusu	printed-index	MED		נאָסאָ
נשׂיא	0	nˈusi	printed-index	MED		נאָסי
נתנען	0	nˈasənən	printed-index	MED		נאַסענען
נתפּעל	0	nispˈuəl	printed-index	MED		ניספּאָעל
סבֿא	0	sˈuvə	printed-index	MED		סאָווע
סבֿיבֿה	0	svˈivə	printed-index	MED		סוויווע
סבֿלן	0	sˈavlən	printed-index	MED		סאַוולען
סבֿלנטע	0	savlˈɛntə	printed-index	MED		סאַוולענטע
סבֿרא	0	svˈurə	printed-index	MED		סוואָרע
סגול	0	sɛɡl	printed-index	MED		סעגל
סוג	0	siɡ	printed-index	MED		סוג
סוגרן	0	sˈɔjɡərn	printed-index	MED		סויגערן
סודותדיק	0	sˈɔjdəsdik	printed-index	MED		סוידעסדיק
סוחרטע	0	sɔjxˈɛrtə	printed-index	MED		סויכערטע
סוחריש	0	sˈuxriʃ	printed-index	MED		סאָכריש
סוחרערײַ	0	suxrˈɛraː	printed-index	MED		סאָכרערײַ
סוכּה	0	sˈikə	printed-index	MED		סוקע
סוכנותּ	0	sˈuxnit	printed-index	MED		סאָכנוט
סולת	0	sˈɔjləs	printed-index	MED		סוילעס
סוס	0	sis	printed-index	MED		סוס
סופֿר	0	sˈɔjfər	printed-index	MED		סויפֿער
סופֿריש	0	sˈufriʃ	printed-index	MED		סאָפֿריש
סיגוף	0	sˈiɡəf	printed-index	MED		סיגעף
סיגנון	0	sˈiɡnən	printed-index	MED		סיגנען
סיוון	0	sivn	printed-index	MED		סיוון
סיום	0	sˈiəm	printed-index	MED		סי*עם
סיכסוך	0	sˈixsəx	printed-index	MED		סיכסעך
סילוק	0	sˈilək	printed-index	MED		סילעק
סילוקן	0	sˈiləkn	printed-index	MED		סילעקן
סינידיק	0	sˈinaːdik	printed-index	MED		סינײַדיק
סיפּור	0	sˈipər	printed-index	MED		סיפּער
סירכא	0	sˈirxə	printed-index	MED		סירכע
סכּין	0	sakn	printed-index	MED		סאַקן
סליחהנען	0	slˈixənən	printed-index	MED		סליכענען
סליחהנער	0	slˈixənər	printed-index	MED		סליכענער
סמאל	0	samˈuəl	printed-index	MED		סאַמאָעל
סמבטיון	0	sambˈatiən	printed-index	MED		סאַמבאַטיען
סמיכה	0	smˈixə	printed-index	MED		סמיכע
סמען	0	sˈamən	printed-index	MED		סאַמען
סנדלפֿון	0	sˈandalfn	printed-index	MED		סאַנדאַלפֿן
סנדק	0	sˈandək	printed-index	MED		סאַנדעק
סנה	0	snə	printed-index	MED		סנע
סניגור	0	sˈanajɡər	printed-index	MED		סאַנייגער
סעדיה	0	sadˈiə	printed-index	MED		סאַדיע
ספֿק	0	sˈufək	printed-index	MED		סאָפֿעק
ספֿקן	0	sˈufəkn	printed-index	MED		סאָפֿעקן
ספֿרד	0	sfard	printed-index	MED		ספֿאַרד
ספֿרדי	0	sfˈardi	printed-index	MED		ספֿאַרדי
ספֿרדיש	0	sfˈardiʃ	printed-index	MED		ספֿאַרדיש
סקילה	0	skˈilə	printed-index	MED		סקילע
סרחה	0	srˈuxə	printed-index	MED		סראָכע
סרחן	0	sarxn	printed-index	MED		סאַרכן
סרחע(נע)ן	0	sˈarxənən	printed-index	MED		סאַרכע(נע)ן
סרטן	0	sartn	printed-index	MED		סאַרטן
סריס	0	sˈurəs	printed-index	MED		סאָרעס
סרסור	0	sˈarsər	printed-index	MED		סאַרסער
סרסורן	0	sˈarsərn	printed-index	MED		סאַרסערן
עבֿד	0	ˈɛvəd	printed-index	MED		עוועד
עבֿדיה	0	uvadˈiə	printed-index	MED		אָוואַדיע
עבֿודה	0	avˈɔjdə	printed-index	MED		אַוווידע
עבֿר	0	ˈuvər	printed-index	MED		אָווער
עבֿרי	0	jvrə	printed-index	MED		איוורע
עגון	0	uɡn	printed-index	MED		אָגן
עדותטע	0	ajdˈɛstə	printed-index	MED		איידעסטע
עדותשאַפֿט	0	ˈajdəsʃaft	printed-index	MED		איידעסשאַפֿט
עובֿדה	0	ˈivdə	printed-index	MED		אוּוודע
עודף	0	ˈɔjdəf	printed-index	MED		אוידעף
עוולה	0	ˈavlə	printed-index	MED		אַוולע
עוון	0	uvn	printed-index	MED		אָוון
עוזר	0	ˈɔjzər	printed-index	MED		אויזער
עומר	0	ˈɔjmər	printed-index	MED		אוימער
עונג	0	ˈɔjnəɡ	printed-index	MED		אוינעג
עוף	0	uf	printed-index	MED		אָף
עופֿעלע	0	ajfˈɛlə	printed-index	MED		אייפֿעלע
עוקץ	0	ˈɔjkəʦ	printed-index	MED		אויקעץ
עוקצין	0	ˈikʦin	printed-index	MED		אוקצין
עזאזל	0	ˈazuzl	printed-index	MED		אַזאָזל
עזבֿון	0	ˈizuvn	printed-index	MED		איזאָוון
עזרא	0	ˈɛzrə	printed-index	MED		עזרע
עזריאל	0	azrˈiəl	printed-index	MED		אַזרי*על
עיבור	0	ˈibər	printed-index	MED		איבער
עיגול	0	iɡl	printed-index	MED		איגל
עיכּובֿ	0	ˈikəv	printed-index	MED		איקעוו
עילוי	0	ˈilə	printed-index	MED		אילע
עילוייDש	0	ilˈijiʃ	printed-index	MED		אילוי*ש
עינוי	0	ˈinə	printed-index	MED		אינע
עיפּוש	0	ˈipəʃ	printed-index	MED		איפּעש
עירובֿ	0	ˈajrəv	printed-index	MED		איירעוו
עירובֿין	0	ˈajrivn	printed-index	MED		איירוּוון
עכבר	0	ˈaxbər	printed-index	MED		אַכבער
עכבראָש	0	axbˈɛruʃ	printed-index	MED		אַכבעראָש
עמוס	0	ˈuməs	printed-index	MED		אָמעס
עמוק	0	ˈumək	printed-index	MED		אָמעק
עמנואל	0	imunˈiəl	printed-index	MED		אימאָנועל
עמק	0	ˈajmək	printed-index	MED		איימעק
עמקן	0	amkn	printed-index	MED		אַמקן
ענוו	0	ˈunəv	printed-index	MED		אָנעוו
ענווה	0	anˈuvə	printed-index	MED		אַנאָווע
עסק	0	ˈajsək	printed-index	MED		אייסעק
עצבֿותניצע	0	aʦvəsnˈiʦə	printed-index	MED		אַצוועסניצע
עצבֿותניק	0	aʦvˈɛsnik	printed-index	MED		אַצוועסניק
עצהן	0	ˈajʦən	printed-index	MED		אייצען
עצתי	0	aʦˈusi	printed-index	MED		אַצאָסי
עקבֿ	0	ˈajkəv	printed-index	MED		אייקעוו
עקדה	0	akˈajdə	printed-index	MED		אַקיידע
עקיבֿא	0	akˈivə	printed-index	MED		אַקיווע
עקרבֿ	0	ˈakrəv	printed-index	MED		אַקרעוו
עקרען	0	ˈakrən	printed-index	MED		אַקרען
עקשן	0	akʃn	printed-index	MED		אַקשן
עקשנטע	0	ˈakʃntə	printed-index	MED		אַקשנטע
ערבֿה	0	arˈuvə	printed-index	MED		אַראָווע
ערבֿובֿיה	0	irvivˈiə	printed-index	MED		אירוווּוויע
ערבֿטע	0	urˈɛvtə	printed-index	MED		אָרעווטע
ערבֿניצע	0	urəvnˈiʦə	printed-index	MED		אָרעווניצע
ערבֿניק	0	urˈɛvnik	printed-index	MED		אָרעווניק
ערוגה	0	arˈiɡə	printed-index	MED		אַרוגע
ערווה	0	ˈɛrvə	printed-index	MED		ערווע
ערך	0	ˈɛrəx	printed-index	MED		ערעך
ערכין	0	arˈuxin	printed-index	MED		אַראָכין
ערל	0	url	printed-index	MED		אָרל
ערלה	0	ˈurlə	printed-index	MED		אָרלע
ערלית	0	ˈarajləs	printed-index	MED		אַריילעס
ערמה	0	ˈurmə	printed-index	MED		אָרמע
עשׂה	0	ˈɛsə	printed-index	MED		עסע
עשׂו	0	ˈajsəv	printed-index	MED		אייסעוו
עשיר	0	ˈuʃər	printed-index	MED		אָשער
עתּיקא	0	atˈikə	printed-index	MED		אַטיקע
פּגימה	0	pɡˈimə	printed-index	MED		פּגימע
פּגירה	0	pɡˈirə	printed-index	MED		פּגירע
פּגע	0	pˈɛɡə	printed-index	MED		פּעגע
פּגר	0	pˈajɡər	printed-index	MED		פּייגער
פּגרן	0	pˈajɡərn	printed-index	MED		פּייגערן
פּדיון	0	pˈidiən	printed-index	MED		פּידיען
פּוסקים	0	pˈuskim	printed-index	MED		פּאָסקים
פּועל	0	pˈɔjəl	printed-index	MED		פּויעל
פּוק	0	pik	printed-index	MED		פּוק
פּוקר	0	pˈɔjkər	printed-index	MED		פּויקער
פּורה	0	pˈirə	printed-index	MED		פּורע
פּורים	0	pˈirim	printed-index	MED		פּורים
פּותּיקא	0	pɔjtˈikə	printed-index	MED		פּויטיקע
פּזר	0	pˈuzər	printed-index	MED		פּאָזער
פּזרן	0	pˈazrən	printed-index	MED		פּאַזרען
פּזרנטע	0	pazrˈɛntə	printed-index	MED		פּאַזרענטע
פּזרניש	0	pazrˈuniʃ	printed-index	MED		פּאַזראָניש
פּחדימדיק	0	pxˈudimdik	printed-index	MED		פּכאָדימדיק
פּחדן	0	paxdn	printed-index	MED		פּאַכדן
פּחדנטע	0	pˈaxdntə	printed-index	MED		פּאַכדנטע
פּחדניש	0	paxdˈuniʃ	printed-index	MED		פּאַכדאָניש
פּטור	0	pˈutər	printed-index	MED		פּאָטער
פּטיש	0	pˈatəʃ	printed-index	MED		פּאַטעש
פּטרן	0	pˈatərn	printed-index	MED		פּאַטערן
פּטרניש	0	patˈɛrniʃ	printed-index	MED		פּאַטערניש
פּיגול	0	piɡl	printed-index	MED		פּיגל
פּיזמון	0	pˈizmən	printed-index	MED		פּיזמען
פּיטום	0	pˈitəm	printed-index	MED		פּיטעם
פּילוסוף	0	pilˈisif	printed-index	MED		פּילוסוף
פּילפּול	0	pilpl	printed-index	MED		פּילפּל
פּינקס	0	pˈinkəs	printed-index	MED		פּינקעס
פּיקחית	0	pˈikxəs	printed-index	MED		פּיקכעס
פּירוש	0	pˈajrəʃ	printed-index	MED		פּיירעש
פּירסום	0	pˈirsəm	printed-index	MED		פּירסעם
פּיתרון	0	pˈisrən	printed-index	MED		פּיסרען
פּלגש	0	pilˈɛɡəʃ	printed-index	MED		פּילעגעש
פּלוגתּא	0	plˈiktə	printed-index	MED		פּלוקטע
פּלוני	0	plˈɔjnə	printed-index	MED		פּלוינע
פּלוניתטע	0	plɔjnˈɛstə	printed-index	MED		פּלוינעסטע
פּלטיאל	0	paltˈiəl	printed-index	MED		פּאַלטי*על
פּליאה	0	plˈiə	printed-index	MED		פּלי*ע
פּליאהדיק	0	plˈiədik	printed-index	MED		פּלי*עדיק
פּליט	0	pˈulət	printed-index	MED		פּאָלעט
פּלישתּי	0	plˈiʃti	printed-index	MED		פּלישטי
פּלישתּים	0	plˈiʃtim	printed-index	MED		פּלישטים
פּמליא	0	pamalˈiə	printed-index	MED		פּאַמאַליע
פּניה	0	pnˈiə	printed-index	MED		פּני*ע
פּנימל	0	pˈɛnəml	printed-index	MED		פּענעמל
פּנינה	0	pnˈinə	printed-index	MED		פּנינע
פּסולת	0	psˈɔjləs	printed-index	MED		פּסוילעס
פּסוק	0	pˈusək	printed-index	MED		פּאָסעק
פּסחדיק	0	pˈajsəxdik	printed-index	MED		פּייסעכדיק
פּסלען	0	pˈaslən	printed-index	MED		פּאַסלען
פּסקע(נע)ן	0	pˈaskənən	printed-index	MED		פּאַסקע(נע)ן
פּעולה	0	pˈilə	printed-index	MED		פּולע
פּעמים	0	pəˈumim	printed-index	MED		פּעאָמים
פּקדון	0	pˈikudn	printed-index	MED		פּיקאָדן
פּרא	0	pˈɛrə	printed-index	MED		פּערע
פּרוזדור	0	prˈɔjzdər	printed-index	MED		פּרויזדער
פּרוטה	0	prˈitə	printed-index	MED		פּרוטע
פּרוכת	0	pˈurɔjxəs	printed-index	MED		פּאָרויכעס
פּרוץ	0	pˈurəʦ	printed-index	MED		פּאָרעץ
פּרוצה	0	prˈiʦə	printed-index	MED		פּרוצע
פּרושים	0	prˈiʃim	printed-index	MED		פּרושים
פּרט	0	prat	printed-index	MED		פּראַט
פּרי	0	pˈajrə	printed-index	MED		פּיירע
פּריעה	0	prˈiə	printed-index	MED		פּרי*ע
פּריצה	0	prˈiʦə	printed-index	MED		פּריצע
פּריצהדיק	0	prˈiʦədik	printed-index	MED		פּריצעדיק
פּריצטע	0	prˈiʦtə	printed-index	MED		פּריצטע
פּריציש	0	prˈiʦiʃ	printed-index	MED		פּריציש
פּרנסה	0	parnˈusə	printed-index	MED		פּאַרנאָסע
פּרס	0	pˈurəs	printed-index	MED		פּאָרעס
פּרץ	0	pˈɛrəʦ	printed-index	MED		פּערעץ
פּרצוף	0	pˈarʦəf	printed-index	MED		פּאַרצעף
פּרק	0	pˈajrək	printed-index	MED		פּיירעק
פּרקדן	0	prˈakdən	printed-index	MED		פּראַקדען
פּרשה	0	pˈarʃə	printed-index	MED		פּאַרשע
פּרת	0	pras	printed-index	MED		פּראַס
פּשטל	0	pʃɛtl	printed-index	MED		פּשעטל
פּשטלדיק	0	pʃˈɛtldik	printed-index	MED		פּשעטלדיק
פּשטן	0	paʃtn	printed-index	MED		פּאַשטן
פּשעים	0	pʃˈujim	printed-index	MED		פּשאָי*ם
פּשרה	0	pʃˈurə	printed-index	MED		פּשאָרע
פּשרן	0	pˈaʃrən	printed-index	MED		פּאַשרען
פּתי	0	pˈɛsi	printed-index	MED		פּעסי
פּתיחה(נע)ן	0	psˈixənən	printed-index	MED		פּסיכע(נע)ן
פּײַטן	0	paːtn	printed-index	MED		פּײַטן
פֿאַרדאגהט	0	fardˈaːɡət	printed-index	MED		פֿאַרדײַגעט
פֿאַרדבֿקעט	0	fardvˈajkət	printed-index	MED		פֿאַרדווייקעט
פֿאַרחושט	0	fˈarxiʃt	printed-index	MED		פֿאַרכושט
פֿאַרחושכט	0	farxˈɔjʃəxt	printed-index	MED		פֿאַרכוישעכט
פֿאַרחתמע(נע)ן	0	farxˈasmənən	printed-index	MED		פֿאַרכאַסמע(נע)ן
פֿאַריתומט	0	fariˈusəmt	printed-index	MED		פֿאַריאָסעמט
פֿאַרכּוסעט	0	farkˈɔjsət	printed-index	MED		פֿאַרקויסעט
פֿאַרכּישופֿט	0	farkˈiʃəft	printed-index	MED		פֿאַרקישעפֿט
פֿאַרמושבֿט	0	farmˈɔjʃəvt	printed-index	MED		פֿאַרמוישעווט
פֿאַרמישפּטן	0	farmˈiʃpətn	printed-index	MED		פֿאַרמישפּעטן
פֿאַרמשכּ(ו)נען	0	farmˈaʃkənən	printed-index	MED		פֿאַרמאַשקענען
פֿאַרעיפּושט	0	farˈipəʃt	printed-index	MED		פֿאַריפּעשט
פֿאַרקנסן	0	fˈarknasn	printed-index	MED		פֿאַרקנאַסן
פֿאַרשׂרפֿען	0	fˈarsarfən	printed-index	MED		פֿאַרסאַרפֿען
פֿאַרשיכּורן	0	farʃˈikərn	printed-index	MED		פֿאַרשיקערן
פֿאַרשמט	0	fˈarʃəmt	printed-index	MED		פֿאַרשעמט
פֿאַרתּכלעווען	0	fartˈaxləvən	printed-index	MED		פֿאַרטאַכלעווען
פֿצון	0	fuʦn	printed-index	MED		פֿאָצן
צבֿויאַטשען	0	ʦviˈiaʧən	printed-index	MED		צוווּיאַטשען
צבֿויאַטשקע	0	ʦviiˈaʧkə	printed-index	MED		צוווּיאַטשקע
צבֿויאַק	0	ʦviˈiak	printed-index	MED		צוווּיאַק
צבֿועטשען	0	ʦvˈiaʧən	printed-index	MED		צוווּאַטשען
צבֿועטשקע	0	ʦviˈaʧkə	printed-index	MED		צוווּאַטשקע
צבֿועק	0	ʦvˈiak	printed-index	MED		צוווּאַק
צבֿי	0	ʦvi	printed-index	MED		צווי
צבֿיה	0	ʦivˈiə	printed-index	MED		ציוויע
צד	0	ʦad	printed-index	MED		צאַד
צדי	0	ʦˈadi	printed-index	MED		צאַדי
צדקתטע	0	ʦədajkˈɛstə	printed-index	MED		צעדייקעסטע
צהלה	0	ʦuhˈulə	printed-index	MED		צאָהאָלע
צוהר	0	ʦˈɔjər	printed-index	MED		צויער
צולהכעיס	0	ʦˈɛluxəs	printed-index	MED		צעלאָכעס
צולהכעיסדיק	0	ʦəlˈuxəsdik	printed-index	MED		צעלאָכעסדיק
צולהכעיסניצע	0	ʦəluxəsnˈiʦə	printed-index	MED		צעלאָכעסניצע
צולהכעיסניק	0	ʦəluxˈɛsnik	printed-index	MED		צעלאָכעסניק
צופּסקע(נע)ן	0	ʦipˈaskənən	printed-index	MED		צופּאַסקע(נע)ן
ציוני	0	ʦiˈɔjni	printed-index	MED		צי*ויני
ציוניזם	0	ʦiˈɛnizm	printed-index	MED		צי*עניזם
ציוניסט	0	ʦiˈɛnist	printed-index	MED		צי*עניסט
צימוקים	0	ʦimˈikim	printed-index	MED		צימוקים
צימצום	0	ʦˈimʦəm	printed-index	MED		צימצעם
צינור	0	ʦˈinər	printed-index	MED		צינער
ציצה	0	ʦˈiʦə	printed-index	MED		ציצע
צירי	0	ʦˈajrə	printed-index	MED		ציירע
צלאל	0	ʦˈaləl	printed-index	MED		צאַלעל
צלמניצע	0	ʦajləmnˈiʦə	printed-index	MED		ציילעמניצע
צלמניק	0	ʦajlˈɛmnik	printed-index	MED		ציילעמניק
צמחים	0	ʦmˈuxim	printed-index	MED		צמאָכים
צנועה	0	ʦnˈiə	printed-index	MED		צנוע
צעדמען	0	ʦˈɛdamən	printed-index	MED		צעדאַמען
צעחושט	0	ʦˈɛxiʃt	printed-index	MED		צעכושט
צעמזיקן	0	ʦəmˈazəkn	printed-index	MED		צעמאַזעקן
צפּורה	0	ʦipˈɔjrə	printed-index	MED		ציפּוירע
צפֿון	0	ʦufn	printed-index	MED		צאָפֿן
צפֿניה	0	ʦfanˈiə	printed-index	MED		צפֿאַניע
צץ	0	ʦuʦ	printed-index	MED		צאָץ
צרהדיק	0	ʦˈurədik	printed-index	MED		צאָרעדיק
קבֿורה	0	kvˈirə	printed-index	MED		קוווּרע
קבֿר	0	kˈajvər	printed-index	MED		קייווער
קבֿרותניק	0	kvurˈɛsnik	printed-index	MED		קוואָרעסניק
קברן	0	kˈabrən	printed-index	MED		קאַברען
קדושים	0	kdˈɔjʃim	printed-index	MED		קדוישים
קדחת	0	kˈaduxəs	printed-index	MED		קאַדאָכעס
קדיש	0	kˈadəʃ	printed-index	MED		קאַדעש
קדישניק	0	kadˈɛʃnik	printed-index	MED		קאַדעשניק
קדמון	0	kˈadmən	printed-index	MED		קאַדמען
קדר	0	kˈajdər	printed-index	MED		קיידער
קהליש	0	kuˈuliʃ	printed-index	MED		קאָאָליש
קהלש	0	kˈuulʃ	printed-index	MED		קאָאָלש
קובוץ	0	kˈibiʦ	printed-index	MED		קובוץ
קול(ע)כל	0	kˈɛləxl	printed-index	MED		קעל(ע)כל
קולא	0	kˈilə	printed-index	MED		קולע
קונדס	0	kˈindəs	printed-index	MED		קונדעס
קונדסערײַ	0	kindəsˈɛraː	printed-index	MED		קונדעסערײַ
קונהטע	0	kɔjnˈɛtə	printed-index	MED		קוינעטע
קוף	0	kif	printed-index	MED		קוף
קטיגור	0	kˈatajɡər	printed-index	MED		קאַטייגער
קטלן	0	kˈatlən	printed-index	MED		קאַטלען
קיאה	0	kˈajə	printed-index	MED		קייע
קיטרוג	0	kˈitrəɡ	printed-index	MED		קיטרעג
קין	0	kˈajin	printed-index	MED		קאַי*ן
קינאה	0	kˈinə	printed-index	MED		קינע
קינים	0	kˈinim	printed-index	MED		קינים
קיסרינ(י)ע	0	kajsərinˈiə	printed-index	MED		קייסערינ(י)ע
קיצבֿה	0	kˈiʦvə	printed-index	MED		קיצווע
קלונימוס	0	klˈɔjnəməs	printed-index	MED		קלוינעמעס
קללהן	0	klˈulən	printed-index	MED		קלאָלען
קלמן	0	kˈalmən	printed-index	MED		קאַלמען
קמיע	0	kamˈajə	printed-index	MED		קאַמייע
קמצן	0	kamʦn	printed-index	MED		קאַמצן
קמצנטע	0	kˈamʦntə	printed-index	MED		קאַמצנטע
קנאָי	0	kanˈuji	printed-index	MED		קאַנאָי*
קנה	0	kˈunə	printed-index	MED		קאָנע
קנוניא	0	kninˈiə	printed-index	MED		קנוניע
קניה	0	knˈiə	printed-index	MED		קני*ע
קנסע(נע)ן	0	kˈansənən	printed-index	MED		קאַנסע(נע)ן
קפּדן	0	kapdn	printed-index	MED		קאַפּדן
קפּידא	0	kpˈajdə	printed-index	MED		קפּיידע
קפֿריסין	0	kˈafrisn	printed-index	MED		קאַפֿריסן
קפֿריסינדיק	0	kˈafrisndik	printed-index	MED		קאַפֿריסנדיק
קצבֿ	0	kˈaʦəv	printed-index	MED		קאַצעוו
קצבֿטע	0	kaʦˈɛvtə	printed-index	MED		קאַצעווטע
קצין	0	kuʦn	printed-index	MED		קאָצן
קראָי	0	krˈuji	printed-index	MED		קראָי*
קרובֿה	0	krˈɔjvə	printed-index	MED		קרויווע
קרובֿהטע	0	krɔjvˈɛtə	printed-index	MED		קרויוועטע
קרובֿטע	0	kurˈɛvtə	printed-index	MED		קאָרעווטע
קרובֿישאַפֿט	0	krˈɔjviʃaft	printed-index	MED		קרויווישאַפֿט
קריעה	0	krˈiə	printed-index	MED		קרי*ע
קרירה	0	krˈirə	printed-index	MED		קרירע
קרקע	0	kˈarkə	printed-index	MED		קאַרקע
קרשים	0	krˈuʃim	printed-index	MED		קראָשים
ראָוי	0	rˈuə	printed-index	MED		ראָע
ראובֿן	0	rivn	printed-index	MED		רוּוון
רבֿיעי	0	rəvˈiji	printed-index	MED		רעווי*י*
רבֿל	0	rɛvl	printed-index	MED		רעוול
רבותים	0	rabˈɔjsim	printed-index	MED		ראַבויסים
רבייDש	0	rabˈɛjiʃ	printed-index	MED		ראַבעי*ש
רביניו	0	rəbənˈii	printed-index	MED		רעבעניו
רביסטווע	0	rəbˈistvə	printed-index	MED		רעביסטווע
רבישאַפֿט	0	rˈɛbəʃaft	printed-index	MED		רעבעשאַפֿט
רבנו	0	rabˈajni	printed-index	MED		ראַביינו
רבניש	0	rabˈuniʃ	printed-index	MED		ראַבאָניש
רגזן	0	raɡzn	printed-index	MED		ראַגזן
רגזנטע	0	rˈaɡzntə	printed-index	MED		ראַגזנטע
רגיל	0	ruɡl	printed-index	MED		ראָגל
רגלים	0	raɡlˈajim	printed-index	MED		ראַגלאַי*ם
רדיפֿה	0	rədˈifə	printed-index	MED		רעדיפֿע
רוגזה	0	rˈiɡzə	printed-index	MED		רוגזע
רודפֿן	0	rˈɔjdəfn	printed-index	MED		רוידעפֿן
רופֿא	0	rˈɔjfə	printed-index	MED		רויפֿע
רופֿאטע	0	rɔjfˈɛtə	printed-index	MED		רויפֿעטע
רוצחטע	0	rəʦajˈɛxtə	printed-index	MED		רעצייעכטע
רושם	0	rˈɔjʃəm	printed-index	MED		רוישעם
רזיאל	0	razˈiəl	printed-index	MED		ראַזיעל
רחבֿותדיק	0	rˈaxvəsdik	printed-index	MED		ראַכוועסדיק
רחוק	0	rˈuxək	printed-index	MED		ראָכעק
רחמיאל	0	raxmˈiəl	printed-index	MED		ראַכמי*(ע)ל
ריאה	0	rˈajə	printed-index	MED		רייע
ריביתניק	0	ribˈɛsnik	printed-index	MED		ריבעסניק
ריקוד	0	rˈikəd	printed-index	MED		ריקעד
ריש	0	rajʃ	printed-index	MED		רייש
רכילותן	0	rəxˈiləsn	printed-index	MED		רעכילעסן
רכילותניצע	0	rəxiləsnˈiʦə	printed-index	MED		רעכילעסניצע
רכילותניק	0	rəxilˈɛsnik	printed-index	MED		רעכילעסניק
רמאַי	0	rˈamaː	printed-index	MED		ראַמײַ
רמבם	0	rˈambam	printed-index	MED		ראַמבאַם
רעה	0	rˈuə	printed-index	MED		ראָע
רעיתו	0	raiˈusə	printed-index	MED		ראַיאָסע
רעיתי	0	raiˈusi	printed-index	MED		ראַיאָסי
רעש	0	raʃ	printed-index	MED		ראַש
רעשן	0	raʃn	printed-index	MED		ראַשן
רפֿאל	0	rəfˈuəl	printed-index	MED		רעפֿאָעל
רפֿה	0	rˈufə	printed-index	MED		ראָפֿע
רפֿואה	0	rəfˈiə	printed-index	MED		רעפֿוע
רצחן	0	raʦxn	printed-index	MED		ראַצכן
רצחע(נע)ן	0	rˈaʦxənən	printed-index	MED		ראַצכע(נע)ן
רציחה	0	rəʦˈixə	printed-index	MED		רעציכע
רקידה	0	rəkˈidə	printed-index	MED		רעקידע
רשי	0	rˈaʃə	printed-index	MED		ראַשע
רשענטע	0	rəʃˈantə	printed-index	MED		רעשאַנטע
שׂונא	0	sˈɔjnə	printed-index	MED		סוינע
שׂונאטע	0	sɔjnˈɛtə	printed-index	MED		סוינעטע
שׂינאה	0	sˈinə	printed-index	MED		סינע
שׂכל	0	sajxl	printed-index	MED		סייכל
שׂכר	0	sxar	printed-index	MED		סכאַר
שׂעיר	0	sˈɛjir	printed-index	MED		סעי*ר
שׂריד	0	sˈurəd	printed-index	MED		סאָרעד
שׂרף	0	sˈurəf	printed-index	MED		סאָרעף
שׂרפֿע(נע)ן	0	sˈarfənən	printed-index	MED		סאַרפֿע(נע)ן
שׂררה	0	srˈurə	printed-index	MED		סראָרע
שׂררה(ס)טע	0	srurˈɛstə	printed-index	MED		סראָרע(ס)טע
שׂרריש	0	srˈuriʃ	printed-index	MED		סראָריש
שאָול	0	ʃˈuəl	printed-index	MED		שאָעל
שבֿועה	0	ʃvˈiə	printed-index	MED		שוווּע
שבֿועתל	0	ʃvˈiəsl	printed-index	MED		שוווּעסל
שבֿחים	0	ʃvˈuxim	printed-index	MED		שוואָכים
שבֿיעי	0	ʃvˈiji	printed-index	MED		שווי*י*
שבֿע	0	ʃˈɛvə	printed-index	MED		שעווע
שבֿר	0	ʃˈɛvər	printed-index	MED		שעווער
שבֿרים	0	ʃvˈurim	printed-index	MED		שוואָרים
שבכּתבֿ	0	ʃəbˈiksav	printed-index	MED		שעביקסאַוו
שדיכע	0	ʃədˈɛxə	printed-index	MED		שעדעכע
שדכנטע	0	ʃˈatxntə	printed-index	MED		שאַטכנטע
שדכנען	0	ʃˈatxənən	printed-index	MED		שאַטכענען
שוחטקע	0	ʃɔjxˈɛtkə	printed-index	MED		שויכעטקע
שולמית	0	ʃilˈamis	printed-index	MED		שולאַמיס
שופֿט	0	ʃˈɔjfət	printed-index	MED		שויפֿעט
שופֿטים	0	ʃˈuftim	printed-index	MED		שאָפֿטים
שופֿר	0	ʃˈɔjfər	printed-index	MED		שויפֿער
שורק	0	ʃˈirək	printed-index	MED		שורעק
שותּף	0	ʃˈitəf	printed-index	MED		שוטעף
שותּפֿותדיק	0	ʃˈitfəsdik	printed-index	MED		שוטפֿעסדיק
שותּפֿטע	0	ʃitˈɛftə	printed-index	MED		שוטעפֿטע
שותּפֿיש	0	ʃˈitfiʃ	printed-index	MED		שוטפֿיש
שותק	0	ʃˈɔjsək	printed-index	MED		שויסעק
שטותערײַ	0	ʃtisˈɛraː	printed-index	MED		שטוסערײַ
שטיא	0	ʃatˈiə	printed-index	MED		שאַטיע
שטר	0	ʃtar	printed-index	MED		שטאַר
שיבֿעה	0	ʃˈivə	printed-index	MED		שיווע
שיבֿעים	0	ʃˈivim	printed-index	MED		שיווים
שיבוש	0	ʃˈibəʃ	printed-index	MED		שיבעש
שידה	0	ʃˈidə	printed-index	MED		שידע
שייגעץ	0	ʃˈajɡəʦ	printed-index	MED		שייגעץ
שיימע	0	ʃˈajmə	printed-index	MED		שיימע
שיירה	0	ʃaiˈurə	printed-index	MED		שאַיאָרע
שיכּורטע	0	ʃikˈɛrtə	printed-index	MED		שיקערטע
שיכּורן	0	ʃˈikərn	printed-index	MED		שיקערן
שיכּחה	0	ʃˈikxə	printed-index	MED		שיקכע
שילמען	0	ʃˈiləmən	printed-index	MED		שילעמען
שילשול	0	ʃilʃl	printed-index	MED		שילשל
שיעבוד	0	ʃˈibəd	printed-index	MED		שיבעד
שיפּוע	0	ʃipˈiə	printed-index	MED		שיפּוע
שיפֿחה	0	ʃˈifxə	printed-index	MED		שיפֿכע
שישים	0	ʃˈiʃim	printed-index	MED		שישים
שכּורניצע	0	ʃikurnˈiʦə	printed-index	MED		שיקאָרניצע
שכּורניק	0	ʃikˈurnik	printed-index	MED		שיקאָרניק
שכנא	0	ʃˈaxnə	printed-index	MED		שאַכנע
שכנותדיק	0	ʃxˈajnəsdik	printed-index	MED		שכיינעסדיק
שכנטע	0	ʃˈuxntə	printed-index	MED		שאָכנטע
שכניש	0	ʃxˈajniʃ	printed-index	MED		שכייניש
שלווה	0	ʃˈalvə	printed-index	MED		שאַלווע
שלומיאל	0	ʃlimˈiəl	printed-index	MED		שלומי*על
שלושים	0	ʃlˈɔjʃim	printed-index	MED		שלוישים
שלח	0	ʃlax	printed-index	MED		שלאַך
שלי	0	ʃˈɛli	printed-index	MED		שעלי
שלימזלניצע	0	ʃliməzalnˈiʦə	printed-index	MED		שלימעזאַלניצע
שלימזלניק	0	ʃliməzˈalnik	printed-index	MED		שלימעזאַלניק
שליש	0	ʃˈuləʃ	printed-index	MED		שאָלעש
שלישי	0	ʃlˈiʃi	printed-index	MED		שלישי
שלל	0	ʃlal	printed-index	MED		שלאַל
שמד	0	ʃmad	printed-index	MED		שמאַד
שמדיש	0	ʃmˈadiʃ	printed-index	MED		שמאַדיש
שמדן	0	ʃmadn	printed-index	MED		שמאַדן
שמדניצע	0	ʃmadnˈiʦə	printed-index	MED		שמאַדניצע
שמדניק	0	ʃmˈadnik	printed-index	MED		שמאַדניק
שמדעלניצע	0	ʃmadəlnˈiʦə	printed-index	MED		שמאַדעלניצע
שמדעלניק	0	ʃmadˈɛlnik	printed-index	MED		שמאַדעלניק
שמדקייט	0	ʃmˈadkajt	printed-index	MED		שמאַדקייט
שמונים	0	ʃmˈɔjnim	printed-index	MED		שמוינים
שמועה	0	ʃmˈiə	printed-index	MED		שמוע
שמורה	0	ʃmˈirə	printed-index	MED		שמורע
שמורהניק	0	ʃmirˈɛnik	printed-index	MED		שמורעניק
שמיעה	0	ʃmˈiə	printed-index	MED		שמי*ע
שמירה	0	ʃmˈirə	printed-index	MED		שמירע
שמעיה	0	ʃmˈaːə	printed-index	MED		שמײַע
שמעיהן	0	ʃmˈaːən	printed-index	MED		שמײַען
שמען	0	ʃˈɛmən	printed-index	MED		שעמען
שמריה(ו)	0	ʃmarˈiə	printed-index	MED		שמאַריע
שמשׂטע	0	ʃamˈɛstə	printed-index	MED		שאַמעסטע
שעטנז	0	ʃˈatnəz	printed-index	MED		שאַטנעז
שעיה	0	ʃˈaːə	printed-index	MED		שײַע
שפֿל	0	ʃufl	printed-index	MED		שאָפֿל
שפֿע	0	ʃˈɛfə	printed-index	MED		שעפֿע
שפֿרה	0	ʃˈifrə	printed-index	MED		שיפֿרע
שקאָץ	0	ʃkuʦ	printed-index	MED		שקאָץ
שקיעה	0	ʃkˈiə	printed-index	MED		שקי*ע
שקלים	0	ʃkˈulim	printed-index	MED		שקאָלים
שקרן	0	ʃˈakrən	printed-index	MED		שאַקרען
שרבֿיט	0	ʃˈarvət	printed-index	MED		שאַרוועט
שרויה	0	ʃriˈiə	printed-index	MED		שרוּיע
שתּדלן	0	ʃtˈadlən	printed-index	MED		שטאַדלען
שתּדלנטע	0	ʃtadlˈɛntə	printed-index	MED		שטאַדלענטע
שתּחיה	0	ʃətixˈiə	printed-index	MED		שעטיכיע
שתּיה	0	ʃtˈiə	printed-index	MED		שטי*ע
שתּיהן	0	ʃtˈiən	printed-index	MED		שטי*ען
תּ	0	tuf	printed-index	MED		טאָף
תּאווה	0	tˈaːvə	printed-index	MED		טײַווע
תּבֿיעה	0	tvˈiə	printed-index	MED		טווי*ע
תּהילים	0	tˈilim	printed-index	MED		טילים
תּוגר	0	tˈɔjɡər	printed-index	MED		טויגער
תּוו	0	tuf	printed-index	MED		טאָף
תּוך	0	tux	printed-index	MED		טאָך
תּוכן	0	tɔjxn	printed-index	MED		טויכן
תּחבולה	0	taxbˈilə	printed-index	MED		טאַכבולע
תּחיה	0	tixˈiə	printed-index	MED		טיכיע
תּחילת	0	txˈiləs	printed-index	MED		טכילעס
תּחינה	0	txˈinə	printed-index	MED		טכינע
תּחנון	0	tˈaxnən	printed-index	MED		טאַכנען
תּחתּונים	0	taxtˈɔjnim	printed-index	MED		טאַכטוינים
תּיכּף	0	tˈajkəf	printed-index	MED		טייקעף
תּימחה	0	tˈimxə	printed-index	MED		טימכע
תּינוקתל	0	tinˈɔjkəsl	printed-index	MED		טינויקעסל
תּיפֿלה	0	tˈiflə	printed-index	MED		טיפֿלע
תּיקו	0	tˈajki	printed-index	MED		טייקו
תּיקון	0	tikn	printed-index	MED		טיקן
תּירוץ	0	tˈɛrəʦ	printed-index	MED		טערעץ
תּישבי	0	tˈiʃbi	printed-index	MED		טישבי
תּישעה	0	tˈiʃə	printed-index	MED		טישע
תּישעים	0	tˈiʃim	printed-index	MED		טישים
תּישרי	0	tˈiʃrə	printed-index	MED		טישרע
תּכונה	0	txˈinə	printed-index	MED		טכונע
תּכלית	0	tˈaxləs	printed-index	MED		טאַכלעס
תּכריכים	0	taxrˈixim	printed-index	MED		טאַכריכים
תּליה	0	tlˈiə	printed-index	MED		טלי*ע
תּלמיד	0	tˈalməd	printed-index	MED		טאַלמעד
תּלמידה	0	talmˈidə	printed-index	MED		טאַלמידע
תּם	0	tam	printed-index	MED		טאַם
תּמיד	0	tˈuməd	printed-index	MED		טאָמעד
תּמיה	0	tmˈiə	printed-index	MED		טמי*ע
תּמיכה	0	tmˈixə	printed-index	MED		טמיכע
תּמעוואַטע	0	taməvˈatə	printed-index	MED		טאַמעוואַטע
תּמען	0	tˈamən	printed-index	MED		טאַמען
תּמרה	0	tamˈarə	printed-index	MED		טאַמאַרע
תּנועה	0	tnˈiə	printed-index	MED		טנוע
תּנכיש	0	tanˈaxiʃ	printed-index	MED		טאַנאַכיש
תּענית	0	tˈunəs	printed-index	MED		טאָנעס
תּפֿוס	0	tˈufəs	printed-index	MED		טאָפֿעס
תּפֿילה	0	tfˈilə	printed-index	MED		טפֿילע
תּפֿילין	0	tfiln	printed-index	MED		טפֿילן
תּפֿיסהניק	0	tfisˈɛnik	printed-index	MED		טפֿיסעניק
תּפֿסן	0	tafsn	printed-index	MED		טאַפֿסן
תּפֿסע(נע)ן	0	tˈafsənən	printed-index	MED		טאַפֿסע(נע)ן
תּקומה	0	tkˈimə	printed-index	MED		טקומע
תּקופֿה	0	tkˈifə	printed-index	MED		טקופֿע
תּקלה	0	təkˈulə	printed-index	MED		טעקאָלע
תּרופֿה	0	trˈifə	printed-index	MED		טרופֿע
תּרחטע	0	tərˈɛxtə	printed-index	MED		טערעכטע
תּרנגול	0	tˈarnəɡl	printed-index	MED		טאַרנעגל
תּשבורת	0	tˈiʃbɔjrəs	printed-index	MED		טישבוירעס
תּשובֿה	0	ʧˈivə	printed-index	MED		טשוּווע
תּשוקה	0	ʧˈikə	printed-index	MED		טשוקע
